TRACE::2026-09-30.20:35:33::SCWPlatform::Trying to open the hw design at /home/user/Desktop/lab_4/Vitis/ip_design_wrapper/hw/ip_design_wrapper.xsa
TRACE::2026-09-30.20:35:33::SCWPlatform::DSA given /home/user/Desktop/lab_4/Vitis/ip_design_wrapper/hw/ip_design_wrapper.xsa
TRACE::2026-09-30.20:35:33::SCWPlatform::DSA absoulate path /home/user/Desktop/lab_4/Vitis/ip_design_wrapper/hw/ip_design_wrapper.xsa
TRACE::2026-09-30.20:35:33::SCWPlatform::DSA directory /home/user/Desktop/lab_4/Vitis/ip_design_wrapper/hw
TRACE::2026-09-30.20:35:33::SCWPlatform:: Platform Path /home/user/Desktop/lab_4/Vitis/ip_design_wrapper/hw/ip_design_wrapper.xsa
TRACE::2026-09-30.20:35:33::SCWPlatform:: Unique name xilinx:zybo::0.0
TRACE::2026-09-30.20:35:33::SCWPlatform::Do not have an existing db opened. 
TRACE::2026-09-30.20:35:35::SCWPlatform::Opened new HwDB with name ip_design_wrapper_0
TRACE::2026-09-30.20:35:35::SCWWriter::formatted JSON is {
	"platformName":	"ip_design_wrapper",
	"sprVersion":	"2.0",
	"mode":	"gui",
	"dsaType":	"Fixed",
	"platformDesc":	"ip_design_wrapper",
	"platHandOff":	"/home/user/Desktop/lab_4/ip_design_wrapper.xsa",
	"platIntHandOff":	"<platformDir>/hw/ip_design_wrapper.xsa",
	"deviceType":	"zynq",
	"platIsPrebuiltAutogen":	"false",
	"platIsNoBootBsp":	"false",
	"hasFsblMakeHasChanges":	"false",
	"hasPmufwMakeHasChanges":	"false",
	"platPreBuiltFlag":	false,
	"platformSamplesDir":	""
}
TRACE::2026-09-30.20:35:35::SCWWriter::formatted JSON is {
	"platformName":	"ip_design_wrapper",
	"sprVersion":	"2.0",
	"mode":	"gui",
	"dsaType":	"Fixed",
	"platformDesc":	"ip_design_wrapper",
	"platHandOff":	"/home/user/Desktop/lab_4/ip_design_wrapper.xsa",
	"platIntHandOff":	"<platformDir>/hw/ip_design_wrapper.xsa",
	"deviceType":	"zynq",
	"platIsPrebuiltAutogen":	"false",
	"platIsNoBootBsp":	"false",
	"hasFsblMakeHasChanges":	"false",
	"hasPmufwMakeHasChanges":	"false",
	"platPreBuiltFlag":	false,
	"platformSamplesDir":	"",
	"platActiveSys":	"ip_design_wrapper",
	"systems":	[{
			"systemName":	"ip_design_wrapper",
			"systemDesc":	"ip_design_wrapper",
			"sysIsBootAutoGen":	"true",
			"systemDispName":	"ip_design_wrapper"
		}]
}
TRACE::2026-09-30.20:35:35::SCWPlatform::Boot application domains not present, creating them
TRACE::2026-09-30.20:35:35::SCWDomain::checking for install qemu data   : 
TRACE::2026-09-30.20:35:35::SCWDomain:: Using the QEMU Data from install at  : /home/software/Xilinx/Vitis/2021.1/data/emulation/platforms/zynq/sw/a9_standalone/qemu/
TRACE::2026-09-30.20:35:35::SCWDomain:: Using the QEMU args  from install at  : /home/software/Xilinx/Vitis/2021.1/data/emulation/platforms/zynq/sw/a9_standalone/qemu/qemu_args.txt
TRACE::2026-09-30.20:35:35::SCWPlatform::Trying to open the hw design at /home/user/Desktop/lab_4/Vitis/ip_design_wrapper/hw/ip_design_wrapper.xsa
TRACE::2026-09-30.20:35:35::SCWPlatform::DSA given /home/user/Desktop/lab_4/Vitis/ip_design_wrapper/hw/ip_design_wrapper.xsa
TRACE::2026-09-30.20:35:35::SCWPlatform::DSA absoulate path /home/user/Desktop/lab_4/Vitis/ip_design_wrapper/hw/ip_design_wrapper.xsa
TRACE::2026-09-30.20:35:35::SCWPlatform::DSA directory /home/user/Desktop/lab_4/Vitis/ip_design_wrapper/hw
TRACE::2026-09-30.20:35:35::SCWPlatform:: Platform Path /home/user/Desktop/lab_4/Vitis/ip_design_wrapper/hw/ip_design_wrapper.xsa
TRACE::2026-09-30.20:35:35::SCWPlatform:: Unique name xilinx:zybo::0.0
TRACE::2026-09-30.20:35:35::SCWPlatform::Trying to set the existing hwdb with name ip_design_wrapper_0
TRACE::2026-09-30.20:35:35::SCWPlatform::Opened existing hwdb ip_design_wrapper_0
TRACE::2026-09-30.20:35:35::SCWPlatform::Found the Hw Db part of the input DSA
TRACE::2026-09-30.20:35:35::SCWPlatform::Trying to open the hw design at /home/user/Desktop/lab_4/Vitis/ip_design_wrapper/hw/ip_design_wrapper.xsa
TRACE::2026-09-30.20:35:35::SCWPlatform::DSA given /home/user/Desktop/lab_4/Vitis/ip_design_wrapper/hw/ip_design_wrapper.xsa
TRACE::2026-09-30.20:35:35::SCWPlatform::DSA absoulate path /home/user/Desktop/lab_4/Vitis/ip_design_wrapper/hw/ip_design_wrapper.xsa
TRACE::2026-09-30.20:35:35::SCWPlatform::DSA directory /home/user/Desktop/lab_4/Vitis/ip_design_wrapper/hw
TRACE::2026-09-30.20:35:35::SCWPlatform:: Platform Path /home/user/Desktop/lab_4/Vitis/ip_design_wrapper/hw/ip_design_wrapper.xsa
TRACE::2026-09-30.20:35:35::SCWPlatform:: Unique name xilinx:zybo::0.0
TRACE::2026-09-30.20:35:35::SCWPlatform::Trying to set the existing hwdb with name ip_design_wrapper_0
TRACE::2026-09-30.20:35:35::SCWPlatform::Opened existing hwdb ip_design_wrapper_0
TRACE::2026-09-30.20:35:35::SCWPlatform::Found the Hw Db part of the input DSA
TRACE::2026-09-30.20:35:35::SCWPlatform::Trying to open the hw design at /home/user/Desktop/lab_4/Vitis/ip_design_wrapper/hw/ip_design_wrapper.xsa
TRACE::2026-09-30.20:35:35::SCWPlatform::DSA given /home/user/Desktop/lab_4/Vitis/ip_design_wrapper/hw/ip_design_wrapper.xsa
TRACE::2026-09-30.20:35:35::SCWPlatform::DSA absoulate path /home/user/Desktop/lab_4/Vitis/ip_design_wrapper/hw/ip_design_wrapper.xsa
TRACE::2026-09-30.20:35:35::SCWPlatform::DSA directory /home/user/Desktop/lab_4/Vitis/ip_design_wrapper/hw
TRACE::2026-09-30.20:35:35::SCWPlatform:: Platform Path /home/user/Desktop/lab_4/Vitis/ip_design_wrapper/hw/ip_design_wrapper.xsa
TRACE::2026-09-30.20:35:35::SCWPlatform:: Unique name xilinx:zybo::0.0
TRACE::2026-09-30.20:35:35::SCWPlatform::Trying to set the existing hwdb with name ip_design_wrapper_0
TRACE::2026-09-30.20:35:35::SCWPlatform::Opened existing hwdb ip_design_wrapper_0
TRACE::2026-09-30.20:35:35::SCWPlatform::Found the Hw Db part of the input DSA
TRACE::2026-09-30.20:35:35::SCWPlatform::Boot application domain added for zynq_fsbl
TRACE::2026-09-30.20:35:35::SCWPlatform::Generating the sources  .
TRACE::2026-09-30.20:35:35::SCWBDomain::Generating boot domain sources.
TRACE::2026-09-30.20:35:35::SCWBDomain:: Generating the zynq_fsbl Application.
TRACE::2026-09-30.20:35:35::SCWPlatform::Trying to open the hw design at /home/user/Desktop/lab_4/Vitis/ip_design_wrapper/hw/ip_design_wrapper.xsa
TRACE::2026-09-30.20:35:35::SCWPlatform::DSA given /home/user/Desktop/lab_4/Vitis/ip_design_wrapper/hw/ip_design_wrapper.xsa
TRACE::2026-09-30.20:35:35::SCWPlatform::DSA absoulate path /home/user/Desktop/lab_4/Vitis/ip_design_wrapper/hw/ip_design_wrapper.xsa
TRACE::2026-09-30.20:35:35::SCWPlatform::DSA directory /home/user/Desktop/lab_4/Vitis/ip_design_wrapper/hw
TRACE::2026-09-30.20:35:35::SCWPlatform:: Platform Path /home/user/Desktop/lab_4/Vitis/ip_design_wrapper/hw/ip_design_wrapper.xsa
TRACE::2026-09-30.20:35:35::SCWPlatform:: Unique name xilinx:zybo::0.0
TRACE::2026-09-30.20:35:35::SCWPlatform::Trying to set the existing hwdb with name ip_design_wrapper_0
TRACE::2026-09-30.20:35:35::SCWPlatform::Opened existing hwdb ip_design_wrapper_0
TRACE::2026-09-30.20:35:35::SCWPlatform::Found the Hw Db part of the input DSA
TRACE::2026-09-30.20:35:35::SCWMssOS::Checking the sw design at  /home/user/Desktop/lab_4/Vitis/ip_design_wrapper/zynq_fsbl/zynq_fsbl_bsp/system.mss
TRACE::2026-09-30.20:35:35::SCWMssOS::DEBUG:  swdes dump  
TRACE::2026-09-30.20:35:35::SCWMssOS::No sw design opened at  /home/user/Desktop/lab_4/Vitis/ip_design_wrapper/zynq_fsbl/zynq_fsbl_bsp/system.mss
TRACE::2026-09-30.20:35:35::SCWMssOS::mss does not exists at /home/user/Desktop/lab_4/Vitis/ip_design_wrapper/zynq_fsbl/zynq_fsbl_bsp/system.mss
TRACE::2026-09-30.20:35:35::SCWMssOS::Creating sw design at  /home/user/Desktop/lab_4/Vitis/ip_design_wrapper/zynq_fsbl/zynq_fsbl_bsp/system.mss
TRACE::2026-09-30.20:35:35::SCWMssOS::Adding the swdes entry, created swdb /home/user/Desktop/lab_4/Vitis/ip_design_wrapper/zynq_fsbl/zynq_fsbl_bsp/system.mss with des name /home/user/Desktop/lab_4/Vitis/ip_design_wrapper/zynq_fsbl/zynq_fsbl_bsp/system.mss
TRACE::2026-09-30.20:35:35::SCWMssOS::updating the scw layer changes to swdes at   /home/user/Desktop/lab_4/Vitis/ip_design_wrapper/zynq_fsbl/zynq_fsbl_bsp/system.mss
TRACE::2026-09-30.20:35:35::SCWMssOS::Writing mss at /home/user/Desktop/lab_4/Vitis/ip_design_wrapper/zynq_fsbl/zynq_fsbl_bsp/system.mss
TRACE::2026-09-30.20:35:35::SCWMssOS::Completed writing the mss file at /home/user/Desktop/lab_4/Vitis/ip_design_wrapper/zynq_fsbl/zynq_fsbl_bsp
TRACE::2026-09-30.20:35:35::SCWMssOS::Picking up changes from newly written mss file into SCW Layer. 
TRACE::2026-09-30.20:35:35::SCWMssOS::Updated the changes from newly written mss file into SCW Layer. 
TRACE::2026-09-30.20:35:35::SCWBDomain::Completed writing the mss file at /home/user/Desktop/lab_4/Vitis/ip_design_wrapper/zynq_fsbl/zynq_fsbl_bsp
TRACE::2026-09-30.20:35:39::SCWPlatform::Generating sources Done.
TRACE::2026-09-30.20:35:39::SCWPlatform::Trying to open the hw design at /home/user/Desktop/lab_4/Vitis/ip_design_wrapper/hw/ip_design_wrapper.xsa
TRACE::2026-09-30.20:35:39::SCWPlatform::DSA given /home/user/Desktop/lab_4/Vitis/ip_design_wrapper/hw/ip_design_wrapper.xsa
TRACE::2026-09-30.20:35:39::SCWPlatform::DSA absoulate path /home/user/Desktop/lab_4/Vitis/ip_design_wrapper/hw/ip_design_wrapper.xsa
TRACE::2026-09-30.20:35:39::SCWPlatform::DSA directory /home/user/Desktop/lab_4/Vitis/ip_design_wrapper/hw
TRACE::2026-09-30.20:35:39::SCWPlatform:: Platform Path /home/user/Desktop/lab_4/Vitis/ip_design_wrapper/hw/ip_design_wrapper.xsa
TRACE::2026-09-30.20:35:39::SCWPlatform:: Unique name xilinx:zybo::0.0
TRACE::2026-09-30.20:35:39::SCWPlatform::Trying to set the existing hwdb with name ip_design_wrapper_0
TRACE::2026-09-30.20:35:39::SCWPlatform::Opened existing hwdb ip_design_wrapper_0
TRACE::2026-09-30.20:35:39::SCWPlatform::Found the Hw Db part of the input DSA
TRACE::2026-09-30.20:35:39::SCWMssOS::Checking the sw design at  /home/user/Desktop/lab_4/Vitis/ip_design_wrapper/zynq_fsbl/zynq_fsbl_bsp/system.mss
TRACE::2026-09-30.20:35:39::SCWMssOS::DEBUG:  swdes dump  
TRACE::2026-09-30.20:35:39::SCWMssOS::No sw design opened at  /home/user/Desktop/lab_4/Vitis/ip_design_wrapper/zynq_fsbl/zynq_fsbl_bsp/system.mss
TRACE::2026-09-30.20:35:39::SCWMssOS::mss exists loading the mss file  /home/user/Desktop/lab_4/Vitis/ip_design_wrapper/zynq_fsbl/zynq_fsbl_bsp/system.mss
TRACE::2026-09-30.20:35:39::SCWMssOS::Opened the sw design from mss  /home/user/Desktop/lab_4/Vitis/ip_design_wrapper/zynq_fsbl/zynq_fsbl_bsp/system.mss
TRACE::2026-09-30.20:35:39::SCWMssOS::Adding the swdes entry /home/user/Desktop/lab_4/Vitis/ip_design_wrapper/zynq_fsbl/zynq_fsbl_bsp/system.mss with des name system
TRACE::2026-09-30.20:35:39::SCWMssOS::updating the scw layer about changes
TRACE::2026-09-30.20:35:39::SCWMssOS::Opened the sw design.  /home/user/Desktop/lab_4/Vitis/ip_design_wrapper/zynq_fsbl/zynq_fsbl_bsp/system.mss
TRACE::2026-09-30.20:35:39::SCWMssOS::Saving the mss changes /home/user/Desktop/lab_4/Vitis/ip_design_wrapper/zynq_fsbl/zynq_fsbl_bsp/system.mss
TRACE::2026-09-30.20:35:39::SCWMssOS::Found a swdesign opened with the mssfile.
TRACE::2026-09-30.20:35:39::SCWMssOS::Completed writemss as part of save.
TRACE::2026-09-30.20:35:39::SCWMssOS::Commit changes completed.
TRACE::2026-09-30.20:35:39::SCWPlatform::Trying to open the hw design at /home/user/Desktop/lab_4/Vitis/ip_design_wrapper/hw/ip_design_wrapper.xsa
TRACE::2026-09-30.20:35:39::SCWPlatform::DSA given /home/user/Desktop/lab_4/Vitis/ip_design_wrapper/hw/ip_design_wrapper.xsa
TRACE::2026-09-30.20:35:39::SCWPlatform::DSA absoulate path /home/user/Desktop/lab_4/Vitis/ip_design_wrapper/hw/ip_design_wrapper.xsa
TRACE::2026-09-30.20:35:39::SCWPlatform::DSA directory /home/user/Desktop/lab_4/Vitis/ip_design_wrapper/hw
TRACE::2026-09-30.20:35:39::SCWPlatform:: Platform Path /home/user/Desktop/lab_4/Vitis/ip_design_wrapper/hw/ip_design_wrapper.xsa
TRACE::2026-09-30.20:35:39::SCWPlatform:: Unique name xilinx:zybo::0.0
TRACE::2026-09-30.20:35:39::SCWPlatform::Trying to set the existing hwdb with name ip_design_wrapper_0
TRACE::2026-09-30.20:35:39::SCWPlatform::Opened existing hwdb ip_design_wrapper_0
TRACE::2026-09-30.20:35:39::SCWPlatform::Found the Hw Db part of the input DSA
TRACE::2026-09-30.20:35:39::SCWMssOS::Checking the sw design at  /home/user/Desktop/lab_4/Vitis/ip_design_wrapper/zynq_fsbl/zynq_fsbl_bsp/system.mss
TRACE::2026-09-30.20:35:39::SCWMssOS::DEBUG:  swdes dump  /home/user/Desktop/lab_4/Vitis/ip_design_wrapper/zynq_fsbl/zynq_fsbl_bsp/system.mss|system||

TRACE::2026-09-30.20:35:39::SCWMssOS::Sw design exists and opened at  /home/user/Desktop/lab_4/Vitis/ip_design_wrapper/zynq_fsbl/zynq_fsbl_bsp/system.mss
TRACE::2026-09-30.20:35:39::SCWPlatform::Trying to open the hw design at /home/user/Desktop/lab_4/Vitis/ip_design_wrapper/hw/ip_design_wrapper.xsa
TRACE::2026-09-30.20:35:39::SCWPlatform::DSA given /home/user/Desktop/lab_4/Vitis/ip_design_wrapper/hw/ip_design_wrapper.xsa
TRACE::2026-09-30.20:35:39::SCWPlatform::DSA absoulate path /home/user/Desktop/lab_4/Vitis/ip_design_wrapper/hw/ip_design_wrapper.xsa
TRACE::2026-09-30.20:35:39::SCWPlatform::DSA directory /home/user/Desktop/lab_4/Vitis/ip_design_wrapper/hw
TRACE::2026-09-30.20:35:39::SCWPlatform:: Platform Path /home/user/Desktop/lab_4/Vitis/ip_design_wrapper/hw/ip_design_wrapper.xsa
TRACE::2026-09-30.20:35:39::SCWPlatform:: Unique name xilinx:zybo::0.0
TRACE::2026-09-30.20:35:39::SCWPlatform::Trying to set the existing hwdb with name ip_design_wrapper_0
TRACE::2026-09-30.20:35:39::SCWPlatform::Opened existing hwdb ip_design_wrapper_0
TRACE::2026-09-30.20:35:39::SCWPlatform::Found the Hw Db part of the input DSA
TRACE::2026-09-30.20:35:39::SCWMssOS::Checking the sw design at  /home/user/Desktop/lab_4/Vitis/ip_design_wrapper/zynq_fsbl/zynq_fsbl_bsp/system.mss
TRACE::2026-09-30.20:35:39::SCWMssOS::DEBUG:  swdes dump  /home/user/Desktop/lab_4/Vitis/ip_design_wrapper/zynq_fsbl/zynq_fsbl_bsp/system.mss|system||

TRACE::2026-09-30.20:35:39::SCWMssOS::Sw design exists and opened at  /home/user/Desktop/lab_4/Vitis/ip_design_wrapper/zynq_fsbl/zynq_fsbl_bsp/system.mss
TRACE::2026-09-30.20:35:39::SCWPlatform::Trying to open the hw design at /home/user/Desktop/lab_4/Vitis/ip_design_wrapper/hw/ip_design_wrapper.xsa
TRACE::2026-09-30.20:35:39::SCWPlatform::DSA given /home/user/Desktop/lab_4/Vitis/ip_design_wrapper/hw/ip_design_wrapper.xsa
TRACE::2026-09-30.20:35:39::SCWPlatform::DSA absoulate path /home/user/Desktop/lab_4/Vitis/ip_design_wrapper/hw/ip_design_wrapper.xsa
TRACE::2026-09-30.20:35:39::SCWPlatform::DSA directory /home/user/Desktop/lab_4/Vitis/ip_design_wrapper/hw
TRACE::2026-09-30.20:35:39::SCWPlatform:: Platform Path /home/user/Desktop/lab_4/Vitis/ip_design_wrapper/hw/ip_design_wrapper.xsa
TRACE::2026-09-30.20:35:39::SCWPlatform:: Unique name xilinx:zybo::0.0
TRACE::2026-09-30.20:35:39::SCWPlatform::Trying to set the existing hwdb with name ip_design_wrapper_0
TRACE::2026-09-30.20:35:39::SCWPlatform::Opened existing hwdb ip_design_wrapper_0
TRACE::2026-09-30.20:35:39::SCWPlatform::Found the Hw Db part of the input DSA
TRACE::2026-09-30.20:35:39::SCWMssOS::Checking the sw design at  /home/user/Desktop/lab_4/Vitis/ip_design_wrapper/zynq_fsbl/zynq_fsbl_bsp/system.mss
TRACE::2026-09-30.20:35:39::SCWMssOS::DEBUG:  swdes dump  /home/user/Desktop/lab_4/Vitis/ip_design_wrapper/zynq_fsbl/zynq_fsbl_bsp/system.mss|system||

TRACE::2026-09-30.20:35:39::SCWMssOS::Sw design exists and opened at  /home/user/Desktop/lab_4/Vitis/ip_design_wrapper/zynq_fsbl/zynq_fsbl_bsp/system.mss
TRACE::2026-09-30.20:35:39::SCWWriter::formatted JSON is {
	"platformName":	"ip_design_wrapper",
	"sprVersion":	"2.0",
	"mode":	"gui",
	"dsaType":	"Fixed",
	"platformDesc":	"ip_design_wrapper",
	"platHandOff":	"/home/user/Desktop/lab_4/ip_design_wrapper.xsa",
	"platIntHandOff":	"<platformDir>/hw/ip_design_wrapper.xsa",
	"deviceType":	"zynq",
	"platIsPrebuiltAutogen":	"false",
	"platIsNoBootBsp":	"false",
	"platFsblTarget":	"ps7_cortexa9_0",
	"hasFsblMakeHasChanges":	"false",
	"hasPmufwMakeHasChanges":	"false",
	"fsblExtraCompilerFlags":	"-MMD -MP       -mcpu=cortex-a9 -mfpu=vfpv3 -mfloat-abi=hard ",
	"platPreBuiltFlag":	false,
	"platformSamplesDir":	"",
	"platActiveSys":	"ip_design_wrapper",
	"systems":	[{
			"systemName":	"ip_design_wrapper",
			"systemDesc":	"ip_design_wrapper",
			"sysIsBootAutoGen":	"true",
			"systemDispName":	"ip_design_wrapper",
			"sysActiveDom":	"zynq_fsbl",
			"sysDefaultDom":	"",
			"domains":	[{
					"domainName":	"zynq_fsbl",
					"domainDispName":	"zynq_fsbl",
					"domainDesc":	"FSBL Application BSP - Auto Generated.",
					"processors":	"ps7_cortexa9_0",
					"os":	"standalone",
					"sdxOs":	"standalone",
					"debugEnable":	"",
					"domRuntimes":	["cpp"],
					"swRepo":	"",
					"mssOsVer":	"7.5",
					"mssFile":	"",
					"md5Digest":	"0b4110dadf6bf2cf2184a429495bcac1",
					"compatibleApp":	"zynq_fsbl",
					"domType":	"bootDomain",
					"arch":	"32-bit",
					"appSettings":	{
						"appCompilerFlags":	"",
						"appLinkerFlags":	""
					},
					"addedLibs":	["xilffs:4.5", "xilrsa:1.6"],
					"libOptions":	{
						"libsContainingOptions":	[]
					},
					"prebuiltLibs":	{
						"prebuiltIncPath":	[],
						"prebuiltLibPath":	[]
					},
					"isolation":	{
					}
				}]
		}]
}
TRACE::2026-09-30.20:35:39::SCWMssOS::Saving the mss changes /home/user/Desktop/lab_4/Vitis/ip_design_wrapper/zynq_fsbl/zynq_fsbl_bsp/system.mss
TRACE::2026-09-30.20:35:39::SCWMssOS::Found a swdesign opened with the mssfile.
TRACE::2026-09-30.20:35:39::SCWMssOS::Completed writemss as part of save.
TRACE::2026-09-30.20:35:39::SCWMssOS::Commit changes completed.
TRACE::2026-09-30.20:35:39::SCWPlatform::Trying to open the hw design at /home/user/Desktop/lab_4/Vitis/ip_design_wrapper/hw/ip_design_wrapper.xsa
TRACE::2026-09-30.20:35:39::SCWPlatform::DSA given /home/user/Desktop/lab_4/Vitis/ip_design_wrapper/hw/ip_design_wrapper.xsa
TRACE::2026-09-30.20:35:39::SCWPlatform::DSA absoulate path /home/user/Desktop/lab_4/Vitis/ip_design_wrapper/hw/ip_design_wrapper.xsa
TRACE::2026-09-30.20:35:39::SCWPlatform::DSA directory /home/user/Desktop/lab_4/Vitis/ip_design_wrapper/hw
TRACE::2026-09-30.20:35:39::SCWPlatform:: Platform Path /home/user/Desktop/lab_4/Vitis/ip_design_wrapper/hw/ip_design_wrapper.xsa
TRACE::2026-09-30.20:35:39::SCWPlatform:: Unique name xilinx:zybo::0.0
TRACE::2026-09-30.20:35:39::SCWPlatform::Trying to set the existing hwdb with name ip_design_wrapper_0
TRACE::2026-09-30.20:35:39::SCWPlatform::Opened existing hwdb ip_design_wrapper_0
TRACE::2026-09-30.20:35:39::SCWPlatform::Found the Hw Db part of the input DSA
TRACE::2026-09-30.20:35:39::SCWMssOS::Checking the sw design at  /home/user/Desktop/lab_4/Vitis/ip_design_wrapper/zynq_fsbl/zynq_fsbl_bsp/system.mss
TRACE::2026-09-30.20:35:39::SCWMssOS::DEBUG:  swdes dump  /home/user/Desktop/lab_4/Vitis/ip_design_wrapper/zynq_fsbl/zynq_fsbl_bsp/system.mss|system||

TRACE::2026-09-30.20:35:39::SCWMssOS::Sw design exists and opened at  /home/user/Desktop/lab_4/Vitis/ip_design_wrapper/zynq_fsbl/zynq_fsbl_bsp/system.mss
TRACE::2026-09-30.20:35:39::SCWPlatform::Trying to open the hw design at /home/user/Desktop/lab_4/Vitis/ip_design_wrapper/hw/ip_design_wrapper.xsa
TRACE::2026-09-30.20:35:39::SCWPlatform::DSA given /home/user/Desktop/lab_4/Vitis/ip_design_wrapper/hw/ip_design_wrapper.xsa
TRACE::2026-09-30.20:35:39::SCWPlatform::DSA absoulate path /home/user/Desktop/lab_4/Vitis/ip_design_wrapper/hw/ip_design_wrapper.xsa
TRACE::2026-09-30.20:35:39::SCWPlatform::DSA directory /home/user/Desktop/lab_4/Vitis/ip_design_wrapper/hw
TRACE::2026-09-30.20:35:39::SCWPlatform:: Platform Path /home/user/Desktop/lab_4/Vitis/ip_design_wrapper/hw/ip_design_wrapper.xsa
TRACE::2026-09-30.20:35:39::SCWPlatform:: Unique name xilinx:zybo::0.0
TRACE::2026-09-30.20:35:39::SCWPlatform::Trying to set the existing hwdb with name ip_design_wrapper_0
TRACE::2026-09-30.20:35:39::SCWPlatform::Opened existing hwdb ip_design_wrapper_0
TRACE::2026-09-30.20:35:39::SCWPlatform::Found the Hw Db part of the input DSA
TRACE::2026-09-30.20:35:39::SCWMssOS::Checking the sw design at  /home/user/Desktop/lab_4/Vitis/ip_design_wrapper/zynq_fsbl/zynq_fsbl_bsp/system.mss
TRACE::2026-09-30.20:35:39::SCWMssOS::DEBUG:  swdes dump  /home/user/Desktop/lab_4/Vitis/ip_design_wrapper/zynq_fsbl/zynq_fsbl_bsp/system.mss|system||

TRACE::2026-09-30.20:35:39::SCWMssOS::Sw design exists and opened at  /home/user/Desktop/lab_4/Vitis/ip_design_wrapper/zynq_fsbl/zynq_fsbl_bsp/system.mss
TRACE::2026-09-30.20:35:39::SCWPlatform::Trying to open the hw design at /home/user/Desktop/lab_4/Vitis/ip_design_wrapper/hw/ip_design_wrapper.xsa
TRACE::2026-09-30.20:35:39::SCWPlatform::DSA given /home/user/Desktop/lab_4/Vitis/ip_design_wrapper/hw/ip_design_wrapper.xsa
TRACE::2026-09-30.20:35:39::SCWPlatform::DSA absoulate path /home/user/Desktop/lab_4/Vitis/ip_design_wrapper/hw/ip_design_wrapper.xsa
TRACE::2026-09-30.20:35:39::SCWPlatform::DSA directory /home/user/Desktop/lab_4/Vitis/ip_design_wrapper/hw
TRACE::2026-09-30.20:35:39::SCWPlatform:: Platform Path /home/user/Desktop/lab_4/Vitis/ip_design_wrapper/hw/ip_design_wrapper.xsa
TRACE::2026-09-30.20:35:39::SCWPlatform:: Unique name xilinx:zybo::0.0
TRACE::2026-09-30.20:35:39::SCWPlatform::Trying to set the existing hwdb with name ip_design_wrapper_0
TRACE::2026-09-30.20:35:39::SCWPlatform::Opened existing hwdb ip_design_wrapper_0
TRACE::2026-09-30.20:35:39::SCWPlatform::Found the Hw Db part of the input DSA
TRACE::2026-09-30.20:35:39::SCWMssOS::Checking the sw design at  /home/user/Desktop/lab_4/Vitis/ip_design_wrapper/zynq_fsbl/zynq_fsbl_bsp/system.mss
TRACE::2026-09-30.20:35:39::SCWMssOS::DEBUG:  swdes dump  /home/user/Desktop/lab_4/Vitis/ip_design_wrapper/zynq_fsbl/zynq_fsbl_bsp/system.mss|system||

TRACE::2026-09-30.20:35:39::SCWMssOS::Sw design exists and opened at  /home/user/Desktop/lab_4/Vitis/ip_design_wrapper/zynq_fsbl/zynq_fsbl_bsp/system.mss
TRACE::2026-09-30.20:35:39::SCWWriter::formatted JSON is {
	"platformName":	"ip_design_wrapper",
	"sprVersion":	"2.0",
	"mode":	"gui",
	"dsaType":	"Fixed",
	"platformDesc":	"ip_design_wrapper",
	"platHandOff":	"/home/user/Desktop/lab_4/ip_design_wrapper.xsa",
	"platIntHandOff":	"<platformDir>/hw/ip_design_wrapper.xsa",
	"deviceType":	"zynq",
	"platIsPrebuiltAutogen":	"false",
	"platIsNoBootBsp":	"false",
	"platFsblTarget":	"ps7_cortexa9_0",
	"hasFsblMakeHasChanges":	"false",
	"hasPmufwMakeHasChanges":	"false",
	"fsblExtraCompilerFlags":	"-MMD -MP       -mcpu=cortex-a9 -mfpu=vfpv3 -mfloat-abi=hard ",
	"platPreBuiltFlag":	false,
	"platformSamplesDir":	"",
	"platActiveSys":	"ip_design_wrapper",
	"systems":	[{
			"systemName":	"ip_design_wrapper",
			"systemDesc":	"ip_design_wrapper",
			"sysIsBootAutoGen":	"true",
			"systemDispName":	"ip_design_wrapper",
			"sysActiveDom":	"zynq_fsbl",
			"sysDefaultDom":	"",
			"domains":	[{
					"domainName":	"zynq_fsbl",
					"domainDispName":	"zynq_fsbl",
					"domainDesc":	"FSBL Application BSP - Auto Generated.",
					"processors":	"ps7_cortexa9_0",
					"os":	"standalone",
					"sdxOs":	"standalone",
					"debugEnable":	"",
					"domRuntimes":	["cpp"],
					"swRepo":	"",
					"mssOsVer":	"7.5",
					"mssFile":	"",
					"md5Digest":	"0b4110dadf6bf2cf2184a429495bcac1",
					"compatibleApp":	"zynq_fsbl",
					"domType":	"bootDomain",
					"arch":	"32-bit",
					"appSettings":	{
						"appCompilerFlags":	"",
						"appLinkerFlags":	""
					},
					"addedLibs":	["xilffs:4.5", "xilrsa:1.6"],
					"libOptions":	{
						"libsContainingOptions":	[]
					},
					"prebuiltLibs":	{
						"prebuiltIncPath":	[],
						"prebuiltLibPath":	[]
					},
					"isolation":	{
					}
				}]
		}]
}
TRACE::2026-09-30.20:35:39::SCWPlatform::Trying to open the hw design at /home/user/Desktop/lab_4/Vitis/ip_design_wrapper/hw/ip_design_wrapper.xsa
TRACE::2026-09-30.20:35:39::SCWPlatform::DSA given /home/user/Desktop/lab_4/Vitis/ip_design_wrapper/hw/ip_design_wrapper.xsa
TRACE::2026-09-30.20:35:39::SCWPlatform::DSA absoulate path /home/user/Desktop/lab_4/Vitis/ip_design_wrapper/hw/ip_design_wrapper.xsa
TRACE::2026-09-30.20:35:39::SCWPlatform::DSA directory /home/user/Desktop/lab_4/Vitis/ip_design_wrapper/hw
TRACE::2026-09-30.20:35:39::SCWPlatform:: Platform Path /home/user/Desktop/lab_4/Vitis/ip_design_wrapper/hw/ip_design_wrapper.xsa
TRACE::2026-09-30.20:35:39::SCWPlatform:: Unique name xilinx:zybo::0.0
TRACE::2026-09-30.20:35:39::SCWPlatform::Trying to set the existing hwdb with name ip_design_wrapper_0
TRACE::2026-09-30.20:35:39::SCWPlatform::Opened existing hwdb ip_design_wrapper_0
TRACE::2026-09-30.20:35:39::SCWPlatform::Found the Hw Db part of the input DSA
TRACE::2026-09-30.20:35:39::SCWDomain::checking for install qemu data   : 
TRACE::2026-09-30.20:35:39::SCWDomain:: Using the QEMU Data from install at  : /home/software/Xilinx/Vitis/2021.1/data/emulation/platforms/zynq/sw/a9_standalone/qemu/
TRACE::2026-09-30.20:35:39::SCWDomain:: Using the QEMU args  from install at  : /home/software/Xilinx/Vitis/2021.1/data/emulation/platforms/zynq/sw/a9_standalone/qemu/qemu_args.txt
TRACE::2026-09-30.20:35:39::SCWPlatform::Trying to open the hw design at /home/user/Desktop/lab_4/Vitis/ip_design_wrapper/hw/ip_design_wrapper.xsa
TRACE::2026-09-30.20:35:39::SCWPlatform::DSA given /home/user/Desktop/lab_4/Vitis/ip_design_wrapper/hw/ip_design_wrapper.xsa
TRACE::2026-09-30.20:35:39::SCWPlatform::DSA absoulate path /home/user/Desktop/lab_4/Vitis/ip_design_wrapper/hw/ip_design_wrapper.xsa
TRACE::2026-09-30.20:35:39::SCWPlatform::DSA directory /home/user/Desktop/lab_4/Vitis/ip_design_wrapper/hw
TRACE::2026-09-30.20:35:39::SCWPlatform:: Platform Path /home/user/Desktop/lab_4/Vitis/ip_design_wrapper/hw/ip_design_wrapper.xsa
TRACE::2026-09-30.20:35:39::SCWPlatform:: Unique name xilinx:zybo::0.0
TRACE::2026-09-30.20:35:39::SCWPlatform::Trying to set the existing hwdb with name ip_design_wrapper_0
TRACE::2026-09-30.20:35:39::SCWPlatform::Opened existing hwdb ip_design_wrapper_0
TRACE::2026-09-30.20:35:39::SCWPlatform::Found the Hw Db part of the input DSA
TRACE::2026-09-30.20:35:39::SCWPlatform::Trying to open the hw design at /home/user/Desktop/lab_4/Vitis/ip_design_wrapper/hw/ip_design_wrapper.xsa
TRACE::2026-09-30.20:35:39::SCWPlatform::DSA given /home/user/Desktop/lab_4/Vitis/ip_design_wrapper/hw/ip_design_wrapper.xsa
TRACE::2026-09-30.20:35:39::SCWPlatform::DSA absoulate path /home/user/Desktop/lab_4/Vitis/ip_design_wrapper/hw/ip_design_wrapper.xsa
TRACE::2026-09-30.20:35:39::SCWPlatform::DSA directory /home/user/Desktop/lab_4/Vitis/ip_design_wrapper/hw
TRACE::2026-09-30.20:35:39::SCWPlatform:: Platform Path /home/user/Desktop/lab_4/Vitis/ip_design_wrapper/hw/ip_design_wrapper.xsa
TRACE::2026-09-30.20:35:39::SCWPlatform:: Unique name xilinx:zybo::0.0
TRACE::2026-09-30.20:35:39::SCWPlatform::Trying to set the existing hwdb with name ip_design_wrapper_0
TRACE::2026-09-30.20:35:39::SCWPlatform::Opened existing hwdb ip_design_wrapper_0
TRACE::2026-09-30.20:35:39::SCWPlatform::Found the Hw Db part of the input DSA
TRACE::2026-09-30.20:35:39::SCWPlatform::Trying to open the hw design at /home/user/Desktop/lab_4/Vitis/ip_design_wrapper/hw/ip_design_wrapper.xsa
TRACE::2026-09-30.20:35:39::SCWPlatform::DSA given /home/user/Desktop/lab_4/Vitis/ip_design_wrapper/hw/ip_design_wrapper.xsa
TRACE::2026-09-30.20:35:39::SCWPlatform::DSA absoulate path /home/user/Desktop/lab_4/Vitis/ip_design_wrapper/hw/ip_design_wrapper.xsa
TRACE::2026-09-30.20:35:39::SCWPlatform::DSA directory /home/user/Desktop/lab_4/Vitis/ip_design_wrapper/hw
TRACE::2026-09-30.20:35:39::SCWPlatform:: Platform Path /home/user/Desktop/lab_4/Vitis/ip_design_wrapper/hw/ip_design_wrapper.xsa
TRACE::2026-09-30.20:35:39::SCWPlatform:: Unique name xilinx:zybo::0.0
TRACE::2026-09-30.20:35:39::SCWPlatform::Trying to set the existing hwdb with name ip_design_wrapper_0
TRACE::2026-09-30.20:35:39::SCWPlatform::Opened existing hwdb ip_design_wrapper_0
TRACE::2026-09-30.20:35:39::SCWPlatform::Found the Hw Db part of the input DSA
TRACE::2026-09-30.20:35:39::SCWMssOS::Checking the sw design at  /home/user/Desktop/lab_4/Vitis/ip_design_wrapper/ps7_cortexa9_0/standalone_ps7_cortexa9_0/bsp/system.mss
TRACE::2026-09-30.20:35:39::SCWMssOS::DEBUG:  swdes dump  /home/user/Desktop/lab_4/Vitis/ip_design_wrapper/zynq_fsbl/zynq_fsbl_bsp/system.mss|system||

TRACE::2026-09-30.20:35:39::SCWMssOS::No sw design opened at  /home/user/Desktop/lab_4/Vitis/ip_design_wrapper/ps7_cortexa9_0/standalone_ps7_cortexa9_0/bsp/system.mss
TRACE::2026-09-30.20:35:39::SCWMssOS::mss does not exists at /home/user/Desktop/lab_4/Vitis/ip_design_wrapper/ps7_cortexa9_0/standalone_ps7_cortexa9_0/bsp/system.mss
TRACE::2026-09-30.20:35:39::SCWMssOS::Creating sw design at  /home/user/Desktop/lab_4/Vitis/ip_design_wrapper/ps7_cortexa9_0/standalone_ps7_cortexa9_0/bsp/system.mss
TRACE::2026-09-30.20:35:39::SCWMssOS::Adding the swdes entry, created swdb /home/user/Desktop/lab_4/Vitis/ip_design_wrapper/ps7_cortexa9_0/standalone_ps7_cortexa9_0/bsp/system.mss with des name /home/user/Desktop/lab_4/Vitis/ip_design_wrapper/ps7_cortexa9_0/standalone_ps7_cortexa9_0/bsp/system.mss
TRACE::2026-09-30.20:35:39::SCWMssOS::updating the scw layer changes to swdes at   /home/user/Desktop/lab_4/Vitis/ip_design_wrapper/ps7_cortexa9_0/standalone_ps7_cortexa9_0/bsp/system.mss
TRACE::2026-09-30.20:35:39::SCWMssOS::Writing mss at /home/user/Desktop/lab_4/Vitis/ip_design_wrapper/ps7_cortexa9_0/standalone_ps7_cortexa9_0/bsp/system.mss
TRACE::2026-09-30.20:35:39::SCWMssOS::Completed writing the mss file at /home/user/Desktop/lab_4/Vitis/ip_design_wrapper/ps7_cortexa9_0/standalone_ps7_cortexa9_0/bsp
TRACE::2026-09-30.20:35:39::SCWMssOS::Picking up changes from newly written mss file into SCW Layer. 
TRACE::2026-09-30.20:35:39::SCWMssOS::Updated the changes from newly written mss file into SCW Layer. 
TRACE::2026-09-30.20:35:39::SCWMssOS::Completed writing the mss file at /home/user/Desktop/lab_4/Vitis/ip_design_wrapper/ps7_cortexa9_0/standalone_ps7_cortexa9_0/bsp
TRACE::2026-09-30.20:35:39::SCWMssOS::Forcing BSP Sources regeneration.
TRACE::2026-09-30.20:35:40::SCWMssOS::Saving the mss changes /home/user/Desktop/lab_4/Vitis/ip_design_wrapper/zynq_fsbl/zynq_fsbl_bsp/system.mss
TRACE::2026-09-30.20:35:40::SCWMssOS::Found a swdesign opened with the mssfile.
TRACE::2026-09-30.20:35:40::SCWMssOS::Completed writemss as part of save.
TRACE::2026-09-30.20:35:40::SCWMssOS::Commit changes completed.
TRACE::2026-09-30.20:35:40::SCWMssOS::Saving the mss changes /home/user/Desktop/lab_4/Vitis/ip_design_wrapper/ps7_cortexa9_0/standalone_ps7_cortexa9_0/bsp/system.mss
TRACE::2026-09-30.20:35:40::SCWMssOS::Adding the swdes entry, mss present, able to open swdb /home/user/Desktop/lab_4/Vitis/ip_design_wrapper/ps7_cortexa9_0/standalone_ps7_cortexa9_0/bsp/system.mss with des name system_0
TRACE::2026-09-30.20:35:40::SCWMssOS::Writing the mss file completed /home/user/Desktop/lab_4/Vitis/ip_design_wrapper/ps7_cortexa9_0/standalone_ps7_cortexa9_0/bsp/system.mss
TRACE::2026-09-30.20:35:40::SCWMssOS::Commit changes completed.
TRACE::2026-09-30.20:35:40::SCWPlatform::Trying to open the hw design at /home/user/Desktop/lab_4/Vitis/ip_design_wrapper/hw/ip_design_wrapper.xsa
TRACE::2026-09-30.20:35:40::SCWPlatform::DSA given /home/user/Desktop/lab_4/Vitis/ip_design_wrapper/hw/ip_design_wrapper.xsa
TRACE::2026-09-30.20:35:40::SCWPlatform::DSA absoulate path /home/user/Desktop/lab_4/Vitis/ip_design_wrapper/hw/ip_design_wrapper.xsa
TRACE::2026-09-30.20:35:40::SCWPlatform::DSA directory /home/user/Desktop/lab_4/Vitis/ip_design_wrapper/hw
TRACE::2026-09-30.20:35:40::SCWPlatform:: Platform Path /home/user/Desktop/lab_4/Vitis/ip_design_wrapper/hw/ip_design_wrapper.xsa
TRACE::2026-09-30.20:35:40::SCWPlatform:: Unique name xilinx:zybo::0.0
TRACE::2026-09-30.20:35:40::SCWPlatform::Trying to set the existing hwdb with name ip_design_wrapper_0
TRACE::2026-09-30.20:35:40::SCWPlatform::Opened existing hwdb ip_design_wrapper_0
TRACE::2026-09-30.20:35:40::SCWPlatform::Found the Hw Db part of the input DSA
TRACE::2026-09-30.20:35:40::SCWMssOS::Checking the sw design at  /home/user/Desktop/lab_4/Vitis/ip_design_wrapper/zynq_fsbl/zynq_fsbl_bsp/system.mss
TRACE::2026-09-30.20:35:40::SCWMssOS::DEBUG:  swdes dump  /home/user/Desktop/lab_4/Vitis/ip_design_wrapper/ps7_cortexa9_0/standalone_ps7_cortexa9_0/bsp/system.mss|system_0||
/home/user/Desktop/lab_4/Vitis/ip_design_wrapper/zynq_fsbl/zynq_fsbl_bsp/system.mss|system||

TRACE::2026-09-30.20:35:40::SCWMssOS::Sw design exists and opened at  /home/user/Desktop/lab_4/Vitis/ip_design_wrapper/zynq_fsbl/zynq_fsbl_bsp/system.mss
TRACE::2026-09-30.20:35:40::SCWPlatform::Trying to open the hw design at /home/user/Desktop/lab_4/Vitis/ip_design_wrapper/hw/ip_design_wrapper.xsa
TRACE::2026-09-30.20:35:40::SCWPlatform::DSA given /home/user/Desktop/lab_4/Vitis/ip_design_wrapper/hw/ip_design_wrapper.xsa
TRACE::2026-09-30.20:35:40::SCWPlatform::DSA absoulate path /home/user/Desktop/lab_4/Vitis/ip_design_wrapper/hw/ip_design_wrapper.xsa
TRACE::2026-09-30.20:35:40::SCWPlatform::DSA directory /home/user/Desktop/lab_4/Vitis/ip_design_wrapper/hw
TRACE::2026-09-30.20:35:40::SCWPlatform:: Platform Path /home/user/Desktop/lab_4/Vitis/ip_design_wrapper/hw/ip_design_wrapper.xsa
TRACE::2026-09-30.20:35:40::SCWPlatform:: Unique name xilinx:zybo::0.0
TRACE::2026-09-30.20:35:40::SCWPlatform::Trying to set the existing hwdb with name ip_design_wrapper_0
TRACE::2026-09-30.20:35:40::SCWPlatform::Opened existing hwdb ip_design_wrapper_0
TRACE::2026-09-30.20:35:40::SCWPlatform::Found the Hw Db part of the input DSA
TRACE::2026-09-30.20:35:40::SCWMssOS::Checking the sw design at  /home/user/Desktop/lab_4/Vitis/ip_design_wrapper/zynq_fsbl/zynq_fsbl_bsp/system.mss
TRACE::2026-09-30.20:35:40::SCWMssOS::DEBUG:  swdes dump  /home/user/Desktop/lab_4/Vitis/ip_design_wrapper/ps7_cortexa9_0/standalone_ps7_cortexa9_0/bsp/system.mss|system_0||
/home/user/Desktop/lab_4/Vitis/ip_design_wrapper/zynq_fsbl/zynq_fsbl_bsp/system.mss|system||

TRACE::2026-09-30.20:35:40::SCWMssOS::Sw design exists and opened at  /home/user/Desktop/lab_4/Vitis/ip_design_wrapper/zynq_fsbl/zynq_fsbl_bsp/system.mss
TRACE::2026-09-30.20:35:40::SCWPlatform::Trying to open the hw design at /home/user/Desktop/lab_4/Vitis/ip_design_wrapper/hw/ip_design_wrapper.xsa
TRACE::2026-09-30.20:35:40::SCWPlatform::DSA given /home/user/Desktop/lab_4/Vitis/ip_design_wrapper/hw/ip_design_wrapper.xsa
TRACE::2026-09-30.20:35:40::SCWPlatform::DSA absoulate path /home/user/Desktop/lab_4/Vitis/ip_design_wrapper/hw/ip_design_wrapper.xsa
TRACE::2026-09-30.20:35:40::SCWPlatform::DSA directory /home/user/Desktop/lab_4/Vitis/ip_design_wrapper/hw
TRACE::2026-09-30.20:35:40::SCWPlatform:: Platform Path /home/user/Desktop/lab_4/Vitis/ip_design_wrapper/hw/ip_design_wrapper.xsa
TRACE::2026-09-30.20:35:40::SCWPlatform:: Unique name xilinx:zybo::0.0
TRACE::2026-09-30.20:35:40::SCWPlatform::Trying to set the existing hwdb with name ip_design_wrapper_0
TRACE::2026-09-30.20:35:40::SCWPlatform::Opened existing hwdb ip_design_wrapper_0
TRACE::2026-09-30.20:35:40::SCWPlatform::Found the Hw Db part of the input DSA
TRACE::2026-09-30.20:35:40::SCWMssOS::Checking the sw design at  /home/user/Desktop/lab_4/Vitis/ip_design_wrapper/zynq_fsbl/zynq_fsbl_bsp/system.mss
TRACE::2026-09-30.20:35:40::SCWMssOS::DEBUG:  swdes dump  /home/user/Desktop/lab_4/Vitis/ip_design_wrapper/ps7_cortexa9_0/standalone_ps7_cortexa9_0/bsp/system.mss|system_0||
/home/user/Desktop/lab_4/Vitis/ip_design_wrapper/zynq_fsbl/zynq_fsbl_bsp/system.mss|system||

TRACE::2026-09-30.20:35:40::SCWMssOS::Sw design exists and opened at  /home/user/Desktop/lab_4/Vitis/ip_design_wrapper/zynq_fsbl/zynq_fsbl_bsp/system.mss
TRACE::2026-09-30.20:35:40::SCWPlatform::Trying to open the hw design at /home/user/Desktop/lab_4/Vitis/ip_design_wrapper/hw/ip_design_wrapper.xsa
TRACE::2026-09-30.20:35:40::SCWPlatform::DSA given /home/user/Desktop/lab_4/Vitis/ip_design_wrapper/hw/ip_design_wrapper.xsa
TRACE::2026-09-30.20:35:40::SCWPlatform::DSA absoulate path /home/user/Desktop/lab_4/Vitis/ip_design_wrapper/hw/ip_design_wrapper.xsa
TRACE::2026-09-30.20:35:40::SCWPlatform::DSA directory /home/user/Desktop/lab_4/Vitis/ip_design_wrapper/hw
TRACE::2026-09-30.20:35:40::SCWPlatform:: Platform Path /home/user/Desktop/lab_4/Vitis/ip_design_wrapper/hw/ip_design_wrapper.xsa
TRACE::2026-09-30.20:35:40::SCWPlatform:: Unique name xilinx:zybo::0.0
TRACE::2026-09-30.20:35:40::SCWPlatform::Trying to set the existing hwdb with name ip_design_wrapper_0
TRACE::2026-09-30.20:35:40::SCWPlatform::Opened existing hwdb ip_design_wrapper_0
TRACE::2026-09-30.20:35:40::SCWPlatform::Found the Hw Db part of the input DSA
TRACE::2026-09-30.20:35:40::SCWMssOS::Checking the sw design at  /home/user/Desktop/lab_4/Vitis/ip_design_wrapper/ps7_cortexa9_0/standalone_ps7_cortexa9_0/bsp/system.mss
TRACE::2026-09-30.20:35:40::SCWMssOS::DEBUG:  swdes dump  /home/user/Desktop/lab_4/Vitis/ip_design_wrapper/ps7_cortexa9_0/standalone_ps7_cortexa9_0/bsp/system.mss|system_0||
/home/user/Desktop/lab_4/Vitis/ip_design_wrapper/zynq_fsbl/zynq_fsbl_bsp/system.mss|system||

TRACE::2026-09-30.20:35:40::SCWMssOS::Sw design exists and opened at  /home/user/Desktop/lab_4/Vitis/ip_design_wrapper/ps7_cortexa9_0/standalone_ps7_cortexa9_0/bsp/system.mss
TRACE::2026-09-30.20:35:40::SCWPlatform::Trying to open the hw design at /home/user/Desktop/lab_4/Vitis/ip_design_wrapper/hw/ip_design_wrapper.xsa
TRACE::2026-09-30.20:35:40::SCWPlatform::DSA given /home/user/Desktop/lab_4/Vitis/ip_design_wrapper/hw/ip_design_wrapper.xsa
TRACE::2026-09-30.20:35:40::SCWPlatform::DSA absoulate path /home/user/Desktop/lab_4/Vitis/ip_design_wrapper/hw/ip_design_wrapper.xsa
TRACE::2026-09-30.20:35:40::SCWPlatform::DSA directory /home/user/Desktop/lab_4/Vitis/ip_design_wrapper/hw
TRACE::2026-09-30.20:35:40::SCWPlatform:: Platform Path /home/user/Desktop/lab_4/Vitis/ip_design_wrapper/hw/ip_design_wrapper.xsa
TRACE::2026-09-30.20:35:40::SCWPlatform:: Unique name xilinx:zybo::0.0
TRACE::2026-09-30.20:35:40::SCWPlatform::Trying to set the existing hwdb with name ip_design_wrapper_0
TRACE::2026-09-30.20:35:40::SCWPlatform::Opened existing hwdb ip_design_wrapper_0
TRACE::2026-09-30.20:35:40::SCWPlatform::Found the Hw Db part of the input DSA
TRACE::2026-09-30.20:35:40::SCWMssOS::Checking the sw design at  /home/user/Desktop/lab_4/Vitis/ip_design_wrapper/ps7_cortexa9_0/standalone_ps7_cortexa9_0/bsp/system.mss
TRACE::2026-09-30.20:35:40::SCWMssOS::DEBUG:  swdes dump  /home/user/Desktop/lab_4/Vitis/ip_design_wrapper/ps7_cortexa9_0/standalone_ps7_cortexa9_0/bsp/system.mss|system_0||
/home/user/Desktop/lab_4/Vitis/ip_design_wrapper/zynq_fsbl/zynq_fsbl_bsp/system.mss|system||

TRACE::2026-09-30.20:35:40::SCWMssOS::Sw design exists and opened at  /home/user/Desktop/lab_4/Vitis/ip_design_wrapper/ps7_cortexa9_0/standalone_ps7_cortexa9_0/bsp/system.mss
TRACE::2026-09-30.20:35:40::SCWPlatform::Trying to open the hw design at /home/user/Desktop/lab_4/Vitis/ip_design_wrapper/hw/ip_design_wrapper.xsa
TRACE::2026-09-30.20:35:40::SCWPlatform::DSA given /home/user/Desktop/lab_4/Vitis/ip_design_wrapper/hw/ip_design_wrapper.xsa
TRACE::2026-09-30.20:35:40::SCWPlatform::DSA absoulate path /home/user/Desktop/lab_4/Vitis/ip_design_wrapper/hw/ip_design_wrapper.xsa
TRACE::2026-09-30.20:35:40::SCWPlatform::DSA directory /home/user/Desktop/lab_4/Vitis/ip_design_wrapper/hw
TRACE::2026-09-30.20:35:40::SCWPlatform:: Platform Path /home/user/Desktop/lab_4/Vitis/ip_design_wrapper/hw/ip_design_wrapper.xsa
TRACE::2026-09-30.20:35:40::SCWPlatform:: Unique name xilinx:zybo::0.0
TRACE::2026-09-30.20:35:40::SCWPlatform::Trying to set the existing hwdb with name ip_design_wrapper_0
TRACE::2026-09-30.20:35:40::SCWPlatform::Opened existing hwdb ip_design_wrapper_0
TRACE::2026-09-30.20:35:40::SCWPlatform::Found the Hw Db part of the input DSA
TRACE::2026-09-30.20:35:40::SCWMssOS::Checking the sw design at  /home/user/Desktop/lab_4/Vitis/ip_design_wrapper/ps7_cortexa9_0/standalone_ps7_cortexa9_0/bsp/system.mss
TRACE::2026-09-30.20:35:40::SCWMssOS::DEBUG:  swdes dump  /home/user/Desktop/lab_4/Vitis/ip_design_wrapper/ps7_cortexa9_0/standalone_ps7_cortexa9_0/bsp/system.mss|system_0||
/home/user/Desktop/lab_4/Vitis/ip_design_wrapper/zynq_fsbl/zynq_fsbl_bsp/system.mss|system||

TRACE::2026-09-30.20:35:40::SCWMssOS::Sw design exists and opened at  /home/user/Desktop/lab_4/Vitis/ip_design_wrapper/ps7_cortexa9_0/standalone_ps7_cortexa9_0/bsp/system.mss
TRACE::2026-09-30.20:35:40::SCWWriter::formatted JSON is {
	"platformName":	"ip_design_wrapper",
	"sprVersion":	"2.0",
	"mode":	"gui",
	"dsaType":	"Fixed",
	"platformDesc":	"ip_design_wrapper",
	"platHandOff":	"/home/user/Desktop/lab_4/ip_design_wrapper.xsa",
	"platIntHandOff":	"<platformDir>/hw/ip_design_wrapper.xsa",
	"deviceType":	"zynq",
	"platIsPrebuiltAutogen":	"false",
	"platIsNoBootBsp":	"false",
	"platFsblTarget":	"ps7_cortexa9_0",
	"hasFsblMakeHasChanges":	"false",
	"hasPmufwMakeHasChanges":	"false",
	"fsblExtraCompilerFlags":	"-MMD -MP       -mcpu=cortex-a9 -mfpu=vfpv3 -mfloat-abi=hard ",
	"platPreBuiltFlag":	false,
	"platformSamplesDir":	"",
	"platActiveSys":	"ip_design_wrapper",
	"systems":	[{
			"systemName":	"ip_design_wrapper",
			"systemDesc":	"ip_design_wrapper",
			"sysIsBootAutoGen":	"true",
			"systemDispName":	"ip_design_wrapper",
			"sysActiveDom":	"standalone_ps7_cortexa9_0",
			"sysDefaultDom":	"standalone_ps7_cortexa9_0",
			"domains":	[{
					"domainName":	"zynq_fsbl",
					"domainDispName":	"zynq_fsbl",
					"domainDesc":	"FSBL Application BSP - Auto Generated.",
					"processors":	"ps7_cortexa9_0",
					"os":	"standalone",
					"sdxOs":	"standalone",
					"debugEnable":	"",
					"domRuntimes":	["cpp"],
					"swRepo":	"",
					"mssOsVer":	"7.5",
					"mssFile":	"",
					"md5Digest":	"0b4110dadf6bf2cf2184a429495bcac1",
					"compatibleApp":	"zynq_fsbl",
					"domType":	"bootDomain",
					"arch":	"32-bit",
					"appSettings":	{
						"appCompilerFlags":	"",
						"appLinkerFlags":	""
					},
					"addedLibs":	["xilffs:4.5", "xilrsa:1.6"],
					"libOptions":	{
						"libsContainingOptions":	[]
					},
					"prebuiltLibs":	{
						"prebuiltIncPath":	[],
						"prebuiltLibPath":	[]
					},
					"isolation":	{
					}
				}, {
					"domainName":	"standalone_ps7_cortexa9_0",
					"domainDispName":	"standalone_ps7_cortexa9_0",
					"domainDesc":	"standalone_ps7_cortexa9_0",
					"processors":	"ps7_cortexa9_0",
					"os":	"standalone",
					"sdxOs":	"standalone",
					"qemuArgs":	"/home/software/Xilinx/Vitis/2021.1/data/emulation/platforms/zynq/sw/a9_standalone/qemu/qemu_args.txt",
					"qemuData":	"/home/software/Xilinx/Vitis/2021.1/data/emulation/platforms/zynq/sw/a9_standalone/qemu/",
					"debugEnable":	"False",
					"domRuntimes":	["cpp"],
					"swRepo":	"",
					"mssOsVer":	"7.5",
					"mssFile":	"",
					"md5Digest":	"af18c0ac05d35f30b1f9394671347902",
					"compatibleApp":	"empty_application",
					"domType":	"mssDomain",
					"arch":	"32-bit",
					"appSettings":	{
						"appCompilerFlags":	"",
						"appLinkerFlags":	""
					},
					"addedLibs":	[],
					"libOptions":	{
						"libsContainingOptions":	[]
					},
					"prebuiltLibs":	{
						"prebuiltIncPath":	[],
						"prebuiltLibPath":	[]
					},
					"isolation":	{
					}
				}]
		}]
}
LOG::2026-09-30.20:35:40::SCWPlatform::Started generating the artifacts platform ip_design_wrapper
TRACE::2026-09-30.20:35:40::SCWPlatform::Sanity checking of platform is completed
LOG::2026-09-30.20:35:40::SCWPlatform::Started generating the artifacts for system configuration ip_design_wrapper
LOG::2026-09-30.20:35:40::SCWSystem::Checking the domain zynq_fsbl
LOG::2026-09-30.20:35:40::SCWSystem::Doing application build for :  zynq_fsbl
TRACE::2026-09-30.20:35:40::SCWBDomain::Not a forced makefile updation, No changes are present. 
TRACE::2026-09-30.20:35:40::SCWDomain::Skipping the build for domain :  zynq_fsbl
LOG::2026-09-30.20:35:40::SCWSystem::Checking the domain standalone_ps7_cortexa9_0
LOG::2026-09-30.20:35:40::SCWSystem::Not a boot domain 
LOG::2026-09-30.20:35:40::SCWSystem::Started Processing the domain standalone_ps7_cortexa9_0
TRACE::2026-09-30.20:35:40::SCWDomain::Generating domain artifcats
TRACE::2026-09-30.20:35:40::SCWMssOS::Generating standalone artifcats
TRACE::2026-09-30.20:35:40::SCWMssOS::Copying the qemu file from  /home/software/Xilinx/Vitis/2021.1/data/emulation/platforms/zynq/sw/a9_standalone/qemu/qemu_args.txt To /home/user/Desktop/lab_4/Vitis/ip_design_wrapper/export/ip_design_wrapper/sw/ip_design_wrapper/qemu/
TRACE::2026-09-30.20:35:40::SCWMssOS::Copying the qemu file from  /home/software/Xilinx/Vitis/2021.1/data/emulation/platforms/zynq/sw/a9_standalone/qemu/qemu_args.txt To /home/user/Desktop/lab_4/Vitis/ip_design_wrapper/export/ip_design_wrapper/sw/ip_design_wrapper/standalone_ps7_cortexa9_0/qemu/
TRACE::2026-09-30.20:35:40::SCWMssOS:: Copying the user libraries. 
TRACE::2026-09-30.20:35:40::SCWPlatform::Trying to open the hw design at /home/user/Desktop/lab_4/Vitis/ip_design_wrapper/hw/ip_design_wrapper.xsa
TRACE::2026-09-30.20:35:40::SCWPlatform::DSA given /home/user/Desktop/lab_4/Vitis/ip_design_wrapper/hw/ip_design_wrapper.xsa
TRACE::2026-09-30.20:35:40::SCWPlatform::DSA absoulate path /home/user/Desktop/lab_4/Vitis/ip_design_wrapper/hw/ip_design_wrapper.xsa
TRACE::2026-09-30.20:35:40::SCWPlatform::DSA directory /home/user/Desktop/lab_4/Vitis/ip_design_wrapper/hw
TRACE::2026-09-30.20:35:40::SCWPlatform:: Platform Path /home/user/Desktop/lab_4/Vitis/ip_design_wrapper/hw/ip_design_wrapper.xsa
TRACE::2026-09-30.20:35:40::SCWPlatform:: Unique name xilinx:zybo::0.0
TRACE::2026-09-30.20:35:40::SCWPlatform::Trying to set the existing hwdb with name ip_design_wrapper_0
TRACE::2026-09-30.20:35:40::SCWPlatform::Opened existing hwdb ip_design_wrapper_0
TRACE::2026-09-30.20:35:40::SCWPlatform::Found the Hw Db part of the input DSA
TRACE::2026-09-30.20:35:40::SCWMssOS::Checking the sw design at  /home/user/Desktop/lab_4/Vitis/ip_design_wrapper/ps7_cortexa9_0/standalone_ps7_cortexa9_0/bsp/system.mss
TRACE::2026-09-30.20:35:40::SCWMssOS::DEBUG:  swdes dump  /home/user/Desktop/lab_4/Vitis/ip_design_wrapper/ps7_cortexa9_0/standalone_ps7_cortexa9_0/bsp/system.mss|system_0||
/home/user/Desktop/lab_4/Vitis/ip_design_wrapper/zynq_fsbl/zynq_fsbl_bsp/system.mss|system||

TRACE::2026-09-30.20:35:40::SCWMssOS::Sw design exists and opened at  /home/user/Desktop/lab_4/Vitis/ip_design_wrapper/ps7_cortexa9_0/standalone_ps7_cortexa9_0/bsp/system.mss
TRACE::2026-09-30.20:35:40::SCWMssOS::Completed writing the mss file at /home/user/Desktop/lab_4/Vitis/ip_design_wrapper/ps7_cortexa9_0/standalone_ps7_cortexa9_0/bsp
TRACE::2026-09-30.20:35:40::SCWMssOS::Mss edits present, copying mssfile into export location /home/user/Desktop/lab_4/Vitis/ip_design_wrapper/ps7_cortexa9_0/standalone_ps7_cortexa9_0/bsp/system.mss
TRACE::2026-09-30.20:35:40::SCWMssOS::bsp generated is upto date with the mss file. Skipping bsp generation.
TRACE::2026-09-30.20:35:40::SCWMssOS::BSP is already built. skipping the bsp build ... 
TRACE::2026-09-30.20:35:40::SCWDomain::Skipping the build for domain :  standalone_ps7_cortexa9_0
TRACE::2026-09-30.20:35:40::SCWMssOS::skipping the bsp build ... 
TRACE::2026-09-30.20:35:40::SCWMssOS::Copying to export directory.
TRACE::2026-09-30.20:35:40::SCWMssOS:: Checking if to create the Supporting Applications
TRACE::2026-09-30.20:35:40::SCWMssOS:: No Linux domain exists, trying to generate FSBL 
TRACE::2026-09-30.20:35:40::SCWMssOS:: Completed Standalone Artifacts creation 
LOG::2026-09-30.20:35:40::SCWSystem::Completed Processing the domain standalone_ps7_cortexa9_0
LOG::2026-09-30.20:35:40::SCWSystem::Completed Processing the sysconfig ip_design_wrapper
LOG::2026-09-30.20:35:40::SCWPlatform::Completed generating the artifacts for system configuration ip_design_wrapper
TRACE::2026-09-30.20:35:40::SCWPlatform::Started preparing the platform 
TRACE::2026-09-30.20:35:40::SCWSystem::Writing the bif file for system config ip_design_wrapper
TRACE::2026-09-30.20:35:40::SCWSystem::dir created 
TRACE::2026-09-30.20:35:40::SCWSystem::Writing the bif 
TRACE::2026-09-30.20:35:40::SCWPlatform::Started writing the spfm file 
TRACE::2026-09-30.20:35:40::SCWPlatform::Started writing the xpfm file 
TRACE::2026-09-30.20:35:40::SCWPlatform::Completed generating the platform
TRACE::2026-09-30.20:35:40::SCWMssOS::Saving the mss changes /home/user/Desktop/lab_4/Vitis/ip_design_wrapper/zynq_fsbl/zynq_fsbl_bsp/system.mss
TRACE::2026-09-30.20:35:40::SCWMssOS::Found a swdesign opened with the mssfile.
TRACE::2026-09-30.20:35:40::SCWMssOS::Completed writemss as part of save.
TRACE::2026-09-30.20:35:40::SCWMssOS::Commit changes completed.
TRACE::2026-09-30.20:35:40::SCWMssOS::Saving the mss changes /home/user/Desktop/lab_4/Vitis/ip_design_wrapper/ps7_cortexa9_0/standalone_ps7_cortexa9_0/bsp/system.mss
TRACE::2026-09-30.20:35:40::SCWMssOS::Found a swdesign opened with the mssfile.
TRACE::2026-09-30.20:35:40::SCWMssOS::Completed writemss as part of save.
TRACE::2026-09-30.20:35:40::SCWMssOS::Commit changes completed.
TRACE::2026-09-30.20:35:40::SCWPlatform::Trying to open the hw design at /home/user/Desktop/lab_4/Vitis/ip_design_wrapper/hw/ip_design_wrapper.xsa
TRACE::2026-09-30.20:35:40::SCWPlatform::DSA given /home/user/Desktop/lab_4/Vitis/ip_design_wrapper/hw/ip_design_wrapper.xsa
TRACE::2026-09-30.20:35:40::SCWPlatform::DSA absoulate path /home/user/Desktop/lab_4/Vitis/ip_design_wrapper/hw/ip_design_wrapper.xsa
TRACE::2026-09-30.20:35:40::SCWPlatform::DSA directory /home/user/Desktop/lab_4/Vitis/ip_design_wrapper/hw
TRACE::2026-09-30.20:35:40::SCWPlatform:: Platform Path /home/user/Desktop/lab_4/Vitis/ip_design_wrapper/hw/ip_design_wrapper.xsa
TRACE::2026-09-30.20:35:40::SCWPlatform:: Unique name xilinx:zybo::0.0
TRACE::2026-09-30.20:35:40::SCWPlatform::Trying to set the existing hwdb with name ip_design_wrapper_0
TRACE::2026-09-30.20:35:40::SCWPlatform::Opened existing hwdb ip_design_wrapper_0
TRACE::2026-09-30.20:35:40::SCWPlatform::Found the Hw Db part of the input DSA
TRACE::2026-09-30.20:35:40::SCWMssOS::Checking the sw design at  /home/user/Desktop/lab_4/Vitis/ip_design_wrapper/zynq_fsbl/zynq_fsbl_bsp/system.mss
TRACE::2026-09-30.20:35:40::SCWMssOS::DEBUG:  swdes dump  /home/user/Desktop/lab_4/Vitis/ip_design_wrapper/ps7_cortexa9_0/standalone_ps7_cortexa9_0/bsp/system.mss|system_0||
/home/user/Desktop/lab_4/Vitis/ip_design_wrapper/zynq_fsbl/zynq_fsbl_bsp/system.mss|system||

TRACE::2026-09-30.20:35:40::SCWMssOS::Sw design exists and opened at  /home/user/Desktop/lab_4/Vitis/ip_design_wrapper/zynq_fsbl/zynq_fsbl_bsp/system.mss
TRACE::2026-09-30.20:35:40::SCWPlatform::Trying to open the hw design at /home/user/Desktop/lab_4/Vitis/ip_design_wrapper/hw/ip_design_wrapper.xsa
TRACE::2026-09-30.20:35:40::SCWPlatform::DSA given /home/user/Desktop/lab_4/Vitis/ip_design_wrapper/hw/ip_design_wrapper.xsa
TRACE::2026-09-30.20:35:40::SCWPlatform::DSA absoulate path /home/user/Desktop/lab_4/Vitis/ip_design_wrapper/hw/ip_design_wrapper.xsa
TRACE::2026-09-30.20:35:40::SCWPlatform::DSA directory /home/user/Desktop/lab_4/Vitis/ip_design_wrapper/hw
TRACE::2026-09-30.20:35:40::SCWPlatform:: Platform Path /home/user/Desktop/lab_4/Vitis/ip_design_wrapper/hw/ip_design_wrapper.xsa
TRACE::2026-09-30.20:35:40::SCWPlatform:: Unique name xilinx:zybo::0.0
TRACE::2026-09-30.20:35:40::SCWPlatform::Trying to set the existing hwdb with name ip_design_wrapper_0
TRACE::2026-09-30.20:35:40::SCWPlatform::Opened existing hwdb ip_design_wrapper_0
TRACE::2026-09-30.20:35:40::SCWPlatform::Found the Hw Db part of the input DSA
TRACE::2026-09-30.20:35:40::SCWMssOS::Checking the sw design at  /home/user/Desktop/lab_4/Vitis/ip_design_wrapper/zynq_fsbl/zynq_fsbl_bsp/system.mss
TRACE::2026-09-30.20:35:40::SCWMssOS::DEBUG:  swdes dump  /home/user/Desktop/lab_4/Vitis/ip_design_wrapper/ps7_cortexa9_0/standalone_ps7_cortexa9_0/bsp/system.mss|system_0||
/home/user/Desktop/lab_4/Vitis/ip_design_wrapper/zynq_fsbl/zynq_fsbl_bsp/system.mss|system||

TRACE::2026-09-30.20:35:40::SCWMssOS::Sw design exists and opened at  /home/user/Desktop/lab_4/Vitis/ip_design_wrapper/zynq_fsbl/zynq_fsbl_bsp/system.mss
TRACE::2026-09-30.20:35:40::SCWPlatform::Trying to open the hw design at /home/user/Desktop/lab_4/Vitis/ip_design_wrapper/hw/ip_design_wrapper.xsa
TRACE::2026-09-30.20:35:40::SCWPlatform::DSA given /home/user/Desktop/lab_4/Vitis/ip_design_wrapper/hw/ip_design_wrapper.xsa
TRACE::2026-09-30.20:35:40::SCWPlatform::DSA absoulate path /home/user/Desktop/lab_4/Vitis/ip_design_wrapper/hw/ip_design_wrapper.xsa
TRACE::2026-09-30.20:35:40::SCWPlatform::DSA directory /home/user/Desktop/lab_4/Vitis/ip_design_wrapper/hw
TRACE::2026-09-30.20:35:40::SCWPlatform:: Platform Path /home/user/Desktop/lab_4/Vitis/ip_design_wrapper/hw/ip_design_wrapper.xsa
TRACE::2026-09-30.20:35:40::SCWPlatform:: Unique name xilinx:zybo::0.0
TRACE::2026-09-30.20:35:40::SCWPlatform::Trying to set the existing hwdb with name ip_design_wrapper_0
TRACE::2026-09-30.20:35:40::SCWPlatform::Opened existing hwdb ip_design_wrapper_0
TRACE::2026-09-30.20:35:40::SCWPlatform::Found the Hw Db part of the input DSA
TRACE::2026-09-30.20:35:40::SCWMssOS::Checking the sw design at  /home/user/Desktop/lab_4/Vitis/ip_design_wrapper/zynq_fsbl/zynq_fsbl_bsp/system.mss
TRACE::2026-09-30.20:35:40::SCWMssOS::DEBUG:  swdes dump  /home/user/Desktop/lab_4/Vitis/ip_design_wrapper/ps7_cortexa9_0/standalone_ps7_cortexa9_0/bsp/system.mss|system_0||
/home/user/Desktop/lab_4/Vitis/ip_design_wrapper/zynq_fsbl/zynq_fsbl_bsp/system.mss|system||

TRACE::2026-09-30.20:35:40::SCWMssOS::Sw design exists and opened at  /home/user/Desktop/lab_4/Vitis/ip_design_wrapper/zynq_fsbl/zynq_fsbl_bsp/system.mss
TRACE::2026-09-30.20:35:40::SCWPlatform::Trying to open the hw design at /home/user/Desktop/lab_4/Vitis/ip_design_wrapper/hw/ip_design_wrapper.xsa
TRACE::2026-09-30.20:35:40::SCWPlatform::DSA given /home/user/Desktop/lab_4/Vitis/ip_design_wrapper/hw/ip_design_wrapper.xsa
TRACE::2026-09-30.20:35:40::SCWPlatform::DSA absoulate path /home/user/Desktop/lab_4/Vitis/ip_design_wrapper/hw/ip_design_wrapper.xsa
TRACE::2026-09-30.20:35:40::SCWPlatform::DSA directory /home/user/Desktop/lab_4/Vitis/ip_design_wrapper/hw
TRACE::2026-09-30.20:35:40::SCWPlatform:: Platform Path /home/user/Desktop/lab_4/Vitis/ip_design_wrapper/hw/ip_design_wrapper.xsa
TRACE::2026-09-30.20:35:40::SCWPlatform:: Unique name xilinx:zybo::0.0
TRACE::2026-09-30.20:35:40::SCWPlatform::Trying to set the existing hwdb with name ip_design_wrapper_0
TRACE::2026-09-30.20:35:40::SCWPlatform::Opened existing hwdb ip_design_wrapper_0
TRACE::2026-09-30.20:35:40::SCWPlatform::Found the Hw Db part of the input DSA
TRACE::2026-09-30.20:35:40::SCWMssOS::Checking the sw design at  /home/user/Desktop/lab_4/Vitis/ip_design_wrapper/ps7_cortexa9_0/standalone_ps7_cortexa9_0/bsp/system.mss
TRACE::2026-09-30.20:35:40::SCWMssOS::DEBUG:  swdes dump  /home/user/Desktop/lab_4/Vitis/ip_design_wrapper/ps7_cortexa9_0/standalone_ps7_cortexa9_0/bsp/system.mss|system_0||
/home/user/Desktop/lab_4/Vitis/ip_design_wrapper/zynq_fsbl/zynq_fsbl_bsp/system.mss|system||

TRACE::2026-09-30.20:35:40::SCWMssOS::Sw design exists and opened at  /home/user/Desktop/lab_4/Vitis/ip_design_wrapper/ps7_cortexa9_0/standalone_ps7_cortexa9_0/bsp/system.mss
TRACE::2026-09-30.20:35:40::SCWPlatform::Trying to open the hw design at /home/user/Desktop/lab_4/Vitis/ip_design_wrapper/hw/ip_design_wrapper.xsa
TRACE::2026-09-30.20:35:40::SCWPlatform::DSA given /home/user/Desktop/lab_4/Vitis/ip_design_wrapper/hw/ip_design_wrapper.xsa
TRACE::2026-09-30.20:35:40::SCWPlatform::DSA absoulate path /home/user/Desktop/lab_4/Vitis/ip_design_wrapper/hw/ip_design_wrapper.xsa
TRACE::2026-09-30.20:35:40::SCWPlatform::DSA directory /home/user/Desktop/lab_4/Vitis/ip_design_wrapper/hw
TRACE::2026-09-30.20:35:40::SCWPlatform:: Platform Path /home/user/Desktop/lab_4/Vitis/ip_design_wrapper/hw/ip_design_wrapper.xsa
TRACE::2026-09-30.20:35:40::SCWPlatform:: Unique name xilinx:zybo::0.0
TRACE::2026-09-30.20:35:40::SCWPlatform::Trying to set the existing hwdb with name ip_design_wrapper_0
TRACE::2026-09-30.20:35:40::SCWPlatform::Opened existing hwdb ip_design_wrapper_0
TRACE::2026-09-30.20:35:40::SCWPlatform::Found the Hw Db part of the input DSA
TRACE::2026-09-30.20:35:40::SCWMssOS::Checking the sw design at  /home/user/Desktop/lab_4/Vitis/ip_design_wrapper/ps7_cortexa9_0/standalone_ps7_cortexa9_0/bsp/system.mss
TRACE::2026-09-30.20:35:40::SCWMssOS::DEBUG:  swdes dump  /home/user/Desktop/lab_4/Vitis/ip_design_wrapper/ps7_cortexa9_0/standalone_ps7_cortexa9_0/bsp/system.mss|system_0||
/home/user/Desktop/lab_4/Vitis/ip_design_wrapper/zynq_fsbl/zynq_fsbl_bsp/system.mss|system||

TRACE::2026-09-30.20:35:40::SCWMssOS::Sw design exists and opened at  /home/user/Desktop/lab_4/Vitis/ip_design_wrapper/ps7_cortexa9_0/standalone_ps7_cortexa9_0/bsp/system.mss
TRACE::2026-09-30.20:35:40::SCWPlatform::Trying to open the hw design at /home/user/Desktop/lab_4/Vitis/ip_design_wrapper/hw/ip_design_wrapper.xsa
TRACE::2026-09-30.20:35:40::SCWPlatform::DSA given /home/user/Desktop/lab_4/Vitis/ip_design_wrapper/hw/ip_design_wrapper.xsa
TRACE::2026-09-30.20:35:40::SCWPlatform::DSA absoulate path /home/user/Desktop/lab_4/Vitis/ip_design_wrapper/hw/ip_design_wrapper.xsa
TRACE::2026-09-30.20:35:40::SCWPlatform::DSA directory /home/user/Desktop/lab_4/Vitis/ip_design_wrapper/hw
TRACE::2026-09-30.20:35:40::SCWPlatform:: Platform Path /home/user/Desktop/lab_4/Vitis/ip_design_wrapper/hw/ip_design_wrapper.xsa
TRACE::2026-09-30.20:35:40::SCWPlatform:: Unique name xilinx:zybo::0.0
TRACE::2026-09-30.20:35:40::SCWPlatform::Trying to set the existing hwdb with name ip_design_wrapper_0
TRACE::2026-09-30.20:35:40::SCWPlatform::Opened existing hwdb ip_design_wrapper_0
TRACE::2026-09-30.20:35:40::SCWPlatform::Found the Hw Db part of the input DSA
TRACE::2026-09-30.20:35:40::SCWMssOS::Checking the sw design at  /home/user/Desktop/lab_4/Vitis/ip_design_wrapper/ps7_cortexa9_0/standalone_ps7_cortexa9_0/bsp/system.mss
TRACE::2026-09-30.20:35:40::SCWMssOS::DEBUG:  swdes dump  /home/user/Desktop/lab_4/Vitis/ip_design_wrapper/ps7_cortexa9_0/standalone_ps7_cortexa9_0/bsp/system.mss|system_0||
/home/user/Desktop/lab_4/Vitis/ip_design_wrapper/zynq_fsbl/zynq_fsbl_bsp/system.mss|system||

TRACE::2026-09-30.20:35:40::SCWMssOS::Sw design exists and opened at  /home/user/Desktop/lab_4/Vitis/ip_design_wrapper/ps7_cortexa9_0/standalone_ps7_cortexa9_0/bsp/system.mss
TRACE::2026-09-30.20:35:40::SCWWriter::formatted JSON is {
	"platformName":	"ip_design_wrapper",
	"sprVersion":	"2.0",
	"mode":	"gui",
	"dsaType":	"Fixed",
	"platformDesc":	"ip_design_wrapper",
	"platHandOff":	"/home/user/Desktop/lab_4/ip_design_wrapper.xsa",
	"platIntHandOff":	"<platformDir>/hw/ip_design_wrapper.xsa",
	"deviceType":	"zynq",
	"platIsPrebuiltAutogen":	"false",
	"platIsNoBootBsp":	"false",
	"platFsblTarget":	"ps7_cortexa9_0",
	"hasFsblMakeHasChanges":	"false",
	"hasPmufwMakeHasChanges":	"false",
	"fsblExtraCompilerFlags":	"-MMD -MP       -mcpu=cortex-a9 -mfpu=vfpv3 -mfloat-abi=hard ",
	"platPreBuiltFlag":	false,
	"platformSamplesDir":	"",
	"platActiveSys":	"ip_design_wrapper",
	"systems":	[{
			"systemName":	"ip_design_wrapper",
			"systemDesc":	"ip_design_wrapper",
			"sysIsBootAutoGen":	"true",
			"systemDispName":	"ip_design_wrapper",
			"sysActiveDom":	"standalone_ps7_cortexa9_0",
			"sysDefaultDom":	"standalone_ps7_cortexa9_0",
			"domains":	[{
					"domainName":	"zynq_fsbl",
					"domainDispName":	"zynq_fsbl",
					"domainDesc":	"FSBL Application BSP - Auto Generated.",
					"processors":	"ps7_cortexa9_0",
					"os":	"standalone",
					"sdxOs":	"standalone",
					"debugEnable":	"",
					"domRuntimes":	["cpp"],
					"swRepo":	"",
					"mssOsVer":	"7.5",
					"mssFile":	"",
					"md5Digest":	"0b4110dadf6bf2cf2184a429495bcac1",
					"compatibleApp":	"zynq_fsbl",
					"domType":	"bootDomain",
					"arch":	"32-bit",
					"appSettings":	{
						"appCompilerFlags":	"",
						"appLinkerFlags":	""
					},
					"addedLibs":	["xilffs:4.5", "xilrsa:1.6"],
					"libOptions":	{
						"libsContainingOptions":	[]
					},
					"prebuiltLibs":	{
						"prebuiltIncPath":	[],
						"prebuiltLibPath":	[]
					},
					"isolation":	{
					}
				}, {
					"domainName":	"standalone_ps7_cortexa9_0",
					"domainDispName":	"standalone_ps7_cortexa9_0",
					"domainDesc":	"standalone_ps7_cortexa9_0",
					"processors":	"ps7_cortexa9_0",
					"os":	"standalone",
					"sdxOs":	"standalone",
					"qemuArgs":	"/home/software/Xilinx/Vitis/2021.1/data/emulation/platforms/zynq/sw/a9_standalone/qemu/qemu_args.txt",
					"qemuData":	"/home/software/Xilinx/Vitis/2021.1/data/emulation/platforms/zynq/sw/a9_standalone/qemu/",
					"debugEnable":	"False",
					"domRuntimes":	["cpp"],
					"swRepo":	"",
					"mssOsVer":	"7.5",
					"mssFile":	"",
					"md5Digest":	"af18c0ac05d35f30b1f9394671347902",
					"compatibleApp":	"empty_application",
					"domType":	"mssDomain",
					"arch":	"32-bit",
					"appSettings":	{
						"appCompilerFlags":	"",
						"appLinkerFlags":	""
					},
					"addedLibs":	[],
					"libOptions":	{
						"libsContainingOptions":	[]
					},
					"prebuiltLibs":	{
						"prebuiltIncPath":	[],
						"prebuiltLibPath":	[]
					},
					"isolation":	{
					}
				}]
		}]
}
KEYINFO::2026-09-30.20:35:40::SCWPlatform::updated the xpfm file.
TRACE::2026-09-30.20:35:40::SCWPlatform::Trying to open the hw design at /home/user/Desktop/lab_4/Vitis/ip_design_wrapper/hw/ip_design_wrapper.xsa
TRACE::2026-09-30.20:35:40::SCWPlatform::DSA given /home/user/Desktop/lab_4/Vitis/ip_design_wrapper/hw/ip_design_wrapper.xsa
TRACE::2026-09-30.20:35:40::SCWPlatform::DSA absoulate path /home/user/Desktop/lab_4/Vitis/ip_design_wrapper/hw/ip_design_wrapper.xsa
TRACE::2026-09-30.20:35:40::SCWPlatform::DSA directory /home/user/Desktop/lab_4/Vitis/ip_design_wrapper/hw
TRACE::2026-09-30.20:35:40::SCWPlatform:: Platform Path /home/user/Desktop/lab_4/Vitis/ip_design_wrapper/hw/ip_design_wrapper.xsa
TRACE::2026-09-30.20:35:40::SCWPlatform:: Unique name xilinx:zybo::0.0
TRACE::2026-09-30.20:35:40::SCWPlatform::Trying to set the existing hwdb with name ip_design_wrapper_0
TRACE::2026-09-30.20:35:40::SCWPlatform::Opened existing hwdb ip_design_wrapper_0
TRACE::2026-09-30.20:35:40::SCWPlatform::Found the Hw Db part of the input DSA
TRACE::2026-09-30.20:35:40::SCWMssOS::Checking the sw design at  /home/user/Desktop/lab_4/Vitis/ip_design_wrapper/ps7_cortexa9_0/standalone_ps7_cortexa9_0/bsp/system.mss
TRACE::2026-09-30.20:35:40::SCWMssOS::DEBUG:  swdes dump  /home/user/Desktop/lab_4/Vitis/ip_design_wrapper/ps7_cortexa9_0/standalone_ps7_cortexa9_0/bsp/system.mss|system_0||
/home/user/Desktop/lab_4/Vitis/ip_design_wrapper/zynq_fsbl/zynq_fsbl_bsp/system.mss|system||

TRACE::2026-09-30.20:35:40::SCWMssOS::Sw design exists and opened at  /home/user/Desktop/lab_4/Vitis/ip_design_wrapper/ps7_cortexa9_0/standalone_ps7_cortexa9_0/bsp/system.mss
TRACE::2026-09-30.20:35:40::SCWMssOS::Saving the mss changes /home/user/Desktop/lab_4/Vitis/ip_design_wrapper/zynq_fsbl/zynq_fsbl_bsp/system.mss
TRACE::2026-09-30.20:35:40::SCWMssOS::Found a swdesign opened with the mssfile.
TRACE::2026-09-30.20:35:40::SCWMssOS::Completed writemss as part of save.
TRACE::2026-09-30.20:35:40::SCWMssOS::Commit changes completed.
TRACE::2026-09-30.20:35:40::SCWMssOS::Saving the mss changes /home/user/Desktop/lab_4/Vitis/ip_design_wrapper/ps7_cortexa9_0/standalone_ps7_cortexa9_0/bsp/system.mss
TRACE::2026-09-30.20:35:40::SCWMssOS::Found a swdesign opened with the mssfile.
TRACE::2026-09-30.20:35:40::SCWMssOS::Completed writemss as part of save.
TRACE::2026-09-30.20:35:40::SCWMssOS::Commit changes completed.
TRACE::2026-09-30.20:35:40::SCWPlatform::Trying to open the hw design at /home/user/Desktop/lab_4/Vitis/ip_design_wrapper/hw/ip_design_wrapper.xsa
TRACE::2026-09-30.20:35:40::SCWPlatform::DSA given /home/user/Desktop/lab_4/Vitis/ip_design_wrapper/hw/ip_design_wrapper.xsa
TRACE::2026-09-30.20:35:40::SCWPlatform::DSA absoulate path /home/user/Desktop/lab_4/Vitis/ip_design_wrapper/hw/ip_design_wrapper.xsa
TRACE::2026-09-30.20:35:40::SCWPlatform::DSA directory /home/user/Desktop/lab_4/Vitis/ip_design_wrapper/hw
TRACE::2026-09-30.20:35:40::SCWPlatform:: Platform Path /home/user/Desktop/lab_4/Vitis/ip_design_wrapper/hw/ip_design_wrapper.xsa
TRACE::2026-09-30.20:35:40::SCWPlatform:: Unique name xilinx:zybo::0.0
TRACE::2026-09-30.20:35:40::SCWPlatform::Trying to set the existing hwdb with name ip_design_wrapper_0
TRACE::2026-09-30.20:35:40::SCWPlatform::Opened existing hwdb ip_design_wrapper_0
TRACE::2026-09-30.20:35:40::SCWPlatform::Found the Hw Db part of the input DSA
TRACE::2026-09-30.20:35:40::SCWMssOS::Checking the sw design at  /home/user/Desktop/lab_4/Vitis/ip_design_wrapper/zynq_fsbl/zynq_fsbl_bsp/system.mss
TRACE::2026-09-30.20:35:40::SCWMssOS::DEBUG:  swdes dump  /home/user/Desktop/lab_4/Vitis/ip_design_wrapper/ps7_cortexa9_0/standalone_ps7_cortexa9_0/bsp/system.mss|system_0||
/home/user/Desktop/lab_4/Vitis/ip_design_wrapper/zynq_fsbl/zynq_fsbl_bsp/system.mss|system||

TRACE::2026-09-30.20:35:40::SCWMssOS::Sw design exists and opened at  /home/user/Desktop/lab_4/Vitis/ip_design_wrapper/zynq_fsbl/zynq_fsbl_bsp/system.mss
TRACE::2026-09-30.20:35:40::SCWPlatform::Trying to open the hw design at /home/user/Desktop/lab_4/Vitis/ip_design_wrapper/hw/ip_design_wrapper.xsa
TRACE::2026-09-30.20:35:40::SCWPlatform::DSA given /home/user/Desktop/lab_4/Vitis/ip_design_wrapper/hw/ip_design_wrapper.xsa
TRACE::2026-09-30.20:35:40::SCWPlatform::DSA absoulate path /home/user/Desktop/lab_4/Vitis/ip_design_wrapper/hw/ip_design_wrapper.xsa
TRACE::2026-09-30.20:35:40::SCWPlatform::DSA directory /home/user/Desktop/lab_4/Vitis/ip_design_wrapper/hw
TRACE::2026-09-30.20:35:40::SCWPlatform:: Platform Path /home/user/Desktop/lab_4/Vitis/ip_design_wrapper/hw/ip_design_wrapper.xsa
TRACE::2026-09-30.20:35:40::SCWPlatform:: Unique name xilinx:zybo::0.0
TRACE::2026-09-30.20:35:40::SCWPlatform::Trying to set the existing hwdb with name ip_design_wrapper_0
TRACE::2026-09-30.20:35:40::SCWPlatform::Opened existing hwdb ip_design_wrapper_0
TRACE::2026-09-30.20:35:40::SCWPlatform::Found the Hw Db part of the input DSA
TRACE::2026-09-30.20:35:40::SCWMssOS::Checking the sw design at  /home/user/Desktop/lab_4/Vitis/ip_design_wrapper/zynq_fsbl/zynq_fsbl_bsp/system.mss
TRACE::2026-09-30.20:35:40::SCWMssOS::DEBUG:  swdes dump  /home/user/Desktop/lab_4/Vitis/ip_design_wrapper/ps7_cortexa9_0/standalone_ps7_cortexa9_0/bsp/system.mss|system_0||
/home/user/Desktop/lab_4/Vitis/ip_design_wrapper/zynq_fsbl/zynq_fsbl_bsp/system.mss|system||

TRACE::2026-09-30.20:35:40::SCWMssOS::Sw design exists and opened at  /home/user/Desktop/lab_4/Vitis/ip_design_wrapper/zynq_fsbl/zynq_fsbl_bsp/system.mss
TRACE::2026-09-30.20:35:40::SCWPlatform::Trying to open the hw design at /home/user/Desktop/lab_4/Vitis/ip_design_wrapper/hw/ip_design_wrapper.xsa
TRACE::2026-09-30.20:35:40::SCWPlatform::DSA given /home/user/Desktop/lab_4/Vitis/ip_design_wrapper/hw/ip_design_wrapper.xsa
TRACE::2026-09-30.20:35:40::SCWPlatform::DSA absoulate path /home/user/Desktop/lab_4/Vitis/ip_design_wrapper/hw/ip_design_wrapper.xsa
TRACE::2026-09-30.20:35:40::SCWPlatform::DSA directory /home/user/Desktop/lab_4/Vitis/ip_design_wrapper/hw
TRACE::2026-09-30.20:35:40::SCWPlatform:: Platform Path /home/user/Desktop/lab_4/Vitis/ip_design_wrapper/hw/ip_design_wrapper.xsa
TRACE::2026-09-30.20:35:40::SCWPlatform:: Unique name xilinx:zybo::0.0
TRACE::2026-09-30.20:35:40::SCWPlatform::Trying to set the existing hwdb with name ip_design_wrapper_0
TRACE::2026-09-30.20:35:40::SCWPlatform::Opened existing hwdb ip_design_wrapper_0
TRACE::2026-09-30.20:35:40::SCWPlatform::Found the Hw Db part of the input DSA
TRACE::2026-09-30.20:35:40::SCWMssOS::Checking the sw design at  /home/user/Desktop/lab_4/Vitis/ip_design_wrapper/zynq_fsbl/zynq_fsbl_bsp/system.mss
TRACE::2026-09-30.20:35:40::SCWMssOS::DEBUG:  swdes dump  /home/user/Desktop/lab_4/Vitis/ip_design_wrapper/ps7_cortexa9_0/standalone_ps7_cortexa9_0/bsp/system.mss|system_0||
/home/user/Desktop/lab_4/Vitis/ip_design_wrapper/zynq_fsbl/zynq_fsbl_bsp/system.mss|system||

TRACE::2026-09-30.20:35:40::SCWMssOS::Sw design exists and opened at  /home/user/Desktop/lab_4/Vitis/ip_design_wrapper/zynq_fsbl/zynq_fsbl_bsp/system.mss
TRACE::2026-09-30.20:35:40::SCWPlatform::Trying to open the hw design at /home/user/Desktop/lab_4/Vitis/ip_design_wrapper/hw/ip_design_wrapper.xsa
TRACE::2026-09-30.20:35:40::SCWPlatform::DSA given /home/user/Desktop/lab_4/Vitis/ip_design_wrapper/hw/ip_design_wrapper.xsa
TRACE::2026-09-30.20:35:40::SCWPlatform::DSA absoulate path /home/user/Desktop/lab_4/Vitis/ip_design_wrapper/hw/ip_design_wrapper.xsa
TRACE::2026-09-30.20:35:40::SCWPlatform::DSA directory /home/user/Desktop/lab_4/Vitis/ip_design_wrapper/hw
TRACE::2026-09-30.20:35:40::SCWPlatform:: Platform Path /home/user/Desktop/lab_4/Vitis/ip_design_wrapper/hw/ip_design_wrapper.xsa
TRACE::2026-09-30.20:35:40::SCWPlatform:: Unique name xilinx:zybo::0.0
TRACE::2026-09-30.20:35:40::SCWPlatform::Trying to set the existing hwdb with name ip_design_wrapper_0
TRACE::2026-09-30.20:35:40::SCWPlatform::Opened existing hwdb ip_design_wrapper_0
TRACE::2026-09-30.20:35:40::SCWPlatform::Found the Hw Db part of the input DSA
TRACE::2026-09-30.20:35:40::SCWMssOS::Checking the sw design at  /home/user/Desktop/lab_4/Vitis/ip_design_wrapper/ps7_cortexa9_0/standalone_ps7_cortexa9_0/bsp/system.mss
TRACE::2026-09-30.20:35:40::SCWMssOS::DEBUG:  swdes dump  /home/user/Desktop/lab_4/Vitis/ip_design_wrapper/ps7_cortexa9_0/standalone_ps7_cortexa9_0/bsp/system.mss|system_0||
/home/user/Desktop/lab_4/Vitis/ip_design_wrapper/zynq_fsbl/zynq_fsbl_bsp/system.mss|system||

TRACE::2026-09-30.20:35:40::SCWMssOS::Sw design exists and opened at  /home/user/Desktop/lab_4/Vitis/ip_design_wrapper/ps7_cortexa9_0/standalone_ps7_cortexa9_0/bsp/system.mss
TRACE::2026-09-30.20:35:40::SCWPlatform::Trying to open the hw design at /home/user/Desktop/lab_4/Vitis/ip_design_wrapper/hw/ip_design_wrapper.xsa
TRACE::2026-09-30.20:35:40::SCWPlatform::DSA given /home/user/Desktop/lab_4/Vitis/ip_design_wrapper/hw/ip_design_wrapper.xsa
TRACE::2026-09-30.20:35:40::SCWPlatform::DSA absoulate path /home/user/Desktop/lab_4/Vitis/ip_design_wrapper/hw/ip_design_wrapper.xsa
TRACE::2026-09-30.20:35:40::SCWPlatform::DSA directory /home/user/Desktop/lab_4/Vitis/ip_design_wrapper/hw
TRACE::2026-09-30.20:35:40::SCWPlatform:: Platform Path /home/user/Desktop/lab_4/Vitis/ip_design_wrapper/hw/ip_design_wrapper.xsa
TRACE::2026-09-30.20:35:40::SCWPlatform:: Unique name xilinx:zybo::0.0
TRACE::2026-09-30.20:35:40::SCWPlatform::Trying to set the existing hwdb with name ip_design_wrapper_0
TRACE::2026-09-30.20:35:40::SCWPlatform::Opened existing hwdb ip_design_wrapper_0
TRACE::2026-09-30.20:35:40::SCWPlatform::Found the Hw Db part of the input DSA
TRACE::2026-09-30.20:35:40::SCWMssOS::Checking the sw design at  /home/user/Desktop/lab_4/Vitis/ip_design_wrapper/ps7_cortexa9_0/standalone_ps7_cortexa9_0/bsp/system.mss
TRACE::2026-09-30.20:35:40::SCWMssOS::DEBUG:  swdes dump  /home/user/Desktop/lab_4/Vitis/ip_design_wrapper/ps7_cortexa9_0/standalone_ps7_cortexa9_0/bsp/system.mss|system_0||
/home/user/Desktop/lab_4/Vitis/ip_design_wrapper/zynq_fsbl/zynq_fsbl_bsp/system.mss|system||

TRACE::2026-09-30.20:35:40::SCWMssOS::Sw design exists and opened at  /home/user/Desktop/lab_4/Vitis/ip_design_wrapper/ps7_cortexa9_0/standalone_ps7_cortexa9_0/bsp/system.mss
TRACE::2026-09-30.20:35:40::SCWPlatform::Trying to open the hw design at /home/user/Desktop/lab_4/Vitis/ip_design_wrapper/hw/ip_design_wrapper.xsa
TRACE::2026-09-30.20:35:40::SCWPlatform::DSA given /home/user/Desktop/lab_4/Vitis/ip_design_wrapper/hw/ip_design_wrapper.xsa
TRACE::2026-09-30.20:35:40::SCWPlatform::DSA absoulate path /home/user/Desktop/lab_4/Vitis/ip_design_wrapper/hw/ip_design_wrapper.xsa
TRACE::2026-09-30.20:35:40::SCWPlatform::DSA directory /home/user/Desktop/lab_4/Vitis/ip_design_wrapper/hw
TRACE::2026-09-30.20:35:40::SCWPlatform:: Platform Path /home/user/Desktop/lab_4/Vitis/ip_design_wrapper/hw/ip_design_wrapper.xsa
TRACE::2026-09-30.20:35:40::SCWPlatform:: Unique name xilinx:zybo::0.0
TRACE::2026-09-30.20:35:40::SCWPlatform::Trying to set the existing hwdb with name ip_design_wrapper_0
TRACE::2026-09-30.20:35:40::SCWPlatform::Opened existing hwdb ip_design_wrapper_0
TRACE::2026-09-30.20:35:40::SCWPlatform::Found the Hw Db part of the input DSA
TRACE::2026-09-30.20:35:40::SCWMssOS::Checking the sw design at  /home/user/Desktop/lab_4/Vitis/ip_design_wrapper/ps7_cortexa9_0/standalone_ps7_cortexa9_0/bsp/system.mss
TRACE::2026-09-30.20:35:40::SCWMssOS::DEBUG:  swdes dump  /home/user/Desktop/lab_4/Vitis/ip_design_wrapper/ps7_cortexa9_0/standalone_ps7_cortexa9_0/bsp/system.mss|system_0||
/home/user/Desktop/lab_4/Vitis/ip_design_wrapper/zynq_fsbl/zynq_fsbl_bsp/system.mss|system||

TRACE::2026-09-30.20:35:40::SCWMssOS::Sw design exists and opened at  /home/user/Desktop/lab_4/Vitis/ip_design_wrapper/ps7_cortexa9_0/standalone_ps7_cortexa9_0/bsp/system.mss
TRACE::2026-09-30.20:35:40::SCWWriter::formatted JSON is {
	"platformName":	"ip_design_wrapper",
	"sprVersion":	"2.0",
	"mode":	"gui",
	"dsaType":	"Fixed",
	"platformDesc":	"ip_design_wrapper",
	"platHandOff":	"/home/user/Desktop/lab_4/ip_design_wrapper.xsa",
	"platIntHandOff":	"<platformDir>/hw/ip_design_wrapper.xsa",
	"deviceType":	"zynq",
	"platIsPrebuiltAutogen":	"false",
	"platIsNoBootBsp":	"false",
	"platFsblTarget":	"ps7_cortexa9_0",
	"hasFsblMakeHasChanges":	"false",
	"hasPmufwMakeHasChanges":	"false",
	"fsblExtraCompilerFlags":	"-MMD -MP       -mcpu=cortex-a9 -mfpu=vfpv3 -mfloat-abi=hard ",
	"platPreBuiltFlag":	false,
	"platformSamplesDir":	"",
	"platActiveSys":	"ip_design_wrapper",
	"systems":	[{
			"systemName":	"ip_design_wrapper",
			"systemDesc":	"ip_design_wrapper",
			"sysIsBootAutoGen":	"true",
			"systemDispName":	"ip_design_wrapper",
			"sysActiveDom":	"standalone_ps7_cortexa9_0",
			"sysDefaultDom":	"standalone_ps7_cortexa9_0",
			"domains":	[{
					"domainName":	"zynq_fsbl",
					"domainDispName":	"zynq_fsbl",
					"domainDesc":	"FSBL Application BSP - Auto Generated.",
					"processors":	"ps7_cortexa9_0",
					"os":	"standalone",
					"sdxOs":	"standalone",
					"debugEnable":	"",
					"domRuntimes":	["cpp"],
					"swRepo":	"",
					"mssOsVer":	"7.5",
					"mssFile":	"",
					"md5Digest":	"0b4110dadf6bf2cf2184a429495bcac1",
					"compatibleApp":	"zynq_fsbl",
					"domType":	"bootDomain",
					"arch":	"32-bit",
					"appSettings":	{
						"appCompilerFlags":	"",
						"appLinkerFlags":	""
					},
					"addedLibs":	["xilffs:4.5", "xilrsa:1.6"],
					"libOptions":	{
						"libsContainingOptions":	[]
					},
					"prebuiltLibs":	{
						"prebuiltIncPath":	[],
						"prebuiltLibPath":	[]
					},
					"isolation":	{
					}
				}, {
					"domainName":	"standalone_ps7_cortexa9_0",
					"domainDispName":	"standalone_ps7_cortexa9_0",
					"domainDesc":	"standalone_ps7_cortexa9_0",
					"processors":	"ps7_cortexa9_0",
					"os":	"standalone",
					"sdxOs":	"standalone",
					"qemuArgs":	"/home/software/Xilinx/Vitis/2021.1/data/emulation/platforms/zynq/sw/a9_standalone/qemu/qemu_args.txt",
					"qemuData":	"/home/software/Xilinx/Vitis/2021.1/data/emulation/platforms/zynq/sw/a9_standalone/qemu/",
					"debugEnable":	"False",
					"domRuntimes":	["cpp"],
					"swRepo":	"",
					"mssOsVer":	"7.5",
					"mssFile":	"",
					"md5Digest":	"af18c0ac05d35f30b1f9394671347902",
					"compatibleApp":	"empty_application",
					"domType":	"mssDomain",
					"arch":	"32-bit",
					"appSettings":	{
						"appCompilerFlags":	"",
						"appLinkerFlags":	""
					},
					"addedLibs":	[],
					"libOptions":	{
						"libsContainingOptions":	[]
					},
					"prebuiltLibs":	{
						"prebuiltIncPath":	[],
						"prebuiltLibPath":	[]
					},
					"isolation":	{
					}
				}]
		}]
}
TRACE::2026-09-30.20:35:40::SCWPlatform::Trying to open the hw design at /home/user/Desktop/lab_4/Vitis/ip_design_wrapper/hw/ip_design_wrapper.xsa
TRACE::2026-09-30.20:35:40::SCWPlatform::DSA given /home/user/Desktop/lab_4/Vitis/ip_design_wrapper/hw/ip_design_wrapper.xsa
TRACE::2026-09-30.20:35:40::SCWPlatform::DSA absoulate path /home/user/Desktop/lab_4/Vitis/ip_design_wrapper/hw/ip_design_wrapper.xsa
TRACE::2026-09-30.20:35:40::SCWPlatform::DSA directory /home/user/Desktop/lab_4/Vitis/ip_design_wrapper/hw
TRACE::2026-09-30.20:35:40::SCWPlatform:: Platform Path /home/user/Desktop/lab_4/Vitis/ip_design_wrapper/hw/ip_design_wrapper.xsa
TRACE::2026-09-30.20:35:40::SCWPlatform:: Unique name xilinx:zybo::0.0
TRACE::2026-09-30.20:35:40::SCWPlatform::Trying to set the existing hwdb with name ip_design_wrapper_0
TRACE::2026-09-30.20:35:40::SCWPlatform::Opened existing hwdb ip_design_wrapper_0
TRACE::2026-09-30.20:35:40::SCWPlatform::Found the Hw Db part of the input DSA
TRACE::2026-09-30.20:35:40::SCWMssOS::Checking the sw design at  /home/user/Desktop/lab_4/Vitis/ip_design_wrapper/ps7_cortexa9_0/standalone_ps7_cortexa9_0/bsp/system.mss
TRACE::2026-09-30.20:35:40::SCWMssOS::DEBUG:  swdes dump  /home/user/Desktop/lab_4/Vitis/ip_design_wrapper/ps7_cortexa9_0/standalone_ps7_cortexa9_0/bsp/system.mss|system_0||
/home/user/Desktop/lab_4/Vitis/ip_design_wrapper/zynq_fsbl/zynq_fsbl_bsp/system.mss|system||

TRACE::2026-09-30.20:35:40::SCWMssOS::Sw design exists and opened at  /home/user/Desktop/lab_4/Vitis/ip_design_wrapper/ps7_cortexa9_0/standalone_ps7_cortexa9_0/bsp/system.mss
TRACE::2026-09-30.20:35:40::SCWPlatform::Trying to open the hw design at /home/user/Desktop/lab_4/Vitis/ip_design_wrapper/hw/ip_design_wrapper.xsa
TRACE::2026-09-30.20:35:40::SCWPlatform::DSA given /home/user/Desktop/lab_4/Vitis/ip_design_wrapper/hw/ip_design_wrapper.xsa
TRACE::2026-09-30.20:35:40::SCWPlatform::DSA absoulate path /home/user/Desktop/lab_4/Vitis/ip_design_wrapper/hw/ip_design_wrapper.xsa
TRACE::2026-09-30.20:35:40::SCWPlatform::DSA directory /home/user/Desktop/lab_4/Vitis/ip_design_wrapper/hw
TRACE::2026-09-30.20:35:40::SCWPlatform:: Platform Path /home/user/Desktop/lab_4/Vitis/ip_design_wrapper/hw/ip_design_wrapper.xsa
TRACE::2026-09-30.20:35:40::SCWPlatform:: Unique name xilinx:zybo::0.0
TRACE::2026-09-30.20:35:40::SCWPlatform::Trying to set the existing hwdb with name ip_design_wrapper_0
TRACE::2026-09-30.20:35:40::SCWPlatform::Opened existing hwdb ip_design_wrapper_0
TRACE::2026-09-30.20:35:40::SCWPlatform::Found the Hw Db part of the input DSA
TRACE::2026-09-30.20:35:40::SCWMssOS::Checking the sw design at  /home/user/Desktop/lab_4/Vitis/ip_design_wrapper/ps7_cortexa9_0/standalone_ps7_cortexa9_0/bsp/system.mss
TRACE::2026-09-30.20:35:40::SCWMssOS::DEBUG:  swdes dump  /home/user/Desktop/lab_4/Vitis/ip_design_wrapper/ps7_cortexa9_0/standalone_ps7_cortexa9_0/bsp/system.mss|system_0||
/home/user/Desktop/lab_4/Vitis/ip_design_wrapper/zynq_fsbl/zynq_fsbl_bsp/system.mss|system||

TRACE::2026-09-30.20:35:40::SCWMssOS::Sw design exists and opened at  /home/user/Desktop/lab_4/Vitis/ip_design_wrapper/ps7_cortexa9_0/standalone_ps7_cortexa9_0/bsp/system.mss
TRACE::2026-09-30.20:35:40::SCWMssOS::Saving the mss changes /home/user/Desktop/lab_4/Vitis/ip_design_wrapper/zynq_fsbl/zynq_fsbl_bsp/system.mss
TRACE::2026-09-30.20:35:40::SCWMssOS::Found a swdesign opened with the mssfile.
TRACE::2026-09-30.20:35:40::SCWMssOS::Completed writemss as part of save.
TRACE::2026-09-30.20:35:40::SCWMssOS::Commit changes completed.
TRACE::2026-09-30.20:35:40::SCWMssOS::Saving the mss changes /home/user/Desktop/lab_4/Vitis/ip_design_wrapper/ps7_cortexa9_0/standalone_ps7_cortexa9_0/bsp/system.mss
TRACE::2026-09-30.20:35:40::SCWMssOS::Found a swdesign opened with the mssfile.
TRACE::2026-09-30.20:35:40::SCWMssOS::Completed writemss as part of save.
TRACE::2026-09-30.20:35:40::SCWMssOS::Commit changes completed.
TRACE::2026-09-30.20:35:40::SCWPlatform::Trying to open the hw design at /home/user/Desktop/lab_4/Vitis/ip_design_wrapper/hw/ip_design_wrapper.xsa
TRACE::2026-09-30.20:35:40::SCWPlatform::DSA given /home/user/Desktop/lab_4/Vitis/ip_design_wrapper/hw/ip_design_wrapper.xsa
TRACE::2026-09-30.20:35:40::SCWPlatform::DSA absoulate path /home/user/Desktop/lab_4/Vitis/ip_design_wrapper/hw/ip_design_wrapper.xsa
TRACE::2026-09-30.20:35:40::SCWPlatform::DSA directory /home/user/Desktop/lab_4/Vitis/ip_design_wrapper/hw
TRACE::2026-09-30.20:35:40::SCWPlatform:: Platform Path /home/user/Desktop/lab_4/Vitis/ip_design_wrapper/hw/ip_design_wrapper.xsa
TRACE::2026-09-30.20:35:40::SCWPlatform:: Unique name xilinx:zybo::0.0
TRACE::2026-09-30.20:35:40::SCWPlatform::Trying to set the existing hwdb with name ip_design_wrapper_0
TRACE::2026-09-30.20:35:40::SCWPlatform::Opened existing hwdb ip_design_wrapper_0
TRACE::2026-09-30.20:35:40::SCWPlatform::Found the Hw Db part of the input DSA
TRACE::2026-09-30.20:35:40::SCWMssOS::Checking the sw design at  /home/user/Desktop/lab_4/Vitis/ip_design_wrapper/zynq_fsbl/zynq_fsbl_bsp/system.mss
TRACE::2026-09-30.20:35:40::SCWMssOS::DEBUG:  swdes dump  /home/user/Desktop/lab_4/Vitis/ip_design_wrapper/ps7_cortexa9_0/standalone_ps7_cortexa9_0/bsp/system.mss|system_0||
/home/user/Desktop/lab_4/Vitis/ip_design_wrapper/zynq_fsbl/zynq_fsbl_bsp/system.mss|system||

TRACE::2026-09-30.20:35:40::SCWMssOS::Sw design exists and opened at  /home/user/Desktop/lab_4/Vitis/ip_design_wrapper/zynq_fsbl/zynq_fsbl_bsp/system.mss
TRACE::2026-09-30.20:35:40::SCWPlatform::Trying to open the hw design at /home/user/Desktop/lab_4/Vitis/ip_design_wrapper/hw/ip_design_wrapper.xsa
TRACE::2026-09-30.20:35:40::SCWPlatform::DSA given /home/user/Desktop/lab_4/Vitis/ip_design_wrapper/hw/ip_design_wrapper.xsa
TRACE::2026-09-30.20:35:40::SCWPlatform::DSA absoulate path /home/user/Desktop/lab_4/Vitis/ip_design_wrapper/hw/ip_design_wrapper.xsa
TRACE::2026-09-30.20:35:40::SCWPlatform::DSA directory /home/user/Desktop/lab_4/Vitis/ip_design_wrapper/hw
TRACE::2026-09-30.20:35:40::SCWPlatform:: Platform Path /home/user/Desktop/lab_4/Vitis/ip_design_wrapper/hw/ip_design_wrapper.xsa
TRACE::2026-09-30.20:35:40::SCWPlatform:: Unique name xilinx:zybo::0.0
TRACE::2026-09-30.20:35:40::SCWPlatform::Trying to set the existing hwdb with name ip_design_wrapper_0
TRACE::2026-09-30.20:35:40::SCWPlatform::Opened existing hwdb ip_design_wrapper_0
TRACE::2026-09-30.20:35:40::SCWPlatform::Found the Hw Db part of the input DSA
TRACE::2026-09-30.20:35:40::SCWMssOS::Checking the sw design at  /home/user/Desktop/lab_4/Vitis/ip_design_wrapper/zynq_fsbl/zynq_fsbl_bsp/system.mss
TRACE::2026-09-30.20:35:40::SCWMssOS::DEBUG:  swdes dump  /home/user/Desktop/lab_4/Vitis/ip_design_wrapper/ps7_cortexa9_0/standalone_ps7_cortexa9_0/bsp/system.mss|system_0||
/home/user/Desktop/lab_4/Vitis/ip_design_wrapper/zynq_fsbl/zynq_fsbl_bsp/system.mss|system||

TRACE::2026-09-30.20:35:40::SCWMssOS::Sw design exists and opened at  /home/user/Desktop/lab_4/Vitis/ip_design_wrapper/zynq_fsbl/zynq_fsbl_bsp/system.mss
TRACE::2026-09-30.20:35:40::SCWPlatform::Trying to open the hw design at /home/user/Desktop/lab_4/Vitis/ip_design_wrapper/hw/ip_design_wrapper.xsa
TRACE::2026-09-30.20:35:40::SCWPlatform::DSA given /home/user/Desktop/lab_4/Vitis/ip_design_wrapper/hw/ip_design_wrapper.xsa
TRACE::2026-09-30.20:35:40::SCWPlatform::DSA absoulate path /home/user/Desktop/lab_4/Vitis/ip_design_wrapper/hw/ip_design_wrapper.xsa
TRACE::2026-09-30.20:35:40::SCWPlatform::DSA directory /home/user/Desktop/lab_4/Vitis/ip_design_wrapper/hw
TRACE::2026-09-30.20:35:40::SCWPlatform:: Platform Path /home/user/Desktop/lab_4/Vitis/ip_design_wrapper/hw/ip_design_wrapper.xsa
TRACE::2026-09-30.20:35:40::SCWPlatform:: Unique name xilinx:zybo::0.0
TRACE::2026-09-30.20:35:40::SCWPlatform::Trying to set the existing hwdb with name ip_design_wrapper_0
TRACE::2026-09-30.20:35:40::SCWPlatform::Opened existing hwdb ip_design_wrapper_0
TRACE::2026-09-30.20:35:40::SCWPlatform::Found the Hw Db part of the input DSA
TRACE::2026-09-30.20:35:40::SCWMssOS::Checking the sw design at  /home/user/Desktop/lab_4/Vitis/ip_design_wrapper/zynq_fsbl/zynq_fsbl_bsp/system.mss
TRACE::2026-09-30.20:35:40::SCWMssOS::DEBUG:  swdes dump  /home/user/Desktop/lab_4/Vitis/ip_design_wrapper/ps7_cortexa9_0/standalone_ps7_cortexa9_0/bsp/system.mss|system_0||
/home/user/Desktop/lab_4/Vitis/ip_design_wrapper/zynq_fsbl/zynq_fsbl_bsp/system.mss|system||

TRACE::2026-09-30.20:35:40::SCWMssOS::Sw design exists and opened at  /home/user/Desktop/lab_4/Vitis/ip_design_wrapper/zynq_fsbl/zynq_fsbl_bsp/system.mss
TRACE::2026-09-30.20:35:40::SCWPlatform::Trying to open the hw design at /home/user/Desktop/lab_4/Vitis/ip_design_wrapper/hw/ip_design_wrapper.xsa
TRACE::2026-09-30.20:35:40::SCWPlatform::DSA given /home/user/Desktop/lab_4/Vitis/ip_design_wrapper/hw/ip_design_wrapper.xsa
TRACE::2026-09-30.20:35:40::SCWPlatform::DSA absoulate path /home/user/Desktop/lab_4/Vitis/ip_design_wrapper/hw/ip_design_wrapper.xsa
TRACE::2026-09-30.20:35:40::SCWPlatform::DSA directory /home/user/Desktop/lab_4/Vitis/ip_design_wrapper/hw
TRACE::2026-09-30.20:35:40::SCWPlatform:: Platform Path /home/user/Desktop/lab_4/Vitis/ip_design_wrapper/hw/ip_design_wrapper.xsa
TRACE::2026-09-30.20:35:40::SCWPlatform:: Unique name xilinx:zybo::0.0
TRACE::2026-09-30.20:35:40::SCWPlatform::Trying to set the existing hwdb with name ip_design_wrapper_0
TRACE::2026-09-30.20:35:40::SCWPlatform::Opened existing hwdb ip_design_wrapper_0
TRACE::2026-09-30.20:35:40::SCWPlatform::Found the Hw Db part of the input DSA
TRACE::2026-09-30.20:35:40::SCWMssOS::Checking the sw design at  /home/user/Desktop/lab_4/Vitis/ip_design_wrapper/ps7_cortexa9_0/standalone_ps7_cortexa9_0/bsp/system.mss
TRACE::2026-09-30.20:35:40::SCWMssOS::DEBUG:  swdes dump  /home/user/Desktop/lab_4/Vitis/ip_design_wrapper/ps7_cortexa9_0/standalone_ps7_cortexa9_0/bsp/system.mss|system_0||
/home/user/Desktop/lab_4/Vitis/ip_design_wrapper/zynq_fsbl/zynq_fsbl_bsp/system.mss|system||

TRACE::2026-09-30.20:35:40::SCWMssOS::Sw design exists and opened at  /home/user/Desktop/lab_4/Vitis/ip_design_wrapper/ps7_cortexa9_0/standalone_ps7_cortexa9_0/bsp/system.mss
TRACE::2026-09-30.20:35:40::SCWPlatform::Trying to open the hw design at /home/user/Desktop/lab_4/Vitis/ip_design_wrapper/hw/ip_design_wrapper.xsa
TRACE::2026-09-30.20:35:40::SCWPlatform::DSA given /home/user/Desktop/lab_4/Vitis/ip_design_wrapper/hw/ip_design_wrapper.xsa
TRACE::2026-09-30.20:35:40::SCWPlatform::DSA absoulate path /home/user/Desktop/lab_4/Vitis/ip_design_wrapper/hw/ip_design_wrapper.xsa
TRACE::2026-09-30.20:35:40::SCWPlatform::DSA directory /home/user/Desktop/lab_4/Vitis/ip_design_wrapper/hw
TRACE::2026-09-30.20:35:40::SCWPlatform:: Platform Path /home/user/Desktop/lab_4/Vitis/ip_design_wrapper/hw/ip_design_wrapper.xsa
TRACE::2026-09-30.20:35:40::SCWPlatform:: Unique name xilinx:zybo::0.0
TRACE::2026-09-30.20:35:40::SCWPlatform::Trying to set the existing hwdb with name ip_design_wrapper_0
TRACE::2026-09-30.20:35:40::SCWPlatform::Opened existing hwdb ip_design_wrapper_0
TRACE::2026-09-30.20:35:40::SCWPlatform::Found the Hw Db part of the input DSA
TRACE::2026-09-30.20:35:40::SCWMssOS::Checking the sw design at  /home/user/Desktop/lab_4/Vitis/ip_design_wrapper/ps7_cortexa9_0/standalone_ps7_cortexa9_0/bsp/system.mss
TRACE::2026-09-30.20:35:40::SCWMssOS::DEBUG:  swdes dump  /home/user/Desktop/lab_4/Vitis/ip_design_wrapper/ps7_cortexa9_0/standalone_ps7_cortexa9_0/bsp/system.mss|system_0||
/home/user/Desktop/lab_4/Vitis/ip_design_wrapper/zynq_fsbl/zynq_fsbl_bsp/system.mss|system||

TRACE::2026-09-30.20:35:40::SCWMssOS::Sw design exists and opened at  /home/user/Desktop/lab_4/Vitis/ip_design_wrapper/ps7_cortexa9_0/standalone_ps7_cortexa9_0/bsp/system.mss
TRACE::2026-09-30.20:35:40::SCWPlatform::Trying to open the hw design at /home/user/Desktop/lab_4/Vitis/ip_design_wrapper/hw/ip_design_wrapper.xsa
TRACE::2026-09-30.20:35:40::SCWPlatform::DSA given /home/user/Desktop/lab_4/Vitis/ip_design_wrapper/hw/ip_design_wrapper.xsa
TRACE::2026-09-30.20:35:40::SCWPlatform::DSA absoulate path /home/user/Desktop/lab_4/Vitis/ip_design_wrapper/hw/ip_design_wrapper.xsa
TRACE::2026-09-30.20:35:40::SCWPlatform::DSA directory /home/user/Desktop/lab_4/Vitis/ip_design_wrapper/hw
TRACE::2026-09-30.20:35:40::SCWPlatform:: Platform Path /home/user/Desktop/lab_4/Vitis/ip_design_wrapper/hw/ip_design_wrapper.xsa
TRACE::2026-09-30.20:35:40::SCWPlatform:: Unique name xilinx:zybo::0.0
TRACE::2026-09-30.20:35:40::SCWPlatform::Trying to set the existing hwdb with name ip_design_wrapper_0
TRACE::2026-09-30.20:35:40::SCWPlatform::Opened existing hwdb ip_design_wrapper_0
TRACE::2026-09-30.20:35:40::SCWPlatform::Found the Hw Db part of the input DSA
TRACE::2026-09-30.20:35:40::SCWMssOS::Checking the sw design at  /home/user/Desktop/lab_4/Vitis/ip_design_wrapper/ps7_cortexa9_0/standalone_ps7_cortexa9_0/bsp/system.mss
TRACE::2026-09-30.20:35:40::SCWMssOS::DEBUG:  swdes dump  /home/user/Desktop/lab_4/Vitis/ip_design_wrapper/ps7_cortexa9_0/standalone_ps7_cortexa9_0/bsp/system.mss|system_0||
/home/user/Desktop/lab_4/Vitis/ip_design_wrapper/zynq_fsbl/zynq_fsbl_bsp/system.mss|system||

TRACE::2026-09-30.20:35:40::SCWMssOS::Sw design exists and opened at  /home/user/Desktop/lab_4/Vitis/ip_design_wrapper/ps7_cortexa9_0/standalone_ps7_cortexa9_0/bsp/system.mss
TRACE::2026-09-30.20:35:40::SCWWriter::formatted JSON is {
	"platformName":	"ip_design_wrapper",
	"sprVersion":	"2.0",
	"mode":	"gui",
	"dsaType":	"Fixed",
	"platformDesc":	"ip_design_wrapper",
	"platHandOff":	"/home/user/Desktop/lab_4/ip_design_wrapper.xsa",
	"platIntHandOff":	"<platformDir>/hw/ip_design_wrapper.xsa",
	"deviceType":	"zynq",
	"platIsPrebuiltAutogen":	"false",
	"platIsNoBootBsp":	"false",
	"platFsblTarget":	"ps7_cortexa9_0",
	"hasFsblMakeHasChanges":	"false",
	"hasPmufwMakeHasChanges":	"false",
	"fsblExtraCompilerFlags":	"-MMD -MP       -mcpu=cortex-a9 -mfpu=vfpv3 -mfloat-abi=hard ",
	"platPreBuiltFlag":	false,
	"platformSamplesDir":	"",
	"platActiveSys":	"ip_design_wrapper",
	"systems":	[{
			"systemName":	"ip_design_wrapper",
			"systemDesc":	"ip_design_wrapper",
			"sysIsBootAutoGen":	"true",
			"systemDispName":	"ip_design_wrapper",
			"sysActiveDom":	"standalone_ps7_cortexa9_0",
			"sysDefaultDom":	"standalone_ps7_cortexa9_0",
			"domains":	[{
					"domainName":	"zynq_fsbl",
					"domainDispName":	"zynq_fsbl",
					"domainDesc":	"FSBL Application BSP - Auto Generated.",
					"processors":	"ps7_cortexa9_0",
					"os":	"standalone",
					"sdxOs":	"standalone",
					"debugEnable":	"",
					"domRuntimes":	["cpp"],
					"swRepo":	"",
					"mssOsVer":	"7.5",
					"mssFile":	"",
					"md5Digest":	"0b4110dadf6bf2cf2184a429495bcac1",
					"compatibleApp":	"zynq_fsbl",
					"domType":	"bootDomain",
					"arch":	"32-bit",
					"appSettings":	{
						"appCompilerFlags":	"",
						"appLinkerFlags":	""
					},
					"addedLibs":	["xilffs:4.5", "xilrsa:1.6"],
					"libOptions":	{
						"libsContainingOptions":	[]
					},
					"prebuiltLibs":	{
						"prebuiltIncPath":	[],
						"prebuiltLibPath":	[]
					},
					"isolation":	{
					}
				}, {
					"domainName":	"standalone_ps7_cortexa9_0",
					"domainDispName":	"standalone_ps7_cortexa9_0",
					"domainDesc":	"standalone_ps7_cortexa9_0",
					"processors":	"ps7_cortexa9_0",
					"os":	"standalone",
					"sdxOs":	"standalone",
					"qemuArgs":	"/home/software/Xilinx/Vitis/2021.1/data/emulation/platforms/zynq/sw/a9_standalone/qemu/qemu_args.txt",
					"qemuData":	"/home/software/Xilinx/Vitis/2021.1/data/emulation/platforms/zynq/sw/a9_standalone/qemu/",
					"debugEnable":	"False",
					"domRuntimes":	["cpp"],
					"swRepo":	"",
					"mssOsVer":	"7.5",
					"mssFile":	"",
					"md5Digest":	"af18c0ac05d35f30b1f9394671347902",
					"compatibleApp":	"empty_application",
					"domType":	"mssDomain",
					"arch":	"32-bit",
					"appSettings":	{
						"appCompilerFlags":	"",
						"appLinkerFlags":	""
					},
					"addedLibs":	[],
					"libOptions":	{
						"libsContainingOptions":	[]
					},
					"prebuiltLibs":	{
						"prebuiltIncPath":	[],
						"prebuiltLibPath":	[]
					},
					"isolation":	{
					}
				}]
		}]
}
LOG::2026-09-30.20:35:40::SCWPlatform::Started generating the artifacts platform ip_design_wrapper
TRACE::2026-09-30.20:35:40::SCWPlatform::Sanity checking of platform is completed
LOG::2026-09-30.20:35:40::SCWPlatform::Started generating the artifacts for system configuration ip_design_wrapper
LOG::2026-09-30.20:35:40::SCWSystem::Started Processing the domain standalone_ps7_cortexa9_0
TRACE::2026-09-30.20:35:40::SCWDomain::Generating domain artifcats
TRACE::2026-09-30.20:35:40::SCWMssOS::Generating standalone artifcats
TRACE::2026-09-30.20:35:40::SCWMssOS::Copying the qemu file from  /home/software/Xilinx/Vitis/2021.1/data/emulation/platforms/zynq/sw/a9_standalone/qemu/qemu_args.txt To /home/user/Desktop/lab_4/Vitis/ip_design_wrapper/export/ip_design_wrapper/sw/ip_design_wrapper/qemu/
TRACE::2026-09-30.20:35:40::SCWMssOS::Copying the qemu file from  /home/software/Xilinx/Vitis/2021.1/data/emulation/platforms/zynq/sw/a9_standalone/qemu/qemu_args.txt To /home/user/Desktop/lab_4/Vitis/ip_design_wrapper/export/ip_design_wrapper/sw/ip_design_wrapper/standalone_ps7_cortexa9_0/qemu/
TRACE::2026-09-30.20:35:40::SCWMssOS:: Copying the user libraries. 
TRACE::2026-09-30.20:35:40::SCWPlatform::Trying to open the hw design at /home/user/Desktop/lab_4/Vitis/ip_design_wrapper/hw/ip_design_wrapper.xsa
TRACE::2026-09-30.20:35:40::SCWPlatform::DSA given /home/user/Desktop/lab_4/Vitis/ip_design_wrapper/hw/ip_design_wrapper.xsa
TRACE::2026-09-30.20:35:40::SCWPlatform::DSA absoulate path /home/user/Desktop/lab_4/Vitis/ip_design_wrapper/hw/ip_design_wrapper.xsa
TRACE::2026-09-30.20:35:40::SCWPlatform::DSA directory /home/user/Desktop/lab_4/Vitis/ip_design_wrapper/hw
TRACE::2026-09-30.20:35:40::SCWPlatform:: Platform Path /home/user/Desktop/lab_4/Vitis/ip_design_wrapper/hw/ip_design_wrapper.xsa
TRACE::2026-09-30.20:35:40::SCWPlatform:: Unique name xilinx:zybo::0.0
TRACE::2026-09-30.20:35:40::SCWPlatform::Trying to set the existing hwdb with name ip_design_wrapper_0
TRACE::2026-09-30.20:35:40::SCWPlatform::Opened existing hwdb ip_design_wrapper_0
TRACE::2026-09-30.20:35:40::SCWPlatform::Found the Hw Db part of the input DSA
TRACE::2026-09-30.20:35:40::SCWMssOS::Checking the sw design at  /home/user/Desktop/lab_4/Vitis/ip_design_wrapper/ps7_cortexa9_0/standalone_ps7_cortexa9_0/bsp/system.mss
TRACE::2026-09-30.20:35:40::SCWMssOS::DEBUG:  swdes dump  /home/user/Desktop/lab_4/Vitis/ip_design_wrapper/ps7_cortexa9_0/standalone_ps7_cortexa9_0/bsp/system.mss|system_0||
/home/user/Desktop/lab_4/Vitis/ip_design_wrapper/zynq_fsbl/zynq_fsbl_bsp/system.mss|system||

TRACE::2026-09-30.20:35:40::SCWMssOS::Sw design exists and opened at  /home/user/Desktop/lab_4/Vitis/ip_design_wrapper/ps7_cortexa9_0/standalone_ps7_cortexa9_0/bsp/system.mss
TRACE::2026-09-30.20:35:40::SCWMssOS::Completed writing the mss file at /home/user/Desktop/lab_4/Vitis/ip_design_wrapper/ps7_cortexa9_0/standalone_ps7_cortexa9_0/bsp
TRACE::2026-09-30.20:35:40::SCWMssOS::Mss edits present, copying mssfile into export location /home/user/Desktop/lab_4/Vitis/ip_design_wrapper/ps7_cortexa9_0/standalone_ps7_cortexa9_0/bsp/system.mss
TRACE::2026-09-30.20:35:40::SCWMssOS::bsp generated is upto date with the mss file. Skipping bsp generation.
TRACE::2026-09-30.20:35:40::SCWMssOS::BSP is already built. skipping the bsp build ... 
TRACE::2026-09-30.20:35:40::SCWDomain::Building the domain as part of full build :  standalone_ps7_cortexa9_0
TRACE::2026-09-30.20:35:40::SCWMssOS::skipping the bsp build ... 
TRACE::2026-09-30.20:35:40::SCWMssOS::Copying to export directory.
TRACE::2026-09-30.20:35:40::SCWMssOS:: Checking if to create the Supporting Applications
TRACE::2026-09-30.20:35:40::SCWMssOS:: No Linux domain exists, trying to generate FSBL 
TRACE::2026-09-30.20:35:40::SCWMssOS:: Completed Standalone Artifacts creation 
LOG::2026-09-30.20:35:40::SCWSystem::Completed Processing the domain standalone_ps7_cortexa9_0
LOG::2026-09-30.20:35:40::SCWSystem::Completed Processing the sysconfig ip_design_wrapper
LOG::2026-09-30.20:35:40::SCWPlatform::Completed generating the artifacts for system configuration ip_design_wrapper
TRACE::2026-09-30.20:35:40::SCWPlatform::Started preparing the platform 
TRACE::2026-09-30.20:35:40::SCWSystem::Writing the bif file for system config ip_design_wrapper
TRACE::2026-09-30.20:35:40::SCWSystem::dir created 
TRACE::2026-09-30.20:35:40::SCWSystem::Writing the bif 
TRACE::2026-09-30.20:35:40::SCWPlatform::Started writing the spfm file 
TRACE::2026-09-30.20:35:40::SCWPlatform::Started writing the xpfm file 
TRACE::2026-09-30.20:35:40::SCWPlatform::Completed generating the platform
TRACE::2026-09-30.20:35:40::SCWMssOS::Saving the mss changes /home/user/Desktop/lab_4/Vitis/ip_design_wrapper/zynq_fsbl/zynq_fsbl_bsp/system.mss
TRACE::2026-09-30.20:35:40::SCWMssOS::Found a swdesign opened with the mssfile.
TRACE::2026-09-30.20:35:40::SCWMssOS::Completed writemss as part of save.
TRACE::2026-09-30.20:35:40::SCWMssOS::Commit changes completed.
TRACE::2026-09-30.20:35:40::SCWMssOS::Saving the mss changes /home/user/Desktop/lab_4/Vitis/ip_design_wrapper/ps7_cortexa9_0/standalone_ps7_cortexa9_0/bsp/system.mss
TRACE::2026-09-30.20:35:40::SCWMssOS::Found a swdesign opened with the mssfile.
TRACE::2026-09-30.20:35:40::SCWMssOS::Completed writemss as part of save.
TRACE::2026-09-30.20:35:40::SCWMssOS::Commit changes completed.
TRACE::2026-09-30.20:35:40::SCWPlatform::Trying to open the hw design at /home/user/Desktop/lab_4/Vitis/ip_design_wrapper/hw/ip_design_wrapper.xsa
TRACE::2026-09-30.20:35:40::SCWPlatform::DSA given /home/user/Desktop/lab_4/Vitis/ip_design_wrapper/hw/ip_design_wrapper.xsa
TRACE::2026-09-30.20:35:40::SCWPlatform::DSA absoulate path /home/user/Desktop/lab_4/Vitis/ip_design_wrapper/hw/ip_design_wrapper.xsa
TRACE::2026-09-30.20:35:40::SCWPlatform::DSA directory /home/user/Desktop/lab_4/Vitis/ip_design_wrapper/hw
TRACE::2026-09-30.20:35:40::SCWPlatform:: Platform Path /home/user/Desktop/lab_4/Vitis/ip_design_wrapper/hw/ip_design_wrapper.xsa
TRACE::2026-09-30.20:35:40::SCWPlatform:: Unique name xilinx:zybo::0.0
TRACE::2026-09-30.20:35:40::SCWPlatform::Trying to set the existing hwdb with name ip_design_wrapper_0
TRACE::2026-09-30.20:35:40::SCWPlatform::Opened existing hwdb ip_design_wrapper_0
TRACE::2026-09-30.20:35:40::SCWPlatform::Found the Hw Db part of the input DSA
TRACE::2026-09-30.20:35:40::SCWMssOS::Checking the sw design at  /home/user/Desktop/lab_4/Vitis/ip_design_wrapper/zynq_fsbl/zynq_fsbl_bsp/system.mss
TRACE::2026-09-30.20:35:40::SCWMssOS::DEBUG:  swdes dump  /home/user/Desktop/lab_4/Vitis/ip_design_wrapper/ps7_cortexa9_0/standalone_ps7_cortexa9_0/bsp/system.mss|system_0||
/home/user/Desktop/lab_4/Vitis/ip_design_wrapper/zynq_fsbl/zynq_fsbl_bsp/system.mss|system||

TRACE::2026-09-30.20:35:40::SCWMssOS::Sw design exists and opened at  /home/user/Desktop/lab_4/Vitis/ip_design_wrapper/zynq_fsbl/zynq_fsbl_bsp/system.mss
TRACE::2026-09-30.20:35:40::SCWPlatform::Trying to open the hw design at /home/user/Desktop/lab_4/Vitis/ip_design_wrapper/hw/ip_design_wrapper.xsa
TRACE::2026-09-30.20:35:40::SCWPlatform::DSA given /home/user/Desktop/lab_4/Vitis/ip_design_wrapper/hw/ip_design_wrapper.xsa
TRACE::2026-09-30.20:35:40::SCWPlatform::DSA absoulate path /home/user/Desktop/lab_4/Vitis/ip_design_wrapper/hw/ip_design_wrapper.xsa
TRACE::2026-09-30.20:35:40::SCWPlatform::DSA directory /home/user/Desktop/lab_4/Vitis/ip_design_wrapper/hw
TRACE::2026-09-30.20:35:40::SCWPlatform:: Platform Path /home/user/Desktop/lab_4/Vitis/ip_design_wrapper/hw/ip_design_wrapper.xsa
TRACE::2026-09-30.20:35:40::SCWPlatform:: Unique name xilinx:zybo::0.0
TRACE::2026-09-30.20:35:40::SCWPlatform::Trying to set the existing hwdb with name ip_design_wrapper_0
TRACE::2026-09-30.20:35:40::SCWPlatform::Opened existing hwdb ip_design_wrapper_0
TRACE::2026-09-30.20:35:40::SCWPlatform::Found the Hw Db part of the input DSA
TRACE::2026-09-30.20:35:40::SCWMssOS::Checking the sw design at  /home/user/Desktop/lab_4/Vitis/ip_design_wrapper/zynq_fsbl/zynq_fsbl_bsp/system.mss
TRACE::2026-09-30.20:35:40::SCWMssOS::DEBUG:  swdes dump  /home/user/Desktop/lab_4/Vitis/ip_design_wrapper/ps7_cortexa9_0/standalone_ps7_cortexa9_0/bsp/system.mss|system_0||
/home/user/Desktop/lab_4/Vitis/ip_design_wrapper/zynq_fsbl/zynq_fsbl_bsp/system.mss|system||

TRACE::2026-09-30.20:35:40::SCWMssOS::Sw design exists and opened at  /home/user/Desktop/lab_4/Vitis/ip_design_wrapper/zynq_fsbl/zynq_fsbl_bsp/system.mss
TRACE::2026-09-30.20:35:40::SCWPlatform::Trying to open the hw design at /home/user/Desktop/lab_4/Vitis/ip_design_wrapper/hw/ip_design_wrapper.xsa
TRACE::2026-09-30.20:35:40::SCWPlatform::DSA given /home/user/Desktop/lab_4/Vitis/ip_design_wrapper/hw/ip_design_wrapper.xsa
TRACE::2026-09-30.20:35:40::SCWPlatform::DSA absoulate path /home/user/Desktop/lab_4/Vitis/ip_design_wrapper/hw/ip_design_wrapper.xsa
TRACE::2026-09-30.20:35:40::SCWPlatform::DSA directory /home/user/Desktop/lab_4/Vitis/ip_design_wrapper/hw
TRACE::2026-09-30.20:35:40::SCWPlatform:: Platform Path /home/user/Desktop/lab_4/Vitis/ip_design_wrapper/hw/ip_design_wrapper.xsa
TRACE::2026-09-30.20:35:40::SCWPlatform:: Unique name xilinx:zybo::0.0
TRACE::2026-09-30.20:35:40::SCWPlatform::Trying to set the existing hwdb with name ip_design_wrapper_0
TRACE::2026-09-30.20:35:40::SCWPlatform::Opened existing hwdb ip_design_wrapper_0
TRACE::2026-09-30.20:35:40::SCWPlatform::Found the Hw Db part of the input DSA
TRACE::2026-09-30.20:35:40::SCWMssOS::Checking the sw design at  /home/user/Desktop/lab_4/Vitis/ip_design_wrapper/zynq_fsbl/zynq_fsbl_bsp/system.mss
TRACE::2026-09-30.20:35:40::SCWMssOS::DEBUG:  swdes dump  /home/user/Desktop/lab_4/Vitis/ip_design_wrapper/ps7_cortexa9_0/standalone_ps7_cortexa9_0/bsp/system.mss|system_0||
/home/user/Desktop/lab_4/Vitis/ip_design_wrapper/zynq_fsbl/zynq_fsbl_bsp/system.mss|system||

TRACE::2026-09-30.20:35:40::SCWMssOS::Sw design exists and opened at  /home/user/Desktop/lab_4/Vitis/ip_design_wrapper/zynq_fsbl/zynq_fsbl_bsp/system.mss
TRACE::2026-09-30.20:35:40::SCWPlatform::Trying to open the hw design at /home/user/Desktop/lab_4/Vitis/ip_design_wrapper/hw/ip_design_wrapper.xsa
TRACE::2026-09-30.20:35:40::SCWPlatform::DSA given /home/user/Desktop/lab_4/Vitis/ip_design_wrapper/hw/ip_design_wrapper.xsa
TRACE::2026-09-30.20:35:40::SCWPlatform::DSA absoulate path /home/user/Desktop/lab_4/Vitis/ip_design_wrapper/hw/ip_design_wrapper.xsa
TRACE::2026-09-30.20:35:40::SCWPlatform::DSA directory /home/user/Desktop/lab_4/Vitis/ip_design_wrapper/hw
TRACE::2026-09-30.20:35:40::SCWPlatform:: Platform Path /home/user/Desktop/lab_4/Vitis/ip_design_wrapper/hw/ip_design_wrapper.xsa
TRACE::2026-09-30.20:35:40::SCWPlatform:: Unique name xilinx:zybo::0.0
TRACE::2026-09-30.20:35:40::SCWPlatform::Trying to set the existing hwdb with name ip_design_wrapper_0
TRACE::2026-09-30.20:35:40::SCWPlatform::Opened existing hwdb ip_design_wrapper_0
TRACE::2026-09-30.20:35:40::SCWPlatform::Found the Hw Db part of the input DSA
TRACE::2026-09-30.20:35:40::SCWMssOS::Checking the sw design at  /home/user/Desktop/lab_4/Vitis/ip_design_wrapper/ps7_cortexa9_0/standalone_ps7_cortexa9_0/bsp/system.mss
TRACE::2026-09-30.20:35:40::SCWMssOS::DEBUG:  swdes dump  /home/user/Desktop/lab_4/Vitis/ip_design_wrapper/ps7_cortexa9_0/standalone_ps7_cortexa9_0/bsp/system.mss|system_0||
/home/user/Desktop/lab_4/Vitis/ip_design_wrapper/zynq_fsbl/zynq_fsbl_bsp/system.mss|system||

TRACE::2026-09-30.20:35:40::SCWMssOS::Sw design exists and opened at  /home/user/Desktop/lab_4/Vitis/ip_design_wrapper/ps7_cortexa9_0/standalone_ps7_cortexa9_0/bsp/system.mss
TRACE::2026-09-30.20:35:40::SCWPlatform::Trying to open the hw design at /home/user/Desktop/lab_4/Vitis/ip_design_wrapper/hw/ip_design_wrapper.xsa
TRACE::2026-09-30.20:35:40::SCWPlatform::DSA given /home/user/Desktop/lab_4/Vitis/ip_design_wrapper/hw/ip_design_wrapper.xsa
TRACE::2026-09-30.20:35:40::SCWPlatform::DSA absoulate path /home/user/Desktop/lab_4/Vitis/ip_design_wrapper/hw/ip_design_wrapper.xsa
TRACE::2026-09-30.20:35:40::SCWPlatform::DSA directory /home/user/Desktop/lab_4/Vitis/ip_design_wrapper/hw
TRACE::2026-09-30.20:35:40::SCWPlatform:: Platform Path /home/user/Desktop/lab_4/Vitis/ip_design_wrapper/hw/ip_design_wrapper.xsa
TRACE::2026-09-30.20:35:40::SCWPlatform:: Unique name xilinx:zybo::0.0
TRACE::2026-09-30.20:35:40::SCWPlatform::Trying to set the existing hwdb with name ip_design_wrapper_0
TRACE::2026-09-30.20:35:40::SCWPlatform::Opened existing hwdb ip_design_wrapper_0
TRACE::2026-09-30.20:35:40::SCWPlatform::Found the Hw Db part of the input DSA
TRACE::2026-09-30.20:35:40::SCWMssOS::Checking the sw design at  /home/user/Desktop/lab_4/Vitis/ip_design_wrapper/ps7_cortexa9_0/standalone_ps7_cortexa9_0/bsp/system.mss
TRACE::2026-09-30.20:35:40::SCWMssOS::DEBUG:  swdes dump  /home/user/Desktop/lab_4/Vitis/ip_design_wrapper/ps7_cortexa9_0/standalone_ps7_cortexa9_0/bsp/system.mss|system_0||
/home/user/Desktop/lab_4/Vitis/ip_design_wrapper/zynq_fsbl/zynq_fsbl_bsp/system.mss|system||

TRACE::2026-09-30.20:35:40::SCWMssOS::Sw design exists and opened at  /home/user/Desktop/lab_4/Vitis/ip_design_wrapper/ps7_cortexa9_0/standalone_ps7_cortexa9_0/bsp/system.mss
TRACE::2026-09-30.20:35:40::SCWPlatform::Trying to open the hw design at /home/user/Desktop/lab_4/Vitis/ip_design_wrapper/hw/ip_design_wrapper.xsa
TRACE::2026-09-30.20:35:40::SCWPlatform::DSA given /home/user/Desktop/lab_4/Vitis/ip_design_wrapper/hw/ip_design_wrapper.xsa
TRACE::2026-09-30.20:35:40::SCWPlatform::DSA absoulate path /home/user/Desktop/lab_4/Vitis/ip_design_wrapper/hw/ip_design_wrapper.xsa
TRACE::2026-09-30.20:35:40::SCWPlatform::DSA directory /home/user/Desktop/lab_4/Vitis/ip_design_wrapper/hw
TRACE::2026-09-30.20:35:40::SCWPlatform:: Platform Path /home/user/Desktop/lab_4/Vitis/ip_design_wrapper/hw/ip_design_wrapper.xsa
TRACE::2026-09-30.20:35:40::SCWPlatform:: Unique name xilinx:zybo::0.0
TRACE::2026-09-30.20:35:40::SCWPlatform::Trying to set the existing hwdb with name ip_design_wrapper_0
TRACE::2026-09-30.20:35:40::SCWPlatform::Opened existing hwdb ip_design_wrapper_0
TRACE::2026-09-30.20:35:40::SCWPlatform::Found the Hw Db part of the input DSA
TRACE::2026-09-30.20:35:40::SCWMssOS::Checking the sw design at  /home/user/Desktop/lab_4/Vitis/ip_design_wrapper/ps7_cortexa9_0/standalone_ps7_cortexa9_0/bsp/system.mss
TRACE::2026-09-30.20:35:40::SCWMssOS::DEBUG:  swdes dump  /home/user/Desktop/lab_4/Vitis/ip_design_wrapper/ps7_cortexa9_0/standalone_ps7_cortexa9_0/bsp/system.mss|system_0||
/home/user/Desktop/lab_4/Vitis/ip_design_wrapper/zynq_fsbl/zynq_fsbl_bsp/system.mss|system||

TRACE::2026-09-30.20:35:40::SCWMssOS::Sw design exists and opened at  /home/user/Desktop/lab_4/Vitis/ip_design_wrapper/ps7_cortexa9_0/standalone_ps7_cortexa9_0/bsp/system.mss
TRACE::2026-09-30.20:35:40::SCWWriter::formatted JSON is {
	"platformName":	"ip_design_wrapper",
	"sprVersion":	"2.0",
	"mode":	"gui",
	"dsaType":	"Fixed",
	"platformDesc":	"ip_design_wrapper",
	"platHandOff":	"/home/user/Desktop/lab_4/ip_design_wrapper.xsa",
	"platIntHandOff":	"<platformDir>/hw/ip_design_wrapper.xsa",
	"deviceType":	"zynq",
	"platIsPrebuiltAutogen":	"false",
	"platIsNoBootBsp":	"false",
	"platFsblTarget":	"ps7_cortexa9_0",
	"hasFsblMakeHasChanges":	"false",
	"hasPmufwMakeHasChanges":	"false",
	"fsblExtraCompilerFlags":	"-MMD -MP       -mcpu=cortex-a9 -mfpu=vfpv3 -mfloat-abi=hard ",
	"platPreBuiltFlag":	false,
	"platformSamplesDir":	"",
	"platActiveSys":	"ip_design_wrapper",
	"systems":	[{
			"systemName":	"ip_design_wrapper",
			"systemDesc":	"ip_design_wrapper",
			"sysIsBootAutoGen":	"true",
			"systemDispName":	"ip_design_wrapper",
			"sysActiveDom":	"standalone_ps7_cortexa9_0",
			"sysDefaultDom":	"standalone_ps7_cortexa9_0",
			"domains":	[{
					"domainName":	"zynq_fsbl",
					"domainDispName":	"zynq_fsbl",
					"domainDesc":	"FSBL Application BSP - Auto Generated.",
					"processors":	"ps7_cortexa9_0",
					"os":	"standalone",
					"sdxOs":	"standalone",
					"debugEnable":	"",
					"domRuntimes":	["cpp"],
					"swRepo":	"",
					"mssOsVer":	"7.5",
					"mssFile":	"",
					"md5Digest":	"0b4110dadf6bf2cf2184a429495bcac1",
					"compatibleApp":	"zynq_fsbl",
					"domType":	"bootDomain",
					"arch":	"32-bit",
					"appSettings":	{
						"appCompilerFlags":	"",
						"appLinkerFlags":	""
					},
					"addedLibs":	["xilffs:4.5", "xilrsa:1.6"],
					"libOptions":	{
						"libsContainingOptions":	[]
					},
					"prebuiltLibs":	{
						"prebuiltIncPath":	[],
						"prebuiltLibPath":	[]
					},
					"isolation":	{
					}
				}, {
					"domainName":	"standalone_ps7_cortexa9_0",
					"domainDispName":	"standalone_ps7_cortexa9_0",
					"domainDesc":	"standalone_ps7_cortexa9_0",
					"processors":	"ps7_cortexa9_0",
					"os":	"standalone",
					"sdxOs":	"standalone",
					"qemuArgs":	"/home/software/Xilinx/Vitis/2021.1/data/emulation/platforms/zynq/sw/a9_standalone/qemu/qemu_args.txt",
					"qemuData":	"/home/software/Xilinx/Vitis/2021.1/data/emulation/platforms/zynq/sw/a9_standalone/qemu/",
					"debugEnable":	"False",
					"domRuntimes":	["cpp"],
					"swRepo":	"",
					"mssOsVer":	"7.5",
					"mssFile":	"",
					"md5Digest":	"af18c0ac05d35f30b1f9394671347902",
					"compatibleApp":	"empty_application",
					"domType":	"mssDomain",
					"arch":	"32-bit",
					"appSettings":	{
						"appCompilerFlags":	"",
						"appLinkerFlags":	""
					},
					"addedLibs":	[],
					"libOptions":	{
						"libsContainingOptions":	[]
					},
					"prebuiltLibs":	{
						"prebuiltIncPath":	[],
						"prebuiltLibPath":	[]
					},
					"isolation":	{
					}
				}]
		}]
}
KEYINFO::2026-09-30.20:35:40::SCWPlatform::updated the xpfm file.
TRACE::2026-09-30.20:37:09::SCWPlatform::Trying to open the hw design at /home/user/Desktop/lab_4/Vitis/ip_design_wrapper/hw/ip_design_wrapper.xsa
TRACE::2026-09-30.20:37:09::SCWPlatform::DSA given /home/user/Desktop/lab_4/Vitis/ip_design_wrapper/hw/ip_design_wrapper.xsa
TRACE::2026-09-30.20:37:09::SCWPlatform::DSA absoulate path /home/user/Desktop/lab_4/Vitis/ip_design_wrapper/hw/ip_design_wrapper.xsa
TRACE::2026-09-30.20:37:09::SCWPlatform::DSA directory /home/user/Desktop/lab_4/Vitis/ip_design_wrapper/hw
TRACE::2026-09-30.20:37:09::SCWPlatform:: Platform Path /home/user/Desktop/lab_4/Vitis/ip_design_wrapper/hw/ip_design_wrapper.xsa
TRACE::2026-09-30.20:37:09::SCWPlatform:: Unique name xilinx:zybo::0.0
TRACE::2026-09-30.20:37:09::SCWPlatform::Trying to set the existing hwdb with name ip_design_wrapper_0
TRACE::2026-09-30.20:37:09::SCWPlatform::Opened existing hwdb ip_design_wrapper_0
TRACE::2026-09-30.20:37:09::SCWPlatform::Found the Hw Db part of the input DSA
TRACE::2026-09-30.20:37:09::SCWMssOS::Checking the sw design at  /home/user/Desktop/lab_4/Vitis/ip_design_wrapper/zynq_fsbl/zynq_fsbl_bsp/system.mss
TRACE::2026-09-30.20:37:09::SCWMssOS::DEBUG:  swdes dump  /home/user/Desktop/lab_4/Vitis/ip_design_wrapper/ps7_cortexa9_0/standalone_ps7_cortexa9_0/bsp/system.mss|system_0||
/home/user/Desktop/lab_4/Vitis/ip_design_wrapper/zynq_fsbl/zynq_fsbl_bsp/system.mss|system||

TRACE::2026-09-30.20:37:09::SCWMssOS::Sw design exists and opened at  /home/user/Desktop/lab_4/Vitis/ip_design_wrapper/zynq_fsbl/zynq_fsbl_bsp/system.mss
TRACE::2026-09-30.20:37:09::SCWMssOS::Saving the mss changes /home/user/Desktop/lab_4/Vitis/ip_design_wrapper/zynq_fsbl/zynq_fsbl_bsp/system.mss
TRACE::2026-09-30.20:37:09::SCWMssOS::Found a swdesign opened with the mssfile.
TRACE::2026-09-30.20:37:09::SCWMssOS::Completed writemss as part of save.
TRACE::2026-09-30.20:37:09::SCWMssOS::Commit changes completed.
TRACE::2026-09-30.20:37:09::SCWMssOS::Saving the mss changes /home/user/Desktop/lab_4/Vitis/ip_design_wrapper/ps7_cortexa9_0/standalone_ps7_cortexa9_0/bsp/system.mss
TRACE::2026-09-30.20:37:09::SCWMssOS::Found a swdesign opened with the mssfile.
TRACE::2026-09-30.20:37:09::SCWMssOS::Completed writemss as part of save.
TRACE::2026-09-30.20:37:09::SCWMssOS::Commit changes completed.
TRACE::2026-09-30.20:37:09::SCWPlatform::Trying to open the hw design at /home/user/Desktop/lab_4/Vitis/ip_design_wrapper/hw/ip_design_wrapper.xsa
TRACE::2026-09-30.20:37:09::SCWPlatform::DSA given /home/user/Desktop/lab_4/Vitis/ip_design_wrapper/hw/ip_design_wrapper.xsa
TRACE::2026-09-30.20:37:09::SCWPlatform::DSA absoulate path /home/user/Desktop/lab_4/Vitis/ip_design_wrapper/hw/ip_design_wrapper.xsa
TRACE::2026-09-30.20:37:09::SCWPlatform::DSA directory /home/user/Desktop/lab_4/Vitis/ip_design_wrapper/hw
TRACE::2026-09-30.20:37:09::SCWPlatform:: Platform Path /home/user/Desktop/lab_4/Vitis/ip_design_wrapper/hw/ip_design_wrapper.xsa
TRACE::2026-09-30.20:37:09::SCWPlatform:: Unique name xilinx:zybo::0.0
TRACE::2026-09-30.20:37:09::SCWPlatform::Trying to set the existing hwdb with name ip_design_wrapper_0
TRACE::2026-09-30.20:37:09::SCWPlatform::Opened existing hwdb ip_design_wrapper_0
TRACE::2026-09-30.20:37:09::SCWPlatform::Found the Hw Db part of the input DSA
TRACE::2026-09-30.20:37:09::SCWMssOS::Checking the sw design at  /home/user/Desktop/lab_4/Vitis/ip_design_wrapper/zynq_fsbl/zynq_fsbl_bsp/system.mss
TRACE::2026-09-30.20:37:09::SCWMssOS::DEBUG:  swdes dump  /home/user/Desktop/lab_4/Vitis/ip_design_wrapper/ps7_cortexa9_0/standalone_ps7_cortexa9_0/bsp/system.mss|system_0||
/home/user/Desktop/lab_4/Vitis/ip_design_wrapper/zynq_fsbl/zynq_fsbl_bsp/system.mss|system||

TRACE::2026-09-30.20:37:09::SCWMssOS::Sw design exists and opened at  /home/user/Desktop/lab_4/Vitis/ip_design_wrapper/zynq_fsbl/zynq_fsbl_bsp/system.mss
TRACE::2026-09-30.20:37:09::SCWPlatform::Trying to open the hw design at /home/user/Desktop/lab_4/Vitis/ip_design_wrapper/hw/ip_design_wrapper.xsa
TRACE::2026-09-30.20:37:09::SCWPlatform::DSA given /home/user/Desktop/lab_4/Vitis/ip_design_wrapper/hw/ip_design_wrapper.xsa
TRACE::2026-09-30.20:37:09::SCWPlatform::DSA absoulate path /home/user/Desktop/lab_4/Vitis/ip_design_wrapper/hw/ip_design_wrapper.xsa
TRACE::2026-09-30.20:37:09::SCWPlatform::DSA directory /home/user/Desktop/lab_4/Vitis/ip_design_wrapper/hw
TRACE::2026-09-30.20:37:09::SCWPlatform:: Platform Path /home/user/Desktop/lab_4/Vitis/ip_design_wrapper/hw/ip_design_wrapper.xsa
TRACE::2026-09-30.20:37:09::SCWPlatform:: Unique name xilinx:zybo::0.0
TRACE::2026-09-30.20:37:09::SCWPlatform::Trying to set the existing hwdb with name ip_design_wrapper_0
TRACE::2026-09-30.20:37:09::SCWPlatform::Opened existing hwdb ip_design_wrapper_0
TRACE::2026-09-30.20:37:09::SCWPlatform::Found the Hw Db part of the input DSA
TRACE::2026-09-30.20:37:09::SCWMssOS::Checking the sw design at  /home/user/Desktop/lab_4/Vitis/ip_design_wrapper/zynq_fsbl/zynq_fsbl_bsp/system.mss
TRACE::2026-09-30.20:37:09::SCWMssOS::DEBUG:  swdes dump  /home/user/Desktop/lab_4/Vitis/ip_design_wrapper/ps7_cortexa9_0/standalone_ps7_cortexa9_0/bsp/system.mss|system_0||
/home/user/Desktop/lab_4/Vitis/ip_design_wrapper/zynq_fsbl/zynq_fsbl_bsp/system.mss|system||

TRACE::2026-09-30.20:37:09::SCWMssOS::Sw design exists and opened at  /home/user/Desktop/lab_4/Vitis/ip_design_wrapper/zynq_fsbl/zynq_fsbl_bsp/system.mss
TRACE::2026-09-30.20:37:09::SCWPlatform::Trying to open the hw design at /home/user/Desktop/lab_4/Vitis/ip_design_wrapper/hw/ip_design_wrapper.xsa
TRACE::2026-09-30.20:37:09::SCWPlatform::DSA given /home/user/Desktop/lab_4/Vitis/ip_design_wrapper/hw/ip_design_wrapper.xsa
TRACE::2026-09-30.20:37:09::SCWPlatform::DSA absoulate path /home/user/Desktop/lab_4/Vitis/ip_design_wrapper/hw/ip_design_wrapper.xsa
TRACE::2026-09-30.20:37:09::SCWPlatform::DSA directory /home/user/Desktop/lab_4/Vitis/ip_design_wrapper/hw
TRACE::2026-09-30.20:37:09::SCWPlatform:: Platform Path /home/user/Desktop/lab_4/Vitis/ip_design_wrapper/hw/ip_design_wrapper.xsa
TRACE::2026-09-30.20:37:09::SCWPlatform:: Unique name xilinx:zybo::0.0
TRACE::2026-09-30.20:37:09::SCWPlatform::Trying to set the existing hwdb with name ip_design_wrapper_0
TRACE::2026-09-30.20:37:09::SCWPlatform::Opened existing hwdb ip_design_wrapper_0
TRACE::2026-09-30.20:37:09::SCWPlatform::Found the Hw Db part of the input DSA
TRACE::2026-09-30.20:37:09::SCWMssOS::Checking the sw design at  /home/user/Desktop/lab_4/Vitis/ip_design_wrapper/zynq_fsbl/zynq_fsbl_bsp/system.mss
TRACE::2026-09-30.20:37:09::SCWMssOS::DEBUG:  swdes dump  /home/user/Desktop/lab_4/Vitis/ip_design_wrapper/ps7_cortexa9_0/standalone_ps7_cortexa9_0/bsp/system.mss|system_0||
/home/user/Desktop/lab_4/Vitis/ip_design_wrapper/zynq_fsbl/zynq_fsbl_bsp/system.mss|system||

TRACE::2026-09-30.20:37:09::SCWMssOS::Sw design exists and opened at  /home/user/Desktop/lab_4/Vitis/ip_design_wrapper/zynq_fsbl/zynq_fsbl_bsp/system.mss
TRACE::2026-09-30.20:37:09::SCWPlatform::Trying to open the hw design at /home/user/Desktop/lab_4/Vitis/ip_design_wrapper/hw/ip_design_wrapper.xsa
TRACE::2026-09-30.20:37:09::SCWPlatform::DSA given /home/user/Desktop/lab_4/Vitis/ip_design_wrapper/hw/ip_design_wrapper.xsa
TRACE::2026-09-30.20:37:09::SCWPlatform::DSA absoulate path /home/user/Desktop/lab_4/Vitis/ip_design_wrapper/hw/ip_design_wrapper.xsa
TRACE::2026-09-30.20:37:09::SCWPlatform::DSA directory /home/user/Desktop/lab_4/Vitis/ip_design_wrapper/hw
TRACE::2026-09-30.20:37:09::SCWPlatform:: Platform Path /home/user/Desktop/lab_4/Vitis/ip_design_wrapper/hw/ip_design_wrapper.xsa
TRACE::2026-09-30.20:37:09::SCWPlatform:: Unique name xilinx:zybo::0.0
TRACE::2026-09-30.20:37:09::SCWPlatform::Trying to set the existing hwdb with name ip_design_wrapper_0
TRACE::2026-09-30.20:37:09::SCWPlatform::Opened existing hwdb ip_design_wrapper_0
TRACE::2026-09-30.20:37:09::SCWPlatform::Found the Hw Db part of the input DSA
TRACE::2026-09-30.20:37:09::SCWMssOS::Checking the sw design at  /home/user/Desktop/lab_4/Vitis/ip_design_wrapper/ps7_cortexa9_0/standalone_ps7_cortexa9_0/bsp/system.mss
TRACE::2026-09-30.20:37:09::SCWMssOS::DEBUG:  swdes dump  /home/user/Desktop/lab_4/Vitis/ip_design_wrapper/ps7_cortexa9_0/standalone_ps7_cortexa9_0/bsp/system.mss|system_0||
/home/user/Desktop/lab_4/Vitis/ip_design_wrapper/zynq_fsbl/zynq_fsbl_bsp/system.mss|system||

TRACE::2026-09-30.20:37:09::SCWMssOS::Sw design exists and opened at  /home/user/Desktop/lab_4/Vitis/ip_design_wrapper/ps7_cortexa9_0/standalone_ps7_cortexa9_0/bsp/system.mss
TRACE::2026-09-30.20:37:09::SCWPlatform::Trying to open the hw design at /home/user/Desktop/lab_4/Vitis/ip_design_wrapper/hw/ip_design_wrapper.xsa
TRACE::2026-09-30.20:37:09::SCWPlatform::DSA given /home/user/Desktop/lab_4/Vitis/ip_design_wrapper/hw/ip_design_wrapper.xsa
TRACE::2026-09-30.20:37:09::SCWPlatform::DSA absoulate path /home/user/Desktop/lab_4/Vitis/ip_design_wrapper/hw/ip_design_wrapper.xsa
TRACE::2026-09-30.20:37:09::SCWPlatform::DSA directory /home/user/Desktop/lab_4/Vitis/ip_design_wrapper/hw
TRACE::2026-09-30.20:37:09::SCWPlatform:: Platform Path /home/user/Desktop/lab_4/Vitis/ip_design_wrapper/hw/ip_design_wrapper.xsa
TRACE::2026-09-30.20:37:09::SCWPlatform:: Unique name xilinx:zybo::0.0
TRACE::2026-09-30.20:37:09::SCWPlatform::Trying to set the existing hwdb with name ip_design_wrapper_0
TRACE::2026-09-30.20:37:09::SCWPlatform::Opened existing hwdb ip_design_wrapper_0
TRACE::2026-09-30.20:37:09::SCWPlatform::Found the Hw Db part of the input DSA
TRACE::2026-09-30.20:37:09::SCWMssOS::Checking the sw design at  /home/user/Desktop/lab_4/Vitis/ip_design_wrapper/ps7_cortexa9_0/standalone_ps7_cortexa9_0/bsp/system.mss
TRACE::2026-09-30.20:37:09::SCWMssOS::DEBUG:  swdes dump  /home/user/Desktop/lab_4/Vitis/ip_design_wrapper/ps7_cortexa9_0/standalone_ps7_cortexa9_0/bsp/system.mss|system_0||
/home/user/Desktop/lab_4/Vitis/ip_design_wrapper/zynq_fsbl/zynq_fsbl_bsp/system.mss|system||

TRACE::2026-09-30.20:37:09::SCWMssOS::Sw design exists and opened at  /home/user/Desktop/lab_4/Vitis/ip_design_wrapper/ps7_cortexa9_0/standalone_ps7_cortexa9_0/bsp/system.mss
TRACE::2026-09-30.20:37:09::SCWPlatform::Trying to open the hw design at /home/user/Desktop/lab_4/Vitis/ip_design_wrapper/hw/ip_design_wrapper.xsa
TRACE::2026-09-30.20:37:09::SCWPlatform::DSA given /home/user/Desktop/lab_4/Vitis/ip_design_wrapper/hw/ip_design_wrapper.xsa
TRACE::2026-09-30.20:37:09::SCWPlatform::DSA absoulate path /home/user/Desktop/lab_4/Vitis/ip_design_wrapper/hw/ip_design_wrapper.xsa
TRACE::2026-09-30.20:37:09::SCWPlatform::DSA directory /home/user/Desktop/lab_4/Vitis/ip_design_wrapper/hw
TRACE::2026-09-30.20:37:09::SCWPlatform:: Platform Path /home/user/Desktop/lab_4/Vitis/ip_design_wrapper/hw/ip_design_wrapper.xsa
TRACE::2026-09-30.20:37:09::SCWPlatform:: Unique name xilinx:zybo::0.0
TRACE::2026-09-30.20:37:09::SCWPlatform::Trying to set the existing hwdb with name ip_design_wrapper_0
TRACE::2026-09-30.20:37:09::SCWPlatform::Opened existing hwdb ip_design_wrapper_0
TRACE::2026-09-30.20:37:09::SCWPlatform::Found the Hw Db part of the input DSA
TRACE::2026-09-30.20:37:09::SCWMssOS::Checking the sw design at  /home/user/Desktop/lab_4/Vitis/ip_design_wrapper/ps7_cortexa9_0/standalone_ps7_cortexa9_0/bsp/system.mss
TRACE::2026-09-30.20:37:09::SCWMssOS::DEBUG:  swdes dump  /home/user/Desktop/lab_4/Vitis/ip_design_wrapper/ps7_cortexa9_0/standalone_ps7_cortexa9_0/bsp/system.mss|system_0||
/home/user/Desktop/lab_4/Vitis/ip_design_wrapper/zynq_fsbl/zynq_fsbl_bsp/system.mss|system||

TRACE::2026-09-30.20:37:09::SCWMssOS::Sw design exists and opened at  /home/user/Desktop/lab_4/Vitis/ip_design_wrapper/ps7_cortexa9_0/standalone_ps7_cortexa9_0/bsp/system.mss
TRACE::2026-09-30.20:37:09::SCWWriter::formatted JSON is {
	"platformName":	"ip_design_wrapper",
	"sprVersion":	"2.0",
	"mode":	"gui",
	"dsaType":	"Fixed",
	"platformDesc":	"ip_design_wrapper",
	"platHandOff":	"/home/user/Desktop/lab_4/ip_design_wrapper.xsa",
	"platIntHandOff":	"<platformDir>/hw/ip_design_wrapper.xsa",
	"deviceType":	"zynq",
	"platIsPrebuiltAutogen":	"false",
	"platIsNoBootBsp":	"false",
	"platFsblTarget":	"ps7_cortexa9_0",
	"hasFsblMakeHasChanges":	"false",
	"hasPmufwMakeHasChanges":	"false",
	"fsblExtraCompilerFlags":	"-MMD -MP       -mcpu=cortex-a9 -mfpu=vfpv3 -mfloat-abi=hard ",
	"platPreBuiltFlag":	false,
	"platformSamplesDir":	"",
	"platActiveSys":	"ip_design_wrapper",
	"systems":	[{
			"systemName":	"ip_design_wrapper",
			"systemDesc":	"ip_design_wrapper",
			"sysIsBootAutoGen":	"true",
			"systemDispName":	"ip_design_wrapper",
			"sysActiveDom":	"zynq_fsbl",
			"sysDefaultDom":	"standalone_ps7_cortexa9_0",
			"domains":	[{
					"domainName":	"zynq_fsbl",
					"domainDispName":	"zynq_fsbl",
					"domainDesc":	"FSBL Application BSP - Auto Generated.",
					"processors":	"ps7_cortexa9_0",
					"os":	"standalone",
					"sdxOs":	"standalone",
					"debugEnable":	"",
					"domRuntimes":	["cpp"],
					"swRepo":	"",
					"mssOsVer":	"7.5",
					"mssFile":	"",
					"md5Digest":	"0b4110dadf6bf2cf2184a429495bcac1",
					"compatibleApp":	"zynq_fsbl",
					"domType":	"bootDomain",
					"arch":	"32-bit",
					"appSettings":	{
						"appCompilerFlags":	"",
						"appLinkerFlags":	""
					},
					"addedLibs":	["xilffs:4.5", "xilrsa:1.6"],
					"libOptions":	{
						"libsContainingOptions":	[]
					},
					"prebuiltLibs":	{
						"prebuiltIncPath":	[],
						"prebuiltLibPath":	[]
					},
					"isolation":	{
					}
				}, {
					"domainName":	"standalone_ps7_cortexa9_0",
					"domainDispName":	"standalone_ps7_cortexa9_0",
					"domainDesc":	"standalone_ps7_cortexa9_0",
					"processors":	"ps7_cortexa9_0",
					"os":	"standalone",
					"sdxOs":	"standalone",
					"qemuArgs":	"/home/software/Xilinx/Vitis/2021.1/data/emulation/platforms/zynq/sw/a9_standalone/qemu/qemu_args.txt",
					"qemuData":	"/home/software/Xilinx/Vitis/2021.1/data/emulation/platforms/zynq/sw/a9_standalone/qemu/",
					"debugEnable":	"False",
					"domRuntimes":	["cpp"],
					"swRepo":	"",
					"mssOsVer":	"7.5",
					"mssFile":	"",
					"md5Digest":	"af18c0ac05d35f30b1f9394671347902",
					"compatibleApp":	"empty_application",
					"domType":	"mssDomain",
					"arch":	"32-bit",
					"appSettings":	{
						"appCompilerFlags":	"",
						"appLinkerFlags":	""
					},
					"addedLibs":	[],
					"libOptions":	{
						"libsContainingOptions":	[]
					},
					"prebuiltLibs":	{
						"prebuiltIncPath":	[],
						"prebuiltLibPath":	[]
					},
					"isolation":	{
					}
				}]
		}]
}
TRACE::2026-09-30.20:37:09::SCWMssOS::Saving the mss changes /home/user/Desktop/lab_4/Vitis/ip_design_wrapper/zynq_fsbl/zynq_fsbl_bsp/system.mss
TRACE::2026-09-30.20:37:09::SCWMssOS::Found a swdesign opened with the mssfile.
TRACE::2026-09-30.20:37:09::SCWMssOS::Completed writemss as part of save.
TRACE::2026-09-30.20:37:09::SCWMssOS::Commit changes completed.
TRACE::2026-09-30.20:37:09::SCWPlatform::Trying to open the hw design at /home/user/Desktop/lab_4/Vitis/ip_design_wrapper/hw/ip_design_wrapper.xsa
TRACE::2026-09-30.20:37:09::SCWPlatform::DSA given /home/user/Desktop/lab_4/Vitis/ip_design_wrapper/hw/ip_design_wrapper.xsa
TRACE::2026-09-30.20:37:09::SCWPlatform::DSA absoulate path /home/user/Desktop/lab_4/Vitis/ip_design_wrapper/hw/ip_design_wrapper.xsa
TRACE::2026-09-30.20:37:09::SCWPlatform::DSA directory /home/user/Desktop/lab_4/Vitis/ip_design_wrapper/hw
TRACE::2026-09-30.20:37:09::SCWPlatform:: Platform Path /home/user/Desktop/lab_4/Vitis/ip_design_wrapper/hw/ip_design_wrapper.xsa
TRACE::2026-09-30.20:37:09::SCWPlatform:: Unique name xilinx:zybo::0.0
TRACE::2026-09-30.20:37:09::SCWPlatform::Trying to set the existing hwdb with name ip_design_wrapper_0
TRACE::2026-09-30.20:37:09::SCWPlatform::Opened existing hwdb ip_design_wrapper_0
TRACE::2026-09-30.20:37:09::SCWPlatform::Found the Hw Db part of the input DSA
TRACE::2026-09-30.20:37:09::SCWMssOS::Checking the sw design at  /home/user/Desktop/lab_4/Vitis/ip_design_wrapper/zynq_fsbl/zynq_fsbl_bsp/system.mss
TRACE::2026-09-30.20:37:09::SCWMssOS::DEBUG:  swdes dump  /home/user/Desktop/lab_4/Vitis/ip_design_wrapper/ps7_cortexa9_0/standalone_ps7_cortexa9_0/bsp/system.mss|system_0||
/home/user/Desktop/lab_4/Vitis/ip_design_wrapper/zynq_fsbl/zynq_fsbl_bsp/system.mss|system||

TRACE::2026-09-30.20:37:09::SCWMssOS::Sw design exists and opened at  /home/user/Desktop/lab_4/Vitis/ip_design_wrapper/zynq_fsbl/zynq_fsbl_bsp/system.mss
TRACE::2026-09-30.20:37:09::SCWMssOS::Removing the swdes entry for  /home/user/Desktop/lab_4/Vitis/ip_design_wrapper/zynq_fsbl/zynq_fsbl_bsp/system.mss
TRACE::2026-09-30.20:37:09::SCWPlatform::Trying to open the hw design at /home/user/Desktop/lab_4/Vitis/ip_design_wrapper/hw/ip_design_wrapper.xsa
TRACE::2026-09-30.20:37:09::SCWPlatform::DSA given /home/user/Desktop/lab_4/Vitis/ip_design_wrapper/hw/ip_design_wrapper.xsa
TRACE::2026-09-30.20:37:09::SCWPlatform::DSA absoulate path /home/user/Desktop/lab_4/Vitis/ip_design_wrapper/hw/ip_design_wrapper.xsa
TRACE::2026-09-30.20:37:09::SCWPlatform::DSA directory /home/user/Desktop/lab_4/Vitis/ip_design_wrapper/hw
TRACE::2026-09-30.20:37:09::SCWPlatform:: Platform Path /home/user/Desktop/lab_4/Vitis/ip_design_wrapper/hw/ip_design_wrapper.xsa
TRACE::2026-09-30.20:37:09::SCWPlatform:: Unique name xilinx:zybo::0.0
TRACE::2026-09-30.20:37:09::SCWPlatform::Trying to set the existing hwdb with name ip_design_wrapper_0
TRACE::2026-09-30.20:37:09::SCWPlatform::Opened existing hwdb ip_design_wrapper_0
TRACE::2026-09-30.20:37:09::SCWPlatform::Found the Hw Db part of the input DSA
TRACE::2026-09-30.20:37:09::SCWMssOS::Checking the sw design at  /home/user/Desktop/lab_4/Vitis/ip_design_wrapper/ps7_cortexa9_0/standalone_ps7_cortexa9_0/bsp/system.mss
TRACE::2026-09-30.20:37:09::SCWMssOS::DEBUG:  swdes dump  /home/user/Desktop/lab_4/Vitis/ip_design_wrapper/ps7_cortexa9_0/standalone_ps7_cortexa9_0/bsp/system.mss|system_0||

TRACE::2026-09-30.20:37:09::SCWMssOS::Sw design exists and opened at  /home/user/Desktop/lab_4/Vitis/ip_design_wrapper/ps7_cortexa9_0/standalone_ps7_cortexa9_0/bsp/system.mss
TRACE::2026-09-30.20:37:09::SCWMssOS::Saving the mss changes /home/user/Desktop/lab_4/Vitis/ip_design_wrapper/zynq_fsbl/zynq_fsbl_bsp/system.mss
TRACE::2026-09-30.20:37:09::SCWMssOS::Adding the swdes entry, mss present, able to open swdb /home/user/Desktop/lab_4/Vitis/ip_design_wrapper/zynq_fsbl/zynq_fsbl_bsp/system.mss with des name system
TRACE::2026-09-30.20:37:09::SCWMssOS::Writing the mss file completed /home/user/Desktop/lab_4/Vitis/ip_design_wrapper/zynq_fsbl/zynq_fsbl_bsp/system.mss
TRACE::2026-09-30.20:37:09::SCWMssOS::Commit changes completed.
TRACE::2026-09-30.20:37:09::SCWMssOS::Saving the mss changes /home/user/Desktop/lab_4/Vitis/ip_design_wrapper/ps7_cortexa9_0/standalone_ps7_cortexa9_0/bsp/system.mss
TRACE::2026-09-30.20:37:09::SCWMssOS::Found a swdesign opened with the mssfile.
TRACE::2026-09-30.20:37:09::SCWMssOS::Completed writemss as part of save.
TRACE::2026-09-30.20:37:09::SCWMssOS::Commit changes completed.
TRACE::2026-09-30.20:37:09::SCWPlatform::Trying to open the hw design at /home/user/Desktop/lab_4/Vitis/ip_design_wrapper/hw/ip_design_wrapper.xsa
TRACE::2026-09-30.20:37:09::SCWPlatform::DSA given /home/user/Desktop/lab_4/Vitis/ip_design_wrapper/hw/ip_design_wrapper.xsa
TRACE::2026-09-30.20:37:09::SCWPlatform::DSA absoulate path /home/user/Desktop/lab_4/Vitis/ip_design_wrapper/hw/ip_design_wrapper.xsa
TRACE::2026-09-30.20:37:09::SCWPlatform::DSA directory /home/user/Desktop/lab_4/Vitis/ip_design_wrapper/hw
TRACE::2026-09-30.20:37:09::SCWPlatform:: Platform Path /home/user/Desktop/lab_4/Vitis/ip_design_wrapper/hw/ip_design_wrapper.xsa
TRACE::2026-09-30.20:37:09::SCWPlatform:: Unique name xilinx:zybo::0.0
TRACE::2026-09-30.20:37:09::SCWPlatform::Trying to set the existing hwdb with name ip_design_wrapper_0
TRACE::2026-09-30.20:37:09::SCWPlatform::Opened existing hwdb ip_design_wrapper_0
TRACE::2026-09-30.20:37:09::SCWPlatform::Found the Hw Db part of the input DSA
TRACE::2026-09-30.20:37:09::SCWMssOS::Checking the sw design at  /home/user/Desktop/lab_4/Vitis/ip_design_wrapper/zynq_fsbl/zynq_fsbl_bsp/system.mss
TRACE::2026-09-30.20:37:09::SCWMssOS::DEBUG:  swdes dump  /home/user/Desktop/lab_4/Vitis/ip_design_wrapper/ps7_cortexa9_0/standalone_ps7_cortexa9_0/bsp/system.mss|system_0||
/home/user/Desktop/lab_4/Vitis/ip_design_wrapper/zynq_fsbl/zynq_fsbl_bsp/system.mss|system||

TRACE::2026-09-30.20:37:09::SCWMssOS::Sw design exists and opened at  /home/user/Desktop/lab_4/Vitis/ip_design_wrapper/zynq_fsbl/zynq_fsbl_bsp/system.mss
TRACE::2026-09-30.20:37:09::SCWPlatform::Trying to open the hw design at /home/user/Desktop/lab_4/Vitis/ip_design_wrapper/hw/ip_design_wrapper.xsa
TRACE::2026-09-30.20:37:09::SCWPlatform::DSA given /home/user/Desktop/lab_4/Vitis/ip_design_wrapper/hw/ip_design_wrapper.xsa
TRACE::2026-09-30.20:37:09::SCWPlatform::DSA absoulate path /home/user/Desktop/lab_4/Vitis/ip_design_wrapper/hw/ip_design_wrapper.xsa
TRACE::2026-09-30.20:37:09::SCWPlatform::DSA directory /home/user/Desktop/lab_4/Vitis/ip_design_wrapper/hw
TRACE::2026-09-30.20:37:09::SCWPlatform:: Platform Path /home/user/Desktop/lab_4/Vitis/ip_design_wrapper/hw/ip_design_wrapper.xsa
TRACE::2026-09-30.20:37:09::SCWPlatform:: Unique name xilinx:zybo::0.0
TRACE::2026-09-30.20:37:09::SCWPlatform::Trying to set the existing hwdb with name ip_design_wrapper_0
TRACE::2026-09-30.20:37:09::SCWPlatform::Opened existing hwdb ip_design_wrapper_0
TRACE::2026-09-30.20:37:09::SCWPlatform::Found the Hw Db part of the input DSA
TRACE::2026-09-30.20:37:09::SCWMssOS::Checking the sw design at  /home/user/Desktop/lab_4/Vitis/ip_design_wrapper/zynq_fsbl/zynq_fsbl_bsp/system.mss
TRACE::2026-09-30.20:37:09::SCWMssOS::DEBUG:  swdes dump  /home/user/Desktop/lab_4/Vitis/ip_design_wrapper/ps7_cortexa9_0/standalone_ps7_cortexa9_0/bsp/system.mss|system_0||
/home/user/Desktop/lab_4/Vitis/ip_design_wrapper/zynq_fsbl/zynq_fsbl_bsp/system.mss|system||

TRACE::2026-09-30.20:37:09::SCWMssOS::Sw design exists and opened at  /home/user/Desktop/lab_4/Vitis/ip_design_wrapper/zynq_fsbl/zynq_fsbl_bsp/system.mss
TRACE::2026-09-30.20:37:09::SCWPlatform::Trying to open the hw design at /home/user/Desktop/lab_4/Vitis/ip_design_wrapper/hw/ip_design_wrapper.xsa
TRACE::2026-09-30.20:37:09::SCWPlatform::DSA given /home/user/Desktop/lab_4/Vitis/ip_design_wrapper/hw/ip_design_wrapper.xsa
TRACE::2026-09-30.20:37:09::SCWPlatform::DSA absoulate path /home/user/Desktop/lab_4/Vitis/ip_design_wrapper/hw/ip_design_wrapper.xsa
TRACE::2026-09-30.20:37:09::SCWPlatform::DSA directory /home/user/Desktop/lab_4/Vitis/ip_design_wrapper/hw
TRACE::2026-09-30.20:37:09::SCWPlatform:: Platform Path /home/user/Desktop/lab_4/Vitis/ip_design_wrapper/hw/ip_design_wrapper.xsa
TRACE::2026-09-30.20:37:09::SCWPlatform:: Unique name xilinx:zybo::0.0
TRACE::2026-09-30.20:37:09::SCWPlatform::Trying to set the existing hwdb with name ip_design_wrapper_0
TRACE::2026-09-30.20:37:09::SCWPlatform::Opened existing hwdb ip_design_wrapper_0
TRACE::2026-09-30.20:37:09::SCWPlatform::Found the Hw Db part of the input DSA
TRACE::2026-09-30.20:37:09::SCWMssOS::Checking the sw design at  /home/user/Desktop/lab_4/Vitis/ip_design_wrapper/zynq_fsbl/zynq_fsbl_bsp/system.mss
TRACE::2026-09-30.20:37:09::SCWMssOS::DEBUG:  swdes dump  /home/user/Desktop/lab_4/Vitis/ip_design_wrapper/ps7_cortexa9_0/standalone_ps7_cortexa9_0/bsp/system.mss|system_0||
/home/user/Desktop/lab_4/Vitis/ip_design_wrapper/zynq_fsbl/zynq_fsbl_bsp/system.mss|system||

TRACE::2026-09-30.20:37:09::SCWMssOS::Sw design exists and opened at  /home/user/Desktop/lab_4/Vitis/ip_design_wrapper/zynq_fsbl/zynq_fsbl_bsp/system.mss
TRACE::2026-09-30.20:37:09::SCWPlatform::Trying to open the hw design at /home/user/Desktop/lab_4/Vitis/ip_design_wrapper/hw/ip_design_wrapper.xsa
TRACE::2026-09-30.20:37:09::SCWPlatform::DSA given /home/user/Desktop/lab_4/Vitis/ip_design_wrapper/hw/ip_design_wrapper.xsa
TRACE::2026-09-30.20:37:09::SCWPlatform::DSA absoulate path /home/user/Desktop/lab_4/Vitis/ip_design_wrapper/hw/ip_design_wrapper.xsa
TRACE::2026-09-30.20:37:09::SCWPlatform::DSA directory /home/user/Desktop/lab_4/Vitis/ip_design_wrapper/hw
TRACE::2026-09-30.20:37:09::SCWPlatform:: Platform Path /home/user/Desktop/lab_4/Vitis/ip_design_wrapper/hw/ip_design_wrapper.xsa
TRACE::2026-09-30.20:37:09::SCWPlatform:: Unique name xilinx:zybo::0.0
TRACE::2026-09-30.20:37:09::SCWPlatform::Trying to set the existing hwdb with name ip_design_wrapper_0
TRACE::2026-09-30.20:37:09::SCWPlatform::Opened existing hwdb ip_design_wrapper_0
TRACE::2026-09-30.20:37:09::SCWPlatform::Found the Hw Db part of the input DSA
TRACE::2026-09-30.20:37:09::SCWMssOS::Checking the sw design at  /home/user/Desktop/lab_4/Vitis/ip_design_wrapper/ps7_cortexa9_0/standalone_ps7_cortexa9_0/bsp/system.mss
TRACE::2026-09-30.20:37:09::SCWMssOS::DEBUG:  swdes dump  /home/user/Desktop/lab_4/Vitis/ip_design_wrapper/ps7_cortexa9_0/standalone_ps7_cortexa9_0/bsp/system.mss|system_0||
/home/user/Desktop/lab_4/Vitis/ip_design_wrapper/zynq_fsbl/zynq_fsbl_bsp/system.mss|system||

TRACE::2026-09-30.20:37:09::SCWMssOS::Sw design exists and opened at  /home/user/Desktop/lab_4/Vitis/ip_design_wrapper/ps7_cortexa9_0/standalone_ps7_cortexa9_0/bsp/system.mss
TRACE::2026-09-30.20:37:09::SCWPlatform::Trying to open the hw design at /home/user/Desktop/lab_4/Vitis/ip_design_wrapper/hw/ip_design_wrapper.xsa
TRACE::2026-09-30.20:37:09::SCWPlatform::DSA given /home/user/Desktop/lab_4/Vitis/ip_design_wrapper/hw/ip_design_wrapper.xsa
TRACE::2026-09-30.20:37:09::SCWPlatform::DSA absoulate path /home/user/Desktop/lab_4/Vitis/ip_design_wrapper/hw/ip_design_wrapper.xsa
TRACE::2026-09-30.20:37:09::SCWPlatform::DSA directory /home/user/Desktop/lab_4/Vitis/ip_design_wrapper/hw
TRACE::2026-09-30.20:37:09::SCWPlatform:: Platform Path /home/user/Desktop/lab_4/Vitis/ip_design_wrapper/hw/ip_design_wrapper.xsa
TRACE::2026-09-30.20:37:09::SCWPlatform:: Unique name xilinx:zybo::0.0
TRACE::2026-09-30.20:37:09::SCWPlatform::Trying to set the existing hwdb with name ip_design_wrapper_0
TRACE::2026-09-30.20:37:09::SCWPlatform::Opened existing hwdb ip_design_wrapper_0
TRACE::2026-09-30.20:37:09::SCWPlatform::Found the Hw Db part of the input DSA
TRACE::2026-09-30.20:37:09::SCWMssOS::Checking the sw design at  /home/user/Desktop/lab_4/Vitis/ip_design_wrapper/ps7_cortexa9_0/standalone_ps7_cortexa9_0/bsp/system.mss
TRACE::2026-09-30.20:37:09::SCWMssOS::DEBUG:  swdes dump  /home/user/Desktop/lab_4/Vitis/ip_design_wrapper/ps7_cortexa9_0/standalone_ps7_cortexa9_0/bsp/system.mss|system_0||
/home/user/Desktop/lab_4/Vitis/ip_design_wrapper/zynq_fsbl/zynq_fsbl_bsp/system.mss|system||

TRACE::2026-09-30.20:37:09::SCWMssOS::Sw design exists and opened at  /home/user/Desktop/lab_4/Vitis/ip_design_wrapper/ps7_cortexa9_0/standalone_ps7_cortexa9_0/bsp/system.mss
TRACE::2026-09-30.20:37:09::SCWPlatform::Trying to open the hw design at /home/user/Desktop/lab_4/Vitis/ip_design_wrapper/hw/ip_design_wrapper.xsa
TRACE::2026-09-30.20:37:09::SCWPlatform::DSA given /home/user/Desktop/lab_4/Vitis/ip_design_wrapper/hw/ip_design_wrapper.xsa
TRACE::2026-09-30.20:37:09::SCWPlatform::DSA absoulate path /home/user/Desktop/lab_4/Vitis/ip_design_wrapper/hw/ip_design_wrapper.xsa
TRACE::2026-09-30.20:37:09::SCWPlatform::DSA directory /home/user/Desktop/lab_4/Vitis/ip_design_wrapper/hw
TRACE::2026-09-30.20:37:09::SCWPlatform:: Platform Path /home/user/Desktop/lab_4/Vitis/ip_design_wrapper/hw/ip_design_wrapper.xsa
TRACE::2026-09-30.20:37:09::SCWPlatform:: Unique name xilinx:zybo::0.0
TRACE::2026-09-30.20:37:09::SCWPlatform::Trying to set the existing hwdb with name ip_design_wrapper_0
TRACE::2026-09-30.20:37:09::SCWPlatform::Opened existing hwdb ip_design_wrapper_0
TRACE::2026-09-30.20:37:09::SCWPlatform::Found the Hw Db part of the input DSA
TRACE::2026-09-30.20:37:09::SCWMssOS::Checking the sw design at  /home/user/Desktop/lab_4/Vitis/ip_design_wrapper/ps7_cortexa9_0/standalone_ps7_cortexa9_0/bsp/system.mss
TRACE::2026-09-30.20:37:09::SCWMssOS::DEBUG:  swdes dump  /home/user/Desktop/lab_4/Vitis/ip_design_wrapper/ps7_cortexa9_0/standalone_ps7_cortexa9_0/bsp/system.mss|system_0||
/home/user/Desktop/lab_4/Vitis/ip_design_wrapper/zynq_fsbl/zynq_fsbl_bsp/system.mss|system||

TRACE::2026-09-30.20:37:09::SCWMssOS::Sw design exists and opened at  /home/user/Desktop/lab_4/Vitis/ip_design_wrapper/ps7_cortexa9_0/standalone_ps7_cortexa9_0/bsp/system.mss
TRACE::2026-09-30.20:37:09::SCWWriter::formatted JSON is {
	"platformName":	"ip_design_wrapper",
	"sprVersion":	"2.0",
	"mode":	"gui",
	"dsaType":	"Fixed",
	"platformDesc":	"ip_design_wrapper",
	"platHandOff":	"/home/user/Desktop/lab_4/ip_design_wrapper.xsa",
	"platIntHandOff":	"<platformDir>/hw/ip_design_wrapper.xsa",
	"deviceType":	"zynq",
	"platIsPrebuiltAutogen":	"false",
	"platIsNoBootBsp":	"false",
	"platFsblTarget":	"ps7_cortexa9_0",
	"hasFsblMakeHasChanges":	"false",
	"hasPmufwMakeHasChanges":	"false",
	"fsblExtraCompilerFlags":	"-MMD -MP       -mcpu=cortex-a9 -mfpu=vfpv3 -mfloat-abi=hard ",
	"platPreBuiltFlag":	false,
	"platformSamplesDir":	"",
	"platActiveSys":	"ip_design_wrapper",
	"systems":	[{
			"systemName":	"ip_design_wrapper",
			"systemDesc":	"ip_design_wrapper",
			"sysIsBootAutoGen":	"true",
			"systemDispName":	"ip_design_wrapper",
			"sysActiveDom":	"standalone_ps7_cortexa9_0",
			"sysDefaultDom":	"standalone_ps7_cortexa9_0",
			"domains":	[{
					"domainName":	"zynq_fsbl",
					"domainDispName":	"zynq_fsbl",
					"domainDesc":	"FSBL Application BSP - Auto Generated.",
					"processors":	"ps7_cortexa9_0",
					"os":	"standalone",
					"sdxOs":	"standalone",
					"debugEnable":	"",
					"domRuntimes":	["cpp"],
					"swRepo":	"",
					"mssOsVer":	"7.5",
					"mssFile":	"",
					"md5Digest":	"0b4110dadf6bf2cf2184a429495bcac1",
					"compatibleApp":	"zynq_fsbl",
					"domType":	"bootDomain",
					"arch":	"32-bit",
					"appSettings":	{
						"appCompilerFlags":	"",
						"appLinkerFlags":	""
					},
					"addedLibs":	["xilffs:4.5", "xilrsa:1.6"],
					"libOptions":	{
						"libsContainingOptions":	[]
					},
					"prebuiltLibs":	{
						"prebuiltIncPath":	[],
						"prebuiltLibPath":	[]
					},
					"isolation":	{
					}
				}, {
					"domainName":	"standalone_ps7_cortexa9_0",
					"domainDispName":	"standalone_ps7_cortexa9_0",
					"domainDesc":	"standalone_ps7_cortexa9_0",
					"processors":	"ps7_cortexa9_0",
					"os":	"standalone",
					"sdxOs":	"standalone",
					"qemuArgs":	"/home/software/Xilinx/Vitis/2021.1/data/emulation/platforms/zynq/sw/a9_standalone/qemu/qemu_args.txt",
					"qemuData":	"/home/software/Xilinx/Vitis/2021.1/data/emulation/platforms/zynq/sw/a9_standalone/qemu/",
					"debugEnable":	"False",
					"domRuntimes":	["cpp"],
					"swRepo":	"",
					"mssOsVer":	"7.5",
					"mssFile":	"",
					"md5Digest":	"af18c0ac05d35f30b1f9394671347902",
					"compatibleApp":	"empty_application",
					"domType":	"mssDomain",
					"arch":	"32-bit",
					"appSettings":	{
						"appCompilerFlags":	"",
						"appLinkerFlags":	""
					},
					"addedLibs":	[],
					"libOptions":	{
						"libsContainingOptions":	[]
					},
					"prebuiltLibs":	{
						"prebuiltIncPath":	[],
						"prebuiltLibPath":	[]
					},
					"isolation":	{
					}
				}]
		}]
}
TRACE::2026-09-30.20:37:09::SCWMssOS::Saving the mss changes /home/user/Desktop/lab_4/Vitis/ip_design_wrapper/ps7_cortexa9_0/standalone_ps7_cortexa9_0/bsp/system.mss
TRACE::2026-09-30.20:37:09::SCWMssOS::Found a swdesign opened with the mssfile.
TRACE::2026-09-30.20:37:09::SCWMssOS::Completed writemss as part of save.
TRACE::2026-09-30.20:37:09::SCWMssOS::Commit changes completed.
TRACE::2026-09-30.20:37:09::SCWPlatform::Trying to open the hw design at /home/user/Desktop/lab_4/Vitis/ip_design_wrapper/hw/ip_design_wrapper.xsa
TRACE::2026-09-30.20:37:09::SCWPlatform::DSA given /home/user/Desktop/lab_4/Vitis/ip_design_wrapper/hw/ip_design_wrapper.xsa
TRACE::2026-09-30.20:37:09::SCWPlatform::DSA absoulate path /home/user/Desktop/lab_4/Vitis/ip_design_wrapper/hw/ip_design_wrapper.xsa
TRACE::2026-09-30.20:37:09::SCWPlatform::DSA directory /home/user/Desktop/lab_4/Vitis/ip_design_wrapper/hw
TRACE::2026-09-30.20:37:09::SCWPlatform:: Platform Path /home/user/Desktop/lab_4/Vitis/ip_design_wrapper/hw/ip_design_wrapper.xsa
TRACE::2026-09-30.20:37:09::SCWPlatform:: Unique name xilinx:zybo::0.0
TRACE::2026-09-30.20:37:09::SCWPlatform::Trying to set the existing hwdb with name ip_design_wrapper_0
TRACE::2026-09-30.20:37:09::SCWPlatform::Opened existing hwdb ip_design_wrapper_0
TRACE::2026-09-30.20:37:09::SCWPlatform::Found the Hw Db part of the input DSA
TRACE::2026-09-30.20:37:09::SCWMssOS::Checking the sw design at  /home/user/Desktop/lab_4/Vitis/ip_design_wrapper/ps7_cortexa9_0/standalone_ps7_cortexa9_0/bsp/system.mss
TRACE::2026-09-30.20:37:09::SCWMssOS::DEBUG:  swdes dump  /home/user/Desktop/lab_4/Vitis/ip_design_wrapper/ps7_cortexa9_0/standalone_ps7_cortexa9_0/bsp/system.mss|system_0||
/home/user/Desktop/lab_4/Vitis/ip_design_wrapper/zynq_fsbl/zynq_fsbl_bsp/system.mss|system||

TRACE::2026-09-30.20:37:09::SCWMssOS::Sw design exists and opened at  /home/user/Desktop/lab_4/Vitis/ip_design_wrapper/ps7_cortexa9_0/standalone_ps7_cortexa9_0/bsp/system.mss
TRACE::2026-09-30.20:37:09::SCWMssOS::Removing the swdes entry for  /home/user/Desktop/lab_4/Vitis/ip_design_wrapper/ps7_cortexa9_0/standalone_ps7_cortexa9_0/bsp/system.mss
TRACE::2026-09-30.20:37:09::SCWPlatform::Trying to open the hw design at /home/user/Desktop/lab_4/Vitis/ip_design_wrapper/hw/ip_design_wrapper.xsa
TRACE::2026-09-30.20:37:09::SCWPlatform::DSA given /home/user/Desktop/lab_4/Vitis/ip_design_wrapper/hw/ip_design_wrapper.xsa
TRACE::2026-09-30.20:37:09::SCWPlatform::DSA absoulate path /home/user/Desktop/lab_4/Vitis/ip_design_wrapper/hw/ip_design_wrapper.xsa
TRACE::2026-09-30.20:37:09::SCWPlatform::DSA directory /home/user/Desktop/lab_4/Vitis/ip_design_wrapper/hw
TRACE::2026-09-30.20:37:09::SCWPlatform:: Platform Path /home/user/Desktop/lab_4/Vitis/ip_design_wrapper/hw/ip_design_wrapper.xsa
TRACE::2026-09-30.20:37:09::SCWPlatform:: Unique name xilinx:zybo::0.0
TRACE::2026-09-30.20:37:09::SCWPlatform::Trying to set the existing hwdb with name ip_design_wrapper_0
TRACE::2026-09-30.20:37:09::SCWPlatform::Opened existing hwdb ip_design_wrapper_0
TRACE::2026-09-30.20:37:09::SCWPlatform::Found the Hw Db part of the input DSA
TRACE::2026-09-30.20:37:09::SCWMssOS::Checking the sw design at  /home/user/Desktop/lab_4/Vitis/ip_design_wrapper/zynq_fsbl/zynq_fsbl_bsp/system.mss
TRACE::2026-09-30.20:37:09::SCWMssOS::DEBUG:  swdes dump  /home/user/Desktop/lab_4/Vitis/ip_design_wrapper/zynq_fsbl/zynq_fsbl_bsp/system.mss|system||

TRACE::2026-09-30.20:37:09::SCWMssOS::Sw design exists and opened at  /home/user/Desktop/lab_4/Vitis/ip_design_wrapper/zynq_fsbl/zynq_fsbl_bsp/system.mss
TRACE::2026-09-30.20:37:09::SCWMssOS::Saving the mss changes /home/user/Desktop/lab_4/Vitis/ip_design_wrapper/zynq_fsbl/zynq_fsbl_bsp/system.mss
TRACE::2026-09-30.20:37:09::SCWMssOS::Found a swdesign opened with the mssfile.
TRACE::2026-09-30.20:37:09::SCWMssOS::Completed writemss as part of save.
TRACE::2026-09-30.20:37:09::SCWMssOS::Commit changes completed.
TRACE::2026-09-30.20:37:09::SCWMssOS::Saving the mss changes /home/user/Desktop/lab_4/Vitis/ip_design_wrapper/ps7_cortexa9_0/standalone_ps7_cortexa9_0/bsp/system.mss
TRACE::2026-09-30.20:37:09::SCWMssOS::Adding the swdes entry, mss present, able to open swdb /home/user/Desktop/lab_4/Vitis/ip_design_wrapper/ps7_cortexa9_0/standalone_ps7_cortexa9_0/bsp/system.mss with des name system_0
TRACE::2026-09-30.20:37:09::SCWMssOS::Writing the mss file completed /home/user/Desktop/lab_4/Vitis/ip_design_wrapper/ps7_cortexa9_0/standalone_ps7_cortexa9_0/bsp/system.mss
TRACE::2026-09-30.20:37:09::SCWMssOS::Commit changes completed.
TRACE::2026-09-30.20:37:09::SCWPlatform::Trying to open the hw design at /home/user/Desktop/lab_4/Vitis/ip_design_wrapper/hw/ip_design_wrapper.xsa
TRACE::2026-09-30.20:37:09::SCWPlatform::DSA given /home/user/Desktop/lab_4/Vitis/ip_design_wrapper/hw/ip_design_wrapper.xsa
TRACE::2026-09-30.20:37:09::SCWPlatform::DSA absoulate path /home/user/Desktop/lab_4/Vitis/ip_design_wrapper/hw/ip_design_wrapper.xsa
TRACE::2026-09-30.20:37:09::SCWPlatform::DSA directory /home/user/Desktop/lab_4/Vitis/ip_design_wrapper/hw
TRACE::2026-09-30.20:37:09::SCWPlatform:: Platform Path /home/user/Desktop/lab_4/Vitis/ip_design_wrapper/hw/ip_design_wrapper.xsa
TRACE::2026-09-30.20:37:09::SCWPlatform:: Unique name xilinx:zybo::0.0
TRACE::2026-09-30.20:37:09::SCWPlatform::Trying to set the existing hwdb with name ip_design_wrapper_0
TRACE::2026-09-30.20:37:09::SCWPlatform::Opened existing hwdb ip_design_wrapper_0
TRACE::2026-09-30.20:37:09::SCWPlatform::Found the Hw Db part of the input DSA
TRACE::2026-09-30.20:37:09::SCWMssOS::Checking the sw design at  /home/user/Desktop/lab_4/Vitis/ip_design_wrapper/zynq_fsbl/zynq_fsbl_bsp/system.mss
TRACE::2026-09-30.20:37:09::SCWMssOS::DEBUG:  swdes dump  /home/user/Desktop/lab_4/Vitis/ip_design_wrapper/ps7_cortexa9_0/standalone_ps7_cortexa9_0/bsp/system.mss|system_0||
/home/user/Desktop/lab_4/Vitis/ip_design_wrapper/zynq_fsbl/zynq_fsbl_bsp/system.mss|system||

TRACE::2026-09-30.20:37:09::SCWMssOS::Sw design exists and opened at  /home/user/Desktop/lab_4/Vitis/ip_design_wrapper/zynq_fsbl/zynq_fsbl_bsp/system.mss
TRACE::2026-09-30.20:37:09::SCWPlatform::Trying to open the hw design at /home/user/Desktop/lab_4/Vitis/ip_design_wrapper/hw/ip_design_wrapper.xsa
TRACE::2026-09-30.20:37:09::SCWPlatform::DSA given /home/user/Desktop/lab_4/Vitis/ip_design_wrapper/hw/ip_design_wrapper.xsa
TRACE::2026-09-30.20:37:09::SCWPlatform::DSA absoulate path /home/user/Desktop/lab_4/Vitis/ip_design_wrapper/hw/ip_design_wrapper.xsa
TRACE::2026-09-30.20:37:09::SCWPlatform::DSA directory /home/user/Desktop/lab_4/Vitis/ip_design_wrapper/hw
TRACE::2026-09-30.20:37:09::SCWPlatform:: Platform Path /home/user/Desktop/lab_4/Vitis/ip_design_wrapper/hw/ip_design_wrapper.xsa
TRACE::2026-09-30.20:37:09::SCWPlatform:: Unique name xilinx:zybo::0.0
TRACE::2026-09-30.20:37:09::SCWPlatform::Trying to set the existing hwdb with name ip_design_wrapper_0
TRACE::2026-09-30.20:37:09::SCWPlatform::Opened existing hwdb ip_design_wrapper_0
TRACE::2026-09-30.20:37:09::SCWPlatform::Found the Hw Db part of the input DSA
TRACE::2026-09-30.20:37:09::SCWMssOS::Checking the sw design at  /home/user/Desktop/lab_4/Vitis/ip_design_wrapper/zynq_fsbl/zynq_fsbl_bsp/system.mss
TRACE::2026-09-30.20:37:09::SCWMssOS::DEBUG:  swdes dump  /home/user/Desktop/lab_4/Vitis/ip_design_wrapper/ps7_cortexa9_0/standalone_ps7_cortexa9_0/bsp/system.mss|system_0||
/home/user/Desktop/lab_4/Vitis/ip_design_wrapper/zynq_fsbl/zynq_fsbl_bsp/system.mss|system||

TRACE::2026-09-30.20:37:09::SCWMssOS::Sw design exists and opened at  /home/user/Desktop/lab_4/Vitis/ip_design_wrapper/zynq_fsbl/zynq_fsbl_bsp/system.mss
TRACE::2026-09-30.20:37:09::SCWPlatform::Trying to open the hw design at /home/user/Desktop/lab_4/Vitis/ip_design_wrapper/hw/ip_design_wrapper.xsa
TRACE::2026-09-30.20:37:09::SCWPlatform::DSA given /home/user/Desktop/lab_4/Vitis/ip_design_wrapper/hw/ip_design_wrapper.xsa
TRACE::2026-09-30.20:37:09::SCWPlatform::DSA absoulate path /home/user/Desktop/lab_4/Vitis/ip_design_wrapper/hw/ip_design_wrapper.xsa
TRACE::2026-09-30.20:37:09::SCWPlatform::DSA directory /home/user/Desktop/lab_4/Vitis/ip_design_wrapper/hw
TRACE::2026-09-30.20:37:09::SCWPlatform:: Platform Path /home/user/Desktop/lab_4/Vitis/ip_design_wrapper/hw/ip_design_wrapper.xsa
TRACE::2026-09-30.20:37:09::SCWPlatform:: Unique name xilinx:zybo::0.0
TRACE::2026-09-30.20:37:09::SCWPlatform::Trying to set the existing hwdb with name ip_design_wrapper_0
TRACE::2026-09-30.20:37:09::SCWPlatform::Opened existing hwdb ip_design_wrapper_0
TRACE::2026-09-30.20:37:09::SCWPlatform::Found the Hw Db part of the input DSA
TRACE::2026-09-30.20:37:09::SCWMssOS::Checking the sw design at  /home/user/Desktop/lab_4/Vitis/ip_design_wrapper/zynq_fsbl/zynq_fsbl_bsp/system.mss
TRACE::2026-09-30.20:37:09::SCWMssOS::DEBUG:  swdes dump  /home/user/Desktop/lab_4/Vitis/ip_design_wrapper/ps7_cortexa9_0/standalone_ps7_cortexa9_0/bsp/system.mss|system_0||
/home/user/Desktop/lab_4/Vitis/ip_design_wrapper/zynq_fsbl/zynq_fsbl_bsp/system.mss|system||

TRACE::2026-09-30.20:37:09::SCWMssOS::Sw design exists and opened at  /home/user/Desktop/lab_4/Vitis/ip_design_wrapper/zynq_fsbl/zynq_fsbl_bsp/system.mss
TRACE::2026-09-30.20:37:09::SCWPlatform::Trying to open the hw design at /home/user/Desktop/lab_4/Vitis/ip_design_wrapper/hw/ip_design_wrapper.xsa
TRACE::2026-09-30.20:37:09::SCWPlatform::DSA given /home/user/Desktop/lab_4/Vitis/ip_design_wrapper/hw/ip_design_wrapper.xsa
TRACE::2026-09-30.20:37:09::SCWPlatform::DSA absoulate path /home/user/Desktop/lab_4/Vitis/ip_design_wrapper/hw/ip_design_wrapper.xsa
TRACE::2026-09-30.20:37:09::SCWPlatform::DSA directory /home/user/Desktop/lab_4/Vitis/ip_design_wrapper/hw
TRACE::2026-09-30.20:37:09::SCWPlatform:: Platform Path /home/user/Desktop/lab_4/Vitis/ip_design_wrapper/hw/ip_design_wrapper.xsa
TRACE::2026-09-30.20:37:09::SCWPlatform:: Unique name xilinx:zybo::0.0
TRACE::2026-09-30.20:37:09::SCWPlatform::Trying to set the existing hwdb with name ip_design_wrapper_0
TRACE::2026-09-30.20:37:09::SCWPlatform::Opened existing hwdb ip_design_wrapper_0
TRACE::2026-09-30.20:37:09::SCWPlatform::Found the Hw Db part of the input DSA
TRACE::2026-09-30.20:37:09::SCWMssOS::Checking the sw design at  /home/user/Desktop/lab_4/Vitis/ip_design_wrapper/ps7_cortexa9_0/standalone_ps7_cortexa9_0/bsp/system.mss
TRACE::2026-09-30.20:37:09::SCWMssOS::DEBUG:  swdes dump  /home/user/Desktop/lab_4/Vitis/ip_design_wrapper/ps7_cortexa9_0/standalone_ps7_cortexa9_0/bsp/system.mss|system_0||
/home/user/Desktop/lab_4/Vitis/ip_design_wrapper/zynq_fsbl/zynq_fsbl_bsp/system.mss|system||

TRACE::2026-09-30.20:37:09::SCWMssOS::Sw design exists and opened at  /home/user/Desktop/lab_4/Vitis/ip_design_wrapper/ps7_cortexa9_0/standalone_ps7_cortexa9_0/bsp/system.mss
TRACE::2026-09-30.20:37:09::SCWPlatform::Trying to open the hw design at /home/user/Desktop/lab_4/Vitis/ip_design_wrapper/hw/ip_design_wrapper.xsa
TRACE::2026-09-30.20:37:09::SCWPlatform::DSA given /home/user/Desktop/lab_4/Vitis/ip_design_wrapper/hw/ip_design_wrapper.xsa
TRACE::2026-09-30.20:37:09::SCWPlatform::DSA absoulate path /home/user/Desktop/lab_4/Vitis/ip_design_wrapper/hw/ip_design_wrapper.xsa
TRACE::2026-09-30.20:37:09::SCWPlatform::DSA directory /home/user/Desktop/lab_4/Vitis/ip_design_wrapper/hw
TRACE::2026-09-30.20:37:09::SCWPlatform:: Platform Path /home/user/Desktop/lab_4/Vitis/ip_design_wrapper/hw/ip_design_wrapper.xsa
TRACE::2026-09-30.20:37:09::SCWPlatform:: Unique name xilinx:zybo::0.0
TRACE::2026-09-30.20:37:09::SCWPlatform::Trying to set the existing hwdb with name ip_design_wrapper_0
TRACE::2026-09-30.20:37:09::SCWPlatform::Opened existing hwdb ip_design_wrapper_0
TRACE::2026-09-30.20:37:09::SCWPlatform::Found the Hw Db part of the input DSA
TRACE::2026-09-30.20:37:09::SCWMssOS::Checking the sw design at  /home/user/Desktop/lab_4/Vitis/ip_design_wrapper/ps7_cortexa9_0/standalone_ps7_cortexa9_0/bsp/system.mss
TRACE::2026-09-30.20:37:09::SCWMssOS::DEBUG:  swdes dump  /home/user/Desktop/lab_4/Vitis/ip_design_wrapper/ps7_cortexa9_0/standalone_ps7_cortexa9_0/bsp/system.mss|system_0||
/home/user/Desktop/lab_4/Vitis/ip_design_wrapper/zynq_fsbl/zynq_fsbl_bsp/system.mss|system||

TRACE::2026-09-30.20:37:09::SCWMssOS::Sw design exists and opened at  /home/user/Desktop/lab_4/Vitis/ip_design_wrapper/ps7_cortexa9_0/standalone_ps7_cortexa9_0/bsp/system.mss
TRACE::2026-09-30.20:37:09::SCWPlatform::Trying to open the hw design at /home/user/Desktop/lab_4/Vitis/ip_design_wrapper/hw/ip_design_wrapper.xsa
TRACE::2026-09-30.20:37:09::SCWPlatform::DSA given /home/user/Desktop/lab_4/Vitis/ip_design_wrapper/hw/ip_design_wrapper.xsa
TRACE::2026-09-30.20:37:09::SCWPlatform::DSA absoulate path /home/user/Desktop/lab_4/Vitis/ip_design_wrapper/hw/ip_design_wrapper.xsa
TRACE::2026-09-30.20:37:09::SCWPlatform::DSA directory /home/user/Desktop/lab_4/Vitis/ip_design_wrapper/hw
TRACE::2026-09-30.20:37:09::SCWPlatform:: Platform Path /home/user/Desktop/lab_4/Vitis/ip_design_wrapper/hw/ip_design_wrapper.xsa
TRACE::2026-09-30.20:37:09::SCWPlatform:: Unique name xilinx:zybo::0.0
TRACE::2026-09-30.20:37:09::SCWPlatform::Trying to set the existing hwdb with name ip_design_wrapper_0
TRACE::2026-09-30.20:37:09::SCWPlatform::Opened existing hwdb ip_design_wrapper_0
TRACE::2026-09-30.20:37:09::SCWPlatform::Found the Hw Db part of the input DSA
TRACE::2026-09-30.20:37:09::SCWMssOS::Checking the sw design at  /home/user/Desktop/lab_4/Vitis/ip_design_wrapper/ps7_cortexa9_0/standalone_ps7_cortexa9_0/bsp/system.mss
TRACE::2026-09-30.20:37:09::SCWMssOS::DEBUG:  swdes dump  /home/user/Desktop/lab_4/Vitis/ip_design_wrapper/ps7_cortexa9_0/standalone_ps7_cortexa9_0/bsp/system.mss|system_0||
/home/user/Desktop/lab_4/Vitis/ip_design_wrapper/zynq_fsbl/zynq_fsbl_bsp/system.mss|system||

TRACE::2026-09-30.20:37:09::SCWMssOS::Sw design exists and opened at  /home/user/Desktop/lab_4/Vitis/ip_design_wrapper/ps7_cortexa9_0/standalone_ps7_cortexa9_0/bsp/system.mss
TRACE::2026-09-30.20:37:09::SCWWriter::formatted JSON is {
	"platformName":	"ip_design_wrapper",
	"sprVersion":	"2.0",
	"mode":	"gui",
	"dsaType":	"Fixed",
	"platformDesc":	"ip_design_wrapper",
	"platHandOff":	"/home/user/Desktop/lab_4/ip_design_wrapper.xsa",
	"platIntHandOff":	"<platformDir>/hw/ip_design_wrapper.xsa",
	"deviceType":	"zynq",
	"platIsPrebuiltAutogen":	"false",
	"platIsNoBootBsp":	"false",
	"platFsblTarget":	"ps7_cortexa9_0",
	"hasFsblMakeHasChanges":	"false",
	"hasPmufwMakeHasChanges":	"false",
	"fsblExtraCompilerFlags":	"-MMD -MP       -mcpu=cortex-a9 -mfpu=vfpv3 -mfloat-abi=hard ",
	"platPreBuiltFlag":	false,
	"platformSamplesDir":	"",
	"platActiveSys":	"ip_design_wrapper",
	"systems":	[{
			"systemName":	"ip_design_wrapper",
			"systemDesc":	"ip_design_wrapper",
			"sysIsBootAutoGen":	"true",
			"systemDispName":	"ip_design_wrapper",
			"sysActiveDom":	"zynq_fsbl",
			"sysDefaultDom":	"standalone_ps7_cortexa9_0",
			"domains":	[{
					"domainName":	"zynq_fsbl",
					"domainDispName":	"zynq_fsbl",
					"domainDesc":	"FSBL Application BSP - Auto Generated.",
					"processors":	"ps7_cortexa9_0",
					"os":	"standalone",
					"sdxOs":	"standalone",
					"debugEnable":	"",
					"domRuntimes":	["cpp"],
					"swRepo":	"",
					"mssOsVer":	"7.5",
					"mssFile":	"",
					"md5Digest":	"0b4110dadf6bf2cf2184a429495bcac1",
					"compatibleApp":	"zynq_fsbl",
					"domType":	"bootDomain",
					"arch":	"32-bit",
					"appSettings":	{
						"appCompilerFlags":	"",
						"appLinkerFlags":	""
					},
					"addedLibs":	["xilffs:4.5", "xilrsa:1.6"],
					"libOptions":	{
						"libsContainingOptions":	[]
					},
					"prebuiltLibs":	{
						"prebuiltIncPath":	[],
						"prebuiltLibPath":	[]
					},
					"isolation":	{
					}
				}, {
					"domainName":	"standalone_ps7_cortexa9_0",
					"domainDispName":	"standalone_ps7_cortexa9_0",
					"domainDesc":	"standalone_ps7_cortexa9_0",
					"processors":	"ps7_cortexa9_0",
					"os":	"standalone",
					"sdxOs":	"standalone",
					"qemuArgs":	"/home/software/Xilinx/Vitis/2021.1/data/emulation/platforms/zynq/sw/a9_standalone/qemu/qemu_args.txt",
					"qemuData":	"/home/software/Xilinx/Vitis/2021.1/data/emulation/platforms/zynq/sw/a9_standalone/qemu/",
					"debugEnable":	"False",
					"domRuntimes":	["cpp"],
					"swRepo":	"",
					"mssOsVer":	"7.5",
					"mssFile":	"",
					"md5Digest":	"af18c0ac05d35f30b1f9394671347902",
					"compatibleApp":	"empty_application",
					"domType":	"mssDomain",
					"arch":	"32-bit",
					"appSettings":	{
						"appCompilerFlags":	"",
						"appLinkerFlags":	""
					},
					"addedLibs":	[],
					"libOptions":	{
						"libsContainingOptions":	[]
					},
					"prebuiltLibs":	{
						"prebuiltIncPath":	[],
						"prebuiltLibPath":	[]
					},
					"isolation":	{
					}
				}]
		}]
}
TRACE::2026-09-30.20:37:09::SCWMssOS::Saving the mss changes /home/user/Desktop/lab_4/Vitis/ip_design_wrapper/zynq_fsbl/zynq_fsbl_bsp/system.mss
TRACE::2026-09-30.20:37:09::SCWMssOS::Found a swdesign opened with the mssfile.
TRACE::2026-09-30.20:37:09::SCWMssOS::Completed writemss as part of save.
TRACE::2026-09-30.20:37:09::SCWMssOS::Commit changes completed.
TRACE::2026-09-30.20:37:09::SCWPlatform::Trying to open the hw design at /home/user/Desktop/lab_4/Vitis/ip_design_wrapper/hw/ip_design_wrapper.xsa
TRACE::2026-09-30.20:37:09::SCWPlatform::DSA given /home/user/Desktop/lab_4/Vitis/ip_design_wrapper/hw/ip_design_wrapper.xsa
TRACE::2026-09-30.20:37:09::SCWPlatform::DSA absoulate path /home/user/Desktop/lab_4/Vitis/ip_design_wrapper/hw/ip_design_wrapper.xsa
TRACE::2026-09-30.20:37:09::SCWPlatform::DSA directory /home/user/Desktop/lab_4/Vitis/ip_design_wrapper/hw
TRACE::2026-09-30.20:37:09::SCWPlatform:: Platform Path /home/user/Desktop/lab_4/Vitis/ip_design_wrapper/hw/ip_design_wrapper.xsa
TRACE::2026-09-30.20:37:09::SCWPlatform:: Unique name xilinx:zybo::0.0
TRACE::2026-09-30.20:37:09::SCWPlatform::Trying to set the existing hwdb with name ip_design_wrapper_0
TRACE::2026-09-30.20:37:09::SCWPlatform::Opened existing hwdb ip_design_wrapper_0
TRACE::2026-09-30.20:37:09::SCWPlatform::Found the Hw Db part of the input DSA
TRACE::2026-09-30.20:37:09::SCWMssOS::Checking the sw design at  /home/user/Desktop/lab_4/Vitis/ip_design_wrapper/zynq_fsbl/zynq_fsbl_bsp/system.mss
TRACE::2026-09-30.20:37:09::SCWMssOS::DEBUG:  swdes dump  /home/user/Desktop/lab_4/Vitis/ip_design_wrapper/ps7_cortexa9_0/standalone_ps7_cortexa9_0/bsp/system.mss|system_0||
/home/user/Desktop/lab_4/Vitis/ip_design_wrapper/zynq_fsbl/zynq_fsbl_bsp/system.mss|system||

TRACE::2026-09-30.20:37:09::SCWMssOS::Sw design exists and opened at  /home/user/Desktop/lab_4/Vitis/ip_design_wrapper/zynq_fsbl/zynq_fsbl_bsp/system.mss
TRACE::2026-09-30.20:37:09::SCWMssOS::Removing the swdes entry for  /home/user/Desktop/lab_4/Vitis/ip_design_wrapper/zynq_fsbl/zynq_fsbl_bsp/system.mss
TRACE::2026-09-30.20:37:09::SCWPlatform::Trying to open the hw design at /home/user/Desktop/lab_4/Vitis/ip_design_wrapper/hw/ip_design_wrapper.xsa
TRACE::2026-09-30.20:37:09::SCWPlatform::DSA given /home/user/Desktop/lab_4/Vitis/ip_design_wrapper/hw/ip_design_wrapper.xsa
TRACE::2026-09-30.20:37:09::SCWPlatform::DSA absoulate path /home/user/Desktop/lab_4/Vitis/ip_design_wrapper/hw/ip_design_wrapper.xsa
TRACE::2026-09-30.20:37:09::SCWPlatform::DSA directory /home/user/Desktop/lab_4/Vitis/ip_design_wrapper/hw
TRACE::2026-09-30.20:37:09::SCWPlatform:: Platform Path /home/user/Desktop/lab_4/Vitis/ip_design_wrapper/hw/ip_design_wrapper.xsa
TRACE::2026-09-30.20:37:09::SCWPlatform:: Unique name xilinx:zybo::0.0
TRACE::2026-09-30.20:37:09::SCWPlatform::Trying to set the existing hwdb with name ip_design_wrapper_0
TRACE::2026-09-30.20:37:09::SCWPlatform::Opened existing hwdb ip_design_wrapper_0
TRACE::2026-09-30.20:37:09::SCWPlatform::Found the Hw Db part of the input DSA
TRACE::2026-09-30.20:37:09::SCWMssOS::Checking the sw design at  /home/user/Desktop/lab_4/Vitis/ip_design_wrapper/ps7_cortexa9_0/standalone_ps7_cortexa9_0/bsp/system.mss
TRACE::2026-09-30.20:37:09::SCWMssOS::DEBUG:  swdes dump  /home/user/Desktop/lab_4/Vitis/ip_design_wrapper/ps7_cortexa9_0/standalone_ps7_cortexa9_0/bsp/system.mss|system_0||

TRACE::2026-09-30.20:37:09::SCWMssOS::Sw design exists and opened at  /home/user/Desktop/lab_4/Vitis/ip_design_wrapper/ps7_cortexa9_0/standalone_ps7_cortexa9_0/bsp/system.mss
TRACE::2026-09-30.20:37:09::SCWMssOS::Saving the mss changes /home/user/Desktop/lab_4/Vitis/ip_design_wrapper/zynq_fsbl/zynq_fsbl_bsp/system.mss
TRACE::2026-09-30.20:37:09::SCWMssOS::Adding the swdes entry, mss present, able to open swdb /home/user/Desktop/lab_4/Vitis/ip_design_wrapper/zynq_fsbl/zynq_fsbl_bsp/system.mss with des name system
TRACE::2026-09-30.20:37:09::SCWMssOS::Writing the mss file completed /home/user/Desktop/lab_4/Vitis/ip_design_wrapper/zynq_fsbl/zynq_fsbl_bsp/system.mss
TRACE::2026-09-30.20:37:09::SCWMssOS::Commit changes completed.
TRACE::2026-09-30.20:37:09::SCWMssOS::Saving the mss changes /home/user/Desktop/lab_4/Vitis/ip_design_wrapper/ps7_cortexa9_0/standalone_ps7_cortexa9_0/bsp/system.mss
TRACE::2026-09-30.20:37:09::SCWMssOS::Found a swdesign opened with the mssfile.
TRACE::2026-09-30.20:37:09::SCWMssOS::Completed writemss as part of save.
TRACE::2026-09-30.20:37:09::SCWMssOS::Commit changes completed.
TRACE::2026-09-30.20:37:09::SCWPlatform::Trying to open the hw design at /home/user/Desktop/lab_4/Vitis/ip_design_wrapper/hw/ip_design_wrapper.xsa
TRACE::2026-09-30.20:37:09::SCWPlatform::DSA given /home/user/Desktop/lab_4/Vitis/ip_design_wrapper/hw/ip_design_wrapper.xsa
TRACE::2026-09-30.20:37:09::SCWPlatform::DSA absoulate path /home/user/Desktop/lab_4/Vitis/ip_design_wrapper/hw/ip_design_wrapper.xsa
TRACE::2026-09-30.20:37:09::SCWPlatform::DSA directory /home/user/Desktop/lab_4/Vitis/ip_design_wrapper/hw
TRACE::2026-09-30.20:37:09::SCWPlatform:: Platform Path /home/user/Desktop/lab_4/Vitis/ip_design_wrapper/hw/ip_design_wrapper.xsa
TRACE::2026-09-30.20:37:09::SCWPlatform:: Unique name xilinx:zybo::0.0
TRACE::2026-09-30.20:37:09::SCWPlatform::Trying to set the existing hwdb with name ip_design_wrapper_0
TRACE::2026-09-30.20:37:09::SCWPlatform::Opened existing hwdb ip_design_wrapper_0
TRACE::2026-09-30.20:37:09::SCWPlatform::Found the Hw Db part of the input DSA
TRACE::2026-09-30.20:37:09::SCWMssOS::Checking the sw design at  /home/user/Desktop/lab_4/Vitis/ip_design_wrapper/zynq_fsbl/zynq_fsbl_bsp/system.mss
TRACE::2026-09-30.20:37:09::SCWMssOS::DEBUG:  swdes dump  /home/user/Desktop/lab_4/Vitis/ip_design_wrapper/ps7_cortexa9_0/standalone_ps7_cortexa9_0/bsp/system.mss|system_0||
/home/user/Desktop/lab_4/Vitis/ip_design_wrapper/zynq_fsbl/zynq_fsbl_bsp/system.mss|system||

TRACE::2026-09-30.20:37:09::SCWMssOS::Sw design exists and opened at  /home/user/Desktop/lab_4/Vitis/ip_design_wrapper/zynq_fsbl/zynq_fsbl_bsp/system.mss
TRACE::2026-09-30.20:37:09::SCWPlatform::Trying to open the hw design at /home/user/Desktop/lab_4/Vitis/ip_design_wrapper/hw/ip_design_wrapper.xsa
TRACE::2026-09-30.20:37:09::SCWPlatform::DSA given /home/user/Desktop/lab_4/Vitis/ip_design_wrapper/hw/ip_design_wrapper.xsa
TRACE::2026-09-30.20:37:09::SCWPlatform::DSA absoulate path /home/user/Desktop/lab_4/Vitis/ip_design_wrapper/hw/ip_design_wrapper.xsa
TRACE::2026-09-30.20:37:09::SCWPlatform::DSA directory /home/user/Desktop/lab_4/Vitis/ip_design_wrapper/hw
TRACE::2026-09-30.20:37:09::SCWPlatform:: Platform Path /home/user/Desktop/lab_4/Vitis/ip_design_wrapper/hw/ip_design_wrapper.xsa
TRACE::2026-09-30.20:37:09::SCWPlatform:: Unique name xilinx:zybo::0.0
TRACE::2026-09-30.20:37:09::SCWPlatform::Trying to set the existing hwdb with name ip_design_wrapper_0
TRACE::2026-09-30.20:37:09::SCWPlatform::Opened existing hwdb ip_design_wrapper_0
TRACE::2026-09-30.20:37:09::SCWPlatform::Found the Hw Db part of the input DSA
TRACE::2026-09-30.20:37:09::SCWMssOS::Checking the sw design at  /home/user/Desktop/lab_4/Vitis/ip_design_wrapper/zynq_fsbl/zynq_fsbl_bsp/system.mss
TRACE::2026-09-30.20:37:09::SCWMssOS::DEBUG:  swdes dump  /home/user/Desktop/lab_4/Vitis/ip_design_wrapper/ps7_cortexa9_0/standalone_ps7_cortexa9_0/bsp/system.mss|system_0||
/home/user/Desktop/lab_4/Vitis/ip_design_wrapper/zynq_fsbl/zynq_fsbl_bsp/system.mss|system||

TRACE::2026-09-30.20:37:09::SCWMssOS::Sw design exists and opened at  /home/user/Desktop/lab_4/Vitis/ip_design_wrapper/zynq_fsbl/zynq_fsbl_bsp/system.mss
TRACE::2026-09-30.20:37:09::SCWPlatform::Trying to open the hw design at /home/user/Desktop/lab_4/Vitis/ip_design_wrapper/hw/ip_design_wrapper.xsa
TRACE::2026-09-30.20:37:09::SCWPlatform::DSA given /home/user/Desktop/lab_4/Vitis/ip_design_wrapper/hw/ip_design_wrapper.xsa
TRACE::2026-09-30.20:37:09::SCWPlatform::DSA absoulate path /home/user/Desktop/lab_4/Vitis/ip_design_wrapper/hw/ip_design_wrapper.xsa
TRACE::2026-09-30.20:37:09::SCWPlatform::DSA directory /home/user/Desktop/lab_4/Vitis/ip_design_wrapper/hw
TRACE::2026-09-30.20:37:09::SCWPlatform:: Platform Path /home/user/Desktop/lab_4/Vitis/ip_design_wrapper/hw/ip_design_wrapper.xsa
TRACE::2026-09-30.20:37:09::SCWPlatform:: Unique name xilinx:zybo::0.0
TRACE::2026-09-30.20:37:09::SCWPlatform::Trying to set the existing hwdb with name ip_design_wrapper_0
TRACE::2026-09-30.20:37:09::SCWPlatform::Opened existing hwdb ip_design_wrapper_0
TRACE::2026-09-30.20:37:09::SCWPlatform::Found the Hw Db part of the input DSA
TRACE::2026-09-30.20:37:09::SCWMssOS::Checking the sw design at  /home/user/Desktop/lab_4/Vitis/ip_design_wrapper/zynq_fsbl/zynq_fsbl_bsp/system.mss
TRACE::2026-09-30.20:37:09::SCWMssOS::DEBUG:  swdes dump  /home/user/Desktop/lab_4/Vitis/ip_design_wrapper/ps7_cortexa9_0/standalone_ps7_cortexa9_0/bsp/system.mss|system_0||
/home/user/Desktop/lab_4/Vitis/ip_design_wrapper/zynq_fsbl/zynq_fsbl_bsp/system.mss|system||

TRACE::2026-09-30.20:37:09::SCWMssOS::Sw design exists and opened at  /home/user/Desktop/lab_4/Vitis/ip_design_wrapper/zynq_fsbl/zynq_fsbl_bsp/system.mss
TRACE::2026-09-30.20:37:09::SCWPlatform::Trying to open the hw design at /home/user/Desktop/lab_4/Vitis/ip_design_wrapper/hw/ip_design_wrapper.xsa
TRACE::2026-09-30.20:37:09::SCWPlatform::DSA given /home/user/Desktop/lab_4/Vitis/ip_design_wrapper/hw/ip_design_wrapper.xsa
TRACE::2026-09-30.20:37:09::SCWPlatform::DSA absoulate path /home/user/Desktop/lab_4/Vitis/ip_design_wrapper/hw/ip_design_wrapper.xsa
TRACE::2026-09-30.20:37:09::SCWPlatform::DSA directory /home/user/Desktop/lab_4/Vitis/ip_design_wrapper/hw
TRACE::2026-09-30.20:37:09::SCWPlatform:: Platform Path /home/user/Desktop/lab_4/Vitis/ip_design_wrapper/hw/ip_design_wrapper.xsa
TRACE::2026-09-30.20:37:09::SCWPlatform:: Unique name xilinx:zybo::0.0
TRACE::2026-09-30.20:37:09::SCWPlatform::Trying to set the existing hwdb with name ip_design_wrapper_0
TRACE::2026-09-30.20:37:09::SCWPlatform::Opened existing hwdb ip_design_wrapper_0
TRACE::2026-09-30.20:37:09::SCWPlatform::Found the Hw Db part of the input DSA
TRACE::2026-09-30.20:37:09::SCWMssOS::Checking the sw design at  /home/user/Desktop/lab_4/Vitis/ip_design_wrapper/ps7_cortexa9_0/standalone_ps7_cortexa9_0/bsp/system.mss
TRACE::2026-09-30.20:37:09::SCWMssOS::DEBUG:  swdes dump  /home/user/Desktop/lab_4/Vitis/ip_design_wrapper/ps7_cortexa9_0/standalone_ps7_cortexa9_0/bsp/system.mss|system_0||
/home/user/Desktop/lab_4/Vitis/ip_design_wrapper/zynq_fsbl/zynq_fsbl_bsp/system.mss|system||

TRACE::2026-09-30.20:37:09::SCWMssOS::Sw design exists and opened at  /home/user/Desktop/lab_4/Vitis/ip_design_wrapper/ps7_cortexa9_0/standalone_ps7_cortexa9_0/bsp/system.mss
TRACE::2026-09-30.20:37:09::SCWPlatform::Trying to open the hw design at /home/user/Desktop/lab_4/Vitis/ip_design_wrapper/hw/ip_design_wrapper.xsa
TRACE::2026-09-30.20:37:09::SCWPlatform::DSA given /home/user/Desktop/lab_4/Vitis/ip_design_wrapper/hw/ip_design_wrapper.xsa
TRACE::2026-09-30.20:37:09::SCWPlatform::DSA absoulate path /home/user/Desktop/lab_4/Vitis/ip_design_wrapper/hw/ip_design_wrapper.xsa
TRACE::2026-09-30.20:37:09::SCWPlatform::DSA directory /home/user/Desktop/lab_4/Vitis/ip_design_wrapper/hw
TRACE::2026-09-30.20:37:09::SCWPlatform:: Platform Path /home/user/Desktop/lab_4/Vitis/ip_design_wrapper/hw/ip_design_wrapper.xsa
TRACE::2026-09-30.20:37:09::SCWPlatform:: Unique name xilinx:zybo::0.0
TRACE::2026-09-30.20:37:09::SCWPlatform::Trying to set the existing hwdb with name ip_design_wrapper_0
TRACE::2026-09-30.20:37:09::SCWPlatform::Opened existing hwdb ip_design_wrapper_0
TRACE::2026-09-30.20:37:09::SCWPlatform::Found the Hw Db part of the input DSA
TRACE::2026-09-30.20:37:09::SCWMssOS::Checking the sw design at  /home/user/Desktop/lab_4/Vitis/ip_design_wrapper/ps7_cortexa9_0/standalone_ps7_cortexa9_0/bsp/system.mss
TRACE::2026-09-30.20:37:09::SCWMssOS::DEBUG:  swdes dump  /home/user/Desktop/lab_4/Vitis/ip_design_wrapper/ps7_cortexa9_0/standalone_ps7_cortexa9_0/bsp/system.mss|system_0||
/home/user/Desktop/lab_4/Vitis/ip_design_wrapper/zynq_fsbl/zynq_fsbl_bsp/system.mss|system||

TRACE::2026-09-30.20:37:09::SCWMssOS::Sw design exists and opened at  /home/user/Desktop/lab_4/Vitis/ip_design_wrapper/ps7_cortexa9_0/standalone_ps7_cortexa9_0/bsp/system.mss
TRACE::2026-09-30.20:37:09::SCWPlatform::Trying to open the hw design at /home/user/Desktop/lab_4/Vitis/ip_design_wrapper/hw/ip_design_wrapper.xsa
TRACE::2026-09-30.20:37:09::SCWPlatform::DSA given /home/user/Desktop/lab_4/Vitis/ip_design_wrapper/hw/ip_design_wrapper.xsa
TRACE::2026-09-30.20:37:09::SCWPlatform::DSA absoulate path /home/user/Desktop/lab_4/Vitis/ip_design_wrapper/hw/ip_design_wrapper.xsa
TRACE::2026-09-30.20:37:09::SCWPlatform::DSA directory /home/user/Desktop/lab_4/Vitis/ip_design_wrapper/hw
TRACE::2026-09-30.20:37:09::SCWPlatform:: Platform Path /home/user/Desktop/lab_4/Vitis/ip_design_wrapper/hw/ip_design_wrapper.xsa
TRACE::2026-09-30.20:37:09::SCWPlatform:: Unique name xilinx:zybo::0.0
TRACE::2026-09-30.20:37:09::SCWPlatform::Trying to set the existing hwdb with name ip_design_wrapper_0
TRACE::2026-09-30.20:37:09::SCWPlatform::Opened existing hwdb ip_design_wrapper_0
TRACE::2026-09-30.20:37:09::SCWPlatform::Found the Hw Db part of the input DSA
TRACE::2026-09-30.20:37:09::SCWMssOS::Checking the sw design at  /home/user/Desktop/lab_4/Vitis/ip_design_wrapper/ps7_cortexa9_0/standalone_ps7_cortexa9_0/bsp/system.mss
TRACE::2026-09-30.20:37:09::SCWMssOS::DEBUG:  swdes dump  /home/user/Desktop/lab_4/Vitis/ip_design_wrapper/ps7_cortexa9_0/standalone_ps7_cortexa9_0/bsp/system.mss|system_0||
/home/user/Desktop/lab_4/Vitis/ip_design_wrapper/zynq_fsbl/zynq_fsbl_bsp/system.mss|system||

TRACE::2026-09-30.20:37:09::SCWMssOS::Sw design exists and opened at  /home/user/Desktop/lab_4/Vitis/ip_design_wrapper/ps7_cortexa9_0/standalone_ps7_cortexa9_0/bsp/system.mss
TRACE::2026-09-30.20:37:09::SCWWriter::formatted JSON is {
	"platformName":	"ip_design_wrapper",
	"sprVersion":	"2.0",
	"mode":	"gui",
	"dsaType":	"Fixed",
	"platformDesc":	"ip_design_wrapper",
	"platHandOff":	"/home/user/Desktop/lab_4/ip_design_wrapper.xsa",
	"platIntHandOff":	"<platformDir>/hw/ip_design_wrapper.xsa",
	"deviceType":	"zynq",
	"platIsPrebuiltAutogen":	"false",
	"platIsNoBootBsp":	"false",
	"platFsblTarget":	"ps7_cortexa9_0",
	"hasFsblMakeHasChanges":	"false",
	"hasPmufwMakeHasChanges":	"false",
	"fsblExtraCompilerFlags":	"-MMD -MP       -mcpu=cortex-a9 -mfpu=vfpv3 -mfloat-abi=hard ",
	"platPreBuiltFlag":	false,
	"platformSamplesDir":	"",
	"platActiveSys":	"ip_design_wrapper",
	"systems":	[{
			"systemName":	"ip_design_wrapper",
			"systemDesc":	"ip_design_wrapper",
			"sysIsBootAutoGen":	"true",
			"systemDispName":	"ip_design_wrapper",
			"sysActiveDom":	"standalone_ps7_cortexa9_0",
			"sysDefaultDom":	"standalone_ps7_cortexa9_0",
			"domains":	[{
					"domainName":	"zynq_fsbl",
					"domainDispName":	"zynq_fsbl",
					"domainDesc":	"FSBL Application BSP - Auto Generated.",
					"processors":	"ps7_cortexa9_0",
					"os":	"standalone",
					"sdxOs":	"standalone",
					"debugEnable":	"",
					"domRuntimes":	["cpp"],
					"swRepo":	"",
					"mssOsVer":	"7.5",
					"mssFile":	"",
					"md5Digest":	"0b4110dadf6bf2cf2184a429495bcac1",
					"compatibleApp":	"zynq_fsbl",
					"domType":	"bootDomain",
					"arch":	"32-bit",
					"appSettings":	{
						"appCompilerFlags":	"",
						"appLinkerFlags":	""
					},
					"addedLibs":	["xilffs:4.5", "xilrsa:1.6"],
					"libOptions":	{
						"libsContainingOptions":	[]
					},
					"prebuiltLibs":	{
						"prebuiltIncPath":	[],
						"prebuiltLibPath":	[]
					},
					"isolation":	{
					}
				}, {
					"domainName":	"standalone_ps7_cortexa9_0",
					"domainDispName":	"standalone_ps7_cortexa9_0",
					"domainDesc":	"standalone_ps7_cortexa9_0",
					"processors":	"ps7_cortexa9_0",
					"os":	"standalone",
					"sdxOs":	"standalone",
					"qemuArgs":	"/home/software/Xilinx/Vitis/2021.1/data/emulation/platforms/zynq/sw/a9_standalone/qemu/qemu_args.txt",
					"qemuData":	"/home/software/Xilinx/Vitis/2021.1/data/emulation/platforms/zynq/sw/a9_standalone/qemu/",
					"debugEnable":	"False",
					"domRuntimes":	["cpp"],
					"swRepo":	"",
					"mssOsVer":	"7.5",
					"mssFile":	"",
					"md5Digest":	"af18c0ac05d35f30b1f9394671347902",
					"compatibleApp":	"empty_application",
					"domType":	"mssDomain",
					"arch":	"32-bit",
					"appSettings":	{
						"appCompilerFlags":	"",
						"appLinkerFlags":	""
					},
					"addedLibs":	[],
					"libOptions":	{
						"libsContainingOptions":	[]
					},
					"prebuiltLibs":	{
						"prebuiltIncPath":	[],
						"prebuiltLibPath":	[]
					},
					"isolation":	{
					}
				}]
		}]
}
TRACE::2026-09-30.20:37:09::SCWMssOS::Saving the mss changes /home/user/Desktop/lab_4/Vitis/ip_design_wrapper/ps7_cortexa9_0/standalone_ps7_cortexa9_0/bsp/system.mss
TRACE::2026-09-30.20:37:09::SCWMssOS::Found a swdesign opened with the mssfile.
TRACE::2026-09-30.20:37:09::SCWMssOS::Completed writemss as part of save.
TRACE::2026-09-30.20:37:09::SCWMssOS::Commit changes completed.
TRACE::2026-09-30.20:37:09::SCWPlatform::Trying to open the hw design at /home/user/Desktop/lab_4/Vitis/ip_design_wrapper/hw/ip_design_wrapper.xsa
TRACE::2026-09-30.20:37:09::SCWPlatform::DSA given /home/user/Desktop/lab_4/Vitis/ip_design_wrapper/hw/ip_design_wrapper.xsa
TRACE::2026-09-30.20:37:09::SCWPlatform::DSA absoulate path /home/user/Desktop/lab_4/Vitis/ip_design_wrapper/hw/ip_design_wrapper.xsa
TRACE::2026-09-30.20:37:09::SCWPlatform::DSA directory /home/user/Desktop/lab_4/Vitis/ip_design_wrapper/hw
TRACE::2026-09-30.20:37:09::SCWPlatform:: Platform Path /home/user/Desktop/lab_4/Vitis/ip_design_wrapper/hw/ip_design_wrapper.xsa
TRACE::2026-09-30.20:37:09::SCWPlatform:: Unique name xilinx:zybo::0.0
TRACE::2026-09-30.20:37:09::SCWPlatform::Trying to set the existing hwdb with name ip_design_wrapper_0
TRACE::2026-09-30.20:37:09::SCWPlatform::Opened existing hwdb ip_design_wrapper_0
TRACE::2026-09-30.20:37:09::SCWPlatform::Found the Hw Db part of the input DSA
TRACE::2026-09-30.20:37:09::SCWMssOS::Checking the sw design at  /home/user/Desktop/lab_4/Vitis/ip_design_wrapper/ps7_cortexa9_0/standalone_ps7_cortexa9_0/bsp/system.mss
TRACE::2026-09-30.20:37:09::SCWMssOS::DEBUG:  swdes dump  /home/user/Desktop/lab_4/Vitis/ip_design_wrapper/ps7_cortexa9_0/standalone_ps7_cortexa9_0/bsp/system.mss|system_0||
/home/user/Desktop/lab_4/Vitis/ip_design_wrapper/zynq_fsbl/zynq_fsbl_bsp/system.mss|system||

TRACE::2026-09-30.20:37:09::SCWMssOS::Sw design exists and opened at  /home/user/Desktop/lab_4/Vitis/ip_design_wrapper/ps7_cortexa9_0/standalone_ps7_cortexa9_0/bsp/system.mss
TRACE::2026-09-30.20:37:09::SCWMssOS::Removing the swdes entry for  /home/user/Desktop/lab_4/Vitis/ip_design_wrapper/ps7_cortexa9_0/standalone_ps7_cortexa9_0/bsp/system.mss
TRACE::2026-09-30.20:37:46::SCWPlatform::Clearing the existing platform
TRACE::2026-09-30.20:37:46::SCWSystem::Clearing the existing sysconfig
TRACE::2026-09-30.20:37:46::SCWBDomain::clearing the fsbl build
TRACE::2026-09-30.20:37:46::SCWMssOS::Removing the swdes entry for  /home/user/Desktop/lab_4/Vitis/ip_design_wrapper/zynq_fsbl/zynq_fsbl_bsp/system.mss
TRACE::2026-09-30.20:37:46::SCWSystem::Clearing the domains completed.
TRACE::2026-09-30.20:37:46::SCWPlatform::Clearing the opened hw db.
TRACE::2026-09-30.20:37:46::SCWPlatform::DSA given /home/user/Desktop/lab_4/Vitis/ip_design_wrapper/hw/ip_design_wrapper.xsa
TRACE::2026-09-30.20:37:46::SCWPlatform::DSA absoulate path /home/user/Desktop/lab_4/Vitis/ip_design_wrapper/hw/ip_design_wrapper.xsa
TRACE::2026-09-30.20:37:46::SCWPlatform:: Platform location is /home/user/Desktop/lab_4/Vitis/ip_design_wrapper/hw
TRACE::2026-09-30.20:37:46::SCWPlatform:: Platform Path /home/user/Desktop/lab_4/Vitis/ip_design_wrapper/hw/ip_design_wrapper.xsa
TRACE::2026-09-30.20:37:46::SCWPlatform:: Unique name xilinx:zybo::0.0
TRACE::2026-09-30.20:37:46::SCWPlatform::Removing the HwDB with name /home/user/Desktop/lab_4/Vitis/ip_design_wrapper/hw/ip_design_wrapper.xsa
TRACE::2026-09-30.20:37:46::SCWPlatform::Trying to open the hw design at /home/user/Desktop/lab_4/Vitis/ip_design_wrapper/hw/ip_design_wrapper.xsa
TRACE::2026-09-30.20:37:46::SCWPlatform::DSA given /home/user/Desktop/lab_4/Vitis/ip_design_wrapper/hw/ip_design_wrapper.xsa
TRACE::2026-09-30.20:37:46::SCWPlatform::DSA absoulate path /home/user/Desktop/lab_4/Vitis/ip_design_wrapper/hw/ip_design_wrapper.xsa
TRACE::2026-09-30.20:37:46::SCWPlatform::DSA directory /home/user/Desktop/lab_4/Vitis/ip_design_wrapper/hw
TRACE::2026-09-30.20:37:46::SCWPlatform:: Platform Path /home/user/Desktop/lab_4/Vitis/ip_design_wrapper/hw/ip_design_wrapper.xsa
TRACE::2026-09-30.20:37:46::SCWPlatform:: Unique name xilinx:zybo::0.0
TRACE::2026-09-30.20:37:46::SCWPlatform::Do not have an existing db opened. 
TRACE::2026-09-30.20:37:48::SCWPlatform::Opened new HwDB with name ip_design_wrapper_2
TRACE::2026-09-30.20:37:48::SCWReader::Active system found as  ip_design_wrapper
TRACE::2026-09-30.20:37:48::SCWReader::Handling sysconfig ip_design_wrapper
TRACE::2026-09-30.20:37:48::SCWDomain::checking for install qemu data   : 
TRACE::2026-09-30.20:37:48::SCWDomain:: Using the QEMU Data from install at  : /home/software/Xilinx/Vitis/2021.1/data/emulation/platforms/zynq/sw/a9_standalone/qemu/
TRACE::2026-09-30.20:37:48::SCWDomain:: Using the QEMU args  from install at  : /home/software/Xilinx/Vitis/2021.1/data/emulation/platforms/zynq/sw/a9_standalone/qemu/qemu_args.txt
TRACE::2026-09-30.20:37:48::SCWPlatform::Trying to open the hw design at /home/user/Desktop/lab_4/Vitis/ip_design_wrapper/hw/ip_design_wrapper.xsa
TRACE::2026-09-30.20:37:48::SCWPlatform::DSA given /home/user/Desktop/lab_4/Vitis/ip_design_wrapper/hw/ip_design_wrapper.xsa
TRACE::2026-09-30.20:37:48::SCWPlatform::DSA absoulate path /home/user/Desktop/lab_4/Vitis/ip_design_wrapper/hw/ip_design_wrapper.xsa
TRACE::2026-09-30.20:37:48::SCWPlatform::DSA directory /home/user/Desktop/lab_4/Vitis/ip_design_wrapper/hw
TRACE::2026-09-30.20:37:48::SCWPlatform:: Platform Path /home/user/Desktop/lab_4/Vitis/ip_design_wrapper/hw/ip_design_wrapper.xsa
TRACE::2026-09-30.20:37:48::SCWPlatform:: Unique name xilinx:zybo::0.0
TRACE::2026-09-30.20:37:48::SCWPlatform::Trying to set the existing hwdb with name ip_design_wrapper_2
TRACE::2026-09-30.20:37:48::SCWPlatform::Opened existing hwdb ip_design_wrapper_2
TRACE::2026-09-30.20:37:48::SCWPlatform::Found the Hw Db part of the input DSA
TRACE::2026-09-30.20:37:48::SCWPlatform::Trying to open the hw design at /home/user/Desktop/lab_4/Vitis/ip_design_wrapper/hw/ip_design_wrapper.xsa
TRACE::2026-09-30.20:37:48::SCWPlatform::DSA given /home/user/Desktop/lab_4/Vitis/ip_design_wrapper/hw/ip_design_wrapper.xsa
TRACE::2026-09-30.20:37:48::SCWPlatform::DSA absoulate path /home/user/Desktop/lab_4/Vitis/ip_design_wrapper/hw/ip_design_wrapper.xsa
TRACE::2026-09-30.20:37:48::SCWPlatform::DSA directory /home/user/Desktop/lab_4/Vitis/ip_design_wrapper/hw
TRACE::2026-09-30.20:37:48::SCWPlatform:: Platform Path /home/user/Desktop/lab_4/Vitis/ip_design_wrapper/hw/ip_design_wrapper.xsa
TRACE::2026-09-30.20:37:48::SCWPlatform:: Unique name xilinx:zybo::0.0
TRACE::2026-09-30.20:37:48::SCWPlatform::Trying to set the existing hwdb with name ip_design_wrapper_2
TRACE::2026-09-30.20:37:48::SCWPlatform::Opened existing hwdb ip_design_wrapper_2
TRACE::2026-09-30.20:37:48::SCWPlatform::Found the Hw Db part of the input DSA
TRACE::2026-09-30.20:37:48::SCWPlatform::Trying to open the hw design at /home/user/Desktop/lab_4/Vitis/ip_design_wrapper/hw/ip_design_wrapper.xsa
TRACE::2026-09-30.20:37:48::SCWPlatform::DSA given /home/user/Desktop/lab_4/Vitis/ip_design_wrapper/hw/ip_design_wrapper.xsa
TRACE::2026-09-30.20:37:48::SCWPlatform::DSA absoulate path /home/user/Desktop/lab_4/Vitis/ip_design_wrapper/hw/ip_design_wrapper.xsa
TRACE::2026-09-30.20:37:48::SCWPlatform::DSA directory /home/user/Desktop/lab_4/Vitis/ip_design_wrapper/hw
TRACE::2026-09-30.20:37:48::SCWPlatform:: Platform Path /home/user/Desktop/lab_4/Vitis/ip_design_wrapper/hw/ip_design_wrapper.xsa
TRACE::2026-09-30.20:37:48::SCWPlatform:: Unique name xilinx:zybo::0.0
TRACE::2026-09-30.20:37:48::SCWPlatform::Trying to set the existing hwdb with name ip_design_wrapper_2
TRACE::2026-09-30.20:37:48::SCWPlatform::Opened existing hwdb ip_design_wrapper_2
TRACE::2026-09-30.20:37:48::SCWPlatform::Found the Hw Db part of the input DSA
TRACE::2026-09-30.20:37:48::SCWReader::Boot application domain added for zynq_fsbl
TRACE::2026-09-30.20:37:48::SCWPlatform::Trying to open the hw design at /home/user/Desktop/lab_4/Vitis/ip_design_wrapper/hw/ip_design_wrapper.xsa
TRACE::2026-09-30.20:37:48::SCWPlatform::DSA given /home/user/Desktop/lab_4/Vitis/ip_design_wrapper/hw/ip_design_wrapper.xsa
TRACE::2026-09-30.20:37:48::SCWPlatform::DSA absoulate path /home/user/Desktop/lab_4/Vitis/ip_design_wrapper/hw/ip_design_wrapper.xsa
TRACE::2026-09-30.20:37:48::SCWPlatform::DSA directory /home/user/Desktop/lab_4/Vitis/ip_design_wrapper/hw
TRACE::2026-09-30.20:37:48::SCWPlatform:: Platform Path /home/user/Desktop/lab_4/Vitis/ip_design_wrapper/hw/ip_design_wrapper.xsa
TRACE::2026-09-30.20:37:48::SCWPlatform:: Unique name xilinx:zybo::0.0
TRACE::2026-09-30.20:37:48::SCWPlatform::Trying to set the existing hwdb with name ip_design_wrapper_2
TRACE::2026-09-30.20:37:48::SCWPlatform::Opened existing hwdb ip_design_wrapper_2
TRACE::2026-09-30.20:37:48::SCWPlatform::Found the Hw Db part of the input DSA
TRACE::2026-09-30.20:37:48::SCWMssOS::Checking the sw design at  /home/user/Desktop/lab_4/Vitis/ip_design_wrapper/zynq_fsbl/zynq_fsbl_bsp/system.mss
TRACE::2026-09-30.20:37:48::SCWMssOS::DEBUG:  swdes dump  
TRACE::2026-09-30.20:37:48::SCWMssOS::No sw design opened at  /home/user/Desktop/lab_4/Vitis/ip_design_wrapper/zynq_fsbl/zynq_fsbl_bsp/system.mss
TRACE::2026-09-30.20:37:48::SCWMssOS::mss exists loading the mss file  /home/user/Desktop/lab_4/Vitis/ip_design_wrapper/zynq_fsbl/zynq_fsbl_bsp/system.mss
TRACE::2026-09-30.20:37:48::SCWMssOS::Opened the sw design from mss  /home/user/Desktop/lab_4/Vitis/ip_design_wrapper/zynq_fsbl/zynq_fsbl_bsp/system.mss
TRACE::2026-09-30.20:37:48::SCWMssOS::Adding the swdes entry /home/user/Desktop/lab_4/Vitis/ip_design_wrapper/zynq_fsbl/zynq_fsbl_bsp/system.mss with des name system
TRACE::2026-09-30.20:37:48::SCWMssOS::updating the scw layer about changes
TRACE::2026-09-30.20:37:48::SCWMssOS::Opened the sw design.  /home/user/Desktop/lab_4/Vitis/ip_design_wrapper/zynq_fsbl/zynq_fsbl_bsp/system.mss
TRACE::2026-09-30.20:37:48::SCWPlatform::Trying to open the hw design at /home/user/Desktop/lab_4/Vitis/ip_design_wrapper/hw/ip_design_wrapper.xsa
TRACE::2026-09-30.20:37:48::SCWPlatform::DSA given /home/user/Desktop/lab_4/Vitis/ip_design_wrapper/hw/ip_design_wrapper.xsa
TRACE::2026-09-30.20:37:48::SCWPlatform::DSA absoulate path /home/user/Desktop/lab_4/Vitis/ip_design_wrapper/hw/ip_design_wrapper.xsa
TRACE::2026-09-30.20:37:48::SCWPlatform::DSA directory /home/user/Desktop/lab_4/Vitis/ip_design_wrapper/hw
TRACE::2026-09-30.20:37:48::SCWPlatform:: Platform Path /home/user/Desktop/lab_4/Vitis/ip_design_wrapper/hw/ip_design_wrapper.xsa
TRACE::2026-09-30.20:37:48::SCWPlatform:: Unique name xilinx:zybo::0.0
TRACE::2026-09-30.20:37:48::SCWPlatform::Trying to set the existing hwdb with name ip_design_wrapper_2
TRACE::2026-09-30.20:37:48::SCWPlatform::Opened existing hwdb ip_design_wrapper_2
TRACE::2026-09-30.20:37:48::SCWPlatform::Found the Hw Db part of the input DSA
TRACE::2026-09-30.20:37:48::SCWMssOS::Checking the sw design at  /home/user/Desktop/lab_4/Vitis/ip_design_wrapper/zynq_fsbl/zynq_fsbl_bsp/system.mss
TRACE::2026-09-30.20:37:48::SCWMssOS::DEBUG:  swdes dump  /home/user/Desktop/lab_4/Vitis/ip_design_wrapper/zynq_fsbl/zynq_fsbl_bsp/system.mss|system||

TRACE::2026-09-30.20:37:48::SCWMssOS::Sw design exists and opened at  /home/user/Desktop/lab_4/Vitis/ip_design_wrapper/zynq_fsbl/zynq_fsbl_bsp/system.mss
TRACE::2026-09-30.20:37:48::SCWMssOS:: library already available in sw design:  xilffs:4.5
TRACE::2026-09-30.20:37:48::SCWPlatform::Trying to open the hw design at /home/user/Desktop/lab_4/Vitis/ip_design_wrapper/hw/ip_design_wrapper.xsa
TRACE::2026-09-30.20:37:48::SCWPlatform::DSA given /home/user/Desktop/lab_4/Vitis/ip_design_wrapper/hw/ip_design_wrapper.xsa
TRACE::2026-09-30.20:37:48::SCWPlatform::DSA absoulate path /home/user/Desktop/lab_4/Vitis/ip_design_wrapper/hw/ip_design_wrapper.xsa
TRACE::2026-09-30.20:37:48::SCWPlatform::DSA directory /home/user/Desktop/lab_4/Vitis/ip_design_wrapper/hw
TRACE::2026-09-30.20:37:48::SCWPlatform:: Platform Path /home/user/Desktop/lab_4/Vitis/ip_design_wrapper/hw/ip_design_wrapper.xsa
TRACE::2026-09-30.20:37:48::SCWPlatform:: Unique name xilinx:zybo::0.0
TRACE::2026-09-30.20:37:48::SCWPlatform::Trying to set the existing hwdb with name ip_design_wrapper_2
TRACE::2026-09-30.20:37:48::SCWPlatform::Opened existing hwdb ip_design_wrapper_2
TRACE::2026-09-30.20:37:48::SCWPlatform::Found the Hw Db part of the input DSA
TRACE::2026-09-30.20:37:48::SCWMssOS::Checking the sw design at  /home/user/Desktop/lab_4/Vitis/ip_design_wrapper/zynq_fsbl/zynq_fsbl_bsp/system.mss
TRACE::2026-09-30.20:37:48::SCWMssOS::DEBUG:  swdes dump  /home/user/Desktop/lab_4/Vitis/ip_design_wrapper/zynq_fsbl/zynq_fsbl_bsp/system.mss|system||

TRACE::2026-09-30.20:37:48::SCWMssOS::Sw design exists and opened at  /home/user/Desktop/lab_4/Vitis/ip_design_wrapper/zynq_fsbl/zynq_fsbl_bsp/system.mss
TRACE::2026-09-30.20:37:48::SCWMssOS:: library already available in sw design:  xilrsa:1.6
TRACE::2026-09-30.20:37:48::SCWMssOS::Saving the mss changes /home/user/Desktop/lab_4/Vitis/ip_design_wrapper/zynq_fsbl/zynq_fsbl_bsp/system.mss
TRACE::2026-09-30.20:37:48::SCWMssOS::Found a swdesign opened with the mssfile.
TRACE::2026-09-30.20:37:48::SCWMssOS::Completed writemss as part of save.
TRACE::2026-09-30.20:37:48::SCWMssOS::Commit changes completed.
TRACE::2026-09-30.20:37:48::SCWReader::Adding prebuilt librarypaths as   
TRACE::2026-09-30.20:37:48::SCWReader::Adding prebuilt incpaths  as   
TRACE::2026-09-30.20:37:48::SCWPlatform::Trying to open the hw design at /home/user/Desktop/lab_4/Vitis/ip_design_wrapper/hw/ip_design_wrapper.xsa
TRACE::2026-09-30.20:37:48::SCWPlatform::DSA given /home/user/Desktop/lab_4/Vitis/ip_design_wrapper/hw/ip_design_wrapper.xsa
TRACE::2026-09-30.20:37:48::SCWPlatform::DSA absoulate path /home/user/Desktop/lab_4/Vitis/ip_design_wrapper/hw/ip_design_wrapper.xsa
TRACE::2026-09-30.20:37:48::SCWPlatform::DSA directory /home/user/Desktop/lab_4/Vitis/ip_design_wrapper/hw
TRACE::2026-09-30.20:37:48::SCWPlatform:: Platform Path /home/user/Desktop/lab_4/Vitis/ip_design_wrapper/hw/ip_design_wrapper.xsa
TRACE::2026-09-30.20:37:48::SCWPlatform:: Unique name xilinx:zybo::0.0
TRACE::2026-09-30.20:37:48::SCWPlatform::Trying to set the existing hwdb with name ip_design_wrapper_2
TRACE::2026-09-30.20:37:48::SCWPlatform::Opened existing hwdb ip_design_wrapper_2
TRACE::2026-09-30.20:37:48::SCWPlatform::Found the Hw Db part of the input DSA
TRACE::2026-09-30.20:37:48::SCWMssOS::Checking the sw design at  /home/user/Desktop/lab_4/Vitis/ip_design_wrapper/zynq_fsbl/zynq_fsbl_bsp/system.mss
TRACE::2026-09-30.20:37:48::SCWMssOS::DEBUG:  swdes dump  /home/user/Desktop/lab_4/Vitis/ip_design_wrapper/zynq_fsbl/zynq_fsbl_bsp/system.mss|system||

TRACE::2026-09-30.20:37:48::SCWMssOS::Sw design exists and opened at  /home/user/Desktop/lab_4/Vitis/ip_design_wrapper/zynq_fsbl/zynq_fsbl_bsp/system.mss
TRACE::2026-09-30.20:37:48::SCWReader::No isolation master present  
TRACE::2026-09-30.20:37:48::SCWDomain::checking for install qemu data   : 
TRACE::2026-09-30.20:37:48::SCWDomain:: Using the QEMU Data from install at  : /home/software/Xilinx/Vitis/2021.1/data/emulation/platforms/zynq/sw/a9_standalone/qemu/
TRACE::2026-09-30.20:37:48::SCWDomain:: Using the QEMU args  from install at  : /home/software/Xilinx/Vitis/2021.1/data/emulation/platforms/zynq/sw/a9_standalone/qemu/qemu_args.txt
TRACE::2026-09-30.20:37:48::SCWPlatform::Trying to open the hw design at /home/user/Desktop/lab_4/Vitis/ip_design_wrapper/hw/ip_design_wrapper.xsa
TRACE::2026-09-30.20:37:48::SCWPlatform::DSA given /home/user/Desktop/lab_4/Vitis/ip_design_wrapper/hw/ip_design_wrapper.xsa
TRACE::2026-09-30.20:37:48::SCWPlatform::DSA absoulate path /home/user/Desktop/lab_4/Vitis/ip_design_wrapper/hw/ip_design_wrapper.xsa
TRACE::2026-09-30.20:37:48::SCWPlatform::DSA directory /home/user/Desktop/lab_4/Vitis/ip_design_wrapper/hw
TRACE::2026-09-30.20:37:48::SCWPlatform:: Platform Path /home/user/Desktop/lab_4/Vitis/ip_design_wrapper/hw/ip_design_wrapper.xsa
TRACE::2026-09-30.20:37:48::SCWPlatform:: Unique name xilinx:zybo::0.0
TRACE::2026-09-30.20:37:48::SCWPlatform::Trying to set the existing hwdb with name ip_design_wrapper_2
TRACE::2026-09-30.20:37:48::SCWPlatform::Opened existing hwdb ip_design_wrapper_2
TRACE::2026-09-30.20:37:48::SCWPlatform::Found the Hw Db part of the input DSA
TRACE::2026-09-30.20:37:48::SCWPlatform::Trying to open the hw design at /home/user/Desktop/lab_4/Vitis/ip_design_wrapper/hw/ip_design_wrapper.xsa
TRACE::2026-09-30.20:37:48::SCWPlatform::DSA given /home/user/Desktop/lab_4/Vitis/ip_design_wrapper/hw/ip_design_wrapper.xsa
TRACE::2026-09-30.20:37:48::SCWPlatform::DSA absoulate path /home/user/Desktop/lab_4/Vitis/ip_design_wrapper/hw/ip_design_wrapper.xsa
TRACE::2026-09-30.20:37:48::SCWPlatform::DSA directory /home/user/Desktop/lab_4/Vitis/ip_design_wrapper/hw
TRACE::2026-09-30.20:37:48::SCWPlatform:: Platform Path /home/user/Desktop/lab_4/Vitis/ip_design_wrapper/hw/ip_design_wrapper.xsa
TRACE::2026-09-30.20:37:48::SCWPlatform:: Unique name xilinx:zybo::0.0
TRACE::2026-09-30.20:37:48::SCWPlatform::Trying to set the existing hwdb with name ip_design_wrapper_2
TRACE::2026-09-30.20:37:48::SCWPlatform::Opened existing hwdb ip_design_wrapper_2
TRACE::2026-09-30.20:37:48::SCWPlatform::Found the Hw Db part of the input DSA
TRACE::2026-09-30.20:37:48::SCWPlatform::Trying to open the hw design at /home/user/Desktop/lab_4/Vitis/ip_design_wrapper/hw/ip_design_wrapper.xsa
TRACE::2026-09-30.20:37:48::SCWPlatform::DSA given /home/user/Desktop/lab_4/Vitis/ip_design_wrapper/hw/ip_design_wrapper.xsa
TRACE::2026-09-30.20:37:48::SCWPlatform::DSA absoulate path /home/user/Desktop/lab_4/Vitis/ip_design_wrapper/hw/ip_design_wrapper.xsa
TRACE::2026-09-30.20:37:48::SCWPlatform::DSA directory /home/user/Desktop/lab_4/Vitis/ip_design_wrapper/hw
TRACE::2026-09-30.20:37:48::SCWPlatform:: Platform Path /home/user/Desktop/lab_4/Vitis/ip_design_wrapper/hw/ip_design_wrapper.xsa
TRACE::2026-09-30.20:37:48::SCWPlatform:: Unique name xilinx:zybo::0.0
TRACE::2026-09-30.20:37:48::SCWPlatform::Trying to set the existing hwdb with name ip_design_wrapper_2
TRACE::2026-09-30.20:37:48::SCWPlatform::Opened existing hwdb ip_design_wrapper_2
TRACE::2026-09-30.20:37:48::SCWPlatform::Found the Hw Db part of the input DSA
TRACE::2026-09-30.20:37:48::SCWMssOS::Checking the sw design at  /home/user/Desktop/lab_4/Vitis/ip_design_wrapper/ps7_cortexa9_0/standalone_ps7_cortexa9_0/bsp/system.mss
TRACE::2026-09-30.20:37:48::SCWMssOS::DEBUG:  swdes dump  /home/user/Desktop/lab_4/Vitis/ip_design_wrapper/zynq_fsbl/zynq_fsbl_bsp/system.mss|system||

TRACE::2026-09-30.20:37:48::SCWMssOS::No sw design opened at  /home/user/Desktop/lab_4/Vitis/ip_design_wrapper/ps7_cortexa9_0/standalone_ps7_cortexa9_0/bsp/system.mss
TRACE::2026-09-30.20:37:48::SCWMssOS::mss exists loading the mss file  /home/user/Desktop/lab_4/Vitis/ip_design_wrapper/ps7_cortexa9_0/standalone_ps7_cortexa9_0/bsp/system.mss
TRACE::2026-09-30.20:37:48::SCWMssOS::Opened the sw design from mss  /home/user/Desktop/lab_4/Vitis/ip_design_wrapper/ps7_cortexa9_0/standalone_ps7_cortexa9_0/bsp/system.mss
TRACE::2026-09-30.20:37:48::SCWMssOS::Adding the swdes entry /home/user/Desktop/lab_4/Vitis/ip_design_wrapper/ps7_cortexa9_0/standalone_ps7_cortexa9_0/bsp/system.mss with des name system_0
TRACE::2026-09-30.20:37:48::SCWMssOS::updating the scw layer about changes
TRACE::2026-09-30.20:37:48::SCWMssOS::Opened the sw design.  /home/user/Desktop/lab_4/Vitis/ip_design_wrapper/ps7_cortexa9_0/standalone_ps7_cortexa9_0/bsp/system.mss
TRACE::2026-09-30.20:37:48::SCWMssOS::Saving the mss changes /home/user/Desktop/lab_4/Vitis/ip_design_wrapper/ps7_cortexa9_0/standalone_ps7_cortexa9_0/bsp/system.mss
TRACE::2026-09-30.20:37:48::SCWMssOS::Found a swdesign opened with the mssfile.
TRACE::2026-09-30.20:37:48::SCWMssOS::Completed writemss as part of save.
TRACE::2026-09-30.20:37:48::SCWMssOS::Commit changes completed.
TRACE::2026-09-30.20:37:48::SCWReader::Adding prebuilt librarypaths as   
TRACE::2026-09-30.20:37:48::SCWReader::Adding prebuilt incpaths  as   
TRACE::2026-09-30.20:37:48::SCWPlatform::Trying to open the hw design at /home/user/Desktop/lab_4/Vitis/ip_design_wrapper/hw/ip_design_wrapper.xsa
TRACE::2026-09-30.20:37:48::SCWPlatform::DSA given /home/user/Desktop/lab_4/Vitis/ip_design_wrapper/hw/ip_design_wrapper.xsa
TRACE::2026-09-30.20:37:48::SCWPlatform::DSA absoulate path /home/user/Desktop/lab_4/Vitis/ip_design_wrapper/hw/ip_design_wrapper.xsa
TRACE::2026-09-30.20:37:48::SCWPlatform::DSA directory /home/user/Desktop/lab_4/Vitis/ip_design_wrapper/hw
TRACE::2026-09-30.20:37:48::SCWPlatform:: Platform Path /home/user/Desktop/lab_4/Vitis/ip_design_wrapper/hw/ip_design_wrapper.xsa
TRACE::2026-09-30.20:37:48::SCWPlatform:: Unique name xilinx:zybo::0.0
TRACE::2026-09-30.20:37:48::SCWPlatform::Trying to set the existing hwdb with name ip_design_wrapper_2
TRACE::2026-09-30.20:37:48::SCWPlatform::Opened existing hwdb ip_design_wrapper_2
TRACE::2026-09-30.20:37:48::SCWPlatform::Found the Hw Db part of the input DSA
TRACE::2026-09-30.20:37:48::SCWMssOS::Checking the sw design at  /home/user/Desktop/lab_4/Vitis/ip_design_wrapper/ps7_cortexa9_0/standalone_ps7_cortexa9_0/bsp/system.mss
TRACE::2026-09-30.20:37:48::SCWMssOS::DEBUG:  swdes dump  /home/user/Desktop/lab_4/Vitis/ip_design_wrapper/ps7_cortexa9_0/standalone_ps7_cortexa9_0/bsp/system.mss|system_0||
/home/user/Desktop/lab_4/Vitis/ip_design_wrapper/zynq_fsbl/zynq_fsbl_bsp/system.mss|system||

TRACE::2026-09-30.20:37:48::SCWMssOS::Sw design exists and opened at  /home/user/Desktop/lab_4/Vitis/ip_design_wrapper/ps7_cortexa9_0/standalone_ps7_cortexa9_0/bsp/system.mss
TRACE::2026-09-30.20:37:48::SCWReader::No isolation master present  
TRACE::2026-09-30.20:37:48::SCWPlatform::Trying to open the hw design at /home/user/Desktop/lab_4/Vitis/ip_design_wrapper/hw/ip_design_wrapper.xsa
TRACE::2026-09-30.20:37:48::SCWPlatform::DSA given /home/user/Desktop/lab_4/Vitis/ip_design_wrapper/hw/ip_design_wrapper.xsa
TRACE::2026-09-30.20:37:48::SCWPlatform::DSA absoulate path /home/user/Desktop/lab_4/Vitis/ip_design_wrapper/hw/ip_design_wrapper.xsa
TRACE::2026-09-30.20:37:48::SCWPlatform::DSA directory /home/user/Desktop/lab_4/Vitis/ip_design_wrapper/hw
TRACE::2026-09-30.20:37:48::SCWPlatform:: Platform Path /home/user/Desktop/lab_4/Vitis/ip_design_wrapper/hw/ip_design_wrapper.xsa
TRACE::2026-09-30.20:37:48::SCWPlatform:: Unique name xilinx:zybo::0.0
TRACE::2026-09-30.20:37:48::SCWPlatform::Trying to set the existing hwdb with name ip_design_wrapper_2
TRACE::2026-09-30.20:37:48::SCWPlatform::Opened existing hwdb ip_design_wrapper_2
TRACE::2026-09-30.20:37:48::SCWPlatform::Found the Hw Db part of the input DSA
TRACE::2026-09-30.20:37:48::SCWMssOS::Checking the sw design at  /home/user/Desktop/lab_4/Vitis/ip_design_wrapper/ps7_cortexa9_0/standalone_ps7_cortexa9_0/bsp/system.mss
TRACE::2026-09-30.20:37:48::SCWMssOS::DEBUG:  swdes dump  /home/user/Desktop/lab_4/Vitis/ip_design_wrapper/ps7_cortexa9_0/standalone_ps7_cortexa9_0/bsp/system.mss|system_0||
/home/user/Desktop/lab_4/Vitis/ip_design_wrapper/zynq_fsbl/zynq_fsbl_bsp/system.mss|system||

TRACE::2026-09-30.20:37:48::SCWMssOS::Sw design exists and opened at  /home/user/Desktop/lab_4/Vitis/ip_design_wrapper/ps7_cortexa9_0/standalone_ps7_cortexa9_0/bsp/system.mss
TRACE::2026-09-30.20:37:48::SCWMssOS::In reload Mss file.
TRACE::2026-09-30.20:37:48::SCWPlatform::Trying to open the hw design at /home/user/Desktop/lab_4/Vitis/ip_design_wrapper/hw/ip_design_wrapper.xsa
TRACE::2026-09-30.20:37:48::SCWPlatform::DSA given /home/user/Desktop/lab_4/Vitis/ip_design_wrapper/hw/ip_design_wrapper.xsa
TRACE::2026-09-30.20:37:48::SCWPlatform::DSA absoulate path /home/user/Desktop/lab_4/Vitis/ip_design_wrapper/hw/ip_design_wrapper.xsa
TRACE::2026-09-30.20:37:48::SCWPlatform::DSA directory /home/user/Desktop/lab_4/Vitis/ip_design_wrapper/hw
TRACE::2026-09-30.20:37:48::SCWPlatform:: Platform Path /home/user/Desktop/lab_4/Vitis/ip_design_wrapper/hw/ip_design_wrapper.xsa
TRACE::2026-09-30.20:37:48::SCWPlatform:: Unique name xilinx:zybo::0.0
TRACE::2026-09-30.20:37:48::SCWPlatform::Trying to set the existing hwdb with name ip_design_wrapper_2
TRACE::2026-09-30.20:37:48::SCWPlatform::Opened existing hwdb ip_design_wrapper_2
TRACE::2026-09-30.20:37:48::SCWPlatform::Found the Hw Db part of the input DSA
TRACE::2026-09-30.20:37:48::SCWMssOS::Checking the sw design at  /home/user/Desktop/lab_4/Vitis/ip_design_wrapper/ps7_cortexa9_0/standalone_ps7_cortexa9_0/bsp/system.mss
TRACE::2026-09-30.20:37:48::SCWMssOS::DEBUG:  swdes dump  /home/user/Desktop/lab_4/Vitis/ip_design_wrapper/zynq_fsbl/zynq_fsbl_bsp/system.mss|system||

TRACE::2026-09-30.20:37:48::SCWMssOS::No sw design opened at  /home/user/Desktop/lab_4/Vitis/ip_design_wrapper/ps7_cortexa9_0/standalone_ps7_cortexa9_0/bsp/system.mss
TRACE::2026-09-30.20:37:48::SCWMssOS::mss exists loading the mss file  /home/user/Desktop/lab_4/Vitis/ip_design_wrapper/ps7_cortexa9_0/standalone_ps7_cortexa9_0/bsp/system.mss
TRACE::2026-09-30.20:37:48::SCWMssOS::Opened the sw design from mss  /home/user/Desktop/lab_4/Vitis/ip_design_wrapper/ps7_cortexa9_0/standalone_ps7_cortexa9_0/bsp/system.mss
TRACE::2026-09-30.20:37:48::SCWMssOS::Adding the swdes entry /home/user/Desktop/lab_4/Vitis/ip_design_wrapper/ps7_cortexa9_0/standalone_ps7_cortexa9_0/bsp/system.mss with des name system_0
TRACE::2026-09-30.20:37:48::SCWMssOS::updating the scw layer about changes
TRACE::2026-09-30.20:37:48::SCWMssOS::Opened the sw design.  /home/user/Desktop/lab_4/Vitis/ip_design_wrapper/ps7_cortexa9_0/standalone_ps7_cortexa9_0/bsp/system.mss
TRACE::2026-09-30.20:37:48::SCWMssOS::Saving the mss changes /home/user/Desktop/lab_4/Vitis/ip_design_wrapper/ps7_cortexa9_0/standalone_ps7_cortexa9_0/bsp/system.mss
TRACE::2026-09-30.20:37:48::SCWMssOS::Found a swdesign opened with the mssfile.
TRACE::2026-09-30.20:37:48::SCWMssOS::Completed writemss as part of save.
TRACE::2026-09-30.20:37:48::SCWMssOS::Commit changes completed.
TRACE::2026-09-30.20:37:48::SCWPlatform::Trying to open the hw design at /home/user/Desktop/lab_4/Vitis/ip_design_wrapper/hw/ip_design_wrapper.xsa
TRACE::2026-09-30.20:37:48::SCWPlatform::DSA given /home/user/Desktop/lab_4/Vitis/ip_design_wrapper/hw/ip_design_wrapper.xsa
TRACE::2026-09-30.20:37:48::SCWPlatform::DSA absoulate path /home/user/Desktop/lab_4/Vitis/ip_design_wrapper/hw/ip_design_wrapper.xsa
TRACE::2026-09-30.20:37:48::SCWPlatform::DSA directory /home/user/Desktop/lab_4/Vitis/ip_design_wrapper/hw
TRACE::2026-09-30.20:37:48::SCWPlatform:: Platform Path /home/user/Desktop/lab_4/Vitis/ip_design_wrapper/hw/ip_design_wrapper.xsa
TRACE::2026-09-30.20:37:48::SCWPlatform:: Unique name xilinx:zybo::0.0
TRACE::2026-09-30.20:37:48::SCWPlatform::Trying to set the existing hwdb with name ip_design_wrapper_2
TRACE::2026-09-30.20:37:48::SCWPlatform::Opened existing hwdb ip_design_wrapper_2
TRACE::2026-09-30.20:37:48::SCWPlatform::Found the Hw Db part of the input DSA
TRACE::2026-09-30.20:37:48::SCWMssOS::Checking the sw design at  /home/user/Desktop/lab_4/Vitis/ip_design_wrapper/ps7_cortexa9_0/standalone_ps7_cortexa9_0/bsp/system.mss
TRACE::2026-09-30.20:37:48::SCWMssOS::DEBUG:  swdes dump  /home/user/Desktop/lab_4/Vitis/ip_design_wrapper/ps7_cortexa9_0/standalone_ps7_cortexa9_0/bsp/system.mss|system_0||
/home/user/Desktop/lab_4/Vitis/ip_design_wrapper/zynq_fsbl/zynq_fsbl_bsp/system.mss|system||

TRACE::2026-09-30.20:37:48::SCWMssOS::Sw design exists and opened at  /home/user/Desktop/lab_4/Vitis/ip_design_wrapper/ps7_cortexa9_0/standalone_ps7_cortexa9_0/bsp/system.mss
TRACE::2026-09-30.20:37:48::SCWMssOS::Removing the swdes entry for  /home/user/Desktop/lab_4/Vitis/ip_design_wrapper/ps7_cortexa9_0/standalone_ps7_cortexa9_0/bsp/system.mss
TRACE::2026-09-30.20:52:05::SCWPlatform::Trying to open the hw design at /home/user/Desktop/lab_4/Vitis/ip_design_wrapper/hw/ip_design_wrapper.xsa
TRACE::2026-09-30.20:52:05::SCWPlatform::DSA given /home/user/Desktop/lab_4/Vitis/ip_design_wrapper/hw/ip_design_wrapper.xsa
TRACE::2026-09-30.20:52:05::SCWPlatform::DSA absoulate path /home/user/Desktop/lab_4/Vitis/ip_design_wrapper/hw/ip_design_wrapper.xsa
TRACE::2026-09-30.20:52:05::SCWPlatform::DSA directory /home/user/Desktop/lab_4/Vitis/ip_design_wrapper/hw
TRACE::2026-09-30.20:52:05::SCWPlatform:: Platform Path /home/user/Desktop/lab_4/Vitis/ip_design_wrapper/hw/ip_design_wrapper.xsa
TRACE::2026-09-30.20:52:05::SCWPlatform:: Unique name xilinx:zybo::0.0
TRACE::2026-09-30.20:52:05::SCWPlatform::Trying to set the existing hwdb with name ip_design_wrapper_2
TRACE::2026-09-30.20:52:05::SCWPlatform::Opened existing hwdb ip_design_wrapper_2
TRACE::2026-09-30.20:52:05::SCWPlatform::Found the Hw Db part of the input DSA
TRACE::2026-09-30.20:52:05::SCWMssOS::Checking the sw design at  /home/user/Desktop/lab_4/Vitis/ip_design_wrapper/ps7_cortexa9_0/standalone_ps7_cortexa9_0/bsp/system.mss
TRACE::2026-09-30.20:52:05::SCWMssOS::DEBUG:  swdes dump  /home/user/Desktop/lab_4/Vitis/ip_design_wrapper/zynq_fsbl/zynq_fsbl_bsp/system.mss|system||

TRACE::2026-09-30.20:52:05::SCWMssOS::No sw design opened at  /home/user/Desktop/lab_4/Vitis/ip_design_wrapper/ps7_cortexa9_0/standalone_ps7_cortexa9_0/bsp/system.mss
TRACE::2026-09-30.20:52:05::SCWMssOS::mss exists loading the mss file  /home/user/Desktop/lab_4/Vitis/ip_design_wrapper/ps7_cortexa9_0/standalone_ps7_cortexa9_0/bsp/system.mss
TRACE::2026-09-30.20:52:05::SCWMssOS::Opened the sw design from mss  /home/user/Desktop/lab_4/Vitis/ip_design_wrapper/ps7_cortexa9_0/standalone_ps7_cortexa9_0/bsp/system.mss
TRACE::2026-09-30.20:52:05::SCWMssOS::Adding the swdes entry /home/user/Desktop/lab_4/Vitis/ip_design_wrapper/ps7_cortexa9_0/standalone_ps7_cortexa9_0/bsp/system.mss with des name system_0
TRACE::2026-09-30.20:52:05::SCWMssOS::updating the scw layer about changes
TRACE::2026-09-30.20:52:05::SCWMssOS::Opened the sw design.  /home/user/Desktop/lab_4/Vitis/ip_design_wrapper/ps7_cortexa9_0/standalone_ps7_cortexa9_0/bsp/system.mss
TRACE::2026-09-30.20:52:18::SCWMssOS::Saving the mss changes /home/user/Desktop/lab_4/Vitis/ip_design_wrapper/zynq_fsbl/zynq_fsbl_bsp/system.mss
TRACE::2026-09-30.20:52:18::SCWMssOS::Found a swdesign opened with the mssfile.
TRACE::2026-09-30.20:52:18::SCWMssOS::Completed writemss as part of save.
TRACE::2026-09-30.20:52:18::SCWMssOS::Commit changes completed.
TRACE::2026-09-30.20:52:18::SCWMssOS::Saving the mss changes /home/user/Desktop/lab_4/Vitis/ip_design_wrapper/ps7_cortexa9_0/standalone_ps7_cortexa9_0/bsp/system.mss
TRACE::2026-09-30.20:52:18::SCWMssOS::Found a swdesign opened with the mssfile.
TRACE::2026-09-30.20:52:18::SCWMssOS::Completed writemss as part of save.
TRACE::2026-09-30.20:52:18::SCWMssOS::Commit changes completed.
TRACE::2026-09-30.20:52:18::SCWPlatform::Trying to open the hw design at /home/user/Desktop/lab_4/Vitis/ip_design_wrapper/hw/ip_design_wrapper.xsa
TRACE::2026-09-30.20:52:18::SCWPlatform::DSA given /home/user/Desktop/lab_4/Vitis/ip_design_wrapper/hw/ip_design_wrapper.xsa
TRACE::2026-09-30.20:52:18::SCWPlatform::DSA absoulate path /home/user/Desktop/lab_4/Vitis/ip_design_wrapper/hw/ip_design_wrapper.xsa
TRACE::2026-09-30.20:52:18::SCWPlatform::DSA directory /home/user/Desktop/lab_4/Vitis/ip_design_wrapper/hw
TRACE::2026-09-30.20:52:18::SCWPlatform:: Platform Path /home/user/Desktop/lab_4/Vitis/ip_design_wrapper/hw/ip_design_wrapper.xsa
TRACE::2026-09-30.20:52:18::SCWPlatform:: Unique name xilinx:zybo::0.0
TRACE::2026-09-30.20:52:18::SCWPlatform::Trying to set the existing hwdb with name ip_design_wrapper_2
TRACE::2026-09-30.20:52:18::SCWPlatform::Opened existing hwdb ip_design_wrapper_2
TRACE::2026-09-30.20:52:18::SCWPlatform::Found the Hw Db part of the input DSA
TRACE::2026-09-30.20:52:18::SCWMssOS::Checking the sw design at  /home/user/Desktop/lab_4/Vitis/ip_design_wrapper/zynq_fsbl/zynq_fsbl_bsp/system.mss
TRACE::2026-09-30.20:52:18::SCWMssOS::DEBUG:  swdes dump  /home/user/Desktop/lab_4/Vitis/ip_design_wrapper/ps7_cortexa9_0/standalone_ps7_cortexa9_0/bsp/system.mss|system_0||
/home/user/Desktop/lab_4/Vitis/ip_design_wrapper/zynq_fsbl/zynq_fsbl_bsp/system.mss|system||

TRACE::2026-09-30.20:52:18::SCWMssOS::Sw design exists and opened at  /home/user/Desktop/lab_4/Vitis/ip_design_wrapper/zynq_fsbl/zynq_fsbl_bsp/system.mss
TRACE::2026-09-30.20:52:18::SCWPlatform::Trying to open the hw design at /home/user/Desktop/lab_4/Vitis/ip_design_wrapper/hw/ip_design_wrapper.xsa
TRACE::2026-09-30.20:52:18::SCWPlatform::DSA given /home/user/Desktop/lab_4/Vitis/ip_design_wrapper/hw/ip_design_wrapper.xsa
TRACE::2026-09-30.20:52:18::SCWPlatform::DSA absoulate path /home/user/Desktop/lab_4/Vitis/ip_design_wrapper/hw/ip_design_wrapper.xsa
TRACE::2026-09-30.20:52:18::SCWPlatform::DSA directory /home/user/Desktop/lab_4/Vitis/ip_design_wrapper/hw
TRACE::2026-09-30.20:52:18::SCWPlatform:: Platform Path /home/user/Desktop/lab_4/Vitis/ip_design_wrapper/hw/ip_design_wrapper.xsa
TRACE::2026-09-30.20:52:18::SCWPlatform:: Unique name xilinx:zybo::0.0
TRACE::2026-09-30.20:52:18::SCWPlatform::Trying to set the existing hwdb with name ip_design_wrapper_2
TRACE::2026-09-30.20:52:18::SCWPlatform::Opened existing hwdb ip_design_wrapper_2
TRACE::2026-09-30.20:52:18::SCWPlatform::Found the Hw Db part of the input DSA
TRACE::2026-09-30.20:52:18::SCWMssOS::Checking the sw design at  /home/user/Desktop/lab_4/Vitis/ip_design_wrapper/ps7_cortexa9_0/standalone_ps7_cortexa9_0/bsp/system.mss
TRACE::2026-09-30.20:52:18::SCWMssOS::DEBUG:  swdes dump  /home/user/Desktop/lab_4/Vitis/ip_design_wrapper/ps7_cortexa9_0/standalone_ps7_cortexa9_0/bsp/system.mss|system_0||
/home/user/Desktop/lab_4/Vitis/ip_design_wrapper/zynq_fsbl/zynq_fsbl_bsp/system.mss|system||

TRACE::2026-09-30.20:52:18::SCWMssOS::Sw design exists and opened at  /home/user/Desktop/lab_4/Vitis/ip_design_wrapper/ps7_cortexa9_0/standalone_ps7_cortexa9_0/bsp/system.mss
TRACE::2026-09-30.20:52:18::SCWWriter::formatted JSON is {
	"platformName":	"ip_design_wrapper",
	"sprVersion":	"2.0",
	"mode":	"gui",
	"dsaType":	"Fixed",
	"platformDesc":	"ip_design_wrapper",
	"platHandOff":	"/home/user/Desktop/lab_4/ip_design_wrapper.xsa",
	"platIntHandOff":	"<platformDir>/hw/ip_design_wrapper.xsa",
	"deviceType":	"zynq",
	"platIsPrebuiltAutogen":	"false",
	"platIsNoBootBsp":	"false",
	"hasFsblMakeHasChanges":	"false",
	"hasPmufwMakeHasChanges":	"false",
	"fsblExtraCompilerFlags":	"-MMD -MP       -mcpu=cortex-a9 -mfpu=vfpv3 -mfloat-abi=hard ",
	"platPreBuiltFlag":	false,
	"platformSamplesDir":	"",
	"platActiveSys":	"ip_design_wrapper",
	"systems":	[{
			"systemName":	"ip_design_wrapper",
			"systemDesc":	"ip_design_wrapper",
			"sysIsBootAutoGen":	"true",
			"systemDispName":	"ip_design_wrapper",
			"sysActiveDom":	"standalone_ps7_cortexa9_0",
			"sysDefaultDom":	"standalone_ps7_cortexa9_0",
			"domains":	[{
					"domainName":	"zynq_fsbl",
					"domainDispName":	"zynq_fsbl",
					"domainDesc":	"FSBL Application BSP - Auto Generated.",
					"processors":	"ps7_cortexa9_0",
					"os":	"standalone",
					"sdxOs":	"standalone",
					"debugEnable":	"",
					"domRuntimes":	["cpp"],
					"swRepo":	"",
					"mssOsVer":	"7.5",
					"mssFile":	"",
					"md5Digest":	"0b4110dadf6bf2cf2184a429495bcac1",
					"compatibleApp":	"zynq_fsbl",
					"domType":	"bootDomain",
					"arch":	"32-bit",
					"appSettings":	{
						"appCompilerFlags":	"",
						"appLinkerFlags":	""
					},
					"addedLibs":	["xilffs:4.5", "xilrsa:1.6"],
					"libOptions":	{
						"libsContainingOptions":	[]
					},
					"prebuiltLibs":	{
						"prebuiltIncPath":	[],
						"prebuiltLibPath":	[]
					},
					"isolation":	{
					}
				}, {
					"domainName":	"standalone_ps7_cortexa9_0",
					"domainDispName":	"standalone_ps7_cortexa9_0",
					"domainDesc":	"standalone_ps7_cortexa9_0",
					"processors":	"ps7_cortexa9_0",
					"os":	"standalone",
					"sdxOs":	"standalone",
					"qemuArgs":	"/home/software/Xilinx/Vitis/2021.1/data/emulation/platforms/zynq/sw/a9_standalone/qemu/qemu_args.txt",
					"qemuData":	"/home/software/Xilinx/Vitis/2021.1/data/emulation/platforms/zynq/sw/a9_standalone/qemu/",
					"debugEnable":	"False",
					"domRuntimes":	["cpp"],
					"swRepo":	"",
					"mssOsVer":	"7.5",
					"mssFile":	"",
					"md5Digest":	"af18c0ac05d35f30b1f9394671347902",
					"compatibleApp":	"",
					"domType":	"mssDomain",
					"arch":	"32-bit",
					"appSettings":	{
						"appCompilerFlags":	"",
						"appLinkerFlags":	""
					},
					"addedLibs":	[],
					"libOptions":	{
						"libsContainingOptions":	[]
					},
					"prebuiltLibs":	{
						"prebuiltIncPath":	[],
						"prebuiltLibPath":	[]
					},
					"isolation":	{
					}
				}]
		}]
}
TRACE::2026-09-30.20:52:18::SCWMssOS::Saving the mss changes /home/user/Desktop/lab_4/Vitis/ip_design_wrapper/ps7_cortexa9_0/standalone_ps7_cortexa9_0/bsp/system.mss
TRACE::2026-09-30.20:52:18::SCWMssOS::Found a swdesign opened with the mssfile.
TRACE::2026-09-30.20:52:18::SCWMssOS::Completed writemss as part of save.
TRACE::2026-09-30.20:52:18::SCWMssOS::Commit changes completed.
TRACE::2026-09-30.20:52:18::SCWPlatform::Trying to open the hw design at /home/user/Desktop/lab_4/Vitis/ip_design_wrapper/hw/ip_design_wrapper.xsa
TRACE::2026-09-30.20:52:18::SCWPlatform::DSA given /home/user/Desktop/lab_4/Vitis/ip_design_wrapper/hw/ip_design_wrapper.xsa
TRACE::2026-09-30.20:52:18::SCWPlatform::DSA absoulate path /home/user/Desktop/lab_4/Vitis/ip_design_wrapper/hw/ip_design_wrapper.xsa
TRACE::2026-09-30.20:52:18::SCWPlatform::DSA directory /home/user/Desktop/lab_4/Vitis/ip_design_wrapper/hw
TRACE::2026-09-30.20:52:18::SCWPlatform:: Platform Path /home/user/Desktop/lab_4/Vitis/ip_design_wrapper/hw/ip_design_wrapper.xsa
TRACE::2026-09-30.20:52:18::SCWPlatform:: Unique name xilinx:zybo::0.0
TRACE::2026-09-30.20:52:18::SCWPlatform::Trying to set the existing hwdb with name ip_design_wrapper_2
TRACE::2026-09-30.20:52:18::SCWPlatform::Opened existing hwdb ip_design_wrapper_2
TRACE::2026-09-30.20:52:18::SCWPlatform::Found the Hw Db part of the input DSA
TRACE::2026-09-30.20:52:18::SCWMssOS::Checking the sw design at  /home/user/Desktop/lab_4/Vitis/ip_design_wrapper/ps7_cortexa9_0/standalone_ps7_cortexa9_0/bsp/system.mss
TRACE::2026-09-30.20:52:18::SCWMssOS::DEBUG:  swdes dump  /home/user/Desktop/lab_4/Vitis/ip_design_wrapper/ps7_cortexa9_0/standalone_ps7_cortexa9_0/bsp/system.mss|system_0||
/home/user/Desktop/lab_4/Vitis/ip_design_wrapper/zynq_fsbl/zynq_fsbl_bsp/system.mss|system||

TRACE::2026-09-30.20:52:18::SCWMssOS::Sw design exists and opened at  /home/user/Desktop/lab_4/Vitis/ip_design_wrapper/ps7_cortexa9_0/standalone_ps7_cortexa9_0/bsp/system.mss
TRACE::2026-09-30.20:52:18::SCWMssOS::Removing the swdes entry for  /home/user/Desktop/lab_4/Vitis/ip_design_wrapper/ps7_cortexa9_0/standalone_ps7_cortexa9_0/bsp/system.mss
TRACE::2026-09-30.21:08:17::SCWBDomain::System Command Ran  cd  /home/user/Desktop/lab_4/Vitis/ip_design_wrapper/zynq_fsbl ; bash -c "make  clean" 
TRACE::2026-09-30.21:08:17::SCWBDomain::rm -rf  pcap.o  ps7_init.o  qspi.o  rsa.o  main.o  fsbl_hooks.o  md5.o  image_mover.o  nor.o  nand.o  sd.o  fsbl_handoff.o  zyn
TRACE::2026-09-30.21:08:17::SCWBDomain::q_fsbl_bsp/ps7_cortexa9_0/lib/libxil.a fsbl.elf *.o

TRACE::2026-09-30.21:08:17::SCWBDomain::System Command Ran  cd  /home/user/Desktop/lab_4/Vitis/ip_design_wrapper/zynq_fsbl/zynq_fsbl_bsp ; bash -c "make  clean" 
TRACE::2026-09-30.21:08:17::SCWBDomain::make -C ps7_cortexa9_0/libsrc/gpiops_v3_9/src -s clean 

TRACE::2026-09-30.21:08:17::SCWBDomain::make -C ps7_cortexa9_0/libsrc/scugic_v4_5/src -s clean 

TRACE::2026-09-30.21:08:17::SCWBDomain::make -C ps7_cortexa9_0/libsrc/xilffs_v4_5/src -s clean 

TRACE::2026-09-30.21:08:17::SCWBDomain::make -C ps7_cortexa9_0/libsrc/scuwdt_v2_4/src -s clean 

TRACE::2026-09-30.21:08:17::SCWBDomain::make -C ps7_cortexa9_0/libsrc/devcfg_v3_7/src -s clean 

TRACE::2026-09-30.21:08:17::SCWBDomain::make -C ps7_cortexa9_0/libsrc/standalone_v7_5/src -s clean 

TRACE::2026-09-30.21:08:17::SCWBDomain::make -C ps7_cortexa9_0/libsrc/xilrsa_v1_6/src -s clean 

TRACE::2026-09-30.21:08:17::SCWBDomain::make -C ps7_cortexa9_0/libsrc/led_controller_v1_0/src -s clean 

TRACE::2026-09-30.21:08:17::SCWBDomain::make -C ps7_cortexa9_0/libsrc/uartps_v3_11/src -s clean 

TRACE::2026-09-30.21:08:17::SCWBDomain::make -C ps7_cortexa9_0/libsrc/gpio_v4_8/src -s clean 

TRACE::2026-09-30.21:08:17::SCWBDomain::make -C ps7_cortexa9_0/libsrc/sdps_v3_12/src -s clean 

TRACE::2026-09-30.21:08:17::SCWBDomain::make -C ps7_cortexa9_0/libsrc/emacps_v3_14/src -s clean 

TRACE::2026-09-30.21:08:17::SCWBDomain::make -C ps7_cortexa9_0/libsrc/ttcps_v3_14/src -s clean 

TRACE::2026-09-30.21:08:17::SCWBDomain::make -C ps7_cortexa9_0/libsrc/nco_v1_0/src -s clean 

TRACE::2026-09-30.21:08:17::SCWBDomain::make -C ps7_cortexa9_0/libsrc/usbps_v2_7/src -s clean 

TRACE::2026-09-30.21:08:17::SCWBDomain::make -C ps7_cortexa9_0/libsrc/coresightps_dcc_v1_8/src -s clean 

TRACE::2026-09-30.21:08:17::SCWBDomain::make -C ps7_cortexa9_0/libsrc/ddrps_v1_2/src -s clean 

TRACE::2026-09-30.21:08:17::SCWBDomain::make -C ps7_cortexa9_0/libsrc/iicps_v3_13/src -s clean 

TRACE::2026-09-30.21:08:17::SCWBDomain::make -C ps7_cortexa9_0/libsrc/xadcps_v2_6/src -s clean 

TRACE::2026-09-30.21:08:17::SCWBDomain::make -C ps7_cortexa9_0/libsrc/cpu_cortexa9_v2_11/src -s clean 

TRACE::2026-09-30.21:08:17::SCWBDomain::make -C ps7_cortexa9_0/libsrc/qspips_v3_9/src -s clean 

TRACE::2026-09-30.21:08:17::SCWBDomain::make -C ps7_cortexa9_0/libsrc/dmaps_v2_8/src -s clean 

TRACE::2026-09-30.21:08:17::SCWBDomain::make -C ps7_cortexa9_0/libsrc/scutimer_v2_3/src -s clean 

TRACE::2026-09-30.21:08:17::SCWBDomain::rm -f ps7_cortexa9_0/lib/libxil.a

TRACE::2026-09-30.21:08:17::SCWMssOS::cleaning the bsp 
TRACE::2026-09-30.21:08:17::SCWMssOS::System Command Ran  cd  /home/user/Desktop/lab_4/Vitis/ip_design_wrapper/ps7_cortexa9_0/standalone_ps7_cortexa9_0/bsp ; bash -c "make  clean " 
TRACE::2026-09-30.21:08:17::SCWMssOS::make -C ps7_cortexa9_0/libsrc/gpiops_v3_9/src -s clean 

TRACE::2026-09-30.21:08:17::SCWMssOS::make -C ps7_cortexa9_0/libsrc/scugic_v4_5/src -s clean 

TRACE::2026-09-30.21:08:17::SCWMssOS::make -C ps7_cortexa9_0/libsrc/scuwdt_v2_4/src -s clean 

TRACE::2026-09-30.21:08:17::SCWMssOS::make -C ps7_cortexa9_0/libsrc/devcfg_v3_7/src -s clean 

TRACE::2026-09-30.21:08:17::SCWMssOS::make -C ps7_cortexa9_0/libsrc/standalone_v7_5/src -s clean 

TRACE::2026-09-30.21:08:17::SCWMssOS::make -C ps7_cortexa9_0/libsrc/led_controller_v1_0/src -s clean 

TRACE::2026-09-30.21:08:17::SCWMssOS::make -C ps7_cortexa9_0/libsrc/uartps_v3_11/src -s clean 

TRACE::2026-09-30.21:08:17::SCWMssOS::make -C ps7_cortexa9_0/libsrc/scutimer_v2_3/src -s clean 

TRACE::2026-09-30.21:08:17::SCWMssOS::make -C ps7_cortexa9_0/libsrc/gpio_v4_8/src -s clean 

TRACE::2026-09-30.21:08:17::SCWMssOS::make -C ps7_cortexa9_0/libsrc/sdps_v3_12/src -s clean 

TRACE::2026-09-30.21:08:17::SCWMssOS::make -C ps7_cortexa9_0/libsrc/emacps_v3_14/src -s clean 

TRACE::2026-09-30.21:08:17::SCWMssOS::make -C ps7_cortexa9_0/libsrc/ttcps_v3_14/src -s clean 

TRACE::2026-09-30.21:08:17::SCWMssOS::make -C ps7_cortexa9_0/libsrc/nco_v1_0/src -s clean 

TRACE::2026-09-30.21:08:17::SCWMssOS::make -C ps7_cortexa9_0/libsrc/usbps_v2_7/src -s clean 

TRACE::2026-09-30.21:08:17::SCWMssOS::make -C ps7_cortexa9_0/libsrc/coresightps_dcc_v1_8/src -s clean 

TRACE::2026-09-30.21:08:17::SCWMssOS::make -C ps7_cortexa9_0/libsrc/ddrps_v1_2/src -s clean 

TRACE::2026-09-30.21:08:17::SCWMssOS::make -C ps7_cortexa9_0/libsrc/iicps_v3_13/src -s clean 

TRACE::2026-09-30.21:08:17::SCWMssOS::make -C ps7_cortexa9_0/libsrc/xadcps_v2_6/src -s clean 

TRACE::2026-09-30.21:08:17::SCWMssOS::make -C ps7_cortexa9_0/libsrc/cpu_cortexa9_v2_11/src -s clean 

TRACE::2026-09-30.21:08:17::SCWMssOS::make -C ps7_cortexa9_0/libsrc/qspips_v3_9/src -s clean 

TRACE::2026-09-30.21:08:17::SCWMssOS::make -C ps7_cortexa9_0/libsrc/dmaps_v2_8/src -s clean 

TRACE::2026-09-30.21:08:17::SCWMssOS::rm -f ps7_cortexa9_0/lib/libxil.a

LOG::2026-09-30.21:08:25::SCWPlatform::Started generating the artifacts platform ip_design_wrapper
TRACE::2026-09-30.21:08:25::SCWPlatform::Sanity checking of platform is completed
LOG::2026-09-30.21:08:25::SCWPlatform::Started generating the artifacts for system configuration ip_design_wrapper
LOG::2026-09-30.21:08:25::SCWSystem::Checking the domain zynq_fsbl
LOG::2026-09-30.21:08:25::SCWSystem::Doing application build for :  zynq_fsbl
TRACE::2026-09-30.21:08:25::SCWBDomain::Not a forced makefile updation, No changes are present. 
TRACE::2026-09-30.21:08:25::SCWDomain::Building the domain as part of full build :  zynq_fsbl
TRACE::2026-09-30.21:08:25::SCWPlatform::Trying to open the hw design at /home/user/Desktop/lab_4/Vitis/ip_design_wrapper/hw/ip_design_wrapper.xsa
TRACE::2026-09-30.21:08:25::SCWPlatform::DSA given /home/user/Desktop/lab_4/Vitis/ip_design_wrapper/hw/ip_design_wrapper.xsa
TRACE::2026-09-30.21:08:25::SCWPlatform::DSA absoulate path /home/user/Desktop/lab_4/Vitis/ip_design_wrapper/hw/ip_design_wrapper.xsa
TRACE::2026-09-30.21:08:25::SCWPlatform::DSA directory /home/user/Desktop/lab_4/Vitis/ip_design_wrapper/hw
TRACE::2026-09-30.21:08:25::SCWPlatform:: Platform Path /home/user/Desktop/lab_4/Vitis/ip_design_wrapper/hw/ip_design_wrapper.xsa
TRACE::2026-09-30.21:08:25::SCWPlatform:: Unique name xilinx:zybo::0.0
TRACE::2026-09-30.21:08:25::SCWPlatform::Trying to set the existing hwdb with name ip_design_wrapper_2
TRACE::2026-09-30.21:08:25::SCWPlatform::Opened existing hwdb ip_design_wrapper_2
TRACE::2026-09-30.21:08:25::SCWPlatform::Found the Hw Db part of the input DSA
TRACE::2026-09-30.21:08:25::SCWMssOS::Checking the sw design at  /home/user/Desktop/lab_4/Vitis/ip_design_wrapper/zynq_fsbl/zynq_fsbl_bsp/system.mss
TRACE::2026-09-30.21:08:25::SCWMssOS::DEBUG:  swdes dump  /home/user/Desktop/lab_4/Vitis/ip_design_wrapper/zynq_fsbl/zynq_fsbl_bsp/system.mss|system||

TRACE::2026-09-30.21:08:25::SCWMssOS::Sw design exists and opened at  /home/user/Desktop/lab_4/Vitis/ip_design_wrapper/zynq_fsbl/zynq_fsbl_bsp/system.mss
TRACE::2026-09-30.21:08:25::SCWBDomain::Completed writing the mss file at /home/user/Desktop/lab_4/Vitis/ip_design_wrapper/zynq_fsbl/zynq_fsbl_bsp
TRACE::2026-09-30.21:08:25::SCWBDomain::bsp generated is upto date with the mss file. Skipping bsp generation.
TRACE::2026-09-30.21:08:25::SCWBDomain::Not a forced makefile updation, No changes are present. 
TRACE::2026-09-30.21:08:25::SCWBDomain::System Command Ran  cd  /home/user/Desktop/lab_4/Vitis/ip_design_wrapper/zynq_fsbl ; bash -c " make -C zynq_fsbl_bsp ; make  " 
TRACE::2026-09-30.21:08:25::SCWBDomain::make: Entering directory '/home/user/Desktop/lab_4/Vitis/ip_design_wrapper/zynq_fsbl/zynq_fsbl_bsp'

TRACE::2026-09-30.21:08:25::SCWBDomain::make --no-print-directory seq_libs

TRACE::2026-09-30.21:08:25::SCWBDomain::Running Make include in ps7_cortexa9_0/libsrc/gpiops_v3_9/src

TRACE::2026-09-30.21:08:25::SCWBDomain::make -C ps7_cortexa9_0/libsrc/gpiops_v3_9/src -s include  "SHELL=/bin/sh" "COMPILER=arm-none-eabi-gcc" "ASSEMBLER=arm-none-eabi
TRACE::2026-09-30.21:08:25::SCWBDomain::-as" "ARCHIVER=arm-none-eabi-ar" "COMPILER_FLAGS=  -O2 -c" "EXTRA_COMPILER_FLAGS=-mcpu=cortex-a9 -mfpu=vfpv3 -mfloat-abi=hard -
TRACE::2026-09-30.21:08:25::SCWBDomain::nostartfiles -g -Wall -Wextra -fno-tree-loop-distribute-patterns"

TRACE::2026-09-30.21:08:25::SCWBDomain::Running Make include in ps7_cortexa9_0/libsrc/scugic_v4_5/src

TRACE::2026-09-30.21:08:25::SCWBDomain::make -C ps7_cortexa9_0/libsrc/scugic_v4_5/src -s include  "SHELL=/bin/sh" "COMPILER=arm-none-eabi-gcc" "ASSEMBLER=arm-none-eabi
TRACE::2026-09-30.21:08:25::SCWBDomain::-as" "ARCHIVER=arm-none-eabi-ar" "COMPILER_FLAGS=  -O2 -c" "EXTRA_COMPILER_FLAGS=-mcpu=cortex-a9 -mfpu=vfpv3 -mfloat-abi=hard -
TRACE::2026-09-30.21:08:25::SCWBDomain::nostartfiles -g -Wall -Wextra -fno-tree-loop-distribute-patterns"

TRACE::2026-09-30.21:08:25::SCWBDomain::Running Make include in ps7_cortexa9_0/libsrc/xilffs_v4_5/src

TRACE::2026-09-30.21:08:25::SCWBDomain::make -C ps7_cortexa9_0/libsrc/xilffs_v4_5/src -s include  "SHELL=/bin/sh" "COMPILER=arm-none-eabi-gcc" "ASSEMBLER=arm-none-eabi
TRACE::2026-09-30.21:08:25::SCWBDomain::-as" "ARCHIVER=arm-none-eabi-ar" "COMPILER_FLAGS=  -O2 -c" "EXTRA_COMPILER_FLAGS=-mcpu=cortex-a9 -mfpu=vfpv3 -mfloat-abi=hard -
TRACE::2026-09-30.21:08:25::SCWBDomain::nostartfiles -g -Wall -Wextra -fno-tree-loop-distribute-patterns"

TRACE::2026-09-30.21:08:25::SCWBDomain::Running Make include in ps7_cortexa9_0/libsrc/scuwdt_v2_4/src

TRACE::2026-09-30.21:08:25::SCWBDomain::make -C ps7_cortexa9_0/libsrc/scuwdt_v2_4/src -s include  "SHELL=/bin/sh" "COMPILER=arm-none-eabi-gcc" "ASSEMBLER=arm-none-eabi
TRACE::2026-09-30.21:08:25::SCWBDomain::-as" "ARCHIVER=arm-none-eabi-ar" "COMPILER_FLAGS=  -O2 -c" "EXTRA_COMPILER_FLAGS=-mcpu=cortex-a9 -mfpu=vfpv3 -mfloat-abi=hard -
TRACE::2026-09-30.21:08:25::SCWBDomain::nostartfiles -g -Wall -Wextra -fno-tree-loop-distribute-patterns"

TRACE::2026-09-30.21:08:25::SCWBDomain::Running Make include in ps7_cortexa9_0/libsrc/devcfg_v3_7/src

TRACE::2026-09-30.21:08:25::SCWBDomain::make -C ps7_cortexa9_0/libsrc/devcfg_v3_7/src -s include  "SHELL=/bin/sh" "COMPILER=arm-none-eabi-gcc" "ASSEMBLER=arm-none-eabi
TRACE::2026-09-30.21:08:25::SCWBDomain::-as" "ARCHIVER=arm-none-eabi-ar" "COMPILER_FLAGS=  -O2 -c" "EXTRA_COMPILER_FLAGS=-mcpu=cortex-a9 -mfpu=vfpv3 -mfloat-abi=hard -
TRACE::2026-09-30.21:08:25::SCWBDomain::nostartfiles -g -Wall -Wextra -fno-tree-loop-distribute-patterns"

TRACE::2026-09-30.21:08:25::SCWBDomain::Running Make include in ps7_cortexa9_0/libsrc/standalone_v7_5/src

TRACE::2026-09-30.21:08:25::SCWBDomain::make -C ps7_cortexa9_0/libsrc/standalone_v7_5/src -s include  "SHELL=/bin/sh" "COMPILER=arm-none-eabi-gcc" "ASSEMBLER=arm-none-
TRACE::2026-09-30.21:08:25::SCWBDomain::eabi-as" "ARCHIVER=arm-none-eabi-ar" "COMPILER_FLAGS=  -O2 -c" "EXTRA_COMPILER_FLAGS=-mcpu=cortex-a9 -mfpu=vfpv3 -mfloat-abi=ha
TRACE::2026-09-30.21:08:25::SCWBDomain::rd -nostartfiles -g -Wall -Wextra -fno-tree-loop-distribute-patterns"

TRACE::2026-09-30.21:08:25::SCWBDomain::Running Make include in ps7_cortexa9_0/libsrc/xilrsa_v1_6/src

TRACE::2026-09-30.21:08:25::SCWBDomain::make -C ps7_cortexa9_0/libsrc/xilrsa_v1_6/src -s include  "SHELL=/bin/sh" "COMPILER=arm-none-eabi-gcc" "ASSEMBLER=arm-none-eabi
TRACE::2026-09-30.21:08:25::SCWBDomain::-as" "ARCHIVER=arm-none-eabi-ar" "COMPILER_FLAGS=  -O2 -c" "EXTRA_COMPILER_FLAGS=-mcpu=cortex-a9 -mfpu=vfpv3 -mfloat-abi=hard -
TRACE::2026-09-30.21:08:25::SCWBDomain::nostartfiles -g -Wall -Wextra -fno-tree-loop-distribute-patterns"

TRACE::2026-09-30.21:08:25::SCWBDomain::Running Make include in ps7_cortexa9_0/libsrc/led_controller_v1_0/src

TRACE::2026-09-30.21:08:25::SCWBDomain::make -C ps7_cortexa9_0/libsrc/led_controller_v1_0/src -s include  "SHELL=/bin/sh" "COMPILER=arm-none-eabi-gcc" "ASSEMBLER=arm-n
TRACE::2026-09-30.21:08:25::SCWBDomain::one-eabi-as" "ARCHIVER=arm-none-eabi-ar" "COMPILER_FLAGS=  -O2 -c" "EXTRA_COMPILER_FLAGS=-mcpu=cortex-a9 -mfpu=vfpv3 -mfloat-ab
TRACE::2026-09-30.21:08:25::SCWBDomain::i=hard -nostartfiles -g -Wall -Wextra -fno-tree-loop-distribute-patterns"

TRACE::2026-09-30.21:08:25::SCWBDomain::Running Make include in ps7_cortexa9_0/libsrc/uartps_v3_11/src

TRACE::2026-09-30.21:08:25::SCWBDomain::make -C ps7_cortexa9_0/libsrc/uartps_v3_11/src -s include  "SHELL=/bin/sh" "COMPILER=arm-none-eabi-gcc" "ASSEMBLER=arm-none-eab
TRACE::2026-09-30.21:08:25::SCWBDomain::i-as" "ARCHIVER=arm-none-eabi-ar" "COMPILER_FLAGS=  -O2 -c" "EXTRA_COMPILER_FLAGS=-mcpu=cortex-a9 -mfpu=vfpv3 -mfloat-abi=hard 
TRACE::2026-09-30.21:08:25::SCWBDomain::-nostartfiles -g -Wall -Wextra -fno-tree-loop-distribute-patterns"

TRACE::2026-09-30.21:08:25::SCWBDomain::Running Make include in ps7_cortexa9_0/libsrc/gpio_v4_8/src

TRACE::2026-09-30.21:08:25::SCWBDomain::make -C ps7_cortexa9_0/libsrc/gpio_v4_8/src -s include  "SHELL=/bin/sh" "COMPILER=arm-none-eabi-gcc" "ASSEMBLER=arm-none-eabi-a
TRACE::2026-09-30.21:08:25::SCWBDomain::s" "ARCHIVER=arm-none-eabi-ar" "COMPILER_FLAGS=  -O2 -c" "EXTRA_COMPILER_FLAGS=-mcpu=cortex-a9 -mfpu=vfpv3 -mfloat-abi=hard -no
TRACE::2026-09-30.21:08:25::SCWBDomain::startfiles -g -Wall -Wextra -fno-tree-loop-distribute-patterns"

TRACE::2026-09-30.21:08:25::SCWBDomain::Running Make include in ps7_cortexa9_0/libsrc/sdps_v3_12/src

TRACE::2026-09-30.21:08:25::SCWBDomain::make -C ps7_cortexa9_0/libsrc/sdps_v3_12/src -s include  "SHELL=/bin/sh" "COMPILER=arm-none-eabi-gcc" "ASSEMBLER=arm-none-eabi-
TRACE::2026-09-30.21:08:25::SCWBDomain::as" "ARCHIVER=arm-none-eabi-ar" "COMPILER_FLAGS=  -O2 -c" "EXTRA_COMPILER_FLAGS=-mcpu=cortex-a9 -mfpu=vfpv3 -mfloat-abi=hard -n
TRACE::2026-09-30.21:08:25::SCWBDomain::ostartfiles -g -Wall -Wextra -fno-tree-loop-distribute-patterns"

TRACE::2026-09-30.21:08:25::SCWBDomain::Running Make include in ps7_cortexa9_0/libsrc/emacps_v3_14/src

TRACE::2026-09-30.21:08:25::SCWBDomain::make -C ps7_cortexa9_0/libsrc/emacps_v3_14/src -s include  "SHELL=/bin/sh" "COMPILER=arm-none-eabi-gcc" "ASSEMBLER=arm-none-eab
TRACE::2026-09-30.21:08:25::SCWBDomain::i-as" "ARCHIVER=arm-none-eabi-ar" "COMPILER_FLAGS=  -O2 -c" "EXTRA_COMPILER_FLAGS=-mcpu=cortex-a9 -mfpu=vfpv3 -mfloat-abi=hard 
TRACE::2026-09-30.21:08:25::SCWBDomain::-nostartfiles -g -Wall -Wextra -fno-tree-loop-distribute-patterns"

TRACE::2026-09-30.21:08:25::SCWBDomain::Running Make include in ps7_cortexa9_0/libsrc/ttcps_v3_14/src

TRACE::2026-09-30.21:08:25::SCWBDomain::make -C ps7_cortexa9_0/libsrc/ttcps_v3_14/src -s include  "SHELL=/bin/sh" "COMPILER=arm-none-eabi-gcc" "ASSEMBLER=arm-none-eabi
TRACE::2026-09-30.21:08:25::SCWBDomain::-as" "ARCHIVER=arm-none-eabi-ar" "COMPILER_FLAGS=  -O2 -c" "EXTRA_COMPILER_FLAGS=-mcpu=cortex-a9 -mfpu=vfpv3 -mfloat-abi=hard -
TRACE::2026-09-30.21:08:25::SCWBDomain::nostartfiles -g -Wall -Wextra -fno-tree-loop-distribute-patterns"

TRACE::2026-09-30.21:08:25::SCWBDomain::Running Make include in ps7_cortexa9_0/libsrc/nco_v1_0/src

TRACE::2026-09-30.21:08:25::SCWBDomain::make -C ps7_cortexa9_0/libsrc/nco_v1_0/src -s include  "SHELL=/bin/sh" "COMPILER=arm-none-eabi-gcc" "ASSEMBLER=arm-none-eabi-as
TRACE::2026-09-30.21:08:25::SCWBDomain::" "ARCHIVER=arm-none-eabi-ar" "COMPILER_FLAGS=  -O2 -c" "EXTRA_COMPILER_FLAGS=-mcpu=cortex-a9 -mfpu=vfpv3 -mfloat-abi=hard -nos
TRACE::2026-09-30.21:08:25::SCWBDomain::tartfiles -g -Wall -Wextra -fno-tree-loop-distribute-patterns"

TRACE::2026-09-30.21:08:25::SCWBDomain::Running Make include in ps7_cortexa9_0/libsrc/usbps_v2_7/src

TRACE::2026-09-30.21:08:25::SCWBDomain::make -C ps7_cortexa9_0/libsrc/usbps_v2_7/src -s include  "SHELL=/bin/sh" "COMPILER=arm-none-eabi-gcc" "ASSEMBLER=arm-none-eabi-
TRACE::2026-09-30.21:08:25::SCWBDomain::as" "ARCHIVER=arm-none-eabi-ar" "COMPILER_FLAGS=  -O2 -c" "EXTRA_COMPILER_FLAGS=-mcpu=cortex-a9 -mfpu=vfpv3 -mfloat-abi=hard -n
TRACE::2026-09-30.21:08:25::SCWBDomain::ostartfiles -g -Wall -Wextra -fno-tree-loop-distribute-patterns"

TRACE::2026-09-30.21:08:25::SCWBDomain::Running Make include in ps7_cortexa9_0/libsrc/coresightps_dcc_v1_8/src

TRACE::2026-09-30.21:08:25::SCWBDomain::make -C ps7_cortexa9_0/libsrc/coresightps_dcc_v1_8/src -s include  "SHELL=/bin/sh" "COMPILER=arm-none-eabi-gcc" "ASSEMBLER=arm-
TRACE::2026-09-30.21:08:25::SCWBDomain::none-eabi-as" "ARCHIVER=arm-none-eabi-ar" "COMPILER_FLAGS=  -O2 -c" "EXTRA_COMPILER_FLAGS=-mcpu=cortex-a9 -mfpu=vfpv3 -mfloat-a
TRACE::2026-09-30.21:08:25::SCWBDomain::bi=hard -nostartfiles -g -Wall -Wextra -fno-tree-loop-distribute-patterns"

TRACE::2026-09-30.21:08:25::SCWBDomain::Running Make include in ps7_cortexa9_0/libsrc/ddrps_v1_2/src

TRACE::2026-09-30.21:08:25::SCWBDomain::make -C ps7_cortexa9_0/libsrc/ddrps_v1_2/src -s include  "SHELL=/bin/sh" "COMPILER=arm-none-eabi-gcc" "ASSEMBLER=arm-none-eabi-
TRACE::2026-09-30.21:08:25::SCWBDomain::as" "ARCHIVER=arm-none-eabi-ar" "COMPILER_FLAGS=  -O2 -c" "EXTRA_COMPILER_FLAGS=-mcpu=cortex-a9 -mfpu=vfpv3 -mfloat-abi=hard -n
TRACE::2026-09-30.21:08:25::SCWBDomain::ostartfiles -g -Wall -Wextra -fno-tree-loop-distribute-patterns"

TRACE::2026-09-30.21:08:25::SCWBDomain::Running Make include in ps7_cortexa9_0/libsrc/iicps_v3_13/src

TRACE::2026-09-30.21:08:25::SCWBDomain::make -C ps7_cortexa9_0/libsrc/iicps_v3_13/src -s include  "SHELL=/bin/sh" "COMPILER=arm-none-eabi-gcc" "ASSEMBLER=arm-none-eabi
TRACE::2026-09-30.21:08:25::SCWBDomain::-as" "ARCHIVER=arm-none-eabi-ar" "COMPILER_FLAGS=  -O2 -c" "EXTRA_COMPILER_FLAGS=-mcpu=cortex-a9 -mfpu=vfpv3 -mfloat-abi=hard -
TRACE::2026-09-30.21:08:25::SCWBDomain::nostartfiles -g -Wall -Wextra -fno-tree-loop-distribute-patterns"

TRACE::2026-09-30.21:08:25::SCWBDomain::Running Make include in ps7_cortexa9_0/libsrc/xadcps_v2_6/src

TRACE::2026-09-30.21:08:25::SCWBDomain::make -C ps7_cortexa9_0/libsrc/xadcps_v2_6/src -s include  "SHELL=/bin/sh" "COMPILER=arm-none-eabi-gcc" "ASSEMBLER=arm-none-eabi
TRACE::2026-09-30.21:08:25::SCWBDomain::-as" "ARCHIVER=arm-none-eabi-ar" "COMPILER_FLAGS=  -O2 -c" "EXTRA_COMPILER_FLAGS=-mcpu=cortex-a9 -mfpu=vfpv3 -mfloat-abi=hard -
TRACE::2026-09-30.21:08:25::SCWBDomain::nostartfiles -g -Wall -Wextra -fno-tree-loop-distribute-patterns"

TRACE::2026-09-30.21:08:25::SCWBDomain::Running Make include in ps7_cortexa9_0/libsrc/cpu_cortexa9_v2_11/src

TRACE::2026-09-30.21:08:25::SCWBDomain::make -C ps7_cortexa9_0/libsrc/cpu_cortexa9_v2_11/src -s include  "SHELL=/bin/sh" "COMPILER=arm-none-eabi-gcc" "ASSEMBLER=arm-no
TRACE::2026-09-30.21:08:25::SCWBDomain::ne-eabi-as" "ARCHIVER=arm-none-eabi-ar" "COMPILER_FLAGS=  -O2 -c" "EXTRA_COMPILER_FLAGS=-mcpu=cortex-a9 -mfpu=vfpv3 -mfloat-abi
TRACE::2026-09-30.21:08:25::SCWBDomain::=hard -nostartfiles -g -Wall -Wextra -fno-tree-loop-distribute-patterns"

TRACE::2026-09-30.21:08:25::SCWBDomain::Running Make include in ps7_cortexa9_0/libsrc/qspips_v3_9/src

TRACE::2026-09-30.21:08:25::SCWBDomain::make -C ps7_cortexa9_0/libsrc/qspips_v3_9/src -s include  "SHELL=/bin/sh" "COMPILER=arm-none-eabi-gcc" "ASSEMBLER=arm-none-eabi
TRACE::2026-09-30.21:08:25::SCWBDomain::-as" "ARCHIVER=arm-none-eabi-ar" "COMPILER_FLAGS=  -O2 -c" "EXTRA_COMPILER_FLAGS=-mcpu=cortex-a9 -mfpu=vfpv3 -mfloat-abi=hard -
TRACE::2026-09-30.21:08:25::SCWBDomain::nostartfiles -g -Wall -Wextra -fno-tree-loop-distribute-patterns"

TRACE::2026-09-30.21:08:25::SCWBDomain::Running Make include in ps7_cortexa9_0/libsrc/dmaps_v2_8/src

TRACE::2026-09-30.21:08:25::SCWBDomain::make -C ps7_cortexa9_0/libsrc/dmaps_v2_8/src -s include  "SHELL=/bin/sh" "COMPILER=arm-none-eabi-gcc" "ASSEMBLER=arm-none-eabi-
TRACE::2026-09-30.21:08:25::SCWBDomain::as" "ARCHIVER=arm-none-eabi-ar" "COMPILER_FLAGS=  -O2 -c" "EXTRA_COMPILER_FLAGS=-mcpu=cortex-a9 -mfpu=vfpv3 -mfloat-abi=hard -n
TRACE::2026-09-30.21:08:25::SCWBDomain::ostartfiles -g -Wall -Wextra -fno-tree-loop-distribute-patterns"

TRACE::2026-09-30.21:08:25::SCWBDomain::Running Make include in ps7_cortexa9_0/libsrc/scutimer_v2_3/src

TRACE::2026-09-30.21:08:25::SCWBDomain::make -C ps7_cortexa9_0/libsrc/scutimer_v2_3/src -s include  "SHELL=/bin/sh" "COMPILER=arm-none-eabi-gcc" "ASSEMBLER=arm-none-ea
TRACE::2026-09-30.21:08:25::SCWBDomain::bi-as" "ARCHIVER=arm-none-eabi-ar" "COMPILER_FLAGS=  -O2 -c" "EXTRA_COMPILER_FLAGS=-mcpu=cortex-a9 -mfpu=vfpv3 -mfloat-abi=hard
TRACE::2026-09-30.21:08:25::SCWBDomain:: -nostartfiles -g -Wall -Wextra -fno-tree-loop-distribute-patterns"

TRACE::2026-09-30.21:08:25::SCWBDomain::Running Make libs in ps7_cortexa9_0/libsrc/xilrsa_v1_6/src

TRACE::2026-09-30.21:08:25::SCWBDomain::make -C ps7_cortexa9_0/libsrc/xilrsa_v1_6/src -s libs  "SHELL=/bin/sh" "COMPILER=arm-none-eabi-gcc" "ASSEMBLER=arm-none-eabi-as
TRACE::2026-09-30.21:08:25::SCWBDomain::" "ARCHIVER=arm-none-eabi-ar" "COMPILER_FLAGS=  -O2 -c" "EXTRA_COMPILER_FLAGS=-mcpu=cortex-a9 -mfpu=vfpv3 -mfloat-abi=hard -nos
TRACE::2026-09-30.21:08:25::SCWBDomain::tartfiles -g -Wall -Wextra -fno-tree-loop-distribute-patterns"

TRACE::2026-09-30.21:08:25::SCWBDomain::Running Make libs in ps7_cortexa9_0/libsrc/led_controller_v1_0/src

TRACE::2026-09-30.21:08:25::SCWBDomain::make -C ps7_cortexa9_0/libsrc/led_controller_v1_0/src -s libs  "SHELL=/bin/sh" "COMPILER=arm-none-eabi-gcc" "ASSEMBLER=arm-none
TRACE::2026-09-30.21:08:25::SCWBDomain::-eabi-as" "ARCHIVER=arm-none-eabi-ar" "COMPILER_FLAGS=  -O2 -c" "EXTRA_COMPILER_FLAGS=-mcpu=cortex-a9 -mfpu=vfpv3 -mfloat-abi=h
TRACE::2026-09-30.21:08:25::SCWBDomain::ard -nostartfiles -g -Wall -Wextra -fno-tree-loop-distribute-patterns"

TRACE::2026-09-30.21:08:25::SCWBDomain::Compiling led_controller...

TRACE::2026-09-30.21:08:25::SCWBDomain::Running Make libs in ps7_cortexa9_0/libsrc/nco_v1_0/src

TRACE::2026-09-30.21:08:25::SCWBDomain::make -C ps7_cortexa9_0/libsrc/nco_v1_0/src -s libs  "SHELL=/bin/sh" "COMPILER=arm-none-eabi-gcc" "ASSEMBLER=arm-none-eabi-as" "
TRACE::2026-09-30.21:08:25::SCWBDomain::ARCHIVER=arm-none-eabi-ar" "COMPILER_FLAGS=  -O2 -c" "EXTRA_COMPILER_FLAGS=-mcpu=cortex-a9 -mfpu=vfpv3 -mfloat-abi=hard -nostar
TRACE::2026-09-30.21:08:25::SCWBDomain::tfiles -g -Wall -Wextra -fno-tree-loop-distribute-patterns"

TRACE::2026-09-30.21:08:25::SCWBDomain::Compiling nco

TRACE::2026-09-30.21:08:25::SCWBDomain::Finished building libraries sequentially.

TRACE::2026-09-30.21:08:25::SCWBDomain::make -j 6 --no-print-directory par_libs

TRACE::2026-09-30.21:08:25::SCWBDomain::Running Make include in ps7_cortexa9_0/libsrc/gpiops_v3_9/src

TRACE::2026-09-30.21:08:25::SCWBDomain::Running Make include in ps7_cortexa9_0/libsrc/xilffs_v4_5/src

TRACE::2026-09-30.21:08:25::SCWBDomain::Running Make include in ps7_cortexa9_0/libsrc/scugic_v4_5/src

TRACE::2026-09-30.21:08:25::SCWBDomain::make -C ps7_cortexa9_0/libsrc/gpiops_v3_9/src -s include  "SHELL=/bin/sh" "COMPILER=arm-none-eabi-gcc" "ASSEMBLER=arm-none-eabi
TRACE::2026-09-30.21:08:25::SCWBDomain::-as" "ARCHIVER=arm-none-eabi-ar" "COMPILER_FLAGS=  -O2 -c" "EXTRA_COMPILER_FLAGS=-mcpu=cortex-a9 -mfpu=vfpv3 -mfloat-abi=hard -
TRACE::2026-09-30.21:08:25::SCWBDomain::nostartfiles -g -Wall -Wextra -fno-tree-loop-distribute-patterns"

TRACE::2026-09-30.21:08:25::SCWBDomain::make -C ps7_cortexa9_0/libsrc/scugic_v4_5/src -s include  "SHELL=/bin/sh" "COMPILER=arm-none-eabi-gcc" "ASSEMBLER=arm-none-eabi
TRACE::2026-09-30.21:08:25::SCWBDomain::-as" "ARCHIVER=arm-none-eabi-ar" "COMPILER_FLAGS=  -O2 -c" "EXTRA_COMPILER_FLAGS=-mcpu=cortex-a9 -mfpu=vfpv3 -mfloat-abi=hard -
TRACE::2026-09-30.21:08:25::SCWBDomain::nostartfiles -g -Wall -Wextra -fno-tree-loop-distribute-patterns"

TRACE::2026-09-30.21:08:25::SCWBDomain::make -C ps7_cortexa9_0/libsrc/xilffs_v4_5/src -s include  "SHELL=/bin/sh" "COMPILER=arm-none-eabi-gcc" "ASSEMBLER=arm-none-eabi
TRACE::2026-09-30.21:08:25::SCWBDomain::-as" "ARCHIVER=arm-none-eabi-ar" "COMPILER_FLAGS=  -O2 -c" "EXTRA_COMPILER_FLAGS=-mcpu=cortex-a9 -mfpu=vfpv3 -mfloat-abi=hard -
TRACE::2026-09-30.21:08:25::SCWBDomain::nostartfiles -g -Wall -Wextra -fno-tree-loop-distribute-patterns"

TRACE::2026-09-30.21:08:25::SCWBDomain::Running Make include in ps7_cortexa9_0/libsrc/scuwdt_v2_4/src

TRACE::2026-09-30.21:08:25::SCWBDomain::Running Make include in ps7_cortexa9_0/libsrc/devcfg_v3_7/src

TRACE::2026-09-30.21:08:25::SCWBDomain::Running Make include in ps7_cortexa9_0/libsrc/standalone_v7_5/src

TRACE::2026-09-30.21:08:25::SCWBDomain::make -C ps7_cortexa9_0/libsrc/scuwdt_v2_4/src -s include  "SHELL=/bin/sh" "COMPILER=arm-none-eabi-gcc" "ASSEMBLER=arm-none-eabi
TRACE::2026-09-30.21:08:25::SCWBDomain::-as" "ARCHIVER=arm-none-eabi-ar" "COMPILER_FLAGS=  -O2 -c" "EXTRA_COMPILER_FLAGS=-mcpu=cortex-a9 -mfpu=vfpv3 -mfloat-abi=hard -
TRACE::2026-09-30.21:08:25::SCWBDomain::nostartfiles -g -Wall -Wextra -fno-tree-loop-distribute-patterns"

TRACE::2026-09-30.21:08:25::SCWBDomain::make -C ps7_cortexa9_0/libsrc/devcfg_v3_7/src -s include  "SHELL=/bin/sh" "COMPILER=arm-none-eabi-gcc" "ASSEMBLER=arm-none-eabi
TRACE::2026-09-30.21:08:25::SCWBDomain::-as" "ARCHIVER=arm-none-eabi-ar" "COMPILER_FLAGS=  -O2 -c" "EXTRA_COMPILER_FLAGS=-mcpu=cortex-a9 -mfpu=vfpv3 -mfloat-abi=hard -
TRACE::2026-09-30.21:08:25::SCWBDomain::nostartfiles -g -Wall -Wextra -fno-tree-loop-distribute-patterns"

TRACE::2026-09-30.21:08:25::SCWBDomain::make -C ps7_cortexa9_0/libsrc/standalone_v7_5/src -s include  "SHELL=/bin/sh" "COMPILER=arm-none-eabi-gcc" "ASSEMBLER=arm-none-
TRACE::2026-09-30.21:08:25::SCWBDomain::eabi-as" "ARCHIVER=arm-none-eabi-ar" "COMPILER_FLAGS=  -O2 -c" "EXTRA_COMPILER_FLAGS=-mcpu=cortex-a9 -mfpu=vfpv3 -mfloat-abi=ha
TRACE::2026-09-30.21:08:25::SCWBDomain::rd -nostartfiles -g -Wall -Wextra -fno-tree-loop-distribute-patterns"

TRACE::2026-09-30.21:08:25::SCWBDomain::Running Make include in ps7_cortexa9_0/libsrc/xilrsa_v1_6/src

TRACE::2026-09-30.21:08:25::SCWBDomain::make -C ps7_cortexa9_0/libsrc/xilrsa_v1_6/src -s include  "SHELL=/bin/sh" "COMPILER=arm-none-eabi-gcc" "ASSEMBLER=arm-none-eabi
TRACE::2026-09-30.21:08:25::SCWBDomain::-as" "ARCHIVER=arm-none-eabi-ar" "COMPILER_FLAGS=  -O2 -c" "EXTRA_COMPILER_FLAGS=-mcpu=cortex-a9 -mfpu=vfpv3 -mfloat-abi=hard -
TRACE::2026-09-30.21:08:25::SCWBDomain::nostartfiles -g -Wall -Wextra -fno-tree-loop-distribute-patterns"

TRACE::2026-09-30.21:08:25::SCWBDomain::Running Make include in ps7_cortexa9_0/libsrc/led_controller_v1_0/src

TRACE::2026-09-30.21:08:25::SCWBDomain::Running Make include in ps7_cortexa9_0/libsrc/uartps_v3_11/src

TRACE::2026-09-30.21:08:25::SCWBDomain::Running Make include in ps7_cortexa9_0/libsrc/gpio_v4_8/src

TRACE::2026-09-30.21:08:25::SCWBDomain::make -C ps7_cortexa9_0/libsrc/uartps_v3_11/src -s include  "SHELL=/bin/sh" "COMPILER=arm-none-eabi-gcc" "ASSEMBLER=arm-none-eab
TRACE::2026-09-30.21:08:25::SCWBDomain::i-as" "ARCHIVER=arm-none-eabi-ar" "COMPILER_FLAGS=  -O2 -c" "EXTRA_COMPILER_FLAGS=-mcpu=cortex-a9 -mfpu=vfpv3 -mfloat-abi=hard 
TRACE::2026-09-30.21:08:25::SCWBDomain::-nostartfiles -g -Wall -Wextra -fno-tree-loop-distribute-patterns"

TRACE::2026-09-30.21:08:25::SCWBDomain::make -C ps7_cortexa9_0/libsrc/led_controller_v1_0/src -s include  "SHELL=/bin/sh" "COMPILER=arm-none-eabi-gcc" "ASSEMBLER=arm-n
TRACE::2026-09-30.21:08:25::SCWBDomain::one-eabi-as" "ARCHIVER=arm-none-eabi-ar" "COMPILER_FLAGS=  -O2 -c" "EXTRA_COMPILER_FLAGS=-mcpu=cortex-a9 -mfpu=vfpv3 -mfloat-ab
TRACE::2026-09-30.21:08:25::SCWBDomain::i=hard -nostartfiles -g -Wall -Wextra -fno-tree-loop-distribute-patterns"

TRACE::2026-09-30.21:08:25::SCWBDomain::Running Make include in ps7_cortexa9_0/libsrc/sdps_v3_12/src

TRACE::2026-09-30.21:08:25::SCWBDomain::make -C ps7_cortexa9_0/libsrc/gpio_v4_8/src -s include  "SHELL=/bin/sh" "COMPILER=arm-none-eabi-gcc" "ASSEMBLER=arm-none-eabi-a
TRACE::2026-09-30.21:08:25::SCWBDomain::s" "ARCHIVER=arm-none-eabi-ar" "COMPILER_FLAGS=  -O2 -c" "EXTRA_COMPILER_FLAGS=-mcpu=cortex-a9 -mfpu=vfpv3 -mfloat-abi=hard -no
TRACE::2026-09-30.21:08:25::SCWBDomain::startfiles -g -Wall -Wextra -fno-tree-loop-distribute-patterns"

TRACE::2026-09-30.21:08:25::SCWBDomain::make -C ps7_cortexa9_0/libsrc/sdps_v3_12/src -s include  "SHELL=/bin/sh" "COMPILER=arm-none-eabi-gcc" "ASSEMBLER=arm-none-eabi-
TRACE::2026-09-30.21:08:25::SCWBDomain::as" "ARCHIVER=arm-none-eabi-ar" "COMPILER_FLAGS=  -O2 -c" "EXTRA_COMPILER_FLAGS=-mcpu=cortex-a9 -mfpu=vfpv3 -mfloat-abi=hard -n
TRACE::2026-09-30.21:08:25::SCWBDomain::ostartfiles -g -Wall -Wextra -fno-tree-loop-distribute-patterns"

TRACE::2026-09-30.21:08:25::SCWBDomain::Running Make include in ps7_cortexa9_0/libsrc/emacps_v3_14/src

TRACE::2026-09-30.21:08:25::SCWBDomain::Running Make include in ps7_cortexa9_0/libsrc/ttcps_v3_14/src

TRACE::2026-09-30.21:08:25::SCWBDomain::make -C ps7_cortexa9_0/libsrc/emacps_v3_14/src -s include  "SHELL=/bin/sh" "COMPILER=arm-none-eabi-gcc" "ASSEMBLER=arm-none-eab
TRACE::2026-09-30.21:08:25::SCWBDomain::i-as" "ARCHIVER=arm-none-eabi-ar" "COMPILER_FLAGS=  -O2 -c" "EXTRA_COMPILER_FLAGS=-mcpu=cortex-a9 -mfpu=vfpv3 -mfloat-abi=hard 
TRACE::2026-09-30.21:08:25::SCWBDomain::-nostartfiles -g -Wall -Wextra -fno-tree-loop-distribute-patterns"

TRACE::2026-09-30.21:08:25::SCWBDomain::make -C ps7_cortexa9_0/libsrc/ttcps_v3_14/src -s include  "SHELL=/bin/sh" "COMPILER=arm-none-eabi-gcc" "ASSEMBLER=arm-none-eabi
TRACE::2026-09-30.21:08:25::SCWBDomain::-as" "ARCHIVER=arm-none-eabi-ar" "COMPILER_FLAGS=  -O2 -c" "EXTRA_COMPILER_FLAGS=-mcpu=cortex-a9 -mfpu=vfpv3 -mfloat-abi=hard -
TRACE::2026-09-30.21:08:25::SCWBDomain::nostartfiles -g -Wall -Wextra -fno-tree-loop-distribute-patterns"

TRACE::2026-09-30.21:08:25::SCWBDomain::Running Make include in ps7_cortexa9_0/libsrc/nco_v1_0/src

TRACE::2026-09-30.21:08:25::SCWBDomain::Running Make include in ps7_cortexa9_0/libsrc/usbps_v2_7/src

TRACE::2026-09-30.21:08:25::SCWBDomain::make -C ps7_cortexa9_0/libsrc/nco_v1_0/src -s include  "SHELL=/bin/sh" "COMPILER=arm-none-eabi-gcc" "ASSEMBLER=arm-none-eabi-as
TRACE::2026-09-30.21:08:25::SCWBDomain::" "ARCHIVER=arm-none-eabi-ar" "COMPILER_FLAGS=  -O2 -c" "EXTRA_COMPILER_FLAGS=-mcpu=cortex-a9 -mfpu=vfpv3 -mfloat-abi=hard -nos
TRACE::2026-09-30.21:08:25::SCWBDomain::tartfiles -g -Wall -Wextra -fno-tree-loop-distribute-patterns"

TRACE::2026-09-30.21:08:25::SCWBDomain::make -C ps7_cortexa9_0/libsrc/usbps_v2_7/src -s include  "SHELL=/bin/sh" "COMPILER=arm-none-eabi-gcc" "ASSEMBLER=arm-none-eabi-
TRACE::2026-09-30.21:08:25::SCWBDomain::as" "ARCHIVER=arm-none-eabi-ar" "COMPILER_FLAGS=  -O2 -c" "EXTRA_COMPILER_FLAGS=-mcpu=cortex-a9 -mfpu=vfpv3 -mfloat-abi=hard -n
TRACE::2026-09-30.21:08:25::SCWBDomain::ostartfiles -g -Wall -Wextra -fno-tree-loop-distribute-patterns"

TRACE::2026-09-30.21:08:25::SCWBDomain::Running Make include in ps7_cortexa9_0/libsrc/coresightps_dcc_v1_8/src

TRACE::2026-09-30.21:08:25::SCWBDomain::make -C ps7_cortexa9_0/libsrc/coresightps_dcc_v1_8/src -s include  "SHELL=/bin/sh" "COMPILER=arm-none-eabi-gcc" "ASSEMBLER=arm-
TRACE::2026-09-30.21:08:25::SCWBDomain::none-eabi-as" "ARCHIVER=arm-none-eabi-ar" "COMPILER_FLAGS=  -O2 -c" "EXTRA_COMPILER_FLAGS=-mcpu=cortex-a9 -mfpu=vfpv3 -mfloat-a
TRACE::2026-09-30.21:08:25::SCWBDomain::bi=hard -nostartfiles -g -Wall -Wextra -fno-tree-loop-distribute-patterns"

TRACE::2026-09-30.21:08:25::SCWBDomain::Running Make include in ps7_cortexa9_0/libsrc/ddrps_v1_2/src

TRACE::2026-09-30.21:08:25::SCWBDomain::make -C ps7_cortexa9_0/libsrc/ddrps_v1_2/src -s include  "SHELL=/bin/sh" "COMPILER=arm-none-eabi-gcc" "ASSEMBLER=arm-none-eabi-
TRACE::2026-09-30.21:08:25::SCWBDomain::as" "ARCHIVER=arm-none-eabi-ar" "COMPILER_FLAGS=  -O2 -c" "EXTRA_COMPILER_FLAGS=-mcpu=cortex-a9 -mfpu=vfpv3 -mfloat-abi=hard -n
TRACE::2026-09-30.21:08:25::SCWBDomain::ostartfiles -g -Wall -Wextra -fno-tree-loop-distribute-patterns"

TRACE::2026-09-30.21:08:25::SCWBDomain::Running Make include in ps7_cortexa9_0/libsrc/iicps_v3_13/src

TRACE::2026-09-30.21:08:25::SCWBDomain::make -C ps7_cortexa9_0/libsrc/iicps_v3_13/src -s include  "SHELL=/bin/sh" "COMPILER=arm-none-eabi-gcc" "ASSEMBLER=arm-none-eabi
TRACE::2026-09-30.21:08:25::SCWBDomain::-as" "ARCHIVER=arm-none-eabi-ar" "COMPILER_FLAGS=  -O2 -c" "EXTRA_COMPILER_FLAGS=-mcpu=cortex-a9 -mfpu=vfpv3 -mfloat-abi=hard -
TRACE::2026-09-30.21:08:25::SCWBDomain::nostartfiles -g -Wall -Wextra -fno-tree-loop-distribute-patterns"

TRACE::2026-09-30.21:08:25::SCWBDomain::Running Make include in ps7_cortexa9_0/libsrc/xadcps_v2_6/src

TRACE::2026-09-30.21:08:25::SCWBDomain::make -C ps7_cortexa9_0/libsrc/xadcps_v2_6/src -s include  "SHELL=/bin/sh" "COMPILER=arm-none-eabi-gcc" "ASSEMBLER=arm-none-eabi
TRACE::2026-09-30.21:08:25::SCWBDomain::-as" "ARCHIVER=arm-none-eabi-ar" "COMPILER_FLAGS=  -O2 -c" "EXTRA_COMPILER_FLAGS=-mcpu=cortex-a9 -mfpu=vfpv3 -mfloat-abi=hard -
TRACE::2026-09-30.21:08:25::SCWBDomain::nostartfiles -g -Wall -Wextra -fno-tree-loop-distribute-patterns"

TRACE::2026-09-30.21:08:25::SCWBDomain::Running Make include in ps7_cortexa9_0/libsrc/cpu_cortexa9_v2_11/src

TRACE::2026-09-30.21:08:25::SCWBDomain::make -C ps7_cortexa9_0/libsrc/cpu_cortexa9_v2_11/src -s include  "SHELL=/bin/sh" "COMPILER=arm-none-eabi-gcc" "ASSEMBLER=arm-no
TRACE::2026-09-30.21:08:25::SCWBDomain::ne-eabi-as" "ARCHIVER=arm-none-eabi-ar" "COMPILER_FLAGS=  -O2 -c" "EXTRA_COMPILER_FLAGS=-mcpu=cortex-a9 -mfpu=vfpv3 -mfloat-abi
TRACE::2026-09-30.21:08:25::SCWBDomain::=hard -nostartfiles -g -Wall -Wextra -fno-tree-loop-distribute-patterns"

TRACE::2026-09-30.21:08:25::SCWBDomain::Running Make include in ps7_cortexa9_0/libsrc/dmaps_v2_8/src

TRACE::2026-09-30.21:08:25::SCWBDomain::Running Make include in ps7_cortexa9_0/libsrc/qspips_v3_9/src

TRACE::2026-09-30.21:08:25::SCWBDomain::make -C ps7_cortexa9_0/libsrc/dmaps_v2_8/src -s include  "SHELL=/bin/sh" "COMPILER=arm-none-eabi-gcc" "ASSEMBLER=arm-none-eabi-
TRACE::2026-09-30.21:08:25::SCWBDomain::as" "ARCHIVER=arm-none-eabi-ar" "COMPILER_FLAGS=  -O2 -c" "EXTRA_COMPILER_FLAGS=-mcpu=cortex-a9 -mfpu=vfpv3 -mfloat-abi=hard -n
TRACE::2026-09-30.21:08:25::SCWBDomain::ostartfiles -g -Wall -Wextra -fno-tree-loop-distribute-patterns"

TRACE::2026-09-30.21:08:25::SCWBDomain::Running Make include in ps7_cortexa9_0/libsrc/scutimer_v2_3/src

TRACE::2026-09-30.21:08:25::SCWBDomain::make -C ps7_cortexa9_0/libsrc/qspips_v3_9/src -s include  "SHELL=/bin/sh" "COMPILER=arm-none-eabi-gcc" "ASSEMBLER=arm-none-eabi
TRACE::2026-09-30.21:08:25::SCWBDomain::-as" "ARCHIVER=arm-none-eabi-ar" "COMPILER_FLAGS=  -O2 -c" "EXTRA_COMPILER_FLAGS=-mcpu=cortex-a9 -mfpu=vfpv3 -mfloat-abi=hard -
TRACE::2026-09-30.21:08:25::SCWBDomain::nostartfiles -g -Wall -Wextra -fno-tree-loop-distribute-patterns"

TRACE::2026-09-30.21:08:25::SCWBDomain::make -C ps7_cortexa9_0/libsrc/scutimer_v2_3/src -s include  "SHELL=/bin/sh" "COMPILER=arm-none-eabi-gcc" "ASSEMBLER=arm-none-ea
TRACE::2026-09-30.21:08:25::SCWBDomain::bi-as" "ARCHIVER=arm-none-eabi-ar" "COMPILER_FLAGS=  -O2 -c" "EXTRA_COMPILER_FLAGS=-mcpu=cortex-a9 -mfpu=vfpv3 -mfloat-abi=hard
TRACE::2026-09-30.21:08:25::SCWBDomain:: -nostartfiles -g -Wall -Wextra -fno-tree-loop-distribute-patterns"

TRACE::2026-09-30.21:08:25::SCWBDomain::Running Make libs in ps7_cortexa9_0/libsrc/gpiops_v3_9/src

TRACE::2026-09-30.21:08:25::SCWBDomain::Running Make libs in ps7_cortexa9_0/libsrc/scugic_v4_5/src

TRACE::2026-09-30.21:08:25::SCWBDomain::make -C ps7_cortexa9_0/libsrc/gpiops_v3_9/src -s libs  "SHELL=/bin/sh" "COMPILER=arm-none-eabi-gcc" "ASSEMBLER=arm-none-eabi-as
TRACE::2026-09-30.21:08:25::SCWBDomain::" "ARCHIVER=arm-none-eabi-ar" "COMPILER_FLAGS=  -O2 -c" "EXTRA_COMPILER_FLAGS=-mcpu=cortex-a9 -mfpu=vfpv3 -mfloat-abi=hard -nos
TRACE::2026-09-30.21:08:25::SCWBDomain::tartfiles -g -Wall -Wextra -fno-tree-loop-distribute-patterns"

TRACE::2026-09-30.21:08:25::SCWBDomain::Running Make libs in ps7_cortexa9_0/libsrc/xilffs_v4_5/src

TRACE::2026-09-30.21:08:25::SCWBDomain::Running Make libs in ps7_cortexa9_0/libsrc/scuwdt_v2_4/src

TRACE::2026-09-30.21:08:25::SCWBDomain::make -C ps7_cortexa9_0/libsrc/scugic_v4_5/src -s libs  "SHELL=/bin/sh" "COMPILER=arm-none-eabi-gcc" "ASSEMBLER=arm-none-eabi-as
TRACE::2026-09-30.21:08:25::SCWBDomain::" "ARCHIVER=arm-none-eabi-ar" "COMPILER_FLAGS=  -O2 -c" "EXTRA_COMPILER_FLAGS=-mcpu=cortex-a9 -mfpu=vfpv3 -mfloat-abi=hard -nos
TRACE::2026-09-30.21:08:25::SCWBDomain::tartfiles -g -Wall -Wextra -fno-tree-loop-distribute-patterns"

TRACE::2026-09-30.21:08:25::SCWBDomain::Running Make libs in ps7_cortexa9_0/libsrc/devcfg_v3_7/src

TRACE::2026-09-30.21:08:25::SCWBDomain::make -C ps7_cortexa9_0/libsrc/xilffs_v4_5/src -s libs  "SHELL=/bin/sh" "COMPILER=arm-none-eabi-gcc" "ASSEMBLER=arm-none-eabi-as
TRACE::2026-09-30.21:08:25::SCWBDomain::" "ARCHIVER=arm-none-eabi-ar" "COMPILER_FLAGS=  -O2 -c" "EXTRA_COMPILER_FLAGS=-mcpu=cortex-a9 -mfpu=vfpv3 -mfloat-abi=hard -nos
TRACE::2026-09-30.21:08:25::SCWBDomain::tartfiles -g -Wall -Wextra -fno-tree-loop-distribute-patterns"

TRACE::2026-09-30.21:08:25::SCWBDomain::make -C ps7_cortexa9_0/libsrc/scuwdt_v2_4/src -s libs  "SHELL=/bin/sh" "COMPILER=arm-none-eabi-gcc" "ASSEMBLER=arm-none-eabi-as
TRACE::2026-09-30.21:08:25::SCWBDomain::" "ARCHIVER=arm-none-eabi-ar" "COMPILER_FLAGS=  -O2 -c" "EXTRA_COMPILER_FLAGS=-mcpu=cortex-a9 -mfpu=vfpv3 -mfloat-abi=hard -nos
TRACE::2026-09-30.21:08:25::SCWBDomain::tartfiles -g -Wall -Wextra -fno-tree-loop-distribute-patterns"

TRACE::2026-09-30.21:08:25::SCWBDomain::make -C ps7_cortexa9_0/libsrc/devcfg_v3_7/src -s libs  "SHELL=/bin/sh" "COMPILER=arm-none-eabi-gcc" "ASSEMBLER=arm-none-eabi-as
TRACE::2026-09-30.21:08:25::SCWBDomain::" "ARCHIVER=arm-none-eabi-ar" "COMPILER_FLAGS=  -O2 -c" "EXTRA_COMPILER_FLAGS=-mcpu=cortex-a9 -mfpu=vfpv3 -mfloat-abi=hard -nos
TRACE::2026-09-30.21:08:25::SCWBDomain::tartfiles -g -Wall -Wextra -fno-tree-loop-distribute-patterns"

TRACE::2026-09-30.21:08:25::SCWBDomain::Running Make libs in ps7_cortexa9_0/libsrc/standalone_v7_5/src

TRACE::2026-09-30.21:08:25::SCWBDomain::make -C ps7_cortexa9_0/libsrc/standalone_v7_5/src -s libs  "SHELL=/bin/sh" "COMPILER=arm-none-eabi-gcc" "ASSEMBLER=arm-none-eab
TRACE::2026-09-30.21:08:25::SCWBDomain::i-as" "ARCHIVER=arm-none-eabi-ar" "COMPILER_FLAGS=  -O2 -c" "EXTRA_COMPILER_FLAGS=-mcpu=cortex-a9 -mfpu=vfpv3 -mfloat-abi=hard 
TRACE::2026-09-30.21:08:25::SCWBDomain::-nostartfiles -g -Wall -Wextra -fno-tree-loop-distribute-patterns"

TRACE::2026-09-30.21:08:26::SCWBDomain::Running Make libs in ps7_cortexa9_0/libsrc/uartps_v3_11/src

TRACE::2026-09-30.21:08:26::SCWBDomain::make -C ps7_cortexa9_0/libsrc/uartps_v3_11/src -s libs  "SHELL=/bin/sh" "COMPILER=arm-none-eabi-gcc" "ASSEMBLER=arm-none-eabi-a
TRACE::2026-09-30.21:08:26::SCWBDomain::s" "ARCHIVER=arm-none-eabi-ar" "COMPILER_FLAGS=  -O2 -c" "EXTRA_COMPILER_FLAGS=-mcpu=cortex-a9 -mfpu=vfpv3 -mfloat-abi=hard -no
TRACE::2026-09-30.21:08:26::SCWBDomain::startfiles -g -Wall -Wextra -fno-tree-loop-distribute-patterns"

TRACE::2026-09-30.21:08:26::SCWBDomain::Running Make libs in ps7_cortexa9_0/libsrc/gpio_v4_8/src

TRACE::2026-09-30.21:08:26::SCWBDomain::make -C ps7_cortexa9_0/libsrc/gpio_v4_8/src -s libs  "SHELL=/bin/sh" "COMPILER=arm-none-eabi-gcc" "ASSEMBLER=arm-none-eabi-as" 
TRACE::2026-09-30.21:08:26::SCWBDomain::"ARCHIVER=arm-none-eabi-ar" "COMPILER_FLAGS=  -O2 -c" "EXTRA_COMPILER_FLAGS=-mcpu=cortex-a9 -mfpu=vfpv3 -mfloat-abi=hard -nosta
TRACE::2026-09-30.21:08:26::SCWBDomain::rtfiles -g -Wall -Wextra -fno-tree-loop-distribute-patterns"

TRACE::2026-09-30.21:08:26::SCWBDomain::Running Make libs in ps7_cortexa9_0/libsrc/sdps_v3_12/src

TRACE::2026-09-30.21:08:26::SCWBDomain::make -C ps7_cortexa9_0/libsrc/sdps_v3_12/src -s libs  "SHELL=/bin/sh" "COMPILER=arm-none-eabi-gcc" "ASSEMBLER=arm-none-eabi-as"
TRACE::2026-09-30.21:08:26::SCWBDomain:: "ARCHIVER=arm-none-eabi-ar" "COMPILER_FLAGS=  -O2 -c" "EXTRA_COMPILER_FLAGS=-mcpu=cortex-a9 -mfpu=vfpv3 -mfloat-abi=hard -nost
TRACE::2026-09-30.21:08:26::SCWBDomain::artfiles -g -Wall -Wextra -fno-tree-loop-distribute-patterns"

TRACE::2026-09-30.21:08:27::SCWBDomain::Running Make libs in ps7_cortexa9_0/libsrc/emacps_v3_14/src

TRACE::2026-09-30.21:08:27::SCWBDomain::make -C ps7_cortexa9_0/libsrc/emacps_v3_14/src -s libs  "SHELL=/bin/sh" "COMPILER=arm-none-eabi-gcc" "ASSEMBLER=arm-none-eabi-a
TRACE::2026-09-30.21:08:27::SCWBDomain::s" "ARCHIVER=arm-none-eabi-ar" "COMPILER_FLAGS=  -O2 -c" "EXTRA_COMPILER_FLAGS=-mcpu=cortex-a9 -mfpu=vfpv3 -mfloat-abi=hard -no
TRACE::2026-09-30.21:08:27::SCWBDomain::startfiles -g -Wall -Wextra -fno-tree-loop-distribute-patterns"

TRACE::2026-09-30.21:08:27::SCWBDomain::Running Make libs in ps7_cortexa9_0/libsrc/ttcps_v3_14/src

TRACE::2026-09-30.21:08:27::SCWBDomain::make -C ps7_cortexa9_0/libsrc/ttcps_v3_14/src -s libs  "SHELL=/bin/sh" "COMPILER=arm-none-eabi-gcc" "ASSEMBLER=arm-none-eabi-as
TRACE::2026-09-30.21:08:27::SCWBDomain::" "ARCHIVER=arm-none-eabi-ar" "COMPILER_FLAGS=  -O2 -c" "EXTRA_COMPILER_FLAGS=-mcpu=cortex-a9 -mfpu=vfpv3 -mfloat-abi=hard -nos
TRACE::2026-09-30.21:08:27::SCWBDomain::tartfiles -g -Wall -Wextra -fno-tree-loop-distribute-patterns"

TRACE::2026-09-30.21:08:27::SCWBDomain::Running Make libs in ps7_cortexa9_0/libsrc/usbps_v2_7/src

TRACE::2026-09-30.21:08:27::SCWBDomain::make -C ps7_cortexa9_0/libsrc/usbps_v2_7/src -s libs  "SHELL=/bin/sh" "COMPILER=arm-none-eabi-gcc" "ASSEMBLER=arm-none-eabi-as"
TRACE::2026-09-30.21:08:27::SCWBDomain:: "ARCHIVER=arm-none-eabi-ar" "COMPILER_FLAGS=  -O2 -c" "EXTRA_COMPILER_FLAGS=-mcpu=cortex-a9 -mfpu=vfpv3 -mfloat-abi=hard -nost
TRACE::2026-09-30.21:08:27::SCWBDomain::artfiles -g -Wall -Wextra -fno-tree-loop-distribute-patterns"

TRACE::2026-09-30.21:08:27::SCWBDomain::Running Make libs in ps7_cortexa9_0/libsrc/coresightps_dcc_v1_8/src

TRACE::2026-09-30.21:08:27::SCWBDomain::make -C ps7_cortexa9_0/libsrc/coresightps_dcc_v1_8/src -s libs  "SHELL=/bin/sh" "COMPILER=arm-none-eabi-gcc" "ASSEMBLER=arm-non
TRACE::2026-09-30.21:08:27::SCWBDomain::e-eabi-as" "ARCHIVER=arm-none-eabi-ar" "COMPILER_FLAGS=  -O2 -c" "EXTRA_COMPILER_FLAGS=-mcpu=cortex-a9 -mfpu=vfpv3 -mfloat-abi=
TRACE::2026-09-30.21:08:27::SCWBDomain::hard -nostartfiles -g -Wall -Wextra -fno-tree-loop-distribute-patterns"

TRACE::2026-09-30.21:08:27::SCWBDomain::Running Make libs in ps7_cortexa9_0/libsrc/ddrps_v1_2/src

TRACE::2026-09-30.21:08:27::SCWBDomain::make -C ps7_cortexa9_0/libsrc/ddrps_v1_2/src -s libs  "SHELL=/bin/sh" "COMPILER=arm-none-eabi-gcc" "ASSEMBLER=arm-none-eabi-as"
TRACE::2026-09-30.21:08:27::SCWBDomain:: "ARCHIVER=arm-none-eabi-ar" "COMPILER_FLAGS=  -O2 -c" "EXTRA_COMPILER_FLAGS=-mcpu=cortex-a9 -mfpu=vfpv3 -mfloat-abi=hard -nost
TRACE::2026-09-30.21:08:27::SCWBDomain::artfiles -g -Wall -Wextra -fno-tree-loop-distribute-patterns"

TRACE::2026-09-30.21:08:27::SCWBDomain::Running Make libs in ps7_cortexa9_0/libsrc/iicps_v3_13/src

TRACE::2026-09-30.21:08:27::SCWBDomain::make -C ps7_cortexa9_0/libsrc/iicps_v3_13/src -s libs  "SHELL=/bin/sh" "COMPILER=arm-none-eabi-gcc" "ASSEMBLER=arm-none-eabi-as
TRACE::2026-09-30.21:08:27::SCWBDomain::" "ARCHIVER=arm-none-eabi-ar" "COMPILER_FLAGS=  -O2 -c" "EXTRA_COMPILER_FLAGS=-mcpu=cortex-a9 -mfpu=vfpv3 -mfloat-abi=hard -nos
TRACE::2026-09-30.21:08:27::SCWBDomain::tartfiles -g -Wall -Wextra -fno-tree-loop-distribute-patterns"

TRACE::2026-09-30.21:08:27::SCWBDomain::Running Make libs in ps7_cortexa9_0/libsrc/xadcps_v2_6/src

TRACE::2026-09-30.21:08:27::SCWBDomain::make -C ps7_cortexa9_0/libsrc/xadcps_v2_6/src -s libs  "SHELL=/bin/sh" "COMPILER=arm-none-eabi-gcc" "ASSEMBLER=arm-none-eabi-as
TRACE::2026-09-30.21:08:27::SCWBDomain::" "ARCHIVER=arm-none-eabi-ar" "COMPILER_FLAGS=  -O2 -c" "EXTRA_COMPILER_FLAGS=-mcpu=cortex-a9 -mfpu=vfpv3 -mfloat-abi=hard -nos
TRACE::2026-09-30.21:08:27::SCWBDomain::tartfiles -g -Wall -Wextra -fno-tree-loop-distribute-patterns"

TRACE::2026-09-30.21:08:27::SCWBDomain::Running Make libs in ps7_cortexa9_0/libsrc/cpu_cortexa9_v2_11/src

TRACE::2026-09-30.21:08:27::SCWBDomain::make -C ps7_cortexa9_0/libsrc/cpu_cortexa9_v2_11/src -s libs  "SHELL=/bin/sh" "COMPILER=arm-none-eabi-gcc" "ASSEMBLER=arm-none-
TRACE::2026-09-30.21:08:27::SCWBDomain::eabi-as" "ARCHIVER=arm-none-eabi-ar" "COMPILER_FLAGS=  -O2 -c" "EXTRA_COMPILER_FLAGS=-mcpu=cortex-a9 -mfpu=vfpv3 -mfloat-abi=ha
TRACE::2026-09-30.21:08:27::SCWBDomain::rd -nostartfiles -g -Wall -Wextra -fno-tree-loop-distribute-patterns"

TRACE::2026-09-30.21:08:27::SCWBDomain::Running Make libs in ps7_cortexa9_0/libsrc/qspips_v3_9/src

TRACE::2026-09-30.21:08:27::SCWBDomain::make -C ps7_cortexa9_0/libsrc/qspips_v3_9/src -s libs  "SHELL=/bin/sh" "COMPILER=arm-none-eabi-gcc" "ASSEMBLER=arm-none-eabi-as
TRACE::2026-09-30.21:08:27::SCWBDomain::" "ARCHIVER=arm-none-eabi-ar" "COMPILER_FLAGS=  -O2 -c" "EXTRA_COMPILER_FLAGS=-mcpu=cortex-a9 -mfpu=vfpv3 -mfloat-abi=hard -nos
TRACE::2026-09-30.21:08:27::SCWBDomain::tartfiles -g -Wall -Wextra -fno-tree-loop-distribute-patterns"

TRACE::2026-09-30.21:08:27::SCWBDomain::Running Make libs in ps7_cortexa9_0/libsrc/dmaps_v2_8/src

TRACE::2026-09-30.21:08:27::SCWBDomain::make -C ps7_cortexa9_0/libsrc/dmaps_v2_8/src -s libs  "SHELL=/bin/sh" "COMPILER=arm-none-eabi-gcc" "ASSEMBLER=arm-none-eabi-as"
TRACE::2026-09-30.21:08:27::SCWBDomain:: "ARCHIVER=arm-none-eabi-ar" "COMPILER_FLAGS=  -O2 -c" "EXTRA_COMPILER_FLAGS=-mcpu=cortex-a9 -mfpu=vfpv3 -mfloat-abi=hard -nost
TRACE::2026-09-30.21:08:27::SCWBDomain::artfiles -g -Wall -Wextra -fno-tree-loop-distribute-patterns"

TRACE::2026-09-30.21:08:27::SCWBDomain::Running Make libs in ps7_cortexa9_0/libsrc/scutimer_v2_3/src

TRACE::2026-09-30.21:08:27::SCWBDomain::make -C ps7_cortexa9_0/libsrc/scutimer_v2_3/src -s libs  "SHELL=/bin/sh" "COMPILER=arm-none-eabi-gcc" "ASSEMBLER=arm-none-eabi-
TRACE::2026-09-30.21:08:27::SCWBDomain::as" "ARCHIVER=arm-none-eabi-ar" "COMPILER_FLAGS=  -O2 -c" "EXTRA_COMPILER_FLAGS=-mcpu=cortex-a9 -mfpu=vfpv3 -mfloat-abi=hard -n
TRACE::2026-09-30.21:08:27::SCWBDomain::ostartfiles -g -Wall -Wextra -fno-tree-loop-distribute-patterns"

TRACE::2026-09-30.21:08:28::SCWBDomain::Finished building libraries parallelly.

TRACE::2026-09-30.21:08:28::SCWBDomain::make --no-print-directory archive

TRACE::2026-09-30.21:08:28::SCWBDomain::arm-none-eabi-ar -r  ps7_cortexa9_0/lib/libxil.a ps7_cortexa9_0/lib/xusbps_endpoint.o ps7_cortexa9_0/lib/xgpiops.o ps7_cortexa9
TRACE::2026-09-30.21:08:28::SCWBDomain::_0/lib/xsdps_g.o ps7_cortexa9_0/lib/xiicps_master.o ps7_cortexa9_0/lib/_sbrk.o ps7_cortexa9_0/lib/xiicps.o ps7_cortexa9_0/lib/x
TRACE::2026-09-30.21:08:28::SCWBDomain::emacps_g.o ps7_cortexa9_0/lib/xpm_counter.o ps7_cortexa9_0/lib/xttcps.o ps7_cortexa9_0/lib/xcoresightpsdcc.o ps7_cortexa9_0/lib
TRACE::2026-09-30.21:08:28::SCWBDomain::/xgpiops_sinit.o ps7_cortexa9_0/lib/xdmaps.o ps7_cortexa9_0/lib/xdevcfg_sinit.o ps7_cortexa9_0/lib/xqspips_g.o ps7_cortexa9_0/l
TRACE::2026-09-30.21:08:28::SCWBDomain::ib/xil_testcache.o ps7_cortexa9_0/lib/getpid.o ps7_cortexa9_0/lib/xscugic_intr.o ps7_cortexa9_0/lib/xiicps_options.o ps7_cortex
TRACE::2026-09-30.21:08:28::SCWBDomain::a9_0/lib/asm_vectors.o ps7_cortexa9_0/lib/xiicps_hw.o ps7_cortexa9_0/lib/xl2cc_counter.o ps7_cortexa9_0/lib/xil_testmem.o ps7_c
TRACE::2026-09-30.21:08:28::SCWBDomain::ortexa9_0/lib/xgpiops_hw.o ps7_cortexa9_0/lib/lseek.o ps7_cortexa9_0/lib/outbyte.o ps7_cortexa9_0/lib/xuartps_selftest.o ps7_co
TRACE::2026-09-30.21:08:28::SCWBDomain::rtexa9_0/lib/xuartps_sinit.o ps7_cortexa9_0/lib/xadcps.o ps7_cortexa9_0/lib/xuartps_g.o ps7_cortexa9_0/lib/xil_printf.o ps7_cor
TRACE::2026-09-30.21:08:28::SCWBDomain::texa9_0/lib/xiicps_slave.o ps7_cortexa9_0/lib/xdmaps_sinit.o ps7_cortexa9_0/lib/time.o ps7_cortexa9_0/lib/xil_mem.o ps7_cortexa
TRACE::2026-09-30.21:08:28::SCWBDomain::9_0/lib/xil_clocking.o ps7_cortexa9_0/lib/xscuwdt.o ps7_cortexa9_0/lib/xgpio_g.o ps7_cortexa9_0/lib/xiicps_intr.o ps7_cortexa9_
TRACE::2026-09-30.21:08:28::SCWBDomain::0/lib/xusbps_sinit.o ps7_cortexa9_0/lib/close.o ps7_cortexa9_0/lib/xsdps.o ps7_cortexa9_0/lib/xgpiops_g.o ps7_cortexa9_0/lib/xq
TRACE::2026-09-30.21:08:28::SCWBDomain::spips_hw.o ps7_cortexa9_0/lib/xttcps_selftest.o ps7_cortexa9_0/lib/putnum.o ps7_cortexa9_0/lib/xscutimer_selftest.o ps7_cortexa
TRACE::2026-09-30.21:08:28::SCWBDomain::9_0/lib/xdmaps_selftest.o ps7_cortexa9_0/lib/inbyte.o ps7_cortexa9_0/lib/xemacps_hw.o ps7_cortexa9_0/lib/xscutimer_sinit.o ps7_
TRACE::2026-09-30.21:08:28::SCWBDomain::cortexa9_0/lib/xttcps_g.o ps7_cortexa9_0/lib/xil_misc_psreset_api.o ps7_cortexa9_0/lib/xsdps_options.o ps7_cortexa9_0/lib/xscut
TRACE::2026-09-30.21:08:28::SCWBDomain::imer_g.o ps7_cortexa9_0/lib/xdmaps_g.o ps7_cortexa9_0/lib/xqspips_options.o ps7_cortexa9_0/lib/xgpio_sinit.o ps7_cortexa9_0/lib
TRACE::2026-09-30.21:08:28::SCWBDomain::/xil_sleeptimer.o ps7_cortexa9_0/lib/xdevcfg_hw.o ps7_cortexa9_0/lib/unlink.o ps7_cortexa9_0/lib/_exit.o ps7_cortexa9_0/lib/xil
TRACE::2026-09-30.21:08:28::SCWBDomain::_mmu.o ps7_cortexa9_0/lib/xplatform_info.o ps7_cortexa9_0/lib/xadcps_selftest.o ps7_cortexa9_0/lib/xgpio_selftest.o ps7_cortexa
TRACE::2026-09-30.21:08:28::SCWBDomain::9_0/lib/fcntl.o ps7_cortexa9_0/lib/xadcps_sinit.o ps7_cortexa9_0/lib/xqspips_sinit.o ps7_cortexa9_0/lib/xadcps_g.o ps7_cortexa9
TRACE::2026-09-30.21:08:28::SCWBDomain::_0/lib/xiicps_sinit.o ps7_cortexa9_0/lib/xscugic.o ps7_cortexa9_0/lib/xil-crt0.o ps7_cortexa9_0/lib/isatty.o ps7_cortexa9_0/lib
TRACE::2026-09-30.21:08:28::SCWBDomain::/xgpio_extra.o ps7_cortexa9_0/lib/sbrk.o ps7_cortexa9_0/lib/xscuwdt_selftest.o ps7_cortexa9_0/lib/xscuwdt_sinit.o ps7_cortexa9_
TRACE::2026-09-30.21:08:28::SCWBDomain::0/lib/xgpiops_selftest.o ps7_cortexa9_0/lib/xscuwdt_g.o ps7_cortexa9_0/lib/xuartps_options.o ps7_cortexa9_0/lib/xdevcfg_intr.o 
TRACE::2026-09-30.21:08:28::SCWBDomain::ps7_cortexa9_0/lib/xgpio.o ps7_cortexa9_0/lib/errno.o ps7_cortexa9_0/lib/fstat.o ps7_cortexa9_0/lib/xusbps_hw.o ps7_cortexa9_0/
TRACE::2026-09-30.21:08:28::SCWBDomain::lib/xttcps_sinit.o ps7_cortexa9_0/lib/xdevcfg_selftest.o ps7_cortexa9_0/lib/xdmaps_hw.o ps7_cortexa9_0/lib/xsdps_card.o ps7_cor
TRACE::2026-09-30.21:08:28::SCWBDomain::texa9_0/lib/xuartps_intr.o ps7_cortexa9_0/lib/xil_util.o ps7_cortexa9_0/lib/xscugic_selftest.o ps7_cortexa9_0/lib/xemacps_sinit
TRACE::2026-09-30.21:08:28::SCWBDomain::.o ps7_cortexa9_0/lib/xtime_l.o ps7_cortexa9_0/lib/xiicps_g.o ps7_cortexa9_0/lib/read.o ps7_cortexa9_0/lib/xgpio_intr.o ps7_cor
TRACE::2026-09-30.21:08:28::SCWBDomain::texa9_0/lib/xuartps_hw.o ps7_cortexa9_0/lib/xdevcfg_g.o ps7_cortexa9_0/lib/open.o ps7_cortexa9_0/lib/xscugic_sinit.o ps7_cortex
TRACE::2026-09-30.21:08:28::SCWBDomain::a9_0/lib/xgpiops_intr.o ps7_cortexa9_0/lib/xscugic_g.o ps7_cortexa9_0/lib/xil_sleepcommon.o ps7_cortexa9_0/lib/usleep.o ps7_cor
TRACE::2026-09-30.21:08:28::SCWBDomain::texa9_0/lib/vectors.o ps7_cortexa9_0/lib/cpu_init.o ps7_cortexa9_0/lib/xiicps_selftest.o ps7_cortexa9_0/lib/xemacps_bdring.o ps
TRACE::2026-09-30.21:08:28::SCWBDomain::7_cortexa9_0/lib/boot.o ps7_cortexa9_0/lib/write.o ps7_cortexa9_0/lib/translation_table.o ps7_cortexa9_0/lib/xil_spinlock.o ps7
TRACE::2026-09-30.21:08:28::SCWBDomain::_cortexa9_0/lib/xusbps.o ps7_cortexa9_0/lib/print.o ps7_cortexa9_0/lib/xil_testio.o ps7_cortexa9_0/lib/xil_cache.o ps7_cortexa9
TRACE::2026-09-30.21:08:28::SCWBDomain::_0/lib/xemacps.o ps7_cortexa9_0/lib/xqspips.o ps7_cortexa9_0/lib/xadcps_intr.o ps7_cortexa9_0/lib/xscutimer.o ps7_cortexa9_0/li
TRACE::2026-09-30.21:08:28::SCWBDomain::b/xttcps_options.o ps7_cortexa9_0/lib/kill.o ps7_cortexa9_0/lib/xdevcfg.o ps7_cortexa9_0/lib/cpputest_time.o ps7_cortexa9_0/lib
TRACE::2026-09-30.21:08:28::SCWBDomain::/sleep.o ps7_cortexa9_0/lib/xuartps.o ps7_cortexa9_0/lib/xscugic_hw.o ps7_cortexa9_0/lib/xiicps_xfer.o ps7_cortexa9_0/lib/xsdps
TRACE::2026-09-30.21:08:28::SCWBDomain::_host.o ps7_cortexa9_0/lib/xemacps_intr.o ps7_cortexa9_0/lib/xusbps_intr.o ps7_cortexa9_0/lib/xil_assert.o ps7_cortexa9_0/lib/_
TRACE::2026-09-30.21:08:28::SCWBDomain::open.o ps7_cortexa9_0/lib/xemacps_control.o ps7_cortexa9_0/lib/xil_exception.o ps7_cortexa9_0/lib/xqspips_selftest.o ps7_cortex
TRACE::2026-09-30.21:08:28::SCWBDomain::a9_0/lib/abort.o ps7_cortexa9_0/lib/xsdps_sinit.o ps7_cortexa9_0/lib/xusbps_g.o

TRACE::2026-09-30.21:08:28::SCWBDomain::Finished building libraries

TRACE::2026-09-30.21:08:28::SCWBDomain::make: Leaving directory '/home/user/Desktop/lab_4/Vitis/ip_design_wrapper/zynq_fsbl/zynq_fsbl_bsp'

TRACE::2026-09-30.21:08:28::SCWBDomain::arm-none-eabi-gcc -MMD -MP       -mcpu=cortex-a9 -mfpu=vfpv3 -mfloat-abi=hard   -O2 -c -c pcap.c -o pcap.o -Izynq_fsbl_bsp/ps7_
TRACE::2026-09-30.21:08:28::SCWBDomain::cortexa9_0/include -I.

TRACE::2026-09-30.21:08:28::SCWBDomain::arm-none-eabi-gcc -MMD -MP       -mcpu=cortex-a9 -mfpu=vfpv3 -mfloat-abi=hard   -O2 -c -c ps7_init.c -o ps7_init.o -Izynq_fsbl_
TRACE::2026-09-30.21:08:28::SCWBDomain::bsp/ps7_cortexa9_0/include -I.

TRACE::2026-09-30.21:08:28::SCWBDomain::arm-none-eabi-gcc -MMD -MP       -mcpu=cortex-a9 -mfpu=vfpv3 -mfloat-abi=hard   -O2 -c -c qspi.c -o qspi.o -Izynq_fsbl_bsp/ps7_
TRACE::2026-09-30.21:08:28::SCWBDomain::cortexa9_0/include -I.

TRACE::2026-09-30.21:08:29::SCWBDomain::arm-none-eabi-gcc -MMD -MP       -mcpu=cortex-a9 -mfpu=vfpv3 -mfloat-abi=hard   -O2 -c -c rsa.c -o rsa.o -Izynq_fsbl_bsp/ps7_co
TRACE::2026-09-30.21:08:29::SCWBDomain::rtexa9_0/include -I.

TRACE::2026-09-30.21:08:29::SCWBDomain::arm-none-eabi-gcc -MMD -MP       -mcpu=cortex-a9 -mfpu=vfpv3 -mfloat-abi=hard   -O2 -c -c main.c -o main.o -Izynq_fsbl_bsp/ps7_
TRACE::2026-09-30.21:08:29::SCWBDomain::cortexa9_0/include -I.

TRACE::2026-09-30.21:08:29::SCWBDomain::arm-none-eabi-gcc -MMD -MP       -mcpu=cortex-a9 -mfpu=vfpv3 -mfloat-abi=hard   -O2 -c -c fsbl_hooks.c -o fsbl_hooks.o -Izynq_f
TRACE::2026-09-30.21:08:29::SCWBDomain::sbl_bsp/ps7_cortexa9_0/include -I.

TRACE::2026-09-30.21:08:29::SCWBDomain::arm-none-eabi-gcc -MMD -MP       -mcpu=cortex-a9 -mfpu=vfpv3 -mfloat-abi=hard   -O2 -c -c md5.c -o md5.o -Izynq_fsbl_bsp/ps7_co
TRACE::2026-09-30.21:08:29::SCWBDomain::rtexa9_0/include -I.

TRACE::2026-09-30.21:08:29::SCWBDomain::arm-none-eabi-gcc -MMD -MP       -mcpu=cortex-a9 -mfpu=vfpv3 -mfloat-abi=hard   -O2 -c -c image_mover.c -o image_mover.o -Izynq
TRACE::2026-09-30.21:08:29::SCWBDomain::_fsbl_bsp/ps7_cortexa9_0/include -I.

TRACE::2026-09-30.21:08:29::SCWBDomain::arm-none-eabi-gcc -MMD -MP       -mcpu=cortex-a9 -mfpu=vfpv3 -mfloat-abi=hard   -O2 -c -c nor.c -o nor.o -Izynq_fsbl_bsp/ps7_co
TRACE::2026-09-30.21:08:29::SCWBDomain::rtexa9_0/include -I.

TRACE::2026-09-30.21:08:29::SCWBDomain::arm-none-eabi-gcc -MMD -MP       -mcpu=cortex-a9 -mfpu=vfpv3 -mfloat-abi=hard   -O2 -c -c nand.c -o nand.o -Izynq_fsbl_bsp/ps7_
TRACE::2026-09-30.21:08:29::SCWBDomain::cortexa9_0/include -I.

TRACE::2026-09-30.21:08:29::SCWBDomain::arm-none-eabi-gcc -MMD -MP       -mcpu=cortex-a9 -mfpu=vfpv3 -mfloat-abi=hard   -O2 -c -c sd.c -o sd.o -Izynq_fsbl_bsp/ps7_cort
TRACE::2026-09-30.21:08:29::SCWBDomain::exa9_0/include -I.

TRACE::2026-09-30.21:08:29::SCWBDomain::arm-none-eabi-gcc -MMD -MP       -mcpu=cortex-a9 -mfpu=vfpv3 -mfloat-abi=hard   -O2 -c -c fsbl_handoff.S -o fsbl_handoff.o -Izy
TRACE::2026-09-30.21:08:29::SCWBDomain::nq_fsbl_bsp/ps7_cortexa9_0/include -I.

TRACE::2026-09-30.21:08:29::SCWBDomain::arm-none-eabi-gcc -o fsbl.elf  pcap.o  ps7_init.o  qspi.o  rsa.o  main.o  fsbl_hooks.o  md5.o  image_mover.o  nor.o  nand.o  sd
TRACE::2026-09-30.21:08:29::SCWBDomain::.o  fsbl_handoff.o  -MMD -MP       -mcpu=cortex-a9 -mfpu=vfpv3 -mfloat-abi=hard   -mcpu=cortex-a9 -mfpu=vfpv3 -mfloat-abi=hard 
TRACE::2026-09-30.21:08:29::SCWBDomain::-Wl,-build-id=none -specs=Xilinx.spec  -lrsa -Wl,--start-group,-lxil,-lgcc,-lc,--end-group -Wl,--start-group,-lxilffs,-lxil,-lg
TRACE::2026-09-30.21:08:29::SCWBDomain::cc,-lc,--end-group -Wl,--start-group,-lrsa,-lxil,-lgcc,-lc,--end-group                                           -Wl,--gc-secti
TRACE::2026-09-30.21:08:29::SCWBDomain::ons -Lzynq_fsbl_bsp/ps7_cortexa9_0/lib -L./ -Tlscript.ld

LOG::2026-09-30.21:08:29::SCWSystem::Checking the domain standalone_ps7_cortexa9_0
LOG::2026-09-30.21:08:29::SCWSystem::Not a boot domain 
LOG::2026-09-30.21:08:29::SCWSystem::Started Processing the domain standalone_ps7_cortexa9_0
TRACE::2026-09-30.21:08:29::SCWDomain::Generating domain artifcats
TRACE::2026-09-30.21:08:29::SCWMssOS::Generating standalone artifcats
TRACE::2026-09-30.21:08:29::SCWMssOS::Copying the qemu file from  /home/software/Xilinx/Vitis/2021.1/data/emulation/platforms/zynq/sw/a9_standalone/qemu/qemu_args.txt To /home/user/Desktop/lab_4/Vitis/ip_design_wrapper/export/ip_design_wrapper/sw/ip_design_wrapper/qemu/
TRACE::2026-09-30.21:08:29::SCWMssOS::Copying the qemu file from  /home/software/Xilinx/Vitis/2021.1/data/emulation/platforms/zynq/sw/a9_standalone/qemu/qemu_args.txt To /home/user/Desktop/lab_4/Vitis/ip_design_wrapper/export/ip_design_wrapper/sw/ip_design_wrapper/standalone_ps7_cortexa9_0/qemu/
TRACE::2026-09-30.21:08:29::SCWMssOS:: Copying the user libraries. 
TRACE::2026-09-30.21:08:29::SCWPlatform::Trying to open the hw design at /home/user/Desktop/lab_4/Vitis/ip_design_wrapper/hw/ip_design_wrapper.xsa
TRACE::2026-09-30.21:08:29::SCWPlatform::DSA given /home/user/Desktop/lab_4/Vitis/ip_design_wrapper/hw/ip_design_wrapper.xsa
TRACE::2026-09-30.21:08:29::SCWPlatform::DSA absoulate path /home/user/Desktop/lab_4/Vitis/ip_design_wrapper/hw/ip_design_wrapper.xsa
TRACE::2026-09-30.21:08:29::SCWPlatform::DSA directory /home/user/Desktop/lab_4/Vitis/ip_design_wrapper/hw
TRACE::2026-09-30.21:08:29::SCWPlatform:: Platform Path /home/user/Desktop/lab_4/Vitis/ip_design_wrapper/hw/ip_design_wrapper.xsa
TRACE::2026-09-30.21:08:29::SCWPlatform:: Unique name xilinx:zybo::0.0
TRACE::2026-09-30.21:08:29::SCWPlatform::Trying to set the existing hwdb with name ip_design_wrapper_2
TRACE::2026-09-30.21:08:29::SCWPlatform::Opened existing hwdb ip_design_wrapper_2
TRACE::2026-09-30.21:08:29::SCWPlatform::Found the Hw Db part of the input DSA
TRACE::2026-09-30.21:08:29::SCWMssOS::Checking the sw design at  /home/user/Desktop/lab_4/Vitis/ip_design_wrapper/ps7_cortexa9_0/standalone_ps7_cortexa9_0/bsp/system.mss
TRACE::2026-09-30.21:08:29::SCWMssOS::DEBUG:  swdes dump  /home/user/Desktop/lab_4/Vitis/ip_design_wrapper/zynq_fsbl/zynq_fsbl_bsp/system.mss|system||

TRACE::2026-09-30.21:08:29::SCWMssOS::No sw design opened at  /home/user/Desktop/lab_4/Vitis/ip_design_wrapper/ps7_cortexa9_0/standalone_ps7_cortexa9_0/bsp/system.mss
TRACE::2026-09-30.21:08:29::SCWMssOS::mss exists loading the mss file  /home/user/Desktop/lab_4/Vitis/ip_design_wrapper/ps7_cortexa9_0/standalone_ps7_cortexa9_0/bsp/system.mss
TRACE::2026-09-30.21:08:29::SCWMssOS::Opened the sw design from mss  /home/user/Desktop/lab_4/Vitis/ip_design_wrapper/ps7_cortexa9_0/standalone_ps7_cortexa9_0/bsp/system.mss
TRACE::2026-09-30.21:08:29::SCWMssOS::Adding the swdes entry /home/user/Desktop/lab_4/Vitis/ip_design_wrapper/ps7_cortexa9_0/standalone_ps7_cortexa9_0/bsp/system.mss with des name system_0
TRACE::2026-09-30.21:08:29::SCWMssOS::updating the scw layer about changes
TRACE::2026-09-30.21:08:29::SCWMssOS::Opened the sw design.  /home/user/Desktop/lab_4/Vitis/ip_design_wrapper/ps7_cortexa9_0/standalone_ps7_cortexa9_0/bsp/system.mss
TRACE::2026-09-30.21:08:29::SCWMssOS::Completed writing the mss file at /home/user/Desktop/lab_4/Vitis/ip_design_wrapper/ps7_cortexa9_0/standalone_ps7_cortexa9_0/bsp
TRACE::2026-09-30.21:08:29::SCWMssOS::Mss edits present, copying mssfile into export location /home/user/Desktop/lab_4/Vitis/ip_design_wrapper/ps7_cortexa9_0/standalone_ps7_cortexa9_0/bsp/system.mss
TRACE::2026-09-30.21:08:29::SCWMssOS::bsp generated is upto date with the mss file. Skipping bsp generation.
TRACE::2026-09-30.21:08:29::SCWMssOS::BSP is already built. skipping the bsp build ... 
TRACE::2026-09-30.21:08:29::SCWDomain::Building the domain as part of full build :  standalone_ps7_cortexa9_0
TRACE::2026-09-30.21:08:29::SCWMssOS::doing bsp build ... 
TRACE::2026-09-30.21:08:29::SCWMssOS::System Command Ran  cd  /home/user/Desktop/lab_4/Vitis/ip_design_wrapper/ps7_cortexa9_0/standalone_ps7_cortexa9_0/bsp ; bash -c "make  " 
TRACE::2026-09-30.21:08:29::SCWMssOS::make --no-print-directory seq_libs

TRACE::2026-09-30.21:08:29::SCWMssOS::Running Make include in ps7_cortexa9_0/libsrc/gpiops_v3_9/src

TRACE::2026-09-30.21:08:29::SCWMssOS::make -C ps7_cortexa9_0/libsrc/gpiops_v3_9/src -s include  "SHELL=/bin/sh" "COMPILER=arm-none-eabi-gcc" "ASSEMBLER=arm-none-eabi
TRACE::2026-09-30.21:08:29::SCWMssOS::-as" "ARCHIVER=arm-none-eabi-ar" "COMPILER_FLAGS=  -O2 -c" "EXTRA_COMPILER_FLAGS=-mcpu=cortex-a9 -mfpu=vfpv3 -mfloat-abi=hard -
TRACE::2026-09-30.21:08:29::SCWMssOS::nostartfiles -g -Wall -Wextra -fno-tree-loop-distribute-patterns"

TRACE::2026-09-30.21:08:29::SCWMssOS::Running Make include in ps7_cortexa9_0/libsrc/scugic_v4_5/src

TRACE::2026-09-30.21:08:29::SCWMssOS::make -C ps7_cortexa9_0/libsrc/scugic_v4_5/src -s include  "SHELL=/bin/sh" "COMPILER=arm-none-eabi-gcc" "ASSEMBLER=arm-none-eabi
TRACE::2026-09-30.21:08:29::SCWMssOS::-as" "ARCHIVER=arm-none-eabi-ar" "COMPILER_FLAGS=  -O2 -c" "EXTRA_COMPILER_FLAGS=-mcpu=cortex-a9 -mfpu=vfpv3 -mfloat-abi=hard -
TRACE::2026-09-30.21:08:29::SCWMssOS::nostartfiles -g -Wall -Wextra -fno-tree-loop-distribute-patterns"

TRACE::2026-09-30.21:08:29::SCWMssOS::Running Make include in ps7_cortexa9_0/libsrc/scuwdt_v2_4/src

TRACE::2026-09-30.21:08:29::SCWMssOS::make -C ps7_cortexa9_0/libsrc/scuwdt_v2_4/src -s include  "SHELL=/bin/sh" "COMPILER=arm-none-eabi-gcc" "ASSEMBLER=arm-none-eabi
TRACE::2026-09-30.21:08:29::SCWMssOS::-as" "ARCHIVER=arm-none-eabi-ar" "COMPILER_FLAGS=  -O2 -c" "EXTRA_COMPILER_FLAGS=-mcpu=cortex-a9 -mfpu=vfpv3 -mfloat-abi=hard -
TRACE::2026-09-30.21:08:29::SCWMssOS::nostartfiles -g -Wall -Wextra -fno-tree-loop-distribute-patterns"

TRACE::2026-09-30.21:08:29::SCWMssOS::Running Make include in ps7_cortexa9_0/libsrc/devcfg_v3_7/src

TRACE::2026-09-30.21:08:29::SCWMssOS::make -C ps7_cortexa9_0/libsrc/devcfg_v3_7/src -s include  "SHELL=/bin/sh" "COMPILER=arm-none-eabi-gcc" "ASSEMBLER=arm-none-eabi
TRACE::2026-09-30.21:08:29::SCWMssOS::-as" "ARCHIVER=arm-none-eabi-ar" "COMPILER_FLAGS=  -O2 -c" "EXTRA_COMPILER_FLAGS=-mcpu=cortex-a9 -mfpu=vfpv3 -mfloat-abi=hard -
TRACE::2026-09-30.21:08:29::SCWMssOS::nostartfiles -g -Wall -Wextra -fno-tree-loop-distribute-patterns"

TRACE::2026-09-30.21:08:29::SCWMssOS::Running Make include in ps7_cortexa9_0/libsrc/standalone_v7_5/src

TRACE::2026-09-30.21:08:29::SCWMssOS::make -C ps7_cortexa9_0/libsrc/standalone_v7_5/src -s include  "SHELL=/bin/sh" "COMPILER=arm-none-eabi-gcc" "ASSEMBLER=arm-none-
TRACE::2026-09-30.21:08:29::SCWMssOS::eabi-as" "ARCHIVER=arm-none-eabi-ar" "COMPILER_FLAGS=  -O2 -c" "EXTRA_COMPILER_FLAGS=-mcpu=cortex-a9 -mfpu=vfpv3 -mfloat-abi=ha
TRACE::2026-09-30.21:08:29::SCWMssOS::rd -nostartfiles -g -Wall -Wextra -fno-tree-loop-distribute-patterns"

TRACE::2026-09-30.21:08:29::SCWMssOS::Running Make include in ps7_cortexa9_0/libsrc/led_controller_v1_0/src

TRACE::2026-09-30.21:08:29::SCWMssOS::make -C ps7_cortexa9_0/libsrc/led_controller_v1_0/src -s include  "SHELL=/bin/sh" "COMPILER=arm-none-eabi-gcc" "ASSEMBLER=arm-n
TRACE::2026-09-30.21:08:29::SCWMssOS::one-eabi-as" "ARCHIVER=arm-none-eabi-ar" "COMPILER_FLAGS=  -O2 -c" "EXTRA_COMPILER_FLAGS=-mcpu=cortex-a9 -mfpu=vfpv3 -mfloat-ab
TRACE::2026-09-30.21:08:29::SCWMssOS::i=hard -nostartfiles -g -Wall -Wextra -fno-tree-loop-distribute-patterns"

TRACE::2026-09-30.21:08:29::SCWMssOS::Running Make include in ps7_cortexa9_0/libsrc/uartps_v3_11/src

TRACE::2026-09-30.21:08:29::SCWMssOS::make -C ps7_cortexa9_0/libsrc/uartps_v3_11/src -s include  "SHELL=/bin/sh" "COMPILER=arm-none-eabi-gcc" "ASSEMBLER=arm-none-eab
TRACE::2026-09-30.21:08:29::SCWMssOS::i-as" "ARCHIVER=arm-none-eabi-ar" "COMPILER_FLAGS=  -O2 -c" "EXTRA_COMPILER_FLAGS=-mcpu=cortex-a9 -mfpu=vfpv3 -mfloat-abi=hard 
TRACE::2026-09-30.21:08:29::SCWMssOS::-nostartfiles -g -Wall -Wextra -fno-tree-loop-distribute-patterns"

TRACE::2026-09-30.21:08:29::SCWMssOS::Running Make include in ps7_cortexa9_0/libsrc/scutimer_v2_3/src

TRACE::2026-09-30.21:08:29::SCWMssOS::make -C ps7_cortexa9_0/libsrc/scutimer_v2_3/src -s include  "SHELL=/bin/sh" "COMPILER=arm-none-eabi-gcc" "ASSEMBLER=arm-none-ea
TRACE::2026-09-30.21:08:29::SCWMssOS::bi-as" "ARCHIVER=arm-none-eabi-ar" "COMPILER_FLAGS=  -O2 -c" "EXTRA_COMPILER_FLAGS=-mcpu=cortex-a9 -mfpu=vfpv3 -mfloat-abi=hard
TRACE::2026-09-30.21:08:29::SCWMssOS:: -nostartfiles -g -Wall -Wextra -fno-tree-loop-distribute-patterns"

TRACE::2026-09-30.21:08:29::SCWMssOS::Running Make include in ps7_cortexa9_0/libsrc/gpio_v4_8/src

TRACE::2026-09-30.21:08:29::SCWMssOS::make -C ps7_cortexa9_0/libsrc/gpio_v4_8/src -s include  "SHELL=/bin/sh" "COMPILER=arm-none-eabi-gcc" "ASSEMBLER=arm-none-eabi-a
TRACE::2026-09-30.21:08:29::SCWMssOS::s" "ARCHIVER=arm-none-eabi-ar" "COMPILER_FLAGS=  -O2 -c" "EXTRA_COMPILER_FLAGS=-mcpu=cortex-a9 -mfpu=vfpv3 -mfloat-abi=hard -no
TRACE::2026-09-30.21:08:29::SCWMssOS::startfiles -g -Wall -Wextra -fno-tree-loop-distribute-patterns"

TRACE::2026-09-30.21:08:29::SCWMssOS::Running Make include in ps7_cortexa9_0/libsrc/sdps_v3_12/src

TRACE::2026-09-30.21:08:29::SCWMssOS::make -C ps7_cortexa9_0/libsrc/sdps_v3_12/src -s include  "SHELL=/bin/sh" "COMPILER=arm-none-eabi-gcc" "ASSEMBLER=arm-none-eabi-
TRACE::2026-09-30.21:08:29::SCWMssOS::as" "ARCHIVER=arm-none-eabi-ar" "COMPILER_FLAGS=  -O2 -c" "EXTRA_COMPILER_FLAGS=-mcpu=cortex-a9 -mfpu=vfpv3 -mfloat-abi=hard -n
TRACE::2026-09-30.21:08:29::SCWMssOS::ostartfiles -g -Wall -Wextra -fno-tree-loop-distribute-patterns"

TRACE::2026-09-30.21:08:29::SCWMssOS::Running Make include in ps7_cortexa9_0/libsrc/emacps_v3_14/src

TRACE::2026-09-30.21:08:29::SCWMssOS::make -C ps7_cortexa9_0/libsrc/emacps_v3_14/src -s include  "SHELL=/bin/sh" "COMPILER=arm-none-eabi-gcc" "ASSEMBLER=arm-none-eab
TRACE::2026-09-30.21:08:29::SCWMssOS::i-as" "ARCHIVER=arm-none-eabi-ar" "COMPILER_FLAGS=  -O2 -c" "EXTRA_COMPILER_FLAGS=-mcpu=cortex-a9 -mfpu=vfpv3 -mfloat-abi=hard 
TRACE::2026-09-30.21:08:29::SCWMssOS::-nostartfiles -g -Wall -Wextra -fno-tree-loop-distribute-patterns"

TRACE::2026-09-30.21:08:29::SCWMssOS::Running Make include in ps7_cortexa9_0/libsrc/ttcps_v3_14/src

TRACE::2026-09-30.21:08:29::SCWMssOS::make -C ps7_cortexa9_0/libsrc/ttcps_v3_14/src -s include  "SHELL=/bin/sh" "COMPILER=arm-none-eabi-gcc" "ASSEMBLER=arm-none-eabi
TRACE::2026-09-30.21:08:29::SCWMssOS::-as" "ARCHIVER=arm-none-eabi-ar" "COMPILER_FLAGS=  -O2 -c" "EXTRA_COMPILER_FLAGS=-mcpu=cortex-a9 -mfpu=vfpv3 -mfloat-abi=hard -
TRACE::2026-09-30.21:08:29::SCWMssOS::nostartfiles -g -Wall -Wextra -fno-tree-loop-distribute-patterns"

TRACE::2026-09-30.21:08:30::SCWMssOS::Running Make include in ps7_cortexa9_0/libsrc/nco_v1_0/src

TRACE::2026-09-30.21:08:30::SCWMssOS::make -C ps7_cortexa9_0/libsrc/nco_v1_0/src -s include  "SHELL=/bin/sh" "COMPILER=arm-none-eabi-gcc" "ASSEMBLER=arm-none-eabi-as
TRACE::2026-09-30.21:08:30::SCWMssOS::" "ARCHIVER=arm-none-eabi-ar" "COMPILER_FLAGS=  -O2 -c" "EXTRA_COMPILER_FLAGS=-mcpu=cortex-a9 -mfpu=vfpv3 -mfloat-abi=hard -nos
TRACE::2026-09-30.21:08:30::SCWMssOS::tartfiles -g -Wall -Wextra -fno-tree-loop-distribute-patterns"

TRACE::2026-09-30.21:08:30::SCWMssOS::Running Make include in ps7_cortexa9_0/libsrc/usbps_v2_7/src

TRACE::2026-09-30.21:08:30::SCWMssOS::make -C ps7_cortexa9_0/libsrc/usbps_v2_7/src -s include  "SHELL=/bin/sh" "COMPILER=arm-none-eabi-gcc" "ASSEMBLER=arm-none-eabi-
TRACE::2026-09-30.21:08:30::SCWMssOS::as" "ARCHIVER=arm-none-eabi-ar" "COMPILER_FLAGS=  -O2 -c" "EXTRA_COMPILER_FLAGS=-mcpu=cortex-a9 -mfpu=vfpv3 -mfloat-abi=hard -n
TRACE::2026-09-30.21:08:30::SCWMssOS::ostartfiles -g -Wall -Wextra -fno-tree-loop-distribute-patterns"

TRACE::2026-09-30.21:08:30::SCWMssOS::Running Make include in ps7_cortexa9_0/libsrc/coresightps_dcc_v1_8/src

TRACE::2026-09-30.21:08:30::SCWMssOS::make -C ps7_cortexa9_0/libsrc/coresightps_dcc_v1_8/src -s include  "SHELL=/bin/sh" "COMPILER=arm-none-eabi-gcc" "ASSEMBLER=arm-
TRACE::2026-09-30.21:08:30::SCWMssOS::none-eabi-as" "ARCHIVER=arm-none-eabi-ar" "COMPILER_FLAGS=  -O2 -c" "EXTRA_COMPILER_FLAGS=-mcpu=cortex-a9 -mfpu=vfpv3 -mfloat-a
TRACE::2026-09-30.21:08:30::SCWMssOS::bi=hard -nostartfiles -g -Wall -Wextra -fno-tree-loop-distribute-patterns"

TRACE::2026-09-30.21:08:30::SCWMssOS::Running Make include in ps7_cortexa9_0/libsrc/ddrps_v1_2/src

TRACE::2026-09-30.21:08:30::SCWMssOS::make -C ps7_cortexa9_0/libsrc/ddrps_v1_2/src -s include  "SHELL=/bin/sh" "COMPILER=arm-none-eabi-gcc" "ASSEMBLER=arm-none-eabi-
TRACE::2026-09-30.21:08:30::SCWMssOS::as" "ARCHIVER=arm-none-eabi-ar" "COMPILER_FLAGS=  -O2 -c" "EXTRA_COMPILER_FLAGS=-mcpu=cortex-a9 -mfpu=vfpv3 -mfloat-abi=hard -n
TRACE::2026-09-30.21:08:30::SCWMssOS::ostartfiles -g -Wall -Wextra -fno-tree-loop-distribute-patterns"

TRACE::2026-09-30.21:08:30::SCWMssOS::Running Make include in ps7_cortexa9_0/libsrc/iicps_v3_13/src

TRACE::2026-09-30.21:08:30::SCWMssOS::make -C ps7_cortexa9_0/libsrc/iicps_v3_13/src -s include  "SHELL=/bin/sh" "COMPILER=arm-none-eabi-gcc" "ASSEMBLER=arm-none-eabi
TRACE::2026-09-30.21:08:30::SCWMssOS::-as" "ARCHIVER=arm-none-eabi-ar" "COMPILER_FLAGS=  -O2 -c" "EXTRA_COMPILER_FLAGS=-mcpu=cortex-a9 -mfpu=vfpv3 -mfloat-abi=hard -
TRACE::2026-09-30.21:08:30::SCWMssOS::nostartfiles -g -Wall -Wextra -fno-tree-loop-distribute-patterns"

TRACE::2026-09-30.21:08:30::SCWMssOS::Running Make include in ps7_cortexa9_0/libsrc/xadcps_v2_6/src

TRACE::2026-09-30.21:08:30::SCWMssOS::make -C ps7_cortexa9_0/libsrc/xadcps_v2_6/src -s include  "SHELL=/bin/sh" "COMPILER=arm-none-eabi-gcc" "ASSEMBLER=arm-none-eabi
TRACE::2026-09-30.21:08:30::SCWMssOS::-as" "ARCHIVER=arm-none-eabi-ar" "COMPILER_FLAGS=  -O2 -c" "EXTRA_COMPILER_FLAGS=-mcpu=cortex-a9 -mfpu=vfpv3 -mfloat-abi=hard -
TRACE::2026-09-30.21:08:30::SCWMssOS::nostartfiles -g -Wall -Wextra -fno-tree-loop-distribute-patterns"

TRACE::2026-09-30.21:08:30::SCWMssOS::Running Make include in ps7_cortexa9_0/libsrc/cpu_cortexa9_v2_11/src

TRACE::2026-09-30.21:08:30::SCWMssOS::make -C ps7_cortexa9_0/libsrc/cpu_cortexa9_v2_11/src -s include  "SHELL=/bin/sh" "COMPILER=arm-none-eabi-gcc" "ASSEMBLER=arm-no
TRACE::2026-09-30.21:08:30::SCWMssOS::ne-eabi-as" "ARCHIVER=arm-none-eabi-ar" "COMPILER_FLAGS=  -O2 -c" "EXTRA_COMPILER_FLAGS=-mcpu=cortex-a9 -mfpu=vfpv3 -mfloat-abi
TRACE::2026-09-30.21:08:30::SCWMssOS::=hard -nostartfiles -g -Wall -Wextra -fno-tree-loop-distribute-patterns"

TRACE::2026-09-30.21:08:30::SCWMssOS::Running Make include in ps7_cortexa9_0/libsrc/qspips_v3_9/src

TRACE::2026-09-30.21:08:30::SCWMssOS::make -C ps7_cortexa9_0/libsrc/qspips_v3_9/src -s include  "SHELL=/bin/sh" "COMPILER=arm-none-eabi-gcc" "ASSEMBLER=arm-none-eabi
TRACE::2026-09-30.21:08:30::SCWMssOS::-as" "ARCHIVER=arm-none-eabi-ar" "COMPILER_FLAGS=  -O2 -c" "EXTRA_COMPILER_FLAGS=-mcpu=cortex-a9 -mfpu=vfpv3 -mfloat-abi=hard -
TRACE::2026-09-30.21:08:30::SCWMssOS::nostartfiles -g -Wall -Wextra -fno-tree-loop-distribute-patterns"

TRACE::2026-09-30.21:08:30::SCWMssOS::Running Make include in ps7_cortexa9_0/libsrc/dmaps_v2_8/src

TRACE::2026-09-30.21:08:30::SCWMssOS::make -C ps7_cortexa9_0/libsrc/dmaps_v2_8/src -s include  "SHELL=/bin/sh" "COMPILER=arm-none-eabi-gcc" "ASSEMBLER=arm-none-eabi-
TRACE::2026-09-30.21:08:30::SCWMssOS::as" "ARCHIVER=arm-none-eabi-ar" "COMPILER_FLAGS=  -O2 -c" "EXTRA_COMPILER_FLAGS=-mcpu=cortex-a9 -mfpu=vfpv3 -mfloat-abi=hard -n
TRACE::2026-09-30.21:08:30::SCWMssOS::ostartfiles -g -Wall -Wextra -fno-tree-loop-distribute-patterns"

TRACE::2026-09-30.21:08:30::SCWMssOS::Running Make libs in ps7_cortexa9_0/libsrc/led_controller_v1_0/src

TRACE::2026-09-30.21:08:30::SCWMssOS::make -C ps7_cortexa9_0/libsrc/led_controller_v1_0/src -s libs  "SHELL=/bin/sh" "COMPILER=arm-none-eabi-gcc" "ASSEMBLER=arm-none
TRACE::2026-09-30.21:08:30::SCWMssOS::-eabi-as" "ARCHIVER=arm-none-eabi-ar" "COMPILER_FLAGS=  -O2 -c" "EXTRA_COMPILER_FLAGS=-mcpu=cortex-a9 -mfpu=vfpv3 -mfloat-abi=h
TRACE::2026-09-30.21:08:30::SCWMssOS::ard -nostartfiles -g -Wall -Wextra -fno-tree-loop-distribute-patterns"

TRACE::2026-09-30.21:08:30::SCWMssOS::Compiling led_controller...

TRACE::2026-09-30.21:08:30::SCWMssOS::Running Make libs in ps7_cortexa9_0/libsrc/nco_v1_0/src

TRACE::2026-09-30.21:08:30::SCWMssOS::make -C ps7_cortexa9_0/libsrc/nco_v1_0/src -s libs  "SHELL=/bin/sh" "COMPILER=arm-none-eabi-gcc" "ASSEMBLER=arm-none-eabi-as" "
TRACE::2026-09-30.21:08:30::SCWMssOS::ARCHIVER=arm-none-eabi-ar" "COMPILER_FLAGS=  -O2 -c" "EXTRA_COMPILER_FLAGS=-mcpu=cortex-a9 -mfpu=vfpv3 -mfloat-abi=hard -nostar
TRACE::2026-09-30.21:08:30::SCWMssOS::tfiles -g -Wall -Wextra -fno-tree-loop-distribute-patterns"

TRACE::2026-09-30.21:08:30::SCWMssOS::Compiling nco

TRACE::2026-09-30.21:08:30::SCWMssOS::Finished building libraries sequentially.

TRACE::2026-09-30.21:08:30::SCWMssOS::make -j 6 --no-print-directory par_libs

TRACE::2026-09-30.21:08:30::SCWMssOS::Running Make include in ps7_cortexa9_0/libsrc/gpiops_v3_9/src

TRACE::2026-09-30.21:08:30::SCWMssOS::make -C ps7_cortexa9_0/libsrc/gpiops_v3_9/src -s include  "SHELL=/bin/sh" "COMPILER=arm-none-eabi-gcc" "ASSEMBLER=arm-none-eabi
TRACE::2026-09-30.21:08:30::SCWMssOS::-as" "ARCHIVER=arm-none-eabi-ar" "COMPILER_FLAGS=  -O2 -c" "EXTRA_COMPILER_FLAGS=-mcpu=cortex-a9 -mfpu=vfpv3 -mfloat-abi=hard -
TRACE::2026-09-30.21:08:30::SCWMssOS::nostartfiles -g -Wall -Wextra -fno-tree-loop-distribute-patterns"

TRACE::2026-09-30.21:08:30::SCWMssOS::Running Make include in ps7_cortexa9_0/libsrc/scugic_v4_5/src

TRACE::2026-09-30.21:08:30::SCWMssOS::Running Make include in ps7_cortexa9_0/libsrc/scuwdt_v2_4/src

TRACE::2026-09-30.21:08:30::SCWMssOS::make -C ps7_cortexa9_0/libsrc/scugic_v4_5/src -s include  "SHELL=/bin/sh" "COMPILER=arm-none-eabi-gcc" "ASSEMBLER=arm-none-eabi
TRACE::2026-09-30.21:08:30::SCWMssOS::-as" "ARCHIVER=arm-none-eabi-ar" "COMPILER_FLAGS=  -O2 -c" "EXTRA_COMPILER_FLAGS=-mcpu=cortex-a9 -mfpu=vfpv3 -mfloat-abi=hard -
TRACE::2026-09-30.21:08:30::SCWMssOS::nostartfiles -g -Wall -Wextra -fno-tree-loop-distribute-patterns"

TRACE::2026-09-30.21:08:30::SCWMssOS::Running Make include in ps7_cortexa9_0/libsrc/devcfg_v3_7/src

TRACE::2026-09-30.21:08:30::SCWMssOS::make -C ps7_cortexa9_0/libsrc/scuwdt_v2_4/src -s include  "SHELL=/bin/sh" "COMPILER=arm-none-eabi-gcc" "ASSEMBLER=arm-none-eabi
TRACE::2026-09-30.21:08:30::SCWMssOS::-as" "ARCHIVER=arm-none-eabi-ar" "COMPILER_FLAGS=  -O2 -c" "EXTRA_COMPILER_FLAGS=-mcpu=cortex-a9 -mfpu=vfpv3 -mfloat-abi=hard -
TRACE::2026-09-30.21:08:30::SCWMssOS::nostartfiles -g -Wall -Wextra -fno-tree-loop-distribute-patterns"

TRACE::2026-09-30.21:08:30::SCWMssOS::make -C ps7_cortexa9_0/libsrc/devcfg_v3_7/src -s include  "SHELL=/bin/sh" "COMPILER=arm-none-eabi-gcc" "ASSEMBLER=arm-none-eabi
TRACE::2026-09-30.21:08:30::SCWMssOS::-as" "ARCHIVER=arm-none-eabi-ar" "COMPILER_FLAGS=  -O2 -c" "EXTRA_COMPILER_FLAGS=-mcpu=cortex-a9 -mfpu=vfpv3 -mfloat-abi=hard -
TRACE::2026-09-30.21:08:30::SCWMssOS::nostartfiles -g -Wall -Wextra -fno-tree-loop-distribute-patterns"

TRACE::2026-09-30.21:08:30::SCWMssOS::Running Make include in ps7_cortexa9_0/libsrc/standalone_v7_5/src

TRACE::2026-09-30.21:08:30::SCWMssOS::Running Make include in ps7_cortexa9_0/libsrc/led_controller_v1_0/src

TRACE::2026-09-30.21:08:30::SCWMssOS::make -C ps7_cortexa9_0/libsrc/standalone_v7_5/src -s include  "SHELL=/bin/sh" "COMPILER=arm-none-eabi-gcc" "ASSEMBLER=arm-none-
TRACE::2026-09-30.21:08:30::SCWMssOS::eabi-as" "ARCHIVER=arm-none-eabi-ar" "COMPILER_FLAGS=  -O2 -c" "EXTRA_COMPILER_FLAGS=-mcpu=cortex-a9 -mfpu=vfpv3 -mfloat-abi=ha
TRACE::2026-09-30.21:08:30::SCWMssOS::rd -nostartfiles -g -Wall -Wextra -fno-tree-loop-distribute-patterns"

TRACE::2026-09-30.21:08:30::SCWMssOS::make -C ps7_cortexa9_0/libsrc/led_controller_v1_0/src -s include  "SHELL=/bin/sh" "COMPILER=arm-none-eabi-gcc" "ASSEMBLER=arm-n
TRACE::2026-09-30.21:08:30::SCWMssOS::one-eabi-as" "ARCHIVER=arm-none-eabi-ar" "COMPILER_FLAGS=  -O2 -c" "EXTRA_COMPILER_FLAGS=-mcpu=cortex-a9 -mfpu=vfpv3 -mfloat-ab
TRACE::2026-09-30.21:08:30::SCWMssOS::i=hard -nostartfiles -g -Wall -Wextra -fno-tree-loop-distribute-patterns"

TRACE::2026-09-30.21:08:30::SCWMssOS::Running Make include in ps7_cortexa9_0/libsrc/uartps_v3_11/src

TRACE::2026-09-30.21:08:30::SCWMssOS::make -C ps7_cortexa9_0/libsrc/uartps_v3_11/src -s include  "SHELL=/bin/sh" "COMPILER=arm-none-eabi-gcc" "ASSEMBLER=arm-none-eab
TRACE::2026-09-30.21:08:30::SCWMssOS::i-as" "ARCHIVER=arm-none-eabi-ar" "COMPILER_FLAGS=  -O2 -c" "EXTRA_COMPILER_FLAGS=-mcpu=cortex-a9 -mfpu=vfpv3 -mfloat-abi=hard 
TRACE::2026-09-30.21:08:30::SCWMssOS::-nostartfiles -g -Wall -Wextra -fno-tree-loop-distribute-patterns"

TRACE::2026-09-30.21:08:30::SCWMssOS::Running Make include in ps7_cortexa9_0/libsrc/scutimer_v2_3/src

TRACE::2026-09-30.21:08:30::SCWMssOS::make -C ps7_cortexa9_0/libsrc/scutimer_v2_3/src -s include  "SHELL=/bin/sh" "COMPILER=arm-none-eabi-gcc" "ASSEMBLER=arm-none-ea
TRACE::2026-09-30.21:08:30::SCWMssOS::bi-as" "ARCHIVER=arm-none-eabi-ar" "COMPILER_FLAGS=  -O2 -c" "EXTRA_COMPILER_FLAGS=-mcpu=cortex-a9 -mfpu=vfpv3 -mfloat-abi=hard
TRACE::2026-09-30.21:08:30::SCWMssOS:: -nostartfiles -g -Wall -Wextra -fno-tree-loop-distribute-patterns"

TRACE::2026-09-30.21:08:30::SCWMssOS::Running Make include in ps7_cortexa9_0/libsrc/gpio_v4_8/src

TRACE::2026-09-30.21:08:30::SCWMssOS::Running Make include in ps7_cortexa9_0/libsrc/sdps_v3_12/src

TRACE::2026-09-30.21:08:30::SCWMssOS::make -C ps7_cortexa9_0/libsrc/gpio_v4_8/src -s include  "SHELL=/bin/sh" "COMPILER=arm-none-eabi-gcc" "ASSEMBLER=arm-none-eabi-a
TRACE::2026-09-30.21:08:30::SCWMssOS::s" "ARCHIVER=arm-none-eabi-ar" "COMPILER_FLAGS=  -O2 -c" "EXTRA_COMPILER_FLAGS=-mcpu=cortex-a9 -mfpu=vfpv3 -mfloat-abi=hard -no
TRACE::2026-09-30.21:08:30::SCWMssOS::startfiles -g -Wall -Wextra -fno-tree-loop-distribute-patterns"

TRACE::2026-09-30.21:08:30::SCWMssOS::make -C ps7_cortexa9_0/libsrc/sdps_v3_12/src -s include  "SHELL=/bin/sh" "COMPILER=arm-none-eabi-gcc" "ASSEMBLER=arm-none-eabi-
TRACE::2026-09-30.21:08:30::SCWMssOS::as" "ARCHIVER=arm-none-eabi-ar" "COMPILER_FLAGS=  -O2 -c" "EXTRA_COMPILER_FLAGS=-mcpu=cortex-a9 -mfpu=vfpv3 -mfloat-abi=hard -n
TRACE::2026-09-30.21:08:30::SCWMssOS::ostartfiles -g -Wall -Wextra -fno-tree-loop-distribute-patterns"

TRACE::2026-09-30.21:08:30::SCWMssOS::Running Make include in ps7_cortexa9_0/libsrc/emacps_v3_14/src

TRACE::2026-09-30.21:08:30::SCWMssOS::Running Make include in ps7_cortexa9_0/libsrc/ttcps_v3_14/src

TRACE::2026-09-30.21:08:30::SCWMssOS::make -C ps7_cortexa9_0/libsrc/emacps_v3_14/src -s include  "SHELL=/bin/sh" "COMPILER=arm-none-eabi-gcc" "ASSEMBLER=arm-none-eab
TRACE::2026-09-30.21:08:30::SCWMssOS::i-as" "ARCHIVER=arm-none-eabi-ar" "COMPILER_FLAGS=  -O2 -c" "EXTRA_COMPILER_FLAGS=-mcpu=cortex-a9 -mfpu=vfpv3 -mfloat-abi=hard 
TRACE::2026-09-30.21:08:30::SCWMssOS::-nostartfiles -g -Wall -Wextra -fno-tree-loop-distribute-patterns"

TRACE::2026-09-30.21:08:30::SCWMssOS::make -C ps7_cortexa9_0/libsrc/ttcps_v3_14/src -s include  "SHELL=/bin/sh" "COMPILER=arm-none-eabi-gcc" "ASSEMBLER=arm-none-eabi
TRACE::2026-09-30.21:08:30::SCWMssOS::-as" "ARCHIVER=arm-none-eabi-ar" "COMPILER_FLAGS=  -O2 -c" "EXTRA_COMPILER_FLAGS=-mcpu=cortex-a9 -mfpu=vfpv3 -mfloat-abi=hard -
TRACE::2026-09-30.21:08:30::SCWMssOS::nostartfiles -g -Wall -Wextra -fno-tree-loop-distribute-patterns"

TRACE::2026-09-30.21:08:30::SCWMssOS::Running Make include in ps7_cortexa9_0/libsrc/nco_v1_0/src

TRACE::2026-09-30.21:08:30::SCWMssOS::make -C ps7_cortexa9_0/libsrc/nco_v1_0/src -s include  "SHELL=/bin/sh" "COMPILER=arm-none-eabi-gcc" "ASSEMBLER=arm-none-eabi-as
TRACE::2026-09-30.21:08:30::SCWMssOS::" "ARCHIVER=arm-none-eabi-ar" "COMPILER_FLAGS=  -O2 -c" "EXTRA_COMPILER_FLAGS=-mcpu=cortex-a9 -mfpu=vfpv3 -mfloat-abi=hard -nos
TRACE::2026-09-30.21:08:30::SCWMssOS::tartfiles -g -Wall -Wextra -fno-tree-loop-distribute-patterns"

TRACE::2026-09-30.21:08:30::SCWMssOS::Running Make include in ps7_cortexa9_0/libsrc/usbps_v2_7/src

TRACE::2026-09-30.21:08:30::SCWMssOS::make -C ps7_cortexa9_0/libsrc/usbps_v2_7/src -s include  "SHELL=/bin/sh" "COMPILER=arm-none-eabi-gcc" "ASSEMBLER=arm-none-eabi-
TRACE::2026-09-30.21:08:30::SCWMssOS::as" "ARCHIVER=arm-none-eabi-ar" "COMPILER_FLAGS=  -O2 -c" "EXTRA_COMPILER_FLAGS=-mcpu=cortex-a9 -mfpu=vfpv3 -mfloat-abi=hard -n
TRACE::2026-09-30.21:08:30::SCWMssOS::ostartfiles -g -Wall -Wextra -fno-tree-loop-distribute-patterns"

TRACE::2026-09-30.21:08:30::SCWMssOS::Running Make include in ps7_cortexa9_0/libsrc/coresightps_dcc_v1_8/src

TRACE::2026-09-30.21:08:30::SCWMssOS::make -C ps7_cortexa9_0/libsrc/coresightps_dcc_v1_8/src -s include  "SHELL=/bin/sh" "COMPILER=arm-none-eabi-gcc" "ASSEMBLER=arm-
TRACE::2026-09-30.21:08:30::SCWMssOS::none-eabi-as" "ARCHIVER=arm-none-eabi-ar" "COMPILER_FLAGS=  -O2 -c" "EXTRA_COMPILER_FLAGS=-mcpu=cortex-a9 -mfpu=vfpv3 -mfloat-a
TRACE::2026-09-30.21:08:30::SCWMssOS::bi=hard -nostartfiles -g -Wall -Wextra -fno-tree-loop-distribute-patterns"

TRACE::2026-09-30.21:08:30::SCWMssOS::Running Make include in ps7_cortexa9_0/libsrc/ddrps_v1_2/src

TRACE::2026-09-30.21:08:30::SCWMssOS::Running Make include in ps7_cortexa9_0/libsrc/iicps_v3_13/src

TRACE::2026-09-30.21:08:30::SCWMssOS::make -C ps7_cortexa9_0/libsrc/ddrps_v1_2/src -s include  "SHELL=/bin/sh" "COMPILER=arm-none-eabi-gcc" "ASSEMBLER=arm-none-eabi-
TRACE::2026-09-30.21:08:30::SCWMssOS::as" "ARCHIVER=arm-none-eabi-ar" "COMPILER_FLAGS=  -O2 -c" "EXTRA_COMPILER_FLAGS=-mcpu=cortex-a9 -mfpu=vfpv3 -mfloat-abi=hard -n
TRACE::2026-09-30.21:08:30::SCWMssOS::ostartfiles -g -Wall -Wextra -fno-tree-loop-distribute-patterns"

TRACE::2026-09-30.21:08:30::SCWMssOS::make -C ps7_cortexa9_0/libsrc/iicps_v3_13/src -s include  "SHELL=/bin/sh" "COMPILER=arm-none-eabi-gcc" "ASSEMBLER=arm-none-eabi
TRACE::2026-09-30.21:08:30::SCWMssOS::-as" "ARCHIVER=arm-none-eabi-ar" "COMPILER_FLAGS=  -O2 -c" "EXTRA_COMPILER_FLAGS=-mcpu=cortex-a9 -mfpu=vfpv3 -mfloat-abi=hard -
TRACE::2026-09-30.21:08:30::SCWMssOS::nostartfiles -g -Wall -Wextra -fno-tree-loop-distribute-patterns"

TRACE::2026-09-30.21:08:30::SCWMssOS::Running Make include in ps7_cortexa9_0/libsrc/xadcps_v2_6/src

TRACE::2026-09-30.21:08:30::SCWMssOS::make -C ps7_cortexa9_0/libsrc/xadcps_v2_6/src -s include  "SHELL=/bin/sh" "COMPILER=arm-none-eabi-gcc" "ASSEMBLER=arm-none-eabi
TRACE::2026-09-30.21:08:30::SCWMssOS::-as" "ARCHIVER=arm-none-eabi-ar" "COMPILER_FLAGS=  -O2 -c" "EXTRA_COMPILER_FLAGS=-mcpu=cortex-a9 -mfpu=vfpv3 -mfloat-abi=hard -
TRACE::2026-09-30.21:08:30::SCWMssOS::nostartfiles -g -Wall -Wextra -fno-tree-loop-distribute-patterns"

TRACE::2026-09-30.21:08:30::SCWMssOS::Running Make include in ps7_cortexa9_0/libsrc/cpu_cortexa9_v2_11/src

TRACE::2026-09-30.21:08:30::SCWMssOS::make -C ps7_cortexa9_0/libsrc/cpu_cortexa9_v2_11/src -s include  "SHELL=/bin/sh" "COMPILER=arm-none-eabi-gcc" "ASSEMBLER=arm-no
TRACE::2026-09-30.21:08:30::SCWMssOS::ne-eabi-as" "ARCHIVER=arm-none-eabi-ar" "COMPILER_FLAGS=  -O2 -c" "EXTRA_COMPILER_FLAGS=-mcpu=cortex-a9 -mfpu=vfpv3 -mfloat-abi
TRACE::2026-09-30.21:08:30::SCWMssOS::=hard -nostartfiles -g -Wall -Wextra -fno-tree-loop-distribute-patterns"

TRACE::2026-09-30.21:08:30::SCWMssOS::Running Make include in ps7_cortexa9_0/libsrc/qspips_v3_9/src

TRACE::2026-09-30.21:08:30::SCWMssOS::make -C ps7_cortexa9_0/libsrc/qspips_v3_9/src -s include  "SHELL=/bin/sh" "COMPILER=arm-none-eabi-gcc" "ASSEMBLER=arm-none-eabi
TRACE::2026-09-30.21:08:30::SCWMssOS::-as" "ARCHIVER=arm-none-eabi-ar" "COMPILER_FLAGS=  -O2 -c" "EXTRA_COMPILER_FLAGS=-mcpu=cortex-a9 -mfpu=vfpv3 -mfloat-abi=hard -
TRACE::2026-09-30.21:08:30::SCWMssOS::nostartfiles -g -Wall -Wextra -fno-tree-loop-distribute-patterns"

TRACE::2026-09-30.21:08:30::SCWMssOS::Running Make include in ps7_cortexa9_0/libsrc/dmaps_v2_8/src

TRACE::2026-09-30.21:08:30::SCWMssOS::make -C ps7_cortexa9_0/libsrc/dmaps_v2_8/src -s include  "SHELL=/bin/sh" "COMPILER=arm-none-eabi-gcc" "ASSEMBLER=arm-none-eabi-
TRACE::2026-09-30.21:08:30::SCWMssOS::as" "ARCHIVER=arm-none-eabi-ar" "COMPILER_FLAGS=  -O2 -c" "EXTRA_COMPILER_FLAGS=-mcpu=cortex-a9 -mfpu=vfpv3 -mfloat-abi=hard -n
TRACE::2026-09-30.21:08:30::SCWMssOS::ostartfiles -g -Wall -Wextra -fno-tree-loop-distribute-patterns"

TRACE::2026-09-30.21:08:30::SCWMssOS::Running Make libs in ps7_cortexa9_0/libsrc/gpiops_v3_9/src

TRACE::2026-09-30.21:08:30::SCWMssOS::make -C ps7_cortexa9_0/libsrc/gpiops_v3_9/src -s libs  "SHELL=/bin/sh" "COMPILER=arm-none-eabi-gcc" "ASSEMBLER=arm-none-eabi-as
TRACE::2026-09-30.21:08:30::SCWMssOS::" "ARCHIVER=arm-none-eabi-ar" "COMPILER_FLAGS=  -O2 -c" "EXTRA_COMPILER_FLAGS=-mcpu=cortex-a9 -mfpu=vfpv3 -mfloat-abi=hard -nos
TRACE::2026-09-30.21:08:30::SCWMssOS::tartfiles -g -Wall -Wextra -fno-tree-loop-distribute-patterns"

TRACE::2026-09-30.21:08:30::SCWMssOS::Running Make libs in ps7_cortexa9_0/libsrc/scuwdt_v2_4/src

TRACE::2026-09-30.21:08:30::SCWMssOS::Running Make libs in ps7_cortexa9_0/libsrc/scugic_v4_5/src

TRACE::2026-09-30.21:08:30::SCWMssOS::make -C ps7_cortexa9_0/libsrc/scuwdt_v2_4/src -s libs  "SHELL=/bin/sh" "COMPILER=arm-none-eabi-gcc" "ASSEMBLER=arm-none-eabi-as
TRACE::2026-09-30.21:08:30::SCWMssOS::" "ARCHIVER=arm-none-eabi-ar" "COMPILER_FLAGS=  -O2 -c" "EXTRA_COMPILER_FLAGS=-mcpu=cortex-a9 -mfpu=vfpv3 -mfloat-abi=hard -nos
TRACE::2026-09-30.21:08:30::SCWMssOS::tartfiles -g -Wall -Wextra -fno-tree-loop-distribute-patterns"

TRACE::2026-09-30.21:08:30::SCWMssOS::make -C ps7_cortexa9_0/libsrc/scugic_v4_5/src -s libs  "SHELL=/bin/sh" "COMPILER=arm-none-eabi-gcc" "ASSEMBLER=arm-none-eabi-as
TRACE::2026-09-30.21:08:30::SCWMssOS::" "ARCHIVER=arm-none-eabi-ar" "COMPILER_FLAGS=  -O2 -c" "EXTRA_COMPILER_FLAGS=-mcpu=cortex-a9 -mfpu=vfpv3 -mfloat-abi=hard -nos
TRACE::2026-09-30.21:08:30::SCWMssOS::tartfiles -g -Wall -Wextra -fno-tree-loop-distribute-patterns"

TRACE::2026-09-30.21:08:30::SCWMssOS::Running Make libs in ps7_cortexa9_0/libsrc/devcfg_v3_7/src

TRACE::2026-09-30.21:08:30::SCWMssOS::Running Make libs in ps7_cortexa9_0/libsrc/standalone_v7_5/src

TRACE::2026-09-30.21:08:30::SCWMssOS::Running Make libs in ps7_cortexa9_0/libsrc/uartps_v3_11/src

TRACE::2026-09-30.21:08:30::SCWMssOS::make -C ps7_cortexa9_0/libsrc/devcfg_v3_7/src -s libs  "SHELL=/bin/sh" "COMPILER=arm-none-eabi-gcc" "ASSEMBLER=arm-none-eabi-as
TRACE::2026-09-30.21:08:30::SCWMssOS::" "ARCHIVER=arm-none-eabi-ar" "COMPILER_FLAGS=  -O2 -c" "EXTRA_COMPILER_FLAGS=-mcpu=cortex-a9 -mfpu=vfpv3 -mfloat-abi=hard -nos
TRACE::2026-09-30.21:08:30::SCWMssOS::tartfiles -g -Wall -Wextra -fno-tree-loop-distribute-patterns"

TRACE::2026-09-30.21:08:30::SCWMssOS::make -C ps7_cortexa9_0/libsrc/standalone_v7_5/src -s libs  "SHELL=/bin/sh" "COMPILER=arm-none-eabi-gcc" "ASSEMBLER=arm-none-eab
TRACE::2026-09-30.21:08:30::SCWMssOS::i-as" "ARCHIVER=arm-none-eabi-ar" "COMPILER_FLAGS=  -O2 -c" "EXTRA_COMPILER_FLAGS=-mcpu=cortex-a9 -mfpu=vfpv3 -mfloat-abi=hard 
TRACE::2026-09-30.21:08:30::SCWMssOS::-nostartfiles -g -Wall -Wextra -fno-tree-loop-distribute-patterns"

TRACE::2026-09-30.21:08:30::SCWMssOS::make -C ps7_cortexa9_0/libsrc/uartps_v3_11/src -s libs  "SHELL=/bin/sh" "COMPILER=arm-none-eabi-gcc" "ASSEMBLER=arm-none-eabi-a
TRACE::2026-09-30.21:08:30::SCWMssOS::s" "ARCHIVER=arm-none-eabi-ar" "COMPILER_FLAGS=  -O2 -c" "EXTRA_COMPILER_FLAGS=-mcpu=cortex-a9 -mfpu=vfpv3 -mfloat-abi=hard -no
TRACE::2026-09-30.21:08:30::SCWMssOS::startfiles -g -Wall -Wextra -fno-tree-loop-distribute-patterns"

TRACE::2026-09-30.21:08:30::SCWMssOS::Running Make libs in ps7_cortexa9_0/libsrc/scutimer_v2_3/src

TRACE::2026-09-30.21:08:30::SCWMssOS::make -C ps7_cortexa9_0/libsrc/scutimer_v2_3/src -s libs  "SHELL=/bin/sh" "COMPILER=arm-none-eabi-gcc" "ASSEMBLER=arm-none-eabi-
TRACE::2026-09-30.21:08:30::SCWMssOS::as" "ARCHIVER=arm-none-eabi-ar" "COMPILER_FLAGS=  -O2 -c" "EXTRA_COMPILER_FLAGS=-mcpu=cortex-a9 -mfpu=vfpv3 -mfloat-abi=hard -n
TRACE::2026-09-30.21:08:30::SCWMssOS::ostartfiles -g -Wall -Wextra -fno-tree-loop-distribute-patterns"

TRACE::2026-09-30.21:08:30::SCWMssOS::Running Make libs in ps7_cortexa9_0/libsrc/gpio_v4_8/src

TRACE::2026-09-30.21:08:30::SCWMssOS::make -C ps7_cortexa9_0/libsrc/gpio_v4_8/src -s libs  "SHELL=/bin/sh" "COMPILER=arm-none-eabi-gcc" "ASSEMBLER=arm-none-eabi-as" 
TRACE::2026-09-30.21:08:30::SCWMssOS::"ARCHIVER=arm-none-eabi-ar" "COMPILER_FLAGS=  -O2 -c" "EXTRA_COMPILER_FLAGS=-mcpu=cortex-a9 -mfpu=vfpv3 -mfloat-abi=hard -nosta
TRACE::2026-09-30.21:08:30::SCWMssOS::rtfiles -g -Wall -Wextra -fno-tree-loop-distribute-patterns"

TRACE::2026-09-30.21:08:31::SCWMssOS::Running Make libs in ps7_cortexa9_0/libsrc/sdps_v3_12/src

TRACE::2026-09-30.21:08:31::SCWMssOS::make -C ps7_cortexa9_0/libsrc/sdps_v3_12/src -s libs  "SHELL=/bin/sh" "COMPILER=arm-none-eabi-gcc" "ASSEMBLER=arm-none-eabi-as"
TRACE::2026-09-30.21:08:31::SCWMssOS:: "ARCHIVER=arm-none-eabi-ar" "COMPILER_FLAGS=  -O2 -c" "EXTRA_COMPILER_FLAGS=-mcpu=cortex-a9 -mfpu=vfpv3 -mfloat-abi=hard -nost
TRACE::2026-09-30.21:08:31::SCWMssOS::artfiles -g -Wall -Wextra -fno-tree-loop-distribute-patterns"

TRACE::2026-09-30.21:08:31::SCWMssOS::Running Make libs in ps7_cortexa9_0/libsrc/emacps_v3_14/src

TRACE::2026-09-30.21:08:31::SCWMssOS::make -C ps7_cortexa9_0/libsrc/emacps_v3_14/src -s libs  "SHELL=/bin/sh" "COMPILER=arm-none-eabi-gcc" "ASSEMBLER=arm-none-eabi-a
TRACE::2026-09-30.21:08:31::SCWMssOS::s" "ARCHIVER=arm-none-eabi-ar" "COMPILER_FLAGS=  -O2 -c" "EXTRA_COMPILER_FLAGS=-mcpu=cortex-a9 -mfpu=vfpv3 -mfloat-abi=hard -no
TRACE::2026-09-30.21:08:31::SCWMssOS::startfiles -g -Wall -Wextra -fno-tree-loop-distribute-patterns"

TRACE::2026-09-30.21:08:31::SCWMssOS::Running Make libs in ps7_cortexa9_0/libsrc/ttcps_v3_14/src

TRACE::2026-09-30.21:08:31::SCWMssOS::make -C ps7_cortexa9_0/libsrc/ttcps_v3_14/src -s libs  "SHELL=/bin/sh" "COMPILER=arm-none-eabi-gcc" "ASSEMBLER=arm-none-eabi-as
TRACE::2026-09-30.21:08:31::SCWMssOS::" "ARCHIVER=arm-none-eabi-ar" "COMPILER_FLAGS=  -O2 -c" "EXTRA_COMPILER_FLAGS=-mcpu=cortex-a9 -mfpu=vfpv3 -mfloat-abi=hard -nos
TRACE::2026-09-30.21:08:31::SCWMssOS::tartfiles -g -Wall -Wextra -fno-tree-loop-distribute-patterns"

TRACE::2026-09-30.21:08:31::SCWMssOS::Running Make libs in ps7_cortexa9_0/libsrc/usbps_v2_7/src

TRACE::2026-09-30.21:08:31::SCWMssOS::make -C ps7_cortexa9_0/libsrc/usbps_v2_7/src -s libs  "SHELL=/bin/sh" "COMPILER=arm-none-eabi-gcc" "ASSEMBLER=arm-none-eabi-as"
TRACE::2026-09-30.21:08:31::SCWMssOS:: "ARCHIVER=arm-none-eabi-ar" "COMPILER_FLAGS=  -O2 -c" "EXTRA_COMPILER_FLAGS=-mcpu=cortex-a9 -mfpu=vfpv3 -mfloat-abi=hard -nost
TRACE::2026-09-30.21:08:31::SCWMssOS::artfiles -g -Wall -Wextra -fno-tree-loop-distribute-patterns"

TRACE::2026-09-30.21:08:31::SCWMssOS::Running Make libs in ps7_cortexa9_0/libsrc/coresightps_dcc_v1_8/src

TRACE::2026-09-30.21:08:31::SCWMssOS::make -C ps7_cortexa9_0/libsrc/coresightps_dcc_v1_8/src -s libs  "SHELL=/bin/sh" "COMPILER=arm-none-eabi-gcc" "ASSEMBLER=arm-non
TRACE::2026-09-30.21:08:31::SCWMssOS::e-eabi-as" "ARCHIVER=arm-none-eabi-ar" "COMPILER_FLAGS=  -O2 -c" "EXTRA_COMPILER_FLAGS=-mcpu=cortex-a9 -mfpu=vfpv3 -mfloat-abi=
TRACE::2026-09-30.21:08:31::SCWMssOS::hard -nostartfiles -g -Wall -Wextra -fno-tree-loop-distribute-patterns"

TRACE::2026-09-30.21:08:31::SCWMssOS::Running Make libs in ps7_cortexa9_0/libsrc/ddrps_v1_2/src

TRACE::2026-09-30.21:08:31::SCWMssOS::make -C ps7_cortexa9_0/libsrc/ddrps_v1_2/src -s libs  "SHELL=/bin/sh" "COMPILER=arm-none-eabi-gcc" "ASSEMBLER=arm-none-eabi-as"
TRACE::2026-09-30.21:08:31::SCWMssOS:: "ARCHIVER=arm-none-eabi-ar" "COMPILER_FLAGS=  -O2 -c" "EXTRA_COMPILER_FLAGS=-mcpu=cortex-a9 -mfpu=vfpv3 -mfloat-abi=hard -nost
TRACE::2026-09-30.21:08:31::SCWMssOS::artfiles -g -Wall -Wextra -fno-tree-loop-distribute-patterns"

TRACE::2026-09-30.21:08:31::SCWMssOS::Running Make libs in ps7_cortexa9_0/libsrc/iicps_v3_13/src

TRACE::2026-09-30.21:08:31::SCWMssOS::make -C ps7_cortexa9_0/libsrc/iicps_v3_13/src -s libs  "SHELL=/bin/sh" "COMPILER=arm-none-eabi-gcc" "ASSEMBLER=arm-none-eabi-as
TRACE::2026-09-30.21:08:31::SCWMssOS::" "ARCHIVER=arm-none-eabi-ar" "COMPILER_FLAGS=  -O2 -c" "EXTRA_COMPILER_FLAGS=-mcpu=cortex-a9 -mfpu=vfpv3 -mfloat-abi=hard -nos
TRACE::2026-09-30.21:08:31::SCWMssOS::tartfiles -g -Wall -Wextra -fno-tree-loop-distribute-patterns"

TRACE::2026-09-30.21:08:32::SCWMssOS::Running Make libs in ps7_cortexa9_0/libsrc/xadcps_v2_6/src

TRACE::2026-09-30.21:08:32::SCWMssOS::make -C ps7_cortexa9_0/libsrc/xadcps_v2_6/src -s libs  "SHELL=/bin/sh" "COMPILER=arm-none-eabi-gcc" "ASSEMBLER=arm-none-eabi-as
TRACE::2026-09-30.21:08:32::SCWMssOS::" "ARCHIVER=arm-none-eabi-ar" "COMPILER_FLAGS=  -O2 -c" "EXTRA_COMPILER_FLAGS=-mcpu=cortex-a9 -mfpu=vfpv3 -mfloat-abi=hard -nos
TRACE::2026-09-30.21:08:32::SCWMssOS::tartfiles -g -Wall -Wextra -fno-tree-loop-distribute-patterns"

TRACE::2026-09-30.21:08:32::SCWMssOS::Running Make libs in ps7_cortexa9_0/libsrc/cpu_cortexa9_v2_11/src

TRACE::2026-09-30.21:08:32::SCWMssOS::make -C ps7_cortexa9_0/libsrc/cpu_cortexa9_v2_11/src -s libs  "SHELL=/bin/sh" "COMPILER=arm-none-eabi-gcc" "ASSEMBLER=arm-none-
TRACE::2026-09-30.21:08:32::SCWMssOS::eabi-as" "ARCHIVER=arm-none-eabi-ar" "COMPILER_FLAGS=  -O2 -c" "EXTRA_COMPILER_FLAGS=-mcpu=cortex-a9 -mfpu=vfpv3 -mfloat-abi=ha
TRACE::2026-09-30.21:08:32::SCWMssOS::rd -nostartfiles -g -Wall -Wextra -fno-tree-loop-distribute-patterns"

TRACE::2026-09-30.21:08:32::SCWMssOS::Running Make libs in ps7_cortexa9_0/libsrc/qspips_v3_9/src

TRACE::2026-09-30.21:08:32::SCWMssOS::make -C ps7_cortexa9_0/libsrc/qspips_v3_9/src -s libs  "SHELL=/bin/sh" "COMPILER=arm-none-eabi-gcc" "ASSEMBLER=arm-none-eabi-as
TRACE::2026-09-30.21:08:32::SCWMssOS::" "ARCHIVER=arm-none-eabi-ar" "COMPILER_FLAGS=  -O2 -c" "EXTRA_COMPILER_FLAGS=-mcpu=cortex-a9 -mfpu=vfpv3 -mfloat-abi=hard -nos
TRACE::2026-09-30.21:08:32::SCWMssOS::tartfiles -g -Wall -Wextra -fno-tree-loop-distribute-patterns"

TRACE::2026-09-30.21:08:32::SCWMssOS::Running Make libs in ps7_cortexa9_0/libsrc/dmaps_v2_8/src

TRACE::2026-09-30.21:08:32::SCWMssOS::make -C ps7_cortexa9_0/libsrc/dmaps_v2_8/src -s libs  "SHELL=/bin/sh" "COMPILER=arm-none-eabi-gcc" "ASSEMBLER=arm-none-eabi-as"
TRACE::2026-09-30.21:08:32::SCWMssOS:: "ARCHIVER=arm-none-eabi-ar" "COMPILER_FLAGS=  -O2 -c" "EXTRA_COMPILER_FLAGS=-mcpu=cortex-a9 -mfpu=vfpv3 -mfloat-abi=hard -nost
TRACE::2026-09-30.21:08:32::SCWMssOS::artfiles -g -Wall -Wextra -fno-tree-loop-distribute-patterns"

TRACE::2026-09-30.21:08:32::SCWMssOS::Finished building libraries parallelly.

TRACE::2026-09-30.21:08:32::SCWMssOS::make --no-print-directory archive

TRACE::2026-09-30.21:08:32::SCWMssOS::arm-none-eabi-ar -r  ps7_cortexa9_0/lib/libxil.a ps7_cortexa9_0/lib/xgpiops.o ps7_cortexa9_0/lib/xsdps_g.o ps7_cortexa9_0/lib/x
TRACE::2026-09-30.21:08:32::SCWMssOS::iicps_master.o ps7_cortexa9_0/lib/xiicps_options.o ps7_cortexa9_0/lib/time.o ps7_cortexa9_0/lib/_sbrk.o ps7_cortexa9_0/lib/xpm_
TRACE::2026-09-30.21:08:32::SCWMssOS::counter.o ps7_cortexa9_0/lib/xttcps.o ps7_cortexa9_0/lib/xdevcfg_selftest.o ps7_cortexa9_0/lib/xscutimer.o ps7_cortexa9_0/lib/x
TRACE::2026-09-30.21:08:32::SCWMssOS::dmaps.o ps7_cortexa9_0/lib/xdevcfg_sinit.o ps7_cortexa9_0/lib/xqspips_g.o ps7_cortexa9_0/lib/xil_testcache.o ps7_cortexa9_0/lib
TRACE::2026-09-30.21:08:32::SCWMssOS::/getpid.o ps7_cortexa9_0/lib/xdevcfg_g.o ps7_cortexa9_0/lib/abort.o ps7_cortexa9_0/lib/usleep.o ps7_cortexa9_0/lib/asm_vectors.
TRACE::2026-09-30.21:08:32::SCWMssOS::o ps7_cortexa9_0/lib/xiicps_hw.o ps7_cortexa9_0/lib/xl2cc_counter.o ps7_cortexa9_0/lib/xil_testmem.o ps7_cortexa9_0/lib/xgpiops
TRACE::2026-09-30.21:08:32::SCWMssOS::_hw.o ps7_cortexa9_0/lib/xuartps_selftest.o ps7_cortexa9_0/lib/fcntl.o ps7_cortexa9_0/lib/xuartps_sinit.o ps7_cortexa9_0/lib/xa
TRACE::2026-09-30.21:08:32::SCWMssOS::dcps.o ps7_cortexa9_0/lib/xuartps_g.o ps7_cortexa9_0/lib/xil_printf.o ps7_cortexa9_0/lib/xscugic.o ps7_cortexa9_0/lib/xiicps_sl
TRACE::2026-09-30.21:08:32::SCWMssOS::ave.o ps7_cortexa9_0/lib/xiicps_intr.o ps7_cortexa9_0/lib/xgpio_sinit.o ps7_cortexa9_0/lib/xil_clocking.o ps7_cortexa9_0/lib/xs
TRACE::2026-09-30.21:08:32::SCWMssOS::cuwdt.o ps7_cortexa9_0/lib/xgpio_g.o ps7_cortexa9_0/lib/xgpiops_selftest.o ps7_cortexa9_0/lib/xgpiops_sinit.o ps7_cortexa9_0/li
TRACE::2026-09-30.21:08:32::SCWMssOS::b/xemacps_g.o ps7_cortexa9_0/lib/xgpiops_intr.o ps7_cortexa9_0/lib/close.o ps7_cortexa9_0/lib/xsdps.o ps7_cortexa9_0/lib/xusbps
TRACE::2026-09-30.21:08:32::SCWMssOS::_g.o ps7_cortexa9_0/lib/xadcps_intr.o ps7_cortexa9_0/lib/xttcps_selftest.o ps7_cortexa9_0/lib/xscutimer_selftest.o ps7_cortexa9
TRACE::2026-09-30.21:08:32::SCWMssOS::_0/lib/xttcps_sinit.o ps7_cortexa9_0/lib/inbyte.o ps7_cortexa9_0/lib/xemacps_hw.o ps7_cortexa9_0/lib/xscutimer_sinit.o ps7_cort
TRACE::2026-09-30.21:08:32::SCWMssOS::exa9_0/lib/xdmaps_sinit.o ps7_cortexa9_0/lib/xil_misc_psreset_api.o ps7_cortexa9_0/lib/xsdps_options.o ps7_cortexa9_0/lib/xscut
TRACE::2026-09-30.21:08:32::SCWMssOS::imer_g.o ps7_cortexa9_0/lib/xdmaps_g.o ps7_cortexa9_0/lib/xqspips_options.o ps7_cortexa9_0/lib/xil_sleeptimer.o ps7_cortexa9_0/
TRACE::2026-09-30.21:08:32::SCWMssOS::lib/xdevcfg_hw.o ps7_cortexa9_0/lib/unlink.o ps7_cortexa9_0/lib/xusbps_sinit.o ps7_cortexa9_0/lib/isatty.o ps7_cortexa9_0/lib/x
TRACE::2026-09-30.21:08:32::SCWMssOS::il_mem.o ps7_cortexa9_0/lib/xplatform_info.o ps7_cortexa9_0/lib/xadcps_selftest.o ps7_cortexa9_0/lib/xgpio_selftest.o ps7_corte
TRACE::2026-09-30.21:08:32::SCWMssOS::xa9_0/lib/xadcps_sinit.o ps7_cortexa9_0/lib/xqspips_sinit.o ps7_cortexa9_0/lib/xadcps_g.o ps7_cortexa9_0/lib/xuartps_hw.o ps7_c
TRACE::2026-09-30.21:08:32::SCWMssOS::ortexa9_0/lib/xil-crt0.o ps7_cortexa9_0/lib/xscugic_g.o ps7_cortexa9_0/lib/xgpio_extra.o ps7_cortexa9_0/lib/xscuwdt_selftest.o 
TRACE::2026-09-30.21:08:32::SCWMssOS::ps7_cortexa9_0/lib/xemacps_intr.o ps7_cortexa9_0/lib/_exit.o ps7_cortexa9_0/lib/xgpiops_g.o ps7_cortexa9_0/lib/xscuwdt_g.o ps7_
TRACE::2026-09-30.21:08:32::SCWMssOS::cortexa9_0/lib/vectors.o ps7_cortexa9_0/lib/xuartps_options.o ps7_cortexa9_0/lib/xdevcfg_intr.o ps7_cortexa9_0/lib/xgpio.o ps7_
TRACE::2026-09-30.21:08:32::SCWMssOS::cortexa9_0/lib/errno.o ps7_cortexa9_0/lib/xqspips_hw.o ps7_cortexa9_0/lib/fstat.o ps7_cortexa9_0/lib/xusbps_hw.o ps7_cortexa9_0
TRACE::2026-09-30.21:08:32::SCWMssOS::/lib/xscuwdt_sinit.o ps7_cortexa9_0/lib/xdmaps_hw.o ps7_cortexa9_0/lib/xsdps_card.o ps7_cortexa9_0/lib/xuartps_intr.o ps7_corte
TRACE::2026-09-30.21:08:32::SCWMssOS::xa9_0/lib/xil_util.o ps7_cortexa9_0/lib/xscugic_selftest.o ps7_cortexa9_0/lib/xemacps_sinit.o ps7_cortexa9_0/lib/xiicps.o ps7_c
TRACE::2026-09-30.21:08:32::SCWMssOS::ortexa9_0/lib/xttcps_options.o ps7_cortexa9_0/lib/xtime_l.o ps7_cortexa9_0/lib/xiicps_sinit.o ps7_cortexa9_0/lib/xgpio_intr.o p
TRACE::2026-09-30.21:08:32::SCWMssOS::s7_cortexa9_0/lib/outbyte.o ps7_cortexa9_0/lib/open.o ps7_cortexa9_0/lib/xscugic_sinit.o ps7_cortexa9_0/lib/xil_sleepcommon.o p
TRACE::2026-09-30.21:08:32::SCWMssOS::s7_cortexa9_0/lib/cpu_init.o ps7_cortexa9_0/lib/xemacps_bdring.o ps7_cortexa9_0/lib/boot.o ps7_cortexa9_0/lib/xil_mmu.o ps7_cor
TRACE::2026-09-30.21:08:32::SCWMssOS::texa9_0/lib/write.o ps7_cortexa9_0/lib/translation_table.o ps7_cortexa9_0/lib/xil_spinlock.o ps7_cortexa9_0/lib/xdmaps_selftest
TRACE::2026-09-30.21:08:32::SCWMssOS::.o ps7_cortexa9_0/lib/xusbps.o ps7_cortexa9_0/lib/xqspips.o ps7_cortexa9_0/lib/print.o ps7_cortexa9_0/lib/xil_testio.o ps7_cort
TRACE::2026-09-30.21:08:32::SCWMssOS::exa9_0/lib/xil_cache.o ps7_cortexa9_0/lib/xemacps.o ps7_cortexa9_0/lib/xiicps_selftest.o ps7_cortexa9_0/lib/xiicps_g.o ps7_cort
TRACE::2026-09-30.21:08:32::SCWMssOS::exa9_0/lib/xttcps_g.o ps7_cortexa9_0/lib/read.o ps7_cortexa9_0/lib/kill.o ps7_cortexa9_0/lib/xdevcfg.o ps7_cortexa9_0/lib/_open
TRACE::2026-09-30.21:08:32::SCWMssOS::.o ps7_cortexa9_0/lib/cpputest_time.o ps7_cortexa9_0/lib/sleep.o ps7_cortexa9_0/lib/xuartps.o ps7_cortexa9_0/lib/xscugic_hw.o p
TRACE::2026-09-30.21:08:32::SCWMssOS::s7_cortexa9_0/lib/xiicps_xfer.o ps7_cortexa9_0/lib/xcoresightpsdcc.o ps7_cortexa9_0/lib/xsdps_host.o ps7_cortexa9_0/lib/xusbps_
TRACE::2026-09-30.21:08:32::SCWMssOS::intr.o ps7_cortexa9_0/lib/xil_assert.o ps7_cortexa9_0/lib/xscugic_intr.o ps7_cortexa9_0/lib/putnum.o ps7_cortexa9_0/lib/xemacps
TRACE::2026-09-30.21:08:32::SCWMssOS::_control.o ps7_cortexa9_0/lib/sbrk.o ps7_cortexa9_0/lib/xil_exception.o ps7_cortexa9_0/lib/xqspips_selftest.o ps7_cortexa9_0/li
TRACE::2026-09-30.21:08:32::SCWMssOS::b/lseek.o ps7_cortexa9_0/lib/xsdps_sinit.o ps7_cortexa9_0/lib/xusbps_endpoint.o

TRACE::2026-09-30.21:08:32::SCWMssOS::Finished building libraries

TRACE::2026-09-30.21:08:32::SCWMssOS::Copying to export directory.
TRACE::2026-09-30.21:08:32::SCWMssOS:: Checking if to create the Supporting Applications
TRACE::2026-09-30.21:08:32::SCWMssOS:: No Linux domain exists, trying to generate FSBL 
LOG::2026-09-30.21:08:32::SCWSystem::Completed Processing the domain standalone_ps7_cortexa9_0
LOG::2026-09-30.21:08:32::SCWSystem::Completed Processing the sysconfig ip_design_wrapper
LOG::2026-09-30.21:08:32::SCWPlatform::Completed generating the artifacts for system configuration ip_design_wrapper
TRACE::2026-09-30.21:08:32::SCWPlatform::Started preparing the platform 
TRACE::2026-09-30.21:08:32::SCWSystem::Writing the bif file for system config ip_design_wrapper
TRACE::2026-09-30.21:08:32::SCWSystem::dir created 
TRACE::2026-09-30.21:08:32::SCWSystem::Writing the bif 
TRACE::2026-09-30.21:08:32::SCWPlatform::Started writing the spfm file 
TRACE::2026-09-30.21:08:33::SCWPlatform::Started writing the xpfm file 
TRACE::2026-09-30.21:08:33::SCWPlatform::Completed generating the platform
TRACE::2026-09-30.21:08:33::SCWMssOS::Saving the mss changes /home/user/Desktop/lab_4/Vitis/ip_design_wrapper/zynq_fsbl/zynq_fsbl_bsp/system.mss
TRACE::2026-09-30.21:08:33::SCWMssOS::Found a swdesign opened with the mssfile.
TRACE::2026-09-30.21:08:33::SCWMssOS::Completed writemss as part of save.
TRACE::2026-09-30.21:08:33::SCWMssOS::Commit changes completed.
TRACE::2026-09-30.21:08:33::SCWMssOS::Saving the mss changes /home/user/Desktop/lab_4/Vitis/ip_design_wrapper/ps7_cortexa9_0/standalone_ps7_cortexa9_0/bsp/system.mss
TRACE::2026-09-30.21:08:33::SCWMssOS::Found a swdesign opened with the mssfile.
TRACE::2026-09-30.21:08:33::SCWMssOS::Completed writemss as part of save.
TRACE::2026-09-30.21:08:33::SCWMssOS::Commit changes completed.
TRACE::2026-09-30.21:08:33::SCWPlatform::Trying to open the hw design at /home/user/Desktop/lab_4/Vitis/ip_design_wrapper/hw/ip_design_wrapper.xsa
TRACE::2026-09-30.21:08:33::SCWPlatform::DSA given /home/user/Desktop/lab_4/Vitis/ip_design_wrapper/hw/ip_design_wrapper.xsa
TRACE::2026-09-30.21:08:33::SCWPlatform::DSA absoulate path /home/user/Desktop/lab_4/Vitis/ip_design_wrapper/hw/ip_design_wrapper.xsa
TRACE::2026-09-30.21:08:33::SCWPlatform::DSA directory /home/user/Desktop/lab_4/Vitis/ip_design_wrapper/hw
TRACE::2026-09-30.21:08:33::SCWPlatform:: Platform Path /home/user/Desktop/lab_4/Vitis/ip_design_wrapper/hw/ip_design_wrapper.xsa
TRACE::2026-09-30.21:08:33::SCWPlatform:: Unique name xilinx:zybo::0.0
TRACE::2026-09-30.21:08:33::SCWPlatform::Trying to set the existing hwdb with name ip_design_wrapper_2
TRACE::2026-09-30.21:08:33::SCWPlatform::Opened existing hwdb ip_design_wrapper_2
TRACE::2026-09-30.21:08:33::SCWPlatform::Found the Hw Db part of the input DSA
TRACE::2026-09-30.21:08:33::SCWMssOS::Checking the sw design at  /home/user/Desktop/lab_4/Vitis/ip_design_wrapper/zynq_fsbl/zynq_fsbl_bsp/system.mss
TRACE::2026-09-30.21:08:33::SCWMssOS::DEBUG:  swdes dump  /home/user/Desktop/lab_4/Vitis/ip_design_wrapper/ps7_cortexa9_0/standalone_ps7_cortexa9_0/bsp/system.mss|system_0||
/home/user/Desktop/lab_4/Vitis/ip_design_wrapper/zynq_fsbl/zynq_fsbl_bsp/system.mss|system||

TRACE::2026-09-30.21:08:33::SCWMssOS::Sw design exists and opened at  /home/user/Desktop/lab_4/Vitis/ip_design_wrapper/zynq_fsbl/zynq_fsbl_bsp/system.mss
TRACE::2026-09-30.21:08:33::SCWPlatform::Trying to open the hw design at /home/user/Desktop/lab_4/Vitis/ip_design_wrapper/hw/ip_design_wrapper.xsa
TRACE::2026-09-30.21:08:33::SCWPlatform::DSA given /home/user/Desktop/lab_4/Vitis/ip_design_wrapper/hw/ip_design_wrapper.xsa
TRACE::2026-09-30.21:08:33::SCWPlatform::DSA absoulate path /home/user/Desktop/lab_4/Vitis/ip_design_wrapper/hw/ip_design_wrapper.xsa
TRACE::2026-09-30.21:08:33::SCWPlatform::DSA directory /home/user/Desktop/lab_4/Vitis/ip_design_wrapper/hw
TRACE::2026-09-30.21:08:33::SCWPlatform:: Platform Path /home/user/Desktop/lab_4/Vitis/ip_design_wrapper/hw/ip_design_wrapper.xsa
TRACE::2026-09-30.21:08:33::SCWPlatform:: Unique name xilinx:zybo::0.0
TRACE::2026-09-30.21:08:33::SCWPlatform::Trying to set the existing hwdb with name ip_design_wrapper_2
TRACE::2026-09-30.21:08:33::SCWPlatform::Opened existing hwdb ip_design_wrapper_2
TRACE::2026-09-30.21:08:33::SCWPlatform::Found the Hw Db part of the input DSA
TRACE::2026-09-30.21:08:33::SCWMssOS::Checking the sw design at  /home/user/Desktop/lab_4/Vitis/ip_design_wrapper/ps7_cortexa9_0/standalone_ps7_cortexa9_0/bsp/system.mss
TRACE::2026-09-30.21:08:33::SCWMssOS::DEBUG:  swdes dump  /home/user/Desktop/lab_4/Vitis/ip_design_wrapper/ps7_cortexa9_0/standalone_ps7_cortexa9_0/bsp/system.mss|system_0||
/home/user/Desktop/lab_4/Vitis/ip_design_wrapper/zynq_fsbl/zynq_fsbl_bsp/system.mss|system||

TRACE::2026-09-30.21:08:33::SCWMssOS::Sw design exists and opened at  /home/user/Desktop/lab_4/Vitis/ip_design_wrapper/ps7_cortexa9_0/standalone_ps7_cortexa9_0/bsp/system.mss
TRACE::2026-09-30.21:08:33::SCWWriter::formatted JSON is {
	"platformName":	"ip_design_wrapper",
	"sprVersion":	"2.0",
	"mode":	"gui",
	"dsaType":	"Fixed",
	"platformDesc":	"ip_design_wrapper",
	"platHandOff":	"/home/user/Desktop/lab_4/ip_design_wrapper.xsa",
	"platIntHandOff":	"<platformDir>/hw/ip_design_wrapper.xsa",
	"deviceType":	"zynq",
	"platIsPrebuiltAutogen":	"false",
	"platIsNoBootBsp":	"false",
	"hasFsblMakeHasChanges":	"false",
	"hasPmufwMakeHasChanges":	"false",
	"fsblExtraCompilerFlags":	"-MMD -MP       -mcpu=cortex-a9 -mfpu=vfpv3 -mfloat-abi=hard ",
	"platPreBuiltFlag":	false,
	"platformSamplesDir":	"",
	"platActiveSys":	"ip_design_wrapper",
	"systems":	[{
			"systemName":	"ip_design_wrapper",
			"systemDesc":	"ip_design_wrapper",
			"sysIsBootAutoGen":	"true",
			"systemDispName":	"ip_design_wrapper",
			"sysActiveDom":	"standalone_ps7_cortexa9_0",
			"sysDefaultDom":	"standalone_ps7_cortexa9_0",
			"domains":	[{
					"domainName":	"zynq_fsbl",
					"domainDispName":	"zynq_fsbl",
					"domainDesc":	"FSBL Application BSP - Auto Generated.",
					"processors":	"ps7_cortexa9_0",
					"os":	"standalone",
					"sdxOs":	"standalone",
					"debugEnable":	"",
					"domRuntimes":	["cpp"],
					"swRepo":	"",
					"mssOsVer":	"7.5",
					"mssFile":	"",
					"md5Digest":	"0b4110dadf6bf2cf2184a429495bcac1",
					"compatibleApp":	"zynq_fsbl",
					"domType":	"bootDomain",
					"arch":	"32-bit",
					"appSettings":	{
						"appCompilerFlags":	"",
						"appLinkerFlags":	""
					},
					"addedLibs":	["xilffs:4.5", "xilrsa:1.6"],
					"libOptions":	{
						"libsContainingOptions":	[]
					},
					"prebuiltLibs":	{
						"prebuiltIncPath":	[],
						"prebuiltLibPath":	[]
					},
					"isolation":	{
					}
				}, {
					"domainName":	"standalone_ps7_cortexa9_0",
					"domainDispName":	"standalone_ps7_cortexa9_0",
					"domainDesc":	"standalone_ps7_cortexa9_0",
					"processors":	"ps7_cortexa9_0",
					"os":	"standalone",
					"sdxOs":	"standalone",
					"qemuArgs":	"/home/software/Xilinx/Vitis/2021.1/data/emulation/platforms/zynq/sw/a9_standalone/qemu/qemu_args.txt",
					"qemuData":	"/home/software/Xilinx/Vitis/2021.1/data/emulation/platforms/zynq/sw/a9_standalone/qemu/",
					"debugEnable":	"False",
					"domRuntimes":	["cpp"],
					"swRepo":	"",
					"mssOsVer":	"7.5",
					"mssFile":	"",
					"md5Digest":	"af18c0ac05d35f30b1f9394671347902",
					"compatibleApp":	"",
					"domType":	"mssDomain",
					"arch":	"32-bit",
					"appSettings":	{
						"appCompilerFlags":	"",
						"appLinkerFlags":	""
					},
					"addedLibs":	[],
					"libOptions":	{
						"libsContainingOptions":	[]
					},
					"prebuiltLibs":	{
						"prebuiltIncPath":	[],
						"prebuiltLibPath":	[]
					},
					"isolation":	{
					}
				}]
		}]
}
KEYINFO::2026-09-30.21:08:33::SCWPlatform::updated the xpfm file.
TRACE::2026-09-30.21:08:33::SCWPlatform::Trying to open the hw design at /home/user/Desktop/lab_4/Vitis/ip_design_wrapper/hw/ip_design_wrapper.xsa
TRACE::2026-09-30.21:08:33::SCWPlatform::DSA given /home/user/Desktop/lab_4/Vitis/ip_design_wrapper/hw/ip_design_wrapper.xsa
TRACE::2026-09-30.21:08:33::SCWPlatform::DSA absoulate path /home/user/Desktop/lab_4/Vitis/ip_design_wrapper/hw/ip_design_wrapper.xsa
TRACE::2026-09-30.21:08:33::SCWPlatform::DSA directory /home/user/Desktop/lab_4/Vitis/ip_design_wrapper/hw
TRACE::2026-09-30.21:08:33::SCWPlatform:: Platform Path /home/user/Desktop/lab_4/Vitis/ip_design_wrapper/hw/ip_design_wrapper.xsa
TRACE::2026-09-30.21:08:33::SCWPlatform:: Unique name xilinx:zybo::0.0
TRACE::2026-09-30.21:08:33::SCWPlatform::Trying to set the existing hwdb with name ip_design_wrapper_2
TRACE::2026-09-30.21:08:33::SCWPlatform::Opened existing hwdb ip_design_wrapper_2
TRACE::2026-09-30.21:08:33::SCWPlatform::Found the Hw Db part of the input DSA
TRACE::2026-09-30.21:08:33::SCWMssOS::Checking the sw design at  /home/user/Desktop/lab_4/Vitis/ip_design_wrapper/ps7_cortexa9_0/standalone_ps7_cortexa9_0/bsp/system.mss
TRACE::2026-09-30.21:08:33::SCWMssOS::DEBUG:  swdes dump  /home/user/Desktop/lab_4/Vitis/ip_design_wrapper/ps7_cortexa9_0/standalone_ps7_cortexa9_0/bsp/system.mss|system_0||
/home/user/Desktop/lab_4/Vitis/ip_design_wrapper/zynq_fsbl/zynq_fsbl_bsp/system.mss|system||

TRACE::2026-09-30.21:08:33::SCWMssOS::Sw design exists and opened at  /home/user/Desktop/lab_4/Vitis/ip_design_wrapper/ps7_cortexa9_0/standalone_ps7_cortexa9_0/bsp/system.mss
