Copyright 1986-2021 Xilinx, Inc. All Rights Reserved.
--------------------------------------------------------------------------------------------------------------------------------------------------------------------------------------------------------------------------
| Tool Version : Vivado v.2021.1 (lin64) Build 3247384 Thu Jun 10 19:36:07 MDT 2021
| Date         : Wed Sep 30 20:30:48 2026
| Host         : ece13 running 64-bit Ubuntu 20.04.2 LTS
| Command      : report_timing_summary -max_paths 10 -file ip_design_wrapper_timing_summary_routed.rpt -pb ip_design_wrapper_timing_summary_routed.pb -rpx ip_design_wrapper_timing_summary_routed.rpx -warn_on_violation
| Design       : ip_design_wrapper
| Device       : 7z010-clg400
| Speed File   : -1  PRODUCTION 1.12 2019-11-22
--------------------------------------------------------------------------------------------------------------------------------------------------------------------------------------------------------------------------

Timing Summary Report

------------------------------------------------------------------------------------------------
| Timer Settings
| --------------
------------------------------------------------------------------------------------------------

  Enable Multi Corner Analysis               :  Yes
  Enable Pessimism Removal                   :  Yes
  Pessimism Removal Resolution               :  Nearest Common Node
  Enable Input Delay Default Clock           :  No
  Enable Preset / Clear Arcs                 :  No
  Disable Flight Delays                      :  No
  Ignore I/O Paths                           :  No
  Timing Early Launch at Borrowing Latches   :  No
  Borrow Time for Max Delay Exceptions       :  Yes
  Merge Timing Exceptions                    :  Yes

  Corner  Analyze    Analyze    
  Name    Max Paths  Min Paths  
  ------  ---------  ---------  
  Slow    Yes        Yes        
  Fast    Yes        Yes        


------------------------------------------------------------------------------------------------
| Report Methodology
| ------------------
------------------------------------------------------------------------------------------------

Rule       Severity  Description                    Violations  
---------  --------  -----------------------------  ----------  
DPIR-1     Warning   Asynchronous driver check      2496        
LUTAR-1    Warning   LUT drives async reset alert   1           
TIMING-16  Warning   Large setup violation          375         
TIMING-18  Warning   Missing input or output delay  18          

Note: This report is based on the most recent report_methodology run and may not be up-to-date. Run report_methodology on the current design for the latest report.



check_timing report

Table of Contents
-----------------
1. checking no_clock (0)
2. checking constant_clock (0)
3. checking pulse_width_clock (0)
4. checking unconstrained_internal_endpoints (0)
5. checking no_input_delay (10)
6. checking no_output_delay (9)
7. checking multiple_clock (0)
8. checking generated_clocks (0)
9. checking loops (0)
10. checking partial_input_delay (0)
11. checking partial_output_delay (0)
12. checking latch_loops (0)

1. checking no_clock (0)
------------------------
 There are 0 register/latch pins with no clock.


2. checking constant_clock (0)
------------------------------
 There are 0 register/latch pins with constant_clock.


3. checking pulse_width_clock (0)
---------------------------------
 There are 0 register/latch pins which need pulse_width check


4. checking unconstrained_internal_endpoints (0)
------------------------------------------------
 There are 0 pins that are not constrained for maximum delay.

 There are 0 pins that are not constrained for maximum delay due to constant clock.


5. checking no_input_delay (10)
-------------------------------
 There are 10 input ports with no input delay specified. (HIGH)

 There are 0 input ports with no input delay but user has a false path constraint.


6. checking no_output_delay (9)
-------------------------------
 There are 9 ports with no output delay specified. (HIGH)

 There are 0 ports with no output delay but user has a false path constraint

 There are 0 ports with no output delay but with a timing clock defined on it or propagating through it


7. checking multiple_clock (0)
------------------------------
 There are 0 register/latch pins with multiple clocks.


8. checking generated_clocks (0)
--------------------------------
 There are 0 generated clocks that are not connected to a clock source.


9. checking loops (0)
---------------------
 There are 0 combinational loops in the design.


10. checking partial_input_delay (0)
------------------------------------
 There are 0 input ports with partial input delay specified.


11. checking partial_output_delay (0)
-------------------------------------
 There are 0 ports with partial output delay specified.


12. checking latch_loops (0)
----------------------------
 There are 0 combinational latch loops in the design through latch input



------------------------------------------------------------------------------------------------
| Design Timing Summary
| ---------------------
------------------------------------------------------------------------------------------------

    WNS(ns)      TNS(ns)  TNS Failing Endpoints  TNS Total Endpoints      WHS(ns)      THS(ns)  THS Failing Endpoints  THS Total Endpoints     WPWS(ns)     TPWS(ns)  TPWS Failing Endpoints  TPWS Total Endpoints  
    -------      -------  ---------------------  -------------------      -------      -------  ---------------------  -------------------     --------     --------  ----------------------  --------------------  
    -23.115    -6763.890                    445                 6000        0.011        0.000                      0                 6000        4.020        0.000                       0                  2377  


Timing constraints are not met.


------------------------------------------------------------------------------------------------
| Clock Summary
| -------------
------------------------------------------------------------------------------------------------

Clock       Waveform(ns)       Period(ns)      Frequency(MHz)
-----       ------------       ----------      --------------
clk_fpga_0  {0.000 5.000}      10.000          100.000         
clk_fpga_1  {0.000 40.500}     81.000          12.346          


------------------------------------------------------------------------------------------------
| Intra Clock Table
| -----------------
------------------------------------------------------------------------------------------------

Clock             WNS(ns)      TNS(ns)  TNS Failing Endpoints  TNS Total Endpoints      WHS(ns)      THS(ns)  THS Failing Endpoints  THS Total Endpoints     WPWS(ns)     TPWS(ns)  TPWS Failing Endpoints  TPWS Total Endpoints  
-----             -------      -------  ---------------------  -------------------      -------      -------  ---------------------  -------------------     --------     --------  ----------------------  --------------------  
clk_fpga_0        -23.115    -6729.052                    403                 5074        0.011        0.000                      0                 5074        4.020        0.000                       0                  2376  
clk_fpga_1                                                                                                                                                     78.845        0.000                       0                     1  


------------------------------------------------------------------------------------------------
| Inter Clock Table
| -----------------
------------------------------------------------------------------------------------------------

From Clock    To Clock          WNS(ns)      TNS(ns)  TNS Failing Endpoints  TNS Total Endpoints      WHS(ns)      THS(ns)  THS Failing Endpoints  THS Total Endpoints  
----------    --------          -------      -------  ---------------------  -------------------      -------      -------  ---------------------  -------------------  


------------------------------------------------------------------------------------------------
| Other Path Groups Table
| -----------------------
------------------------------------------------------------------------------------------------

Path Group         From Clock         To Clock               WNS(ns)      TNS(ns)  TNS Failing Endpoints  TNS Total Endpoints      WHS(ns)      THS(ns)  THS Failing Endpoints  THS Total Endpoints  
----------         ----------         --------               -------      -------  ---------------------  -------------------      -------      -------  ---------------------  -------------------  
**async_default**  clk_fpga_0         clk_fpga_0              -1.416      -34.838                     42                  926        0.732        0.000                      0                  926  


------------------------------------------------------------------------------------------------
| Timing Details
| --------------
------------------------------------------------------------------------------------------------


---------------------------------------------------------------------------------------------------
From Clock:  clk_fpga_0
  To Clock:  clk_fpga_0

Setup :          403  Failing Endpoints,  Worst Slack      -23.115ns,  Total Violation    -6729.052ns
Hold  :            0  Failing Endpoints,  Worst Slack        0.011ns,  Total Violation        0.000ns
PW    :            0  Failing Endpoints,  Worst Slack        4.020ns,  Total Violation        0.000ns
---------------------------------------------------------------------------------------------------


Max Delay Paths
--------------------------------------------------------------------------------------
Slack (VIOLATED) :        -23.115ns  (required time - arrival time)
  Source:                 ip_design_i/lms_pcore_0/U0/u_lms_pcore_axi_lite_inst/u_lms_pcore_addr_decoder_inst/write_reg_x_k_reg[15]_rep__1/C
                            (rising edge-triggered cell FDCE clocked by clk_fpga_0  {rise@0.000ns fall@5.000ns period=10.000ns})
  Destination:            ip_design_i/lms_pcore_0/U0/u_lms_pcore_dut_inst/u_LMS/weight_reg[12][13]/D
                            (rising edge-triggered cell FDCE clocked by clk_fpga_0  {rise@0.000ns fall@5.000ns period=10.000ns})
  Path Group:             clk_fpga_0
  Path Type:              Setup (Max at Slow Process Corner)
  Requirement:            10.000ns  (clk_fpga_0 rise@10.000ns - clk_fpga_0 rise@0.000ns)
  Data Path Delay:        32.915ns  (logic 18.286ns (55.556%)  route 14.629ns (44.444%))
  Logic Levels:           27  (CARRY4=12 DSP48E1=4 LUT1=2 LUT2=3 LUT3=3 LUT4=2 LUT5=1)
  Clock Path Skew:        -0.156ns (DCD - SCD + CPR)
    Destination Clock Delay (DCD):    2.698ns = ( 12.698 - 10.000 ) 
    Source Clock Delay      (SCD):    2.970ns
    Clock Pessimism Removal (CPR):    0.116ns
  Clock Uncertainty:      0.154ns  ((TSJ^2 + TIJ^2)^1/2 + DJ) / 2 + PE
    Total System Jitter     (TSJ):    0.071ns
    Total Input Jitter      (TIJ):    0.300ns
    Discrete Jitter          (DJ):    0.000ns
    Phase Error              (PE):    0.000ns

    Location             Delay type                Incr(ns)  Path(ns)    Netlist Resource(s)
  -------------------------------------------------------------------    -------------------
                         (clock clk_fpga_0 rise edge)
                                                      0.000     0.000 r  
    PS7_X0Y0             PS7                          0.000     0.000 r  ip_design_i/processing_system7_0/inst/PS7_i/FCLKCLK[0]
                         net (fo=1, routed)           1.207     1.207    ip_design_i/processing_system7_0/inst/FCLK_CLK_unbuffered[0]
    BUFGCTRL_X0Y0        BUFG (Prop_bufg_I_O)         0.101     1.308 r  ip_design_i/processing_system7_0/inst/buffer_fclk_clk_0.FCLK_CLK_0_BUFG/O
                         net (fo=2376, routed)        1.662     2.970    ip_design_i/lms_pcore_0/U0/u_lms_pcore_axi_lite_inst/u_lms_pcore_addr_decoder_inst/AXI4_Lite_ACLK
    SLICE_X11Y66         FDCE                                         r  ip_design_i/lms_pcore_0/U0/u_lms_pcore_axi_lite_inst/u_lms_pcore_addr_decoder_inst/write_reg_x_k_reg[15]_rep__1/C
  -------------------------------------------------------------------    -------------------
    SLICE_X11Y66         FDCE (Prop_fdce_C_Q)         0.456     3.426 r  ip_design_i/lms_pcore_0/U0/u_lms_pcore_axi_lite_inst/u_lms_pcore_addr_decoder_inst/write_reg_x_k_reg[15]_rep__1/Q
                         net (fo=10, routed)          0.986     4.412    ip_design_i/lms_pcore_0/U0/u_lms_pcore_dut_inst/u_LMS/mul_temp_15_0[1]
    DSP48_X0Y25          DSP48E1 (Prop_dsp48e1_A[21]_P[14])
                                                      3.841     8.253 f  ip_design_i/lms_pcore_0/U0/u_lms_pcore_dut_inst/u_LMS/mul_temp_15/P[14]
                         net (fo=2, routed)           0.707     8.960    ip_design_i/lms_pcore_0/U0/u_lms_pcore_dut_inst/u_LMS/mul_temp_15__0[14]
    SLICE_X8Y57          LUT1 (Prop_lut1_I0_O)        0.124     9.084 r  ip_design_i/lms_pcore_0/U0/u_lms_pcore_dut_inst/u_LMS/ARG__28_i_1/O
                         net (fo=13, routed)          0.761     9.845    ip_design_i/lms_pcore_0/U0/u_lms_pcore_dut_inst/u_LMS/ARG__28_i_1_n_0
    DSP48_X0Y23          DSP48E1 (Prop_dsp48e1_C[11]_P[17])
                                                      1.820    11.665 r  ip_design_i/lms_pcore_0/U0/u_lms_pcore_dut_inst/u_LMS/ARG__28/P[17]
                         net (fo=2, routed)           1.842    13.506    ip_design_i/lms_pcore_0/U0/u_lms_pcore_dut_inst/u_LMS/RESIZE44[3]
    SLICE_X11Y36         LUT3 (Prop_lut3_I1_O)        0.149    13.655 r  ip_design_i/lms_pcore_0/U0/u_lms_pcore_dut_inst/u_LMS/add_temp_14__0_carry__0_i_4/O
                         net (fo=2, routed)           0.817    14.472    ip_design_i/lms_pcore_0/U0/u_lms_pcore_dut_inst/u_LMS/add_temp_14__0_carry__0_i_4_n_0
    SLICE_X11Y37         LUT4 (Prop_lut4_I3_O)        0.332    14.804 r  ip_design_i/lms_pcore_0/U0/u_lms_pcore_dut_inst/u_LMS/add_temp_14__0_carry__0_i_8/O
                         net (fo=1, routed)           0.000    14.804    ip_design_i/lms_pcore_0/U0/u_lms_pcore_dut_inst/u_LMS/add_temp_14__0_carry__0_i_8_n_0
    SLICE_X11Y37         CARRY4 (Prop_carry4_S[0]_CO[3])
                                                      0.532    15.336 r  ip_design_i/lms_pcore_0/U0/u_lms_pcore_dut_inst/u_LMS/add_temp_14__0_carry__0/CO[3]
                         net (fo=1, routed)           0.000    15.336    ip_design_i/lms_pcore_0/U0/u_lms_pcore_dut_inst/u_LMS/add_temp_14__0_carry__0_n_0
    SLICE_X11Y38         CARRY4 (Prop_carry4_CI_O[2])
                                                      0.239    15.575 r  ip_design_i/lms_pcore_0/U0/u_lms_pcore_dut_inst/u_LMS/add_temp_14__0_carry__1/O[2]
                         net (fo=2, routed)           0.807    16.382    ip_design_i/lms_pcore_0/U0/u_lms_pcore_dut_inst/u_LMS/add_temp_14__0_carry__1_n_5
    SLICE_X12Y35         LUT3 (Prop_lut3_I1_O)        0.331    16.713 r  ip_design_i/lms_pcore_0/U0/u_lms_pcore_dut_inst/u_LMS/add_temp_14__230_carry__1_i_1/O
                         net (fo=2, routed)           0.708    17.421    ip_design_i/lms_pcore_0/U0/u_lms_pcore_dut_inst/u_LMS/add_temp_14__230_carry__1_i_1_n_0
    SLICE_X12Y35         LUT4 (Prop_lut4_I3_O)        0.331    17.752 r  ip_design_i/lms_pcore_0/U0/u_lms_pcore_dut_inst/u_LMS/add_temp_14__230_carry__1_i_5/O
                         net (fo=1, routed)           0.000    17.752    ip_design_i/lms_pcore_0/U0/u_lms_pcore_dut_inst/u_LMS/add_temp_14__230_carry__1_i_5_n_0
    SLICE_X12Y35         CARRY4 (Prop_carry4_S[3]_CO[3])
                                                      0.376    18.128 r  ip_design_i/lms_pcore_0/U0/u_lms_pcore_dut_inst/u_LMS/add_temp_14__230_carry__1/CO[3]
                         net (fo=1, routed)           0.000    18.128    ip_design_i/lms_pcore_0/U0/u_lms_pcore_dut_inst/u_LMS/add_temp_14__230_carry__1_n_0
    SLICE_X12Y36         CARRY4 (Prop_carry4_CI_O[0])
                                                      0.219    18.347 r  ip_design_i/lms_pcore_0/U0/u_lms_pcore_dut_inst/u_LMS/add_temp_14__230_carry__2/O[0]
                         net (fo=3, routed)           0.736    19.083    ip_design_i/lms_pcore_0/U0/u_lms_pcore_dut_inst/u_LMS/add_temp_14__230_carry__2_n_7
    SLICE_X19Y37         LUT3 (Prop_lut3_I1_O)        0.295    19.378 r  ip_design_i/lms_pcore_0/U0/u_lms_pcore_dut_inst/u_LMS/add_temp_14__278_carry__2_i_9/O
                         net (fo=2, routed)           0.770    20.148    ip_design_i/lms_pcore_0/U0/u_lms_pcore_dut_inst/u_LMS/add_temp_14__278_carry__2_i_9_n_0
    SLICE_X20Y37         LUT5 (Prop_lut5_I1_O)        0.124    20.272 r  ip_design_i/lms_pcore_0/U0/u_lms_pcore_dut_inst/u_LMS/add_temp_14__278_carry__2_i_2/O
                         net (fo=2, routed)           0.530    20.801    ip_design_i/lms_pcore_0/U0/u_lms_pcore_dut_inst/u_LMS/add_temp_14__278_carry__2_i_2_n_0
    SLICE_X21Y37         CARRY4 (Prop_carry4_DI[1]_O[2])
                                                      0.537    21.338 r  ip_design_i/lms_pcore_0/U0/u_lms_pcore_dut_inst/u_LMS/add_temp_14__278_carry__2/O[2]
                         net (fo=1, routed)           0.576    21.915    ip_design_i/lms_pcore_0/U0/u_lms_pcore_axi_lite_inst/u_lms_pcore_addr_decoder_inst/filter_sum[14]
    SLICE_X22Y37         LUT2 (Prop_lut2_I1_O)        0.302    22.217 r  ip_design_i/lms_pcore_0/U0/u_lms_pcore_axi_lite_inst/u_lms_pcore_addr_decoder_inst/sub_temp_carry__2_i_2/O
                         net (fo=1, routed)           0.000    22.217    ip_design_i/lms_pcore_0/U0/u_lms_pcore_dut_inst/u_LMS/sync_reg_e_k_reg[15]_0[2]
    SLICE_X22Y37         CARRY4 (Prop_carry4_S[2]_O[2])
                                                      0.248    22.465 r  ip_design_i/lms_pcore_0/U0/u_lms_pcore_dut_inst/u_LMS/sub_temp_carry__2/O[2]
                         net (fo=4, routed)           0.667    23.132    ip_design_i/lms_pcore_0/U0/u_lms_pcore_dut_inst/u_LMS/D[14]
    SLICE_X22Y32         LUT2 (Prop_lut2_I1_O)        0.302    23.434 r  ip_design_i/lms_pcore_0/U0/u_lms_pcore_dut_inst/u_LMS/ARG_carry__2_i_1/O
                         net (fo=1, routed)           0.000    23.434    ip_design_i/lms_pcore_0/U0/u_lms_pcore_dut_inst/u_LMS/ARG_carry__2_i_1_n_0
    SLICE_X22Y32         CARRY4 (Prop_carry4_S[3]_CO[3])
                                                      0.401    23.835 r  ip_design_i/lms_pcore_0/U0/u_lms_pcore_dut_inst/u_LMS/ARG_carry__2/CO[3]
                         net (fo=1, routed)           0.000    23.835    ip_design_i/lms_pcore_0/U0/u_lms_pcore_dut_inst/u_LMS/ARG_carry__2_n_0
    SLICE_X22Y33         CARRY4 (Prop_carry4_CI_O[1])
                                                      0.334    24.169 r  ip_design_i/lms_pcore_0/U0/u_lms_pcore_dut_inst/u_LMS/ARG_carry__3/O[1]
                         net (fo=160, routed)         1.571    25.740    ip_design_i/lms_pcore_0/U0/u_lms_pcore_dut_inst/u_LMS/ARG__31[32]
    DSP48_X1Y7           DSP48E1 (Prop_dsp48e1_B[15]_P[14])
                                                      3.835    29.575 f  ip_design_i/lms_pcore_0/U0/u_lms_pcore_dut_inst/u_LMS/mul_temp_29/P[14]
                         net (fo=2, routed)           0.955    30.530    ip_design_i/lms_pcore_0/U0/u_lms_pcore_dut_inst/u_LMS/mul_temp_29__0[14]
    SLICE_X21Y16         LUT1 (Prop_lut1_I0_O)        0.124    30.654 r  ip_design_i/lms_pcore_0/U0/u_lms_pcore_dut_inst/u_LMS/ARG__21_i_1/O
                         net (fo=13, routed)          1.119    31.773    ip_design_i/lms_pcore_0/U0/u_lms_pcore_dut_inst/u_LMS/ARG__21_i_1_n_0
    DSP48_X0Y6           DSP48E1 (Prop_dsp48e1_C[8]_P[15])
                                                      1.820    33.593 r  ip_design_i/lms_pcore_0/U0/u_lms_pcore_dut_inst/u_LMS/ARG__21/P[15]
                         net (fo=2, routed)           1.078    34.671    ip_design_i/lms_pcore_0/U0/u_lms_pcore_dut_inst/u_LMS/ARG__21_n_90
    SLICE_X10Y4          LUT2 (Prop_lut2_I0_O)        0.124    34.795 r  ip_design_i/lms_pcore_0/U0/u_lms_pcore_dut_inst/u_LMS/weight[12][0]_i_4/O
                         net (fo=1, routed)           0.000    34.795    ip_design_i/lms_pcore_0/U0/u_lms_pcore_dut_inst/u_LMS/weight[12][0]_i_4_n_0
    SLICE_X10Y4          CARRY4 (Prop_carry4_S[1]_CO[3])
                                                      0.533    35.328 r  ip_design_i/lms_pcore_0/U0/u_lms_pcore_dut_inst/u_LMS/weight_reg[12][0]_i_1/CO[3]
                         net (fo=1, routed)           0.000    35.328    ip_design_i/lms_pcore_0/U0/u_lms_pcore_dut_inst/u_LMS/weight_reg[12][0]_i_1_n_0
    SLICE_X10Y5          CARRY4 (Prop_carry4_CI_CO[3])
                                                      0.117    35.445 r  ip_design_i/lms_pcore_0/U0/u_lms_pcore_dut_inst/u_LMS/weight_reg[12][4]_i_1/CO[3]
                         net (fo=1, routed)           0.000    35.445    ip_design_i/lms_pcore_0/U0/u_lms_pcore_dut_inst/u_LMS/weight_reg[12][4]_i_1_n_0
    SLICE_X10Y6          CARRY4 (Prop_carry4_CI_CO[3])
                                                      0.117    35.562 r  ip_design_i/lms_pcore_0/U0/u_lms_pcore_dut_inst/u_LMS/weight_reg[12][8]_i_1/CO[3]
                         net (fo=1, routed)           0.000    35.562    ip_design_i/lms_pcore_0/U0/u_lms_pcore_dut_inst/u_LMS/weight_reg[12][8]_i_1_n_0
    SLICE_X10Y7          CARRY4 (Prop_carry4_CI_O[1])
                                                      0.323    35.885 r  ip_design_i/lms_pcore_0/U0/u_lms_pcore_dut_inst/u_LMS/weight_reg[12][12]_i_1/O[1]
                         net (fo=1, routed)           0.000    35.885    ip_design_i/lms_pcore_0/U0/u_lms_pcore_dut_inst/u_LMS/weight_reg[12][12]_i_1_n_6
    SLICE_X10Y7          FDCE                                         r  ip_design_i/lms_pcore_0/U0/u_lms_pcore_dut_inst/u_LMS/weight_reg[12][13]/D
  -------------------------------------------------------------------    -------------------

                         (clock clk_fpga_0 rise edge)
                                                     10.000    10.000 r  
    PS7_X0Y0             PS7                          0.000    10.000 r  ip_design_i/processing_system7_0/inst/PS7_i/FCLKCLK[0]
                         net (fo=1, routed)           1.101    11.101    ip_design_i/processing_system7_0/inst/FCLK_CLK_unbuffered[0]
    BUFGCTRL_X0Y0        BUFG (Prop_bufg_I_O)         0.091    11.192 r  ip_design_i/processing_system7_0/inst/buffer_fclk_clk_0.FCLK_CLK_0_BUFG/O
                         net (fo=2376, routed)        1.506    12.698    ip_design_i/lms_pcore_0/U0/u_lms_pcore_dut_inst/u_LMS/IPCORE_CLK
    SLICE_X10Y7          FDCE                                         r  ip_design_i/lms_pcore_0/U0/u_lms_pcore_dut_inst/u_LMS/weight_reg[12][13]/C
                         clock pessimism              0.116    12.814    
                         clock uncertainty           -0.154    12.660    
    SLICE_X10Y7          FDCE (Setup_fdce_C_D)        0.109    12.769    ip_design_i/lms_pcore_0/U0/u_lms_pcore_dut_inst/u_LMS/weight_reg[12][13]
  -------------------------------------------------------------------
                         required time                         12.769    
                         arrival time                         -35.885    
  -------------------------------------------------------------------
                         slack                                -23.115    

Slack (VIOLATED) :        -23.107ns  (required time - arrival time)
  Source:                 ip_design_i/lms_pcore_0/U0/u_lms_pcore_axi_lite_inst/u_lms_pcore_addr_decoder_inst/write_reg_x_k_reg[15]_rep__1/C
                            (rising edge-triggered cell FDCE clocked by clk_fpga_0  {rise@0.000ns fall@5.000ns period=10.000ns})
  Destination:            ip_design_i/lms_pcore_0/U0/u_lms_pcore_dut_inst/u_LMS/weight_reg[12][15]/D
                            (rising edge-triggered cell FDCE clocked by clk_fpga_0  {rise@0.000ns fall@5.000ns period=10.000ns})
  Path Group:             clk_fpga_0
  Path Type:              Setup (Max at Slow Process Corner)
  Requirement:            10.000ns  (clk_fpga_0 rise@10.000ns - clk_fpga_0 rise@0.000ns)
  Data Path Delay:        32.907ns  (logic 18.278ns (55.545%)  route 14.629ns (44.455%))
  Logic Levels:           27  (CARRY4=12 DSP48E1=4 LUT1=2 LUT2=3 LUT3=3 LUT4=2 LUT5=1)
  Clock Path Skew:        -0.156ns (DCD - SCD + CPR)
    Destination Clock Delay (DCD):    2.698ns = ( 12.698 - 10.000 ) 
    Source Clock Delay      (SCD):    2.970ns
    Clock Pessimism Removal (CPR):    0.116ns
  Clock Uncertainty:      0.154ns  ((TSJ^2 + TIJ^2)^1/2 + DJ) / 2 + PE
    Total System Jitter     (TSJ):    0.071ns
    Total Input Jitter      (TIJ):    0.300ns
    Discrete Jitter          (DJ):    0.000ns
    Phase Error              (PE):    0.000ns

    Location             Delay type                Incr(ns)  Path(ns)    Netlist Resource(s)
  -------------------------------------------------------------------    -------------------
                         (clock clk_fpga_0 rise edge)
                                                      0.000     0.000 r  
    PS7_X0Y0             PS7                          0.000     0.000 r  ip_design_i/processing_system7_0/inst/PS7_i/FCLKCLK[0]
                         net (fo=1, routed)           1.207     1.207    ip_design_i/processing_system7_0/inst/FCLK_CLK_unbuffered[0]
    BUFGCTRL_X0Y0        BUFG (Prop_bufg_I_O)         0.101     1.308 r  ip_design_i/processing_system7_0/inst/buffer_fclk_clk_0.FCLK_CLK_0_BUFG/O
                         net (fo=2376, routed)        1.662     2.970    ip_design_i/lms_pcore_0/U0/u_lms_pcore_axi_lite_inst/u_lms_pcore_addr_decoder_inst/AXI4_Lite_ACLK
    SLICE_X11Y66         FDCE                                         r  ip_design_i/lms_pcore_0/U0/u_lms_pcore_axi_lite_inst/u_lms_pcore_addr_decoder_inst/write_reg_x_k_reg[15]_rep__1/C
  -------------------------------------------------------------------    -------------------
    SLICE_X11Y66         FDCE (Prop_fdce_C_Q)         0.456     3.426 r  ip_design_i/lms_pcore_0/U0/u_lms_pcore_axi_lite_inst/u_lms_pcore_addr_decoder_inst/write_reg_x_k_reg[15]_rep__1/Q
                         net (fo=10, routed)          0.986     4.412    ip_design_i/lms_pcore_0/U0/u_lms_pcore_dut_inst/u_LMS/mul_temp_15_0[1]
    DSP48_X0Y25          DSP48E1 (Prop_dsp48e1_A[21]_P[14])
                                                      3.841     8.253 f  ip_design_i/lms_pcore_0/U0/u_lms_pcore_dut_inst/u_LMS/mul_temp_15/P[14]
                         net (fo=2, routed)           0.707     8.960    ip_design_i/lms_pcore_0/U0/u_lms_pcore_dut_inst/u_LMS/mul_temp_15__0[14]
    SLICE_X8Y57          LUT1 (Prop_lut1_I0_O)        0.124     9.084 r  ip_design_i/lms_pcore_0/U0/u_lms_pcore_dut_inst/u_LMS/ARG__28_i_1/O
                         net (fo=13, routed)          0.761     9.845    ip_design_i/lms_pcore_0/U0/u_lms_pcore_dut_inst/u_LMS/ARG__28_i_1_n_0
    DSP48_X0Y23          DSP48E1 (Prop_dsp48e1_C[11]_P[17])
                                                      1.820    11.665 r  ip_design_i/lms_pcore_0/U0/u_lms_pcore_dut_inst/u_LMS/ARG__28/P[17]
                         net (fo=2, routed)           1.842    13.506    ip_design_i/lms_pcore_0/U0/u_lms_pcore_dut_inst/u_LMS/RESIZE44[3]
    SLICE_X11Y36         LUT3 (Prop_lut3_I1_O)        0.149    13.655 r  ip_design_i/lms_pcore_0/U0/u_lms_pcore_dut_inst/u_LMS/add_temp_14__0_carry__0_i_4/O
                         net (fo=2, routed)           0.817    14.472    ip_design_i/lms_pcore_0/U0/u_lms_pcore_dut_inst/u_LMS/add_temp_14__0_carry__0_i_4_n_0
    SLICE_X11Y37         LUT4 (Prop_lut4_I3_O)        0.332    14.804 r  ip_design_i/lms_pcore_0/U0/u_lms_pcore_dut_inst/u_LMS/add_temp_14__0_carry__0_i_8/O
                         net (fo=1, routed)           0.000    14.804    ip_design_i/lms_pcore_0/U0/u_lms_pcore_dut_inst/u_LMS/add_temp_14__0_carry__0_i_8_n_0
    SLICE_X11Y37         CARRY4 (Prop_carry4_S[0]_CO[3])
                                                      0.532    15.336 r  ip_design_i/lms_pcore_0/U0/u_lms_pcore_dut_inst/u_LMS/add_temp_14__0_carry__0/CO[3]
                         net (fo=1, routed)           0.000    15.336    ip_design_i/lms_pcore_0/U0/u_lms_pcore_dut_inst/u_LMS/add_temp_14__0_carry__0_n_0
    SLICE_X11Y38         CARRY4 (Prop_carry4_CI_O[2])
                                                      0.239    15.575 r  ip_design_i/lms_pcore_0/U0/u_lms_pcore_dut_inst/u_LMS/add_temp_14__0_carry__1/O[2]
                         net (fo=2, routed)           0.807    16.382    ip_design_i/lms_pcore_0/U0/u_lms_pcore_dut_inst/u_LMS/add_temp_14__0_carry__1_n_5
    SLICE_X12Y35         LUT3 (Prop_lut3_I1_O)        0.331    16.713 r  ip_design_i/lms_pcore_0/U0/u_lms_pcore_dut_inst/u_LMS/add_temp_14__230_carry__1_i_1/O
                         net (fo=2, routed)           0.708    17.421    ip_design_i/lms_pcore_0/U0/u_lms_pcore_dut_inst/u_LMS/add_temp_14__230_carry__1_i_1_n_0
    SLICE_X12Y35         LUT4 (Prop_lut4_I3_O)        0.331    17.752 r  ip_design_i/lms_pcore_0/U0/u_lms_pcore_dut_inst/u_LMS/add_temp_14__230_carry__1_i_5/O
                         net (fo=1, routed)           0.000    17.752    ip_design_i/lms_pcore_0/U0/u_lms_pcore_dut_inst/u_LMS/add_temp_14__230_carry__1_i_5_n_0
    SLICE_X12Y35         CARRY4 (Prop_carry4_S[3]_CO[3])
                                                      0.376    18.128 r  ip_design_i/lms_pcore_0/U0/u_lms_pcore_dut_inst/u_LMS/add_temp_14__230_carry__1/CO[3]
                         net (fo=1, routed)           0.000    18.128    ip_design_i/lms_pcore_0/U0/u_lms_pcore_dut_inst/u_LMS/add_temp_14__230_carry__1_n_0
    SLICE_X12Y36         CARRY4 (Prop_carry4_CI_O[0])
                                                      0.219    18.347 r  ip_design_i/lms_pcore_0/U0/u_lms_pcore_dut_inst/u_LMS/add_temp_14__230_carry__2/O[0]
                         net (fo=3, routed)           0.736    19.083    ip_design_i/lms_pcore_0/U0/u_lms_pcore_dut_inst/u_LMS/add_temp_14__230_carry__2_n_7
    SLICE_X19Y37         LUT3 (Prop_lut3_I1_O)        0.295    19.378 r  ip_design_i/lms_pcore_0/U0/u_lms_pcore_dut_inst/u_LMS/add_temp_14__278_carry__2_i_9/O
                         net (fo=2, routed)           0.770    20.148    ip_design_i/lms_pcore_0/U0/u_lms_pcore_dut_inst/u_LMS/add_temp_14__278_carry__2_i_9_n_0
    SLICE_X20Y37         LUT5 (Prop_lut5_I1_O)        0.124    20.272 r  ip_design_i/lms_pcore_0/U0/u_lms_pcore_dut_inst/u_LMS/add_temp_14__278_carry__2_i_2/O
                         net (fo=2, routed)           0.530    20.801    ip_design_i/lms_pcore_0/U0/u_lms_pcore_dut_inst/u_LMS/add_temp_14__278_carry__2_i_2_n_0
    SLICE_X21Y37         CARRY4 (Prop_carry4_DI[1]_O[2])
                                                      0.537    21.338 r  ip_design_i/lms_pcore_0/U0/u_lms_pcore_dut_inst/u_LMS/add_temp_14__278_carry__2/O[2]
                         net (fo=1, routed)           0.576    21.915    ip_design_i/lms_pcore_0/U0/u_lms_pcore_axi_lite_inst/u_lms_pcore_addr_decoder_inst/filter_sum[14]
    SLICE_X22Y37         LUT2 (Prop_lut2_I1_O)        0.302    22.217 r  ip_design_i/lms_pcore_0/U0/u_lms_pcore_axi_lite_inst/u_lms_pcore_addr_decoder_inst/sub_temp_carry__2_i_2/O
                         net (fo=1, routed)           0.000    22.217    ip_design_i/lms_pcore_0/U0/u_lms_pcore_dut_inst/u_LMS/sync_reg_e_k_reg[15]_0[2]
    SLICE_X22Y37         CARRY4 (Prop_carry4_S[2]_O[2])
                                                      0.248    22.465 r  ip_design_i/lms_pcore_0/U0/u_lms_pcore_dut_inst/u_LMS/sub_temp_carry__2/O[2]
                         net (fo=4, routed)           0.667    23.132    ip_design_i/lms_pcore_0/U0/u_lms_pcore_dut_inst/u_LMS/D[14]
    SLICE_X22Y32         LUT2 (Prop_lut2_I1_O)        0.302    23.434 r  ip_design_i/lms_pcore_0/U0/u_lms_pcore_dut_inst/u_LMS/ARG_carry__2_i_1/O
                         net (fo=1, routed)           0.000    23.434    ip_design_i/lms_pcore_0/U0/u_lms_pcore_dut_inst/u_LMS/ARG_carry__2_i_1_n_0
    SLICE_X22Y32         CARRY4 (Prop_carry4_S[3]_CO[3])
                                                      0.401    23.835 r  ip_design_i/lms_pcore_0/U0/u_lms_pcore_dut_inst/u_LMS/ARG_carry__2/CO[3]
                         net (fo=1, routed)           0.000    23.835    ip_design_i/lms_pcore_0/U0/u_lms_pcore_dut_inst/u_LMS/ARG_carry__2_n_0
    SLICE_X22Y33         CARRY4 (Prop_carry4_CI_O[1])
                                                      0.334    24.169 r  ip_design_i/lms_pcore_0/U0/u_lms_pcore_dut_inst/u_LMS/ARG_carry__3/O[1]
                         net (fo=160, routed)         1.571    25.740    ip_design_i/lms_pcore_0/U0/u_lms_pcore_dut_inst/u_LMS/ARG__31[32]
    DSP48_X1Y7           DSP48E1 (Prop_dsp48e1_B[15]_P[14])
                                                      3.835    29.575 f  ip_design_i/lms_pcore_0/U0/u_lms_pcore_dut_inst/u_LMS/mul_temp_29/P[14]
                         net (fo=2, routed)           0.955    30.530    ip_design_i/lms_pcore_0/U0/u_lms_pcore_dut_inst/u_LMS/mul_temp_29__0[14]
    SLICE_X21Y16         LUT1 (Prop_lut1_I0_O)        0.124    30.654 r  ip_design_i/lms_pcore_0/U0/u_lms_pcore_dut_inst/u_LMS/ARG__21_i_1/O
                         net (fo=13, routed)          1.119    31.773    ip_design_i/lms_pcore_0/U0/u_lms_pcore_dut_inst/u_LMS/ARG__21_i_1_n_0
    DSP48_X0Y6           DSP48E1 (Prop_dsp48e1_C[8]_P[15])
                                                      1.820    33.593 r  ip_design_i/lms_pcore_0/U0/u_lms_pcore_dut_inst/u_LMS/ARG__21/P[15]
                         net (fo=2, routed)           1.078    34.671    ip_design_i/lms_pcore_0/U0/u_lms_pcore_dut_inst/u_LMS/ARG__21_n_90
    SLICE_X10Y4          LUT2 (Prop_lut2_I0_O)        0.124    34.795 r  ip_design_i/lms_pcore_0/U0/u_lms_pcore_dut_inst/u_LMS/weight[12][0]_i_4/O
                         net (fo=1, routed)           0.000    34.795    ip_design_i/lms_pcore_0/U0/u_lms_pcore_dut_inst/u_LMS/weight[12][0]_i_4_n_0
    SLICE_X10Y4          CARRY4 (Prop_carry4_S[1]_CO[3])
                                                      0.533    35.328 r  ip_design_i/lms_pcore_0/U0/u_lms_pcore_dut_inst/u_LMS/weight_reg[12][0]_i_1/CO[3]
                         net (fo=1, routed)           0.000    35.328    ip_design_i/lms_pcore_0/U0/u_lms_pcore_dut_inst/u_LMS/weight_reg[12][0]_i_1_n_0
    SLICE_X10Y5          CARRY4 (Prop_carry4_CI_CO[3])
                                                      0.117    35.445 r  ip_design_i/lms_pcore_0/U0/u_lms_pcore_dut_inst/u_LMS/weight_reg[12][4]_i_1/CO[3]
                         net (fo=1, routed)           0.000    35.445    ip_design_i/lms_pcore_0/U0/u_lms_pcore_dut_inst/u_LMS/weight_reg[12][4]_i_1_n_0
    SLICE_X10Y6          CARRY4 (Prop_carry4_CI_CO[3])
                                                      0.117    35.562 r  ip_design_i/lms_pcore_0/U0/u_lms_pcore_dut_inst/u_LMS/weight_reg[12][8]_i_1/CO[3]
                         net (fo=1, routed)           0.000    35.562    ip_design_i/lms_pcore_0/U0/u_lms_pcore_dut_inst/u_LMS/weight_reg[12][8]_i_1_n_0
    SLICE_X10Y7          CARRY4 (Prop_carry4_CI_O[3])
                                                      0.315    35.877 r  ip_design_i/lms_pcore_0/U0/u_lms_pcore_dut_inst/u_LMS/weight_reg[12][12]_i_1/O[3]
                         net (fo=1, routed)           0.000    35.877    ip_design_i/lms_pcore_0/U0/u_lms_pcore_dut_inst/u_LMS/weight_reg[12][12]_i_1_n_4
    SLICE_X10Y7          FDCE                                         r  ip_design_i/lms_pcore_0/U0/u_lms_pcore_dut_inst/u_LMS/weight_reg[12][15]/D
  -------------------------------------------------------------------    -------------------

                         (clock clk_fpga_0 rise edge)
                                                     10.000    10.000 r  
    PS7_X0Y0             PS7                          0.000    10.000 r  ip_design_i/processing_system7_0/inst/PS7_i/FCLKCLK[0]
                         net (fo=1, routed)           1.101    11.101    ip_design_i/processing_system7_0/inst/FCLK_CLK_unbuffered[0]
    BUFGCTRL_X0Y0        BUFG (Prop_bufg_I_O)         0.091    11.192 r  ip_design_i/processing_system7_0/inst/buffer_fclk_clk_0.FCLK_CLK_0_BUFG/O
                         net (fo=2376, routed)        1.506    12.698    ip_design_i/lms_pcore_0/U0/u_lms_pcore_dut_inst/u_LMS/IPCORE_CLK
    SLICE_X10Y7          FDCE                                         r  ip_design_i/lms_pcore_0/U0/u_lms_pcore_dut_inst/u_LMS/weight_reg[12][15]/C
                         clock pessimism              0.116    12.814    
                         clock uncertainty           -0.154    12.660    
    SLICE_X10Y7          FDCE (Setup_fdce_C_D)        0.109    12.769    ip_design_i/lms_pcore_0/U0/u_lms_pcore_dut_inst/u_LMS/weight_reg[12][15]
  -------------------------------------------------------------------
                         required time                         12.769    
                         arrival time                         -35.877    
  -------------------------------------------------------------------
                         slack                                -23.107    

Slack (VIOLATED) :        -23.077ns  (required time - arrival time)
  Source:                 ip_design_i/lms_pcore_0/U0/u_lms_pcore_axi_lite_inst/u_lms_pcore_addr_decoder_inst/write_reg_x_k_reg[15]_rep__1/C
                            (rising edge-triggered cell FDCE clocked by clk_fpga_0  {rise@0.000ns fall@5.000ns period=10.000ns})
  Destination:            ip_design_i/lms_pcore_0/U0/u_lms_pcore_dut_inst/u_LMS/weight_reg[13][13]/D
                            (rising edge-triggered cell FDCE clocked by clk_fpga_0  {rise@0.000ns fall@5.000ns period=10.000ns})
  Path Group:             clk_fpga_0
  Path Type:              Setup (Max at Slow Process Corner)
  Requirement:            10.000ns  (clk_fpga_0 rise@10.000ns - clk_fpga_0 rise@0.000ns)
  Data Path Delay:        32.875ns  (logic 18.286ns (55.623%)  route 14.589ns (44.377%))
  Logic Levels:           27  (CARRY4=12 DSP48E1=4 LUT1=2 LUT2=3 LUT3=3 LUT4=2 LUT5=1)
  Clock Path Skew:        -0.158ns (DCD - SCD + CPR)
    Destination Clock Delay (DCD):    2.696ns = ( 12.696 - 10.000 ) 
    Source Clock Delay      (SCD):    2.970ns
    Clock Pessimism Removal (CPR):    0.116ns
  Clock Uncertainty:      0.154ns  ((TSJ^2 + TIJ^2)^1/2 + DJ) / 2 + PE
    Total System Jitter     (TSJ):    0.071ns
    Total Input Jitter      (TIJ):    0.300ns
    Discrete Jitter          (DJ):    0.000ns
    Phase Error              (PE):    0.000ns

    Location             Delay type                Incr(ns)  Path(ns)    Netlist Resource(s)
  -------------------------------------------------------------------    -------------------
                         (clock clk_fpga_0 rise edge)
                                                      0.000     0.000 r  
    PS7_X0Y0             PS7                          0.000     0.000 r  ip_design_i/processing_system7_0/inst/PS7_i/FCLKCLK[0]
                         net (fo=1, routed)           1.207     1.207    ip_design_i/processing_system7_0/inst/FCLK_CLK_unbuffered[0]
    BUFGCTRL_X0Y0        BUFG (Prop_bufg_I_O)         0.101     1.308 r  ip_design_i/processing_system7_0/inst/buffer_fclk_clk_0.FCLK_CLK_0_BUFG/O
                         net (fo=2376, routed)        1.662     2.970    ip_design_i/lms_pcore_0/U0/u_lms_pcore_axi_lite_inst/u_lms_pcore_addr_decoder_inst/AXI4_Lite_ACLK
    SLICE_X11Y66         FDCE                                         r  ip_design_i/lms_pcore_0/U0/u_lms_pcore_axi_lite_inst/u_lms_pcore_addr_decoder_inst/write_reg_x_k_reg[15]_rep__1/C
  -------------------------------------------------------------------    -------------------
    SLICE_X11Y66         FDCE (Prop_fdce_C_Q)         0.456     3.426 r  ip_design_i/lms_pcore_0/U0/u_lms_pcore_axi_lite_inst/u_lms_pcore_addr_decoder_inst/write_reg_x_k_reg[15]_rep__1/Q
                         net (fo=10, routed)          0.986     4.412    ip_design_i/lms_pcore_0/U0/u_lms_pcore_dut_inst/u_LMS/mul_temp_15_0[1]
    DSP48_X0Y25          DSP48E1 (Prop_dsp48e1_A[21]_P[14])
                                                      3.841     8.253 f  ip_design_i/lms_pcore_0/U0/u_lms_pcore_dut_inst/u_LMS/mul_temp_15/P[14]
                         net (fo=2, routed)           0.707     8.960    ip_design_i/lms_pcore_0/U0/u_lms_pcore_dut_inst/u_LMS/mul_temp_15__0[14]
    SLICE_X8Y57          LUT1 (Prop_lut1_I0_O)        0.124     9.084 r  ip_design_i/lms_pcore_0/U0/u_lms_pcore_dut_inst/u_LMS/ARG__28_i_1/O
                         net (fo=13, routed)          0.761     9.845    ip_design_i/lms_pcore_0/U0/u_lms_pcore_dut_inst/u_LMS/ARG__28_i_1_n_0
    DSP48_X0Y23          DSP48E1 (Prop_dsp48e1_C[11]_P[17])
                                                      1.820    11.665 r  ip_design_i/lms_pcore_0/U0/u_lms_pcore_dut_inst/u_LMS/ARG__28/P[17]
                         net (fo=2, routed)           1.842    13.506    ip_design_i/lms_pcore_0/U0/u_lms_pcore_dut_inst/u_LMS/RESIZE44[3]
    SLICE_X11Y36         LUT3 (Prop_lut3_I1_O)        0.149    13.655 r  ip_design_i/lms_pcore_0/U0/u_lms_pcore_dut_inst/u_LMS/add_temp_14__0_carry__0_i_4/O
                         net (fo=2, routed)           0.817    14.472    ip_design_i/lms_pcore_0/U0/u_lms_pcore_dut_inst/u_LMS/add_temp_14__0_carry__0_i_4_n_0
    SLICE_X11Y37         LUT4 (Prop_lut4_I3_O)        0.332    14.804 r  ip_design_i/lms_pcore_0/U0/u_lms_pcore_dut_inst/u_LMS/add_temp_14__0_carry__0_i_8/O
                         net (fo=1, routed)           0.000    14.804    ip_design_i/lms_pcore_0/U0/u_lms_pcore_dut_inst/u_LMS/add_temp_14__0_carry__0_i_8_n_0
    SLICE_X11Y37         CARRY4 (Prop_carry4_S[0]_CO[3])
                                                      0.532    15.336 r  ip_design_i/lms_pcore_0/U0/u_lms_pcore_dut_inst/u_LMS/add_temp_14__0_carry__0/CO[3]
                         net (fo=1, routed)           0.000    15.336    ip_design_i/lms_pcore_0/U0/u_lms_pcore_dut_inst/u_LMS/add_temp_14__0_carry__0_n_0
    SLICE_X11Y38         CARRY4 (Prop_carry4_CI_O[2])
                                                      0.239    15.575 r  ip_design_i/lms_pcore_0/U0/u_lms_pcore_dut_inst/u_LMS/add_temp_14__0_carry__1/O[2]
                         net (fo=2, routed)           0.807    16.382    ip_design_i/lms_pcore_0/U0/u_lms_pcore_dut_inst/u_LMS/add_temp_14__0_carry__1_n_5
    SLICE_X12Y35         LUT3 (Prop_lut3_I1_O)        0.331    16.713 r  ip_design_i/lms_pcore_0/U0/u_lms_pcore_dut_inst/u_LMS/add_temp_14__230_carry__1_i_1/O
                         net (fo=2, routed)           0.708    17.421    ip_design_i/lms_pcore_0/U0/u_lms_pcore_dut_inst/u_LMS/add_temp_14__230_carry__1_i_1_n_0
    SLICE_X12Y35         LUT4 (Prop_lut4_I3_O)        0.331    17.752 r  ip_design_i/lms_pcore_0/U0/u_lms_pcore_dut_inst/u_LMS/add_temp_14__230_carry__1_i_5/O
                         net (fo=1, routed)           0.000    17.752    ip_design_i/lms_pcore_0/U0/u_lms_pcore_dut_inst/u_LMS/add_temp_14__230_carry__1_i_5_n_0
    SLICE_X12Y35         CARRY4 (Prop_carry4_S[3]_CO[3])
                                                      0.376    18.128 r  ip_design_i/lms_pcore_0/U0/u_lms_pcore_dut_inst/u_LMS/add_temp_14__230_carry__1/CO[3]
                         net (fo=1, routed)           0.000    18.128    ip_design_i/lms_pcore_0/U0/u_lms_pcore_dut_inst/u_LMS/add_temp_14__230_carry__1_n_0
    SLICE_X12Y36         CARRY4 (Prop_carry4_CI_O[0])
                                                      0.219    18.347 r  ip_design_i/lms_pcore_0/U0/u_lms_pcore_dut_inst/u_LMS/add_temp_14__230_carry__2/O[0]
                         net (fo=3, routed)           0.736    19.083    ip_design_i/lms_pcore_0/U0/u_lms_pcore_dut_inst/u_LMS/add_temp_14__230_carry__2_n_7
    SLICE_X19Y37         LUT3 (Prop_lut3_I1_O)        0.295    19.378 r  ip_design_i/lms_pcore_0/U0/u_lms_pcore_dut_inst/u_LMS/add_temp_14__278_carry__2_i_9/O
                         net (fo=2, routed)           0.770    20.148    ip_design_i/lms_pcore_0/U0/u_lms_pcore_dut_inst/u_LMS/add_temp_14__278_carry__2_i_9_n_0
    SLICE_X20Y37         LUT5 (Prop_lut5_I1_O)        0.124    20.272 r  ip_design_i/lms_pcore_0/U0/u_lms_pcore_dut_inst/u_LMS/add_temp_14__278_carry__2_i_2/O
                         net (fo=2, routed)           0.530    20.801    ip_design_i/lms_pcore_0/U0/u_lms_pcore_dut_inst/u_LMS/add_temp_14__278_carry__2_i_2_n_0
    SLICE_X21Y37         CARRY4 (Prop_carry4_DI[1]_O[2])
                                                      0.537    21.338 r  ip_design_i/lms_pcore_0/U0/u_lms_pcore_dut_inst/u_LMS/add_temp_14__278_carry__2/O[2]
                         net (fo=1, routed)           0.576    21.915    ip_design_i/lms_pcore_0/U0/u_lms_pcore_axi_lite_inst/u_lms_pcore_addr_decoder_inst/filter_sum[14]
    SLICE_X22Y37         LUT2 (Prop_lut2_I1_O)        0.302    22.217 r  ip_design_i/lms_pcore_0/U0/u_lms_pcore_axi_lite_inst/u_lms_pcore_addr_decoder_inst/sub_temp_carry__2_i_2/O
                         net (fo=1, routed)           0.000    22.217    ip_design_i/lms_pcore_0/U0/u_lms_pcore_dut_inst/u_LMS/sync_reg_e_k_reg[15]_0[2]
    SLICE_X22Y37         CARRY4 (Prop_carry4_S[2]_O[2])
                                                      0.248    22.465 r  ip_design_i/lms_pcore_0/U0/u_lms_pcore_dut_inst/u_LMS/sub_temp_carry__2/O[2]
                         net (fo=4, routed)           0.667    23.132    ip_design_i/lms_pcore_0/U0/u_lms_pcore_dut_inst/u_LMS/D[14]
    SLICE_X22Y32         LUT2 (Prop_lut2_I1_O)        0.302    23.434 r  ip_design_i/lms_pcore_0/U0/u_lms_pcore_dut_inst/u_LMS/ARG_carry__2_i_1/O
                         net (fo=1, routed)           0.000    23.434    ip_design_i/lms_pcore_0/U0/u_lms_pcore_dut_inst/u_LMS/ARG_carry__2_i_1_n_0
    SLICE_X22Y32         CARRY4 (Prop_carry4_S[3]_CO[3])
                                                      0.401    23.835 r  ip_design_i/lms_pcore_0/U0/u_lms_pcore_dut_inst/u_LMS/ARG_carry__2/CO[3]
                         net (fo=1, routed)           0.000    23.835    ip_design_i/lms_pcore_0/U0/u_lms_pcore_dut_inst/u_LMS/ARG_carry__2_n_0
    SLICE_X22Y33         CARRY4 (Prop_carry4_CI_O[1])
                                                      0.334    24.169 r  ip_design_i/lms_pcore_0/U0/u_lms_pcore_dut_inst/u_LMS/ARG_carry__3/O[1]
                         net (fo=160, routed)         1.597    25.766    ip_design_i/lms_pcore_0/U0/u_lms_pcore_dut_inst/u_LMS/ARG__31[32]
    DSP48_X1Y5           DSP48E1 (Prop_dsp48e1_B[17]_P[14])
                                                      3.835    29.601 f  ip_design_i/lms_pcore_0/U0/u_lms_pcore_dut_inst/u_LMS/mul_temp_30/P[14]
                         net (fo=2, routed)           0.992    30.593    ip_design_i/lms_pcore_0/U0/u_lms_pcore_dut_inst/u_LMS/mul_temp_30__0[14]
    SLICE_X18Y14         LUT1 (Prop_lut1_I0_O)        0.124    30.717 r  ip_design_i/lms_pcore_0/U0/u_lms_pcore_dut_inst/u_LMS/ARG__23_i_1/O
                         net (fo=13, routed)          1.077    31.794    ip_design_i/lms_pcore_0/U0/u_lms_pcore_dut_inst/u_LMS/ARG__23_i_1_n_0
    DSP48_X0Y7           DSP48E1 (Prop_dsp48e1_C[12]_P[15])
                                                      1.820    33.614 r  ip_design_i/lms_pcore_0/U0/u_lms_pcore_dut_inst/u_LMS/ARG__23/P[15]
                         net (fo=2, routed)           1.017    34.631    ip_design_i/lms_pcore_0/U0/u_lms_pcore_dut_inst/u_LMS/ARG__23_n_90
    SLICE_X10Y8          LUT2 (Prop_lut2_I0_O)        0.124    34.755 r  ip_design_i/lms_pcore_0/U0/u_lms_pcore_dut_inst/u_LMS/weight[13][0]_i_4/O
                         net (fo=1, routed)           0.000    34.755    ip_design_i/lms_pcore_0/U0/u_lms_pcore_dut_inst/u_LMS/weight[13][0]_i_4_n_0
    SLICE_X10Y8          CARRY4 (Prop_carry4_S[1]_CO[3])
                                                      0.533    35.288 r  ip_design_i/lms_pcore_0/U0/u_lms_pcore_dut_inst/u_LMS/weight_reg[13][0]_i_1/CO[3]
                         net (fo=1, routed)           0.000    35.288    ip_design_i/lms_pcore_0/U0/u_lms_pcore_dut_inst/u_LMS/weight_reg[13][0]_i_1_n_0
    SLICE_X10Y9          CARRY4 (Prop_carry4_CI_CO[3])
                                                      0.117    35.405 r  ip_design_i/lms_pcore_0/U0/u_lms_pcore_dut_inst/u_LMS/weight_reg[13][4]_i_1/CO[3]
                         net (fo=1, routed)           0.000    35.405    ip_design_i/lms_pcore_0/U0/u_lms_pcore_dut_inst/u_LMS/weight_reg[13][4]_i_1_n_0
    SLICE_X10Y10         CARRY4 (Prop_carry4_CI_CO[3])
                                                      0.117    35.522 r  ip_design_i/lms_pcore_0/U0/u_lms_pcore_dut_inst/u_LMS/weight_reg[13][8]_i_1/CO[3]
                         net (fo=1, routed)           0.000    35.522    ip_design_i/lms_pcore_0/U0/u_lms_pcore_dut_inst/u_LMS/weight_reg[13][8]_i_1_n_0
    SLICE_X10Y11         CARRY4 (Prop_carry4_CI_O[1])
                                                      0.323    35.845 r  ip_design_i/lms_pcore_0/U0/u_lms_pcore_dut_inst/u_LMS/weight_reg[13][12]_i_1/O[1]
                         net (fo=1, routed)           0.000    35.845    ip_design_i/lms_pcore_0/U0/u_lms_pcore_dut_inst/u_LMS/weight_reg[13][12]_i_1_n_6
    SLICE_X10Y11         FDCE                                         r  ip_design_i/lms_pcore_0/U0/u_lms_pcore_dut_inst/u_LMS/weight_reg[13][13]/D
  -------------------------------------------------------------------    -------------------

                         (clock clk_fpga_0 rise edge)
                                                     10.000    10.000 r  
    PS7_X0Y0             PS7                          0.000    10.000 r  ip_design_i/processing_system7_0/inst/PS7_i/FCLKCLK[0]
                         net (fo=1, routed)           1.101    11.101    ip_design_i/processing_system7_0/inst/FCLK_CLK_unbuffered[0]
    BUFGCTRL_X0Y0        BUFG (Prop_bufg_I_O)         0.091    11.192 r  ip_design_i/processing_system7_0/inst/buffer_fclk_clk_0.FCLK_CLK_0_BUFG/O
                         net (fo=2376, routed)        1.504    12.696    ip_design_i/lms_pcore_0/U0/u_lms_pcore_dut_inst/u_LMS/IPCORE_CLK
    SLICE_X10Y11         FDCE                                         r  ip_design_i/lms_pcore_0/U0/u_lms_pcore_dut_inst/u_LMS/weight_reg[13][13]/C
                         clock pessimism              0.116    12.812    
                         clock uncertainty           -0.154    12.658    
    SLICE_X10Y11         FDCE (Setup_fdce_C_D)        0.109    12.767    ip_design_i/lms_pcore_0/U0/u_lms_pcore_dut_inst/u_LMS/weight_reg[13][13]
  -------------------------------------------------------------------
                         required time                         12.767    
                         arrival time                         -35.845    
  -------------------------------------------------------------------
                         slack                                -23.077    

Slack (VIOLATED) :        -23.069ns  (required time - arrival time)
  Source:                 ip_design_i/lms_pcore_0/U0/u_lms_pcore_axi_lite_inst/u_lms_pcore_addr_decoder_inst/write_reg_x_k_reg[15]_rep__1/C
                            (rising edge-triggered cell FDCE clocked by clk_fpga_0  {rise@0.000ns fall@5.000ns period=10.000ns})
  Destination:            ip_design_i/lms_pcore_0/U0/u_lms_pcore_dut_inst/u_LMS/weight_reg[13][15]/D
                            (rising edge-triggered cell FDCE clocked by clk_fpga_0  {rise@0.000ns fall@5.000ns period=10.000ns})
  Path Group:             clk_fpga_0
  Path Type:              Setup (Max at Slow Process Corner)
  Requirement:            10.000ns  (clk_fpga_0 rise@10.000ns - clk_fpga_0 rise@0.000ns)
  Data Path Delay:        32.867ns  (logic 18.278ns (55.613%)  route 14.589ns (44.387%))
  Logic Levels:           27  (CARRY4=12 DSP48E1=4 LUT1=2 LUT2=3 LUT3=3 LUT4=2 LUT5=1)
  Clock Path Skew:        -0.158ns (DCD - SCD + CPR)
    Destination Clock Delay (DCD):    2.696ns = ( 12.696 - 10.000 ) 
    Source Clock Delay      (SCD):    2.970ns
    Clock Pessimism Removal (CPR):    0.116ns
  Clock Uncertainty:      0.154ns  ((TSJ^2 + TIJ^2)^1/2 + DJ) / 2 + PE
    Total System Jitter     (TSJ):    0.071ns
    Total Input Jitter      (TIJ):    0.300ns
    Discrete Jitter          (DJ):    0.000ns
    Phase Error              (PE):    0.000ns

    Location             Delay type                Incr(ns)  Path(ns)    Netlist Resource(s)
  -------------------------------------------------------------------    -------------------
                         (clock clk_fpga_0 rise edge)
                                                      0.000     0.000 r  
    PS7_X0Y0             PS7                          0.000     0.000 r  ip_design_i/processing_system7_0/inst/PS7_i/FCLKCLK[0]
                         net (fo=1, routed)           1.207     1.207    ip_design_i/processing_system7_0/inst/FCLK_CLK_unbuffered[0]
    BUFGCTRL_X0Y0        BUFG (Prop_bufg_I_O)         0.101     1.308 r  ip_design_i/processing_system7_0/inst/buffer_fclk_clk_0.FCLK_CLK_0_BUFG/O
                         net (fo=2376, routed)        1.662     2.970    ip_design_i/lms_pcore_0/U0/u_lms_pcore_axi_lite_inst/u_lms_pcore_addr_decoder_inst/AXI4_Lite_ACLK
    SLICE_X11Y66         FDCE                                         r  ip_design_i/lms_pcore_0/U0/u_lms_pcore_axi_lite_inst/u_lms_pcore_addr_decoder_inst/write_reg_x_k_reg[15]_rep__1/C
  -------------------------------------------------------------------    -------------------
    SLICE_X11Y66         FDCE (Prop_fdce_C_Q)         0.456     3.426 r  ip_design_i/lms_pcore_0/U0/u_lms_pcore_axi_lite_inst/u_lms_pcore_addr_decoder_inst/write_reg_x_k_reg[15]_rep__1/Q
                         net (fo=10, routed)          0.986     4.412    ip_design_i/lms_pcore_0/U0/u_lms_pcore_dut_inst/u_LMS/mul_temp_15_0[1]
    DSP48_X0Y25          DSP48E1 (Prop_dsp48e1_A[21]_P[14])
                                                      3.841     8.253 f  ip_design_i/lms_pcore_0/U0/u_lms_pcore_dut_inst/u_LMS/mul_temp_15/P[14]
                         net (fo=2, routed)           0.707     8.960    ip_design_i/lms_pcore_0/U0/u_lms_pcore_dut_inst/u_LMS/mul_temp_15__0[14]
    SLICE_X8Y57          LUT1 (Prop_lut1_I0_O)        0.124     9.084 r  ip_design_i/lms_pcore_0/U0/u_lms_pcore_dut_inst/u_LMS/ARG__28_i_1/O
                         net (fo=13, routed)          0.761     9.845    ip_design_i/lms_pcore_0/U0/u_lms_pcore_dut_inst/u_LMS/ARG__28_i_1_n_0
    DSP48_X0Y23          DSP48E1 (Prop_dsp48e1_C[11]_P[17])
                                                      1.820    11.665 r  ip_design_i/lms_pcore_0/U0/u_lms_pcore_dut_inst/u_LMS/ARG__28/P[17]
                         net (fo=2, routed)           1.842    13.506    ip_design_i/lms_pcore_0/U0/u_lms_pcore_dut_inst/u_LMS/RESIZE44[3]
    SLICE_X11Y36         LUT3 (Prop_lut3_I1_O)        0.149    13.655 r  ip_design_i/lms_pcore_0/U0/u_lms_pcore_dut_inst/u_LMS/add_temp_14__0_carry__0_i_4/O
                         net (fo=2, routed)           0.817    14.472    ip_design_i/lms_pcore_0/U0/u_lms_pcore_dut_inst/u_LMS/add_temp_14__0_carry__0_i_4_n_0
    SLICE_X11Y37         LUT4 (Prop_lut4_I3_O)        0.332    14.804 r  ip_design_i/lms_pcore_0/U0/u_lms_pcore_dut_inst/u_LMS/add_temp_14__0_carry__0_i_8/O
                         net (fo=1, routed)           0.000    14.804    ip_design_i/lms_pcore_0/U0/u_lms_pcore_dut_inst/u_LMS/add_temp_14__0_carry__0_i_8_n_0
    SLICE_X11Y37         CARRY4 (Prop_carry4_S[0]_CO[3])
                                                      0.532    15.336 r  ip_design_i/lms_pcore_0/U0/u_lms_pcore_dut_inst/u_LMS/add_temp_14__0_carry__0/CO[3]
                         net (fo=1, routed)           0.000    15.336    ip_design_i/lms_pcore_0/U0/u_lms_pcore_dut_inst/u_LMS/add_temp_14__0_carry__0_n_0
    SLICE_X11Y38         CARRY4 (Prop_carry4_CI_O[2])
                                                      0.239    15.575 r  ip_design_i/lms_pcore_0/U0/u_lms_pcore_dut_inst/u_LMS/add_temp_14__0_carry__1/O[2]
                         net (fo=2, routed)           0.807    16.382    ip_design_i/lms_pcore_0/U0/u_lms_pcore_dut_inst/u_LMS/add_temp_14__0_carry__1_n_5
    SLICE_X12Y35         LUT3 (Prop_lut3_I1_O)        0.331    16.713 r  ip_design_i/lms_pcore_0/U0/u_lms_pcore_dut_inst/u_LMS/add_temp_14__230_carry__1_i_1/O
                         net (fo=2, routed)           0.708    17.421    ip_design_i/lms_pcore_0/U0/u_lms_pcore_dut_inst/u_LMS/add_temp_14__230_carry__1_i_1_n_0
    SLICE_X12Y35         LUT4 (Prop_lut4_I3_O)        0.331    17.752 r  ip_design_i/lms_pcore_0/U0/u_lms_pcore_dut_inst/u_LMS/add_temp_14__230_carry__1_i_5/O
                         net (fo=1, routed)           0.000    17.752    ip_design_i/lms_pcore_0/U0/u_lms_pcore_dut_inst/u_LMS/add_temp_14__230_carry__1_i_5_n_0
    SLICE_X12Y35         CARRY4 (Prop_carry4_S[3]_CO[3])
                                                      0.376    18.128 r  ip_design_i/lms_pcore_0/U0/u_lms_pcore_dut_inst/u_LMS/add_temp_14__230_carry__1/CO[3]
                         net (fo=1, routed)           0.000    18.128    ip_design_i/lms_pcore_0/U0/u_lms_pcore_dut_inst/u_LMS/add_temp_14__230_carry__1_n_0
    SLICE_X12Y36         CARRY4 (Prop_carry4_CI_O[0])
                                                      0.219    18.347 r  ip_design_i/lms_pcore_0/U0/u_lms_pcore_dut_inst/u_LMS/add_temp_14__230_carry__2/O[0]
                         net (fo=3, routed)           0.736    19.083    ip_design_i/lms_pcore_0/U0/u_lms_pcore_dut_inst/u_LMS/add_temp_14__230_carry__2_n_7
    SLICE_X19Y37         LUT3 (Prop_lut3_I1_O)        0.295    19.378 r  ip_design_i/lms_pcore_0/U0/u_lms_pcore_dut_inst/u_LMS/add_temp_14__278_carry__2_i_9/O
                         net (fo=2, routed)           0.770    20.148    ip_design_i/lms_pcore_0/U0/u_lms_pcore_dut_inst/u_LMS/add_temp_14__278_carry__2_i_9_n_0
    SLICE_X20Y37         LUT5 (Prop_lut5_I1_O)        0.124    20.272 r  ip_design_i/lms_pcore_0/U0/u_lms_pcore_dut_inst/u_LMS/add_temp_14__278_carry__2_i_2/O
                         net (fo=2, routed)           0.530    20.801    ip_design_i/lms_pcore_0/U0/u_lms_pcore_dut_inst/u_LMS/add_temp_14__278_carry__2_i_2_n_0
    SLICE_X21Y37         CARRY4 (Prop_carry4_DI[1]_O[2])
                                                      0.537    21.338 r  ip_design_i/lms_pcore_0/U0/u_lms_pcore_dut_inst/u_LMS/add_temp_14__278_carry__2/O[2]
                         net (fo=1, routed)           0.576    21.915    ip_design_i/lms_pcore_0/U0/u_lms_pcore_axi_lite_inst/u_lms_pcore_addr_decoder_inst/filter_sum[14]
    SLICE_X22Y37         LUT2 (Prop_lut2_I1_O)        0.302    22.217 r  ip_design_i/lms_pcore_0/U0/u_lms_pcore_axi_lite_inst/u_lms_pcore_addr_decoder_inst/sub_temp_carry__2_i_2/O
                         net (fo=1, routed)           0.000    22.217    ip_design_i/lms_pcore_0/U0/u_lms_pcore_dut_inst/u_LMS/sync_reg_e_k_reg[15]_0[2]
    SLICE_X22Y37         CARRY4 (Prop_carry4_S[2]_O[2])
                                                      0.248    22.465 r  ip_design_i/lms_pcore_0/U0/u_lms_pcore_dut_inst/u_LMS/sub_temp_carry__2/O[2]
                         net (fo=4, routed)           0.667    23.132    ip_design_i/lms_pcore_0/U0/u_lms_pcore_dut_inst/u_LMS/D[14]
    SLICE_X22Y32         LUT2 (Prop_lut2_I1_O)        0.302    23.434 r  ip_design_i/lms_pcore_0/U0/u_lms_pcore_dut_inst/u_LMS/ARG_carry__2_i_1/O
                         net (fo=1, routed)           0.000    23.434    ip_design_i/lms_pcore_0/U0/u_lms_pcore_dut_inst/u_LMS/ARG_carry__2_i_1_n_0
    SLICE_X22Y32         CARRY4 (Prop_carry4_S[3]_CO[3])
                                                      0.401    23.835 r  ip_design_i/lms_pcore_0/U0/u_lms_pcore_dut_inst/u_LMS/ARG_carry__2/CO[3]
                         net (fo=1, routed)           0.000    23.835    ip_design_i/lms_pcore_0/U0/u_lms_pcore_dut_inst/u_LMS/ARG_carry__2_n_0
    SLICE_X22Y33         CARRY4 (Prop_carry4_CI_O[1])
                                                      0.334    24.169 r  ip_design_i/lms_pcore_0/U0/u_lms_pcore_dut_inst/u_LMS/ARG_carry__3/O[1]
                         net (fo=160, routed)         1.597    25.766    ip_design_i/lms_pcore_0/U0/u_lms_pcore_dut_inst/u_LMS/ARG__31[32]
    DSP48_X1Y5           DSP48E1 (Prop_dsp48e1_B[17]_P[14])
                                                      3.835    29.601 f  ip_design_i/lms_pcore_0/U0/u_lms_pcore_dut_inst/u_LMS/mul_temp_30/P[14]
                         net (fo=2, routed)           0.992    30.593    ip_design_i/lms_pcore_0/U0/u_lms_pcore_dut_inst/u_LMS/mul_temp_30__0[14]
    SLICE_X18Y14         LUT1 (Prop_lut1_I0_O)        0.124    30.717 r  ip_design_i/lms_pcore_0/U0/u_lms_pcore_dut_inst/u_LMS/ARG__23_i_1/O
                         net (fo=13, routed)          1.077    31.794    ip_design_i/lms_pcore_0/U0/u_lms_pcore_dut_inst/u_LMS/ARG__23_i_1_n_0
    DSP48_X0Y7           DSP48E1 (Prop_dsp48e1_C[12]_P[15])
                                                      1.820    33.614 r  ip_design_i/lms_pcore_0/U0/u_lms_pcore_dut_inst/u_LMS/ARG__23/P[15]
                         net (fo=2, routed)           1.017    34.631    ip_design_i/lms_pcore_0/U0/u_lms_pcore_dut_inst/u_LMS/ARG__23_n_90
    SLICE_X10Y8          LUT2 (Prop_lut2_I0_O)        0.124    34.755 r  ip_design_i/lms_pcore_0/U0/u_lms_pcore_dut_inst/u_LMS/weight[13][0]_i_4/O
                         net (fo=1, routed)           0.000    34.755    ip_design_i/lms_pcore_0/U0/u_lms_pcore_dut_inst/u_LMS/weight[13][0]_i_4_n_0
    SLICE_X10Y8          CARRY4 (Prop_carry4_S[1]_CO[3])
                                                      0.533    35.288 r  ip_design_i/lms_pcore_0/U0/u_lms_pcore_dut_inst/u_LMS/weight_reg[13][0]_i_1/CO[3]
                         net (fo=1, routed)           0.000    35.288    ip_design_i/lms_pcore_0/U0/u_lms_pcore_dut_inst/u_LMS/weight_reg[13][0]_i_1_n_0
    SLICE_X10Y9          CARRY4 (Prop_carry4_CI_CO[3])
                                                      0.117    35.405 r  ip_design_i/lms_pcore_0/U0/u_lms_pcore_dut_inst/u_LMS/weight_reg[13][4]_i_1/CO[3]
                         net (fo=1, routed)           0.000    35.405    ip_design_i/lms_pcore_0/U0/u_lms_pcore_dut_inst/u_LMS/weight_reg[13][4]_i_1_n_0
    SLICE_X10Y10         CARRY4 (Prop_carry4_CI_CO[3])
                                                      0.117    35.522 r  ip_design_i/lms_pcore_0/U0/u_lms_pcore_dut_inst/u_LMS/weight_reg[13][8]_i_1/CO[3]
                         net (fo=1, routed)           0.000    35.522    ip_design_i/lms_pcore_0/U0/u_lms_pcore_dut_inst/u_LMS/weight_reg[13][8]_i_1_n_0
    SLICE_X10Y11         CARRY4 (Prop_carry4_CI_O[3])
                                                      0.315    35.837 r  ip_design_i/lms_pcore_0/U0/u_lms_pcore_dut_inst/u_LMS/weight_reg[13][12]_i_1/O[3]
                         net (fo=1, routed)           0.000    35.837    ip_design_i/lms_pcore_0/U0/u_lms_pcore_dut_inst/u_LMS/weight_reg[13][12]_i_1_n_4
    SLICE_X10Y11         FDCE                                         r  ip_design_i/lms_pcore_0/U0/u_lms_pcore_dut_inst/u_LMS/weight_reg[13][15]/D
  -------------------------------------------------------------------    -------------------

                         (clock clk_fpga_0 rise edge)
                                                     10.000    10.000 r  
    PS7_X0Y0             PS7                          0.000    10.000 r  ip_design_i/processing_system7_0/inst/PS7_i/FCLKCLK[0]
                         net (fo=1, routed)           1.101    11.101    ip_design_i/processing_system7_0/inst/FCLK_CLK_unbuffered[0]
    BUFGCTRL_X0Y0        BUFG (Prop_bufg_I_O)         0.091    11.192 r  ip_design_i/processing_system7_0/inst/buffer_fclk_clk_0.FCLK_CLK_0_BUFG/O
                         net (fo=2376, routed)        1.504    12.696    ip_design_i/lms_pcore_0/U0/u_lms_pcore_dut_inst/u_LMS/IPCORE_CLK
    SLICE_X10Y11         FDCE                                         r  ip_design_i/lms_pcore_0/U0/u_lms_pcore_dut_inst/u_LMS/weight_reg[13][15]/C
                         clock pessimism              0.116    12.812    
                         clock uncertainty           -0.154    12.658    
    SLICE_X10Y11         FDCE (Setup_fdce_C_D)        0.109    12.767    ip_design_i/lms_pcore_0/U0/u_lms_pcore_dut_inst/u_LMS/weight_reg[13][15]
  -------------------------------------------------------------------
                         required time                         12.767    
                         arrival time                         -35.837    
  -------------------------------------------------------------------
                         slack                                -23.069    

Slack (VIOLATED) :        -23.039ns  (required time - arrival time)
  Source:                 ip_design_i/lms_pcore_0/U0/u_lms_pcore_axi_lite_inst/u_lms_pcore_addr_decoder_inst/write_reg_x_k_reg[15]_rep__1/C
                            (rising edge-triggered cell FDCE clocked by clk_fpga_0  {rise@0.000ns fall@5.000ns period=10.000ns})
  Destination:            ip_design_i/lms_pcore_0/U0/u_lms_pcore_dut_inst/u_LMS/weight_reg[9][13]/D
                            (rising edge-triggered cell FDCE clocked by clk_fpga_0  {rise@0.000ns fall@5.000ns period=10.000ns})
  Path Group:             clk_fpga_0
  Path Type:              Setup (Max at Slow Process Corner)
  Requirement:            10.000ns  (clk_fpga_0 rise@10.000ns - clk_fpga_0 rise@0.000ns)
  Data Path Delay:        32.536ns  (logic 18.045ns (55.461%)  route 14.491ns (44.539%))
  Logic Levels:           26  (CARRY4=11 DSP48E1=4 LUT1=2 LUT2=3 LUT3=3 LUT4=2 LUT5=1)
  Clock Path Skew:        -0.157ns (DCD - SCD + CPR)
    Destination Clock Delay (DCD):    2.697ns = ( 12.698 - 10.000 ) 
    Source Clock Delay      (SCD):    2.970ns
    Clock Pessimism Removal (CPR):    0.116ns
  Clock Uncertainty:      0.154ns  ((TSJ^2 + TIJ^2)^1/2 + DJ) / 2 + PE
    Total System Jitter     (TSJ):    0.071ns
    Total Input Jitter      (TIJ):    0.300ns
    Discrete Jitter          (DJ):    0.000ns
    Phase Error              (PE):    0.000ns

    Location             Delay type                Incr(ns)  Path(ns)    Netlist Resource(s)
  -------------------------------------------------------------------    -------------------
                         (clock clk_fpga_0 rise edge)
                                                      0.000     0.000 r  
    PS7_X0Y0             PS7                          0.000     0.000 r  ip_design_i/processing_system7_0/inst/PS7_i/FCLKCLK[0]
                         net (fo=1, routed)           1.207     1.207    ip_design_i/processing_system7_0/inst/FCLK_CLK_unbuffered[0]
    BUFGCTRL_X0Y0        BUFG (Prop_bufg_I_O)         0.101     1.308 r  ip_design_i/processing_system7_0/inst/buffer_fclk_clk_0.FCLK_CLK_0_BUFG/O
                         net (fo=2376, routed)        1.662     2.970    ip_design_i/lms_pcore_0/U0/u_lms_pcore_axi_lite_inst/u_lms_pcore_addr_decoder_inst/AXI4_Lite_ACLK
    SLICE_X11Y66         FDCE                                         r  ip_design_i/lms_pcore_0/U0/u_lms_pcore_axi_lite_inst/u_lms_pcore_addr_decoder_inst/write_reg_x_k_reg[15]_rep__1/C
  -------------------------------------------------------------------    -------------------
    SLICE_X11Y66         FDCE (Prop_fdce_C_Q)         0.456     3.426 r  ip_design_i/lms_pcore_0/U0/u_lms_pcore_axi_lite_inst/u_lms_pcore_addr_decoder_inst/write_reg_x_k_reg[15]_rep__1/Q
                         net (fo=10, routed)          0.986     4.412    ip_design_i/lms_pcore_0/U0/u_lms_pcore_dut_inst/u_LMS/mul_temp_15_0[1]
    DSP48_X0Y25          DSP48E1 (Prop_dsp48e1_A[21]_P[14])
                                                      3.841     8.253 f  ip_design_i/lms_pcore_0/U0/u_lms_pcore_dut_inst/u_LMS/mul_temp_15/P[14]
                         net (fo=2, routed)           0.707     8.960    ip_design_i/lms_pcore_0/U0/u_lms_pcore_dut_inst/u_LMS/mul_temp_15__0[14]
    SLICE_X8Y57          LUT1 (Prop_lut1_I0_O)        0.124     9.084 r  ip_design_i/lms_pcore_0/U0/u_lms_pcore_dut_inst/u_LMS/ARG__28_i_1/O
                         net (fo=13, routed)          0.761     9.845    ip_design_i/lms_pcore_0/U0/u_lms_pcore_dut_inst/u_LMS/ARG__28_i_1_n_0
    DSP48_X0Y23          DSP48E1 (Prop_dsp48e1_C[11]_P[17])
                                                      1.820    11.665 r  ip_design_i/lms_pcore_0/U0/u_lms_pcore_dut_inst/u_LMS/ARG__28/P[17]
                         net (fo=2, routed)           1.842    13.506    ip_design_i/lms_pcore_0/U0/u_lms_pcore_dut_inst/u_LMS/RESIZE44[3]
    SLICE_X11Y36         LUT3 (Prop_lut3_I1_O)        0.149    13.655 r  ip_design_i/lms_pcore_0/U0/u_lms_pcore_dut_inst/u_LMS/add_temp_14__0_carry__0_i_4/O
                         net (fo=2, routed)           0.817    14.472    ip_design_i/lms_pcore_0/U0/u_lms_pcore_dut_inst/u_LMS/add_temp_14__0_carry__0_i_4_n_0
    SLICE_X11Y37         LUT4 (Prop_lut4_I3_O)        0.332    14.804 r  ip_design_i/lms_pcore_0/U0/u_lms_pcore_dut_inst/u_LMS/add_temp_14__0_carry__0_i_8/O
                         net (fo=1, routed)           0.000    14.804    ip_design_i/lms_pcore_0/U0/u_lms_pcore_dut_inst/u_LMS/add_temp_14__0_carry__0_i_8_n_0
    SLICE_X11Y37         CARRY4 (Prop_carry4_S[0]_CO[3])
                                                      0.532    15.336 r  ip_design_i/lms_pcore_0/U0/u_lms_pcore_dut_inst/u_LMS/add_temp_14__0_carry__0/CO[3]
                         net (fo=1, routed)           0.000    15.336    ip_design_i/lms_pcore_0/U0/u_lms_pcore_dut_inst/u_LMS/add_temp_14__0_carry__0_n_0
    SLICE_X11Y38         CARRY4 (Prop_carry4_CI_O[2])
                                                      0.239    15.575 r  ip_design_i/lms_pcore_0/U0/u_lms_pcore_dut_inst/u_LMS/add_temp_14__0_carry__1/O[2]
                         net (fo=2, routed)           0.807    16.382    ip_design_i/lms_pcore_0/U0/u_lms_pcore_dut_inst/u_LMS/add_temp_14__0_carry__1_n_5
    SLICE_X12Y35         LUT3 (Prop_lut3_I1_O)        0.331    16.713 r  ip_design_i/lms_pcore_0/U0/u_lms_pcore_dut_inst/u_LMS/add_temp_14__230_carry__1_i_1/O
                         net (fo=2, routed)           0.708    17.421    ip_design_i/lms_pcore_0/U0/u_lms_pcore_dut_inst/u_LMS/add_temp_14__230_carry__1_i_1_n_0
    SLICE_X12Y35         LUT4 (Prop_lut4_I3_O)        0.331    17.752 r  ip_design_i/lms_pcore_0/U0/u_lms_pcore_dut_inst/u_LMS/add_temp_14__230_carry__1_i_5/O
                         net (fo=1, routed)           0.000    17.752    ip_design_i/lms_pcore_0/U0/u_lms_pcore_dut_inst/u_LMS/add_temp_14__230_carry__1_i_5_n_0
    SLICE_X12Y35         CARRY4 (Prop_carry4_S[3]_CO[3])
                                                      0.376    18.128 r  ip_design_i/lms_pcore_0/U0/u_lms_pcore_dut_inst/u_LMS/add_temp_14__230_carry__1/CO[3]
                         net (fo=1, routed)           0.000    18.128    ip_design_i/lms_pcore_0/U0/u_lms_pcore_dut_inst/u_LMS/add_temp_14__230_carry__1_n_0
    SLICE_X12Y36         CARRY4 (Prop_carry4_CI_O[0])
                                                      0.219    18.347 r  ip_design_i/lms_pcore_0/U0/u_lms_pcore_dut_inst/u_LMS/add_temp_14__230_carry__2/O[0]
                         net (fo=3, routed)           0.736    19.083    ip_design_i/lms_pcore_0/U0/u_lms_pcore_dut_inst/u_LMS/add_temp_14__230_carry__2_n_7
    SLICE_X19Y37         LUT3 (Prop_lut3_I1_O)        0.295    19.378 r  ip_design_i/lms_pcore_0/U0/u_lms_pcore_dut_inst/u_LMS/add_temp_14__278_carry__2_i_9/O
                         net (fo=2, routed)           0.770    20.148    ip_design_i/lms_pcore_0/U0/u_lms_pcore_dut_inst/u_LMS/add_temp_14__278_carry__2_i_9_n_0
    SLICE_X20Y37         LUT5 (Prop_lut5_I1_O)        0.124    20.272 r  ip_design_i/lms_pcore_0/U0/u_lms_pcore_dut_inst/u_LMS/add_temp_14__278_carry__2_i_2/O
                         net (fo=2, routed)           0.530    20.801    ip_design_i/lms_pcore_0/U0/u_lms_pcore_dut_inst/u_LMS/add_temp_14__278_carry__2_i_2_n_0
    SLICE_X21Y37         CARRY4 (Prop_carry4_DI[1]_O[2])
                                                      0.537    21.338 r  ip_design_i/lms_pcore_0/U0/u_lms_pcore_dut_inst/u_LMS/add_temp_14__278_carry__2/O[2]
                         net (fo=1, routed)           0.576    21.915    ip_design_i/lms_pcore_0/U0/u_lms_pcore_axi_lite_inst/u_lms_pcore_addr_decoder_inst/filter_sum[14]
    SLICE_X22Y37         LUT2 (Prop_lut2_I1_O)        0.302    22.217 r  ip_design_i/lms_pcore_0/U0/u_lms_pcore_axi_lite_inst/u_lms_pcore_addr_decoder_inst/sub_temp_carry__2_i_2/O
                         net (fo=1, routed)           0.000    22.217    ip_design_i/lms_pcore_0/U0/u_lms_pcore_dut_inst/u_LMS/sync_reg_e_k_reg[15]_0[2]
    SLICE_X22Y37         CARRY4 (Prop_carry4_S[2]_O[2])
                                                      0.248    22.465 r  ip_design_i/lms_pcore_0/U0/u_lms_pcore_dut_inst/u_LMS/sub_temp_carry__2/O[2]
                         net (fo=4, routed)           0.667    23.132    ip_design_i/lms_pcore_0/U0/u_lms_pcore_dut_inst/u_LMS/D[14]
    SLICE_X22Y32         LUT2 (Prop_lut2_I1_O)        0.302    23.434 r  ip_design_i/lms_pcore_0/U0/u_lms_pcore_dut_inst/u_LMS/ARG_carry__2_i_1/O
                         net (fo=1, routed)           0.000    23.434    ip_design_i/lms_pcore_0/U0/u_lms_pcore_dut_inst/u_LMS/ARG_carry__2_i_1_n_0
    SLICE_X22Y32         CARRY4 (Prop_carry4_S[3]_CO[3])
                                                      0.401    23.835 r  ip_design_i/lms_pcore_0/U0/u_lms_pcore_dut_inst/u_LMS/ARG_carry__2/CO[3]
                         net (fo=1, routed)           0.000    23.835    ip_design_i/lms_pcore_0/U0/u_lms_pcore_dut_inst/u_LMS/ARG_carry__2_n_0
    SLICE_X22Y33         CARRY4 (Prop_carry4_CI_O[1])
                                                      0.334    24.169 r  ip_design_i/lms_pcore_0/U0/u_lms_pcore_dut_inst/u_LMS/ARG_carry__3/O[1]
                         net (fo=160, routed)         1.128    25.297    ip_design_i/lms_pcore_0/U0/u_lms_pcore_dut_inst/u_LMS/ARG__31[32]
    DSP48_X1Y13          DSP48E1 (Prop_dsp48e1_B[17]_P[14])
                                                      3.835    29.132 f  ip_design_i/lms_pcore_0/U0/u_lms_pcore_dut_inst/u_LMS/mul_temp_26/P[14]
                         net (fo=2, routed)           1.293    30.425    ip_design_i/lms_pcore_0/U0/u_lms_pcore_dut_inst/u_LMS/mul_temp_26__0[14]
    SLICE_X9Y32          LUT1 (Prop_lut1_I0_O)        0.124    30.549 r  ip_design_i/lms_pcore_0/U0/u_lms_pcore_dut_inst/u_LMS/ARG__15_i_1/O
                         net (fo=13, routed)          0.724    31.273    ip_design_i/lms_pcore_0/U0/u_lms_pcore_dut_inst/u_LMS/ARG__15_i_1_n_0
    DSP48_X0Y13          DSP48E1 (Prop_dsp48e1_C[0]_P[21])
                                                      1.820    33.093 r  ip_design_i/lms_pcore_0/U0/u_lms_pcore_dut_inst/u_LMS/ARG__15/P[21]
                         net (fo=2, routed)           1.247    34.340    ip_design_i/lms_pcore_0/U0/u_lms_pcore_dut_inst/u_LMS/ARG__15_n_84
    SLICE_X13Y38         LUT2 (Prop_lut2_I0_O)        0.124    34.464 r  ip_design_i/lms_pcore_0/U0/u_lms_pcore_dut_inst/u_LMS/weight[9][4]_i_2/O
                         net (fo=1, routed)           0.000    34.464    ip_design_i/lms_pcore_0/U0/u_lms_pcore_dut_inst/u_LMS/weight[9][4]_i_2_n_0
    SLICE_X13Y38         CARRY4 (Prop_carry4_S[3]_CO[3])
                                                      0.401    34.865 r  ip_design_i/lms_pcore_0/U0/u_lms_pcore_dut_inst/u_LMS/weight_reg[9][4]_i_1/CO[3]
                         net (fo=1, routed)           0.000    34.865    ip_design_i/lms_pcore_0/U0/u_lms_pcore_dut_inst/u_LMS/weight_reg[9][4]_i_1_n_0
    SLICE_X13Y39         CARRY4 (Prop_carry4_CI_CO[3])
                                                      0.114    34.979 r  ip_design_i/lms_pcore_0/U0/u_lms_pcore_dut_inst/u_LMS/weight_reg[9][8]_i_1/CO[3]
                         net (fo=1, routed)           0.000    34.979    ip_design_i/lms_pcore_0/U0/u_lms_pcore_dut_inst/u_LMS/weight_reg[9][8]_i_1_n_0
    SLICE_X13Y40         CARRY4 (Prop_carry4_CI_O[1])
                                                      0.334    35.313 r  ip_design_i/lms_pcore_0/U0/u_lms_pcore_dut_inst/u_LMS/weight_reg[9][12]_i_1/O[1]
                         net (fo=1, routed)           0.193    35.506    ip_design_i/lms_pcore_0/U0/u_lms_pcore_dut_inst/u_LMS/weight_reg[9][12]_i_1_n_6
    SLICE_X12Y40         FDCE                                         r  ip_design_i/lms_pcore_0/U0/u_lms_pcore_dut_inst/u_LMS/weight_reg[9][13]/D
  -------------------------------------------------------------------    -------------------

                         (clock clk_fpga_0 rise edge)
                                                     10.000    10.000 r  
    PS7_X0Y0             PS7                          0.000    10.000 r  ip_design_i/processing_system7_0/inst/PS7_i/FCLKCLK[0]
                         net (fo=1, routed)           1.101    11.101    ip_design_i/processing_system7_0/inst/FCLK_CLK_unbuffered[0]
    BUFGCTRL_X0Y0        BUFG (Prop_bufg_I_O)         0.091    11.192 r  ip_design_i/processing_system7_0/inst/buffer_fclk_clk_0.FCLK_CLK_0_BUFG/O
                         net (fo=2376, routed)        1.505    12.697    ip_design_i/lms_pcore_0/U0/u_lms_pcore_dut_inst/u_LMS/IPCORE_CLK
    SLICE_X12Y40         FDCE                                         r  ip_design_i/lms_pcore_0/U0/u_lms_pcore_dut_inst/u_LMS/weight_reg[9][13]/C
                         clock pessimism              0.116    12.813    
                         clock uncertainty           -0.154    12.659    
    SLICE_X12Y40         FDCE (Setup_fdce_C_D)       -0.192    12.467    ip_design_i/lms_pcore_0/U0/u_lms_pcore_dut_inst/u_LMS/weight_reg[9][13]
  -------------------------------------------------------------------
                         required time                         12.467    
                         arrival time                         -35.506    
  -------------------------------------------------------------------
                         slack                                -23.039    

Slack (VIOLATED) :        -23.038ns  (required time - arrival time)
  Source:                 ip_design_i/lms_pcore_0/U0/u_lms_pcore_axi_lite_inst/u_lms_pcore_addr_decoder_inst/write_reg_x_k_reg[15]_rep__1/C
                            (rising edge-triggered cell FDCE clocked by clk_fpga_0  {rise@0.000ns fall@5.000ns period=10.000ns})
  Destination:            ip_design_i/lms_pcore_0/U0/u_lms_pcore_dut_inst/u_LMS/weight_reg[9][15]/D
                            (rising edge-triggered cell FDCE clocked by clk_fpga_0  {rise@0.000ns fall@5.000ns period=10.000ns})
  Path Group:             clk_fpga_0
  Path Type:              Setup (Max at Slow Process Corner)
  Requirement:            10.000ns  (clk_fpga_0 rise@10.000ns - clk_fpga_0 rise@0.000ns)
  Data Path Delay:        32.515ns  (logic 18.024ns (55.433%)  route 14.491ns (44.567%))
  Logic Levels:           26  (CARRY4=11 DSP48E1=4 LUT1=2 LUT2=3 LUT3=3 LUT4=2 LUT5=1)
  Clock Path Skew:        -0.157ns (DCD - SCD + CPR)
    Destination Clock Delay (DCD):    2.697ns = ( 12.698 - 10.000 ) 
    Source Clock Delay      (SCD):    2.970ns
    Clock Pessimism Removal (CPR):    0.116ns
  Clock Uncertainty:      0.154ns  ((TSJ^2 + TIJ^2)^1/2 + DJ) / 2 + PE
    Total System Jitter     (TSJ):    0.071ns
    Total Input Jitter      (TIJ):    0.300ns
    Discrete Jitter          (DJ):    0.000ns
    Phase Error              (PE):    0.000ns

    Location             Delay type                Incr(ns)  Path(ns)    Netlist Resource(s)
  -------------------------------------------------------------------    -------------------
                         (clock clk_fpga_0 rise edge)
                                                      0.000     0.000 r  
    PS7_X0Y0             PS7                          0.000     0.000 r  ip_design_i/processing_system7_0/inst/PS7_i/FCLKCLK[0]
                         net (fo=1, routed)           1.207     1.207    ip_design_i/processing_system7_0/inst/FCLK_CLK_unbuffered[0]
    BUFGCTRL_X0Y0        BUFG (Prop_bufg_I_O)         0.101     1.308 r  ip_design_i/processing_system7_0/inst/buffer_fclk_clk_0.FCLK_CLK_0_BUFG/O
                         net (fo=2376, routed)        1.662     2.970    ip_design_i/lms_pcore_0/U0/u_lms_pcore_axi_lite_inst/u_lms_pcore_addr_decoder_inst/AXI4_Lite_ACLK
    SLICE_X11Y66         FDCE                                         r  ip_design_i/lms_pcore_0/U0/u_lms_pcore_axi_lite_inst/u_lms_pcore_addr_decoder_inst/write_reg_x_k_reg[15]_rep__1/C
  -------------------------------------------------------------------    -------------------
    SLICE_X11Y66         FDCE (Prop_fdce_C_Q)         0.456     3.426 r  ip_design_i/lms_pcore_0/U0/u_lms_pcore_axi_lite_inst/u_lms_pcore_addr_decoder_inst/write_reg_x_k_reg[15]_rep__1/Q
                         net (fo=10, routed)          0.986     4.412    ip_design_i/lms_pcore_0/U0/u_lms_pcore_dut_inst/u_LMS/mul_temp_15_0[1]
    DSP48_X0Y25          DSP48E1 (Prop_dsp48e1_A[21]_P[14])
                                                      3.841     8.253 f  ip_design_i/lms_pcore_0/U0/u_lms_pcore_dut_inst/u_LMS/mul_temp_15/P[14]
                         net (fo=2, routed)           0.707     8.960    ip_design_i/lms_pcore_0/U0/u_lms_pcore_dut_inst/u_LMS/mul_temp_15__0[14]
    SLICE_X8Y57          LUT1 (Prop_lut1_I0_O)        0.124     9.084 r  ip_design_i/lms_pcore_0/U0/u_lms_pcore_dut_inst/u_LMS/ARG__28_i_1/O
                         net (fo=13, routed)          0.761     9.845    ip_design_i/lms_pcore_0/U0/u_lms_pcore_dut_inst/u_LMS/ARG__28_i_1_n_0
    DSP48_X0Y23          DSP48E1 (Prop_dsp48e1_C[11]_P[17])
                                                      1.820    11.665 r  ip_design_i/lms_pcore_0/U0/u_lms_pcore_dut_inst/u_LMS/ARG__28/P[17]
                         net (fo=2, routed)           1.842    13.506    ip_design_i/lms_pcore_0/U0/u_lms_pcore_dut_inst/u_LMS/RESIZE44[3]
    SLICE_X11Y36         LUT3 (Prop_lut3_I1_O)        0.149    13.655 r  ip_design_i/lms_pcore_0/U0/u_lms_pcore_dut_inst/u_LMS/add_temp_14__0_carry__0_i_4/O
                         net (fo=2, routed)           0.817    14.472    ip_design_i/lms_pcore_0/U0/u_lms_pcore_dut_inst/u_LMS/add_temp_14__0_carry__0_i_4_n_0
    SLICE_X11Y37         LUT4 (Prop_lut4_I3_O)        0.332    14.804 r  ip_design_i/lms_pcore_0/U0/u_lms_pcore_dut_inst/u_LMS/add_temp_14__0_carry__0_i_8/O
                         net (fo=1, routed)           0.000    14.804    ip_design_i/lms_pcore_0/U0/u_lms_pcore_dut_inst/u_LMS/add_temp_14__0_carry__0_i_8_n_0
    SLICE_X11Y37         CARRY4 (Prop_carry4_S[0]_CO[3])
                                                      0.532    15.336 r  ip_design_i/lms_pcore_0/U0/u_lms_pcore_dut_inst/u_LMS/add_temp_14__0_carry__0/CO[3]
                         net (fo=1, routed)           0.000    15.336    ip_design_i/lms_pcore_0/U0/u_lms_pcore_dut_inst/u_LMS/add_temp_14__0_carry__0_n_0
    SLICE_X11Y38         CARRY4 (Prop_carry4_CI_O[2])
                                                      0.239    15.575 r  ip_design_i/lms_pcore_0/U0/u_lms_pcore_dut_inst/u_LMS/add_temp_14__0_carry__1/O[2]
                         net (fo=2, routed)           0.807    16.382    ip_design_i/lms_pcore_0/U0/u_lms_pcore_dut_inst/u_LMS/add_temp_14__0_carry__1_n_5
    SLICE_X12Y35         LUT3 (Prop_lut3_I1_O)        0.331    16.713 r  ip_design_i/lms_pcore_0/U0/u_lms_pcore_dut_inst/u_LMS/add_temp_14__230_carry__1_i_1/O
                         net (fo=2, routed)           0.708    17.421    ip_design_i/lms_pcore_0/U0/u_lms_pcore_dut_inst/u_LMS/add_temp_14__230_carry__1_i_1_n_0
    SLICE_X12Y35         LUT4 (Prop_lut4_I3_O)        0.331    17.752 r  ip_design_i/lms_pcore_0/U0/u_lms_pcore_dut_inst/u_LMS/add_temp_14__230_carry__1_i_5/O
                         net (fo=1, routed)           0.000    17.752    ip_design_i/lms_pcore_0/U0/u_lms_pcore_dut_inst/u_LMS/add_temp_14__230_carry__1_i_5_n_0
    SLICE_X12Y35         CARRY4 (Prop_carry4_S[3]_CO[3])
                                                      0.376    18.128 r  ip_design_i/lms_pcore_0/U0/u_lms_pcore_dut_inst/u_LMS/add_temp_14__230_carry__1/CO[3]
                         net (fo=1, routed)           0.000    18.128    ip_design_i/lms_pcore_0/U0/u_lms_pcore_dut_inst/u_LMS/add_temp_14__230_carry__1_n_0
    SLICE_X12Y36         CARRY4 (Prop_carry4_CI_O[0])
                                                      0.219    18.347 r  ip_design_i/lms_pcore_0/U0/u_lms_pcore_dut_inst/u_LMS/add_temp_14__230_carry__2/O[0]
                         net (fo=3, routed)           0.736    19.083    ip_design_i/lms_pcore_0/U0/u_lms_pcore_dut_inst/u_LMS/add_temp_14__230_carry__2_n_7
    SLICE_X19Y37         LUT3 (Prop_lut3_I1_O)        0.295    19.378 r  ip_design_i/lms_pcore_0/U0/u_lms_pcore_dut_inst/u_LMS/add_temp_14__278_carry__2_i_9/O
                         net (fo=2, routed)           0.770    20.148    ip_design_i/lms_pcore_0/U0/u_lms_pcore_dut_inst/u_LMS/add_temp_14__278_carry__2_i_9_n_0
    SLICE_X20Y37         LUT5 (Prop_lut5_I1_O)        0.124    20.272 r  ip_design_i/lms_pcore_0/U0/u_lms_pcore_dut_inst/u_LMS/add_temp_14__278_carry__2_i_2/O
                         net (fo=2, routed)           0.530    20.801    ip_design_i/lms_pcore_0/U0/u_lms_pcore_dut_inst/u_LMS/add_temp_14__278_carry__2_i_2_n_0
    SLICE_X21Y37         CARRY4 (Prop_carry4_DI[1]_O[2])
                                                      0.537    21.338 r  ip_design_i/lms_pcore_0/U0/u_lms_pcore_dut_inst/u_LMS/add_temp_14__278_carry__2/O[2]
                         net (fo=1, routed)           0.576    21.915    ip_design_i/lms_pcore_0/U0/u_lms_pcore_axi_lite_inst/u_lms_pcore_addr_decoder_inst/filter_sum[14]
    SLICE_X22Y37         LUT2 (Prop_lut2_I1_O)        0.302    22.217 r  ip_design_i/lms_pcore_0/U0/u_lms_pcore_axi_lite_inst/u_lms_pcore_addr_decoder_inst/sub_temp_carry__2_i_2/O
                         net (fo=1, routed)           0.000    22.217    ip_design_i/lms_pcore_0/U0/u_lms_pcore_dut_inst/u_LMS/sync_reg_e_k_reg[15]_0[2]
    SLICE_X22Y37         CARRY4 (Prop_carry4_S[2]_O[2])
                                                      0.248    22.465 r  ip_design_i/lms_pcore_0/U0/u_lms_pcore_dut_inst/u_LMS/sub_temp_carry__2/O[2]
                         net (fo=4, routed)           0.667    23.132    ip_design_i/lms_pcore_0/U0/u_lms_pcore_dut_inst/u_LMS/D[14]
    SLICE_X22Y32         LUT2 (Prop_lut2_I1_O)        0.302    23.434 r  ip_design_i/lms_pcore_0/U0/u_lms_pcore_dut_inst/u_LMS/ARG_carry__2_i_1/O
                         net (fo=1, routed)           0.000    23.434    ip_design_i/lms_pcore_0/U0/u_lms_pcore_dut_inst/u_LMS/ARG_carry__2_i_1_n_0
    SLICE_X22Y32         CARRY4 (Prop_carry4_S[3]_CO[3])
                                                      0.401    23.835 r  ip_design_i/lms_pcore_0/U0/u_lms_pcore_dut_inst/u_LMS/ARG_carry__2/CO[3]
                         net (fo=1, routed)           0.000    23.835    ip_design_i/lms_pcore_0/U0/u_lms_pcore_dut_inst/u_LMS/ARG_carry__2_n_0
    SLICE_X22Y33         CARRY4 (Prop_carry4_CI_O[1])
                                                      0.334    24.169 r  ip_design_i/lms_pcore_0/U0/u_lms_pcore_dut_inst/u_LMS/ARG_carry__3/O[1]
                         net (fo=160, routed)         1.128    25.297    ip_design_i/lms_pcore_0/U0/u_lms_pcore_dut_inst/u_LMS/ARG__31[32]
    DSP48_X1Y13          DSP48E1 (Prop_dsp48e1_B[17]_P[14])
                                                      3.835    29.132 f  ip_design_i/lms_pcore_0/U0/u_lms_pcore_dut_inst/u_LMS/mul_temp_26/P[14]
                         net (fo=2, routed)           1.293    30.425    ip_design_i/lms_pcore_0/U0/u_lms_pcore_dut_inst/u_LMS/mul_temp_26__0[14]
    SLICE_X9Y32          LUT1 (Prop_lut1_I0_O)        0.124    30.549 r  ip_design_i/lms_pcore_0/U0/u_lms_pcore_dut_inst/u_LMS/ARG__15_i_1/O
                         net (fo=13, routed)          0.724    31.273    ip_design_i/lms_pcore_0/U0/u_lms_pcore_dut_inst/u_LMS/ARG__15_i_1_n_0
    DSP48_X0Y13          DSP48E1 (Prop_dsp48e1_C[0]_P[21])
                                                      1.820    33.093 r  ip_design_i/lms_pcore_0/U0/u_lms_pcore_dut_inst/u_LMS/ARG__15/P[21]
                         net (fo=2, routed)           1.247    34.340    ip_design_i/lms_pcore_0/U0/u_lms_pcore_dut_inst/u_LMS/ARG__15_n_84
    SLICE_X13Y38         LUT2 (Prop_lut2_I0_O)        0.124    34.464 r  ip_design_i/lms_pcore_0/U0/u_lms_pcore_dut_inst/u_LMS/weight[9][4]_i_2/O
                         net (fo=1, routed)           0.000    34.464    ip_design_i/lms_pcore_0/U0/u_lms_pcore_dut_inst/u_LMS/weight[9][4]_i_2_n_0
    SLICE_X13Y38         CARRY4 (Prop_carry4_S[3]_CO[3])
                                                      0.401    34.865 r  ip_design_i/lms_pcore_0/U0/u_lms_pcore_dut_inst/u_LMS/weight_reg[9][4]_i_1/CO[3]
                         net (fo=1, routed)           0.000    34.865    ip_design_i/lms_pcore_0/U0/u_lms_pcore_dut_inst/u_LMS/weight_reg[9][4]_i_1_n_0
    SLICE_X13Y39         CARRY4 (Prop_carry4_CI_CO[3])
                                                      0.114    34.979 r  ip_design_i/lms_pcore_0/U0/u_lms_pcore_dut_inst/u_LMS/weight_reg[9][8]_i_1/CO[3]
                         net (fo=1, routed)           0.000    34.979    ip_design_i/lms_pcore_0/U0/u_lms_pcore_dut_inst/u_LMS/weight_reg[9][8]_i_1_n_0
    SLICE_X13Y40         CARRY4 (Prop_carry4_CI_O[3])
                                                      0.313    35.292 r  ip_design_i/lms_pcore_0/U0/u_lms_pcore_dut_inst/u_LMS/weight_reg[9][12]_i_1/O[3]
                         net (fo=1, routed)           0.193    35.485    ip_design_i/lms_pcore_0/U0/u_lms_pcore_dut_inst/u_LMS/weight_reg[9][12]_i_1_n_4
    SLICE_X12Y40         FDCE                                         r  ip_design_i/lms_pcore_0/U0/u_lms_pcore_dut_inst/u_LMS/weight_reg[9][15]/D
  -------------------------------------------------------------------    -------------------

                         (clock clk_fpga_0 rise edge)
                                                     10.000    10.000 r  
    PS7_X0Y0             PS7                          0.000    10.000 r  ip_design_i/processing_system7_0/inst/PS7_i/FCLKCLK[0]
                         net (fo=1, routed)           1.101    11.101    ip_design_i/processing_system7_0/inst/FCLK_CLK_unbuffered[0]
    BUFGCTRL_X0Y0        BUFG (Prop_bufg_I_O)         0.091    11.192 r  ip_design_i/processing_system7_0/inst/buffer_fclk_clk_0.FCLK_CLK_0_BUFG/O
                         net (fo=2376, routed)        1.505    12.697    ip_design_i/lms_pcore_0/U0/u_lms_pcore_dut_inst/u_LMS/IPCORE_CLK
    SLICE_X12Y40         FDCE                                         r  ip_design_i/lms_pcore_0/U0/u_lms_pcore_dut_inst/u_LMS/weight_reg[9][15]/C
                         clock pessimism              0.116    12.813    
                         clock uncertainty           -0.154    12.659    
    SLICE_X12Y40         FDCE (Setup_fdce_C_D)       -0.212    12.447    ip_design_i/lms_pcore_0/U0/u_lms_pcore_dut_inst/u_LMS/weight_reg[9][15]
  -------------------------------------------------------------------
                         required time                         12.447    
                         arrival time                         -35.485    
  -------------------------------------------------------------------
                         slack                                -23.038    

Slack (VIOLATED) :        -23.031ns  (required time - arrival time)
  Source:                 ip_design_i/lms_pcore_0/U0/u_lms_pcore_axi_lite_inst/u_lms_pcore_addr_decoder_inst/write_reg_x_k_reg[15]_rep__1/C
                            (rising edge-triggered cell FDCE clocked by clk_fpga_0  {rise@0.000ns fall@5.000ns period=10.000ns})
  Destination:            ip_design_i/lms_pcore_0/U0/u_lms_pcore_dut_inst/u_LMS/weight_reg[12][14]/D
                            (rising edge-triggered cell FDCE clocked by clk_fpga_0  {rise@0.000ns fall@5.000ns period=10.000ns})
  Path Group:             clk_fpga_0
  Path Type:              Setup (Max at Slow Process Corner)
  Requirement:            10.000ns  (clk_fpga_0 rise@10.000ns - clk_fpga_0 rise@0.000ns)
  Data Path Delay:        32.831ns  (logic 18.202ns (55.442%)  route 14.629ns (44.558%))
  Logic Levels:           27  (CARRY4=12 DSP48E1=4 LUT1=2 LUT2=3 LUT3=3 LUT4=2 LUT5=1)
  Clock Path Skew:        -0.156ns (DCD - SCD + CPR)
    Destination Clock Delay (DCD):    2.698ns = ( 12.698 - 10.000 ) 
    Source Clock Delay      (SCD):    2.970ns
    Clock Pessimism Removal (CPR):    0.116ns
  Clock Uncertainty:      0.154ns  ((TSJ^2 + TIJ^2)^1/2 + DJ) / 2 + PE
    Total System Jitter     (TSJ):    0.071ns
    Total Input Jitter      (TIJ):    0.300ns
    Discrete Jitter          (DJ):    0.000ns
    Phase Error              (PE):    0.000ns

    Location             Delay type                Incr(ns)  Path(ns)    Netlist Resource(s)
  -------------------------------------------------------------------    -------------------
                         (clock clk_fpga_0 rise edge)
                                                      0.000     0.000 r  
    PS7_X0Y0             PS7                          0.000     0.000 r  ip_design_i/processing_system7_0/inst/PS7_i/FCLKCLK[0]
                         net (fo=1, routed)           1.207     1.207    ip_design_i/processing_system7_0/inst/FCLK_CLK_unbuffered[0]
    BUFGCTRL_X0Y0        BUFG (Prop_bufg_I_O)         0.101     1.308 r  ip_design_i/processing_system7_0/inst/buffer_fclk_clk_0.FCLK_CLK_0_BUFG/O
                         net (fo=2376, routed)        1.662     2.970    ip_design_i/lms_pcore_0/U0/u_lms_pcore_axi_lite_inst/u_lms_pcore_addr_decoder_inst/AXI4_Lite_ACLK
    SLICE_X11Y66         FDCE                                         r  ip_design_i/lms_pcore_0/U0/u_lms_pcore_axi_lite_inst/u_lms_pcore_addr_decoder_inst/write_reg_x_k_reg[15]_rep__1/C
  -------------------------------------------------------------------    -------------------
    SLICE_X11Y66         FDCE (Prop_fdce_C_Q)         0.456     3.426 r  ip_design_i/lms_pcore_0/U0/u_lms_pcore_axi_lite_inst/u_lms_pcore_addr_decoder_inst/write_reg_x_k_reg[15]_rep__1/Q
                         net (fo=10, routed)          0.986     4.412    ip_design_i/lms_pcore_0/U0/u_lms_pcore_dut_inst/u_LMS/mul_temp_15_0[1]
    DSP48_X0Y25          DSP48E1 (Prop_dsp48e1_A[21]_P[14])
                                                      3.841     8.253 f  ip_design_i/lms_pcore_0/U0/u_lms_pcore_dut_inst/u_LMS/mul_temp_15/P[14]
                         net (fo=2, routed)           0.707     8.960    ip_design_i/lms_pcore_0/U0/u_lms_pcore_dut_inst/u_LMS/mul_temp_15__0[14]
    SLICE_X8Y57          LUT1 (Prop_lut1_I0_O)        0.124     9.084 r  ip_design_i/lms_pcore_0/U0/u_lms_pcore_dut_inst/u_LMS/ARG__28_i_1/O
                         net (fo=13, routed)          0.761     9.845    ip_design_i/lms_pcore_0/U0/u_lms_pcore_dut_inst/u_LMS/ARG__28_i_1_n_0
    DSP48_X0Y23          DSP48E1 (Prop_dsp48e1_C[11]_P[17])
                                                      1.820    11.665 r  ip_design_i/lms_pcore_0/U0/u_lms_pcore_dut_inst/u_LMS/ARG__28/P[17]
                         net (fo=2, routed)           1.842    13.506    ip_design_i/lms_pcore_0/U0/u_lms_pcore_dut_inst/u_LMS/RESIZE44[3]
    SLICE_X11Y36         LUT3 (Prop_lut3_I1_O)        0.149    13.655 r  ip_design_i/lms_pcore_0/U0/u_lms_pcore_dut_inst/u_LMS/add_temp_14__0_carry__0_i_4/O
                         net (fo=2, routed)           0.817    14.472    ip_design_i/lms_pcore_0/U0/u_lms_pcore_dut_inst/u_LMS/add_temp_14__0_carry__0_i_4_n_0
    SLICE_X11Y37         LUT4 (Prop_lut4_I3_O)        0.332    14.804 r  ip_design_i/lms_pcore_0/U0/u_lms_pcore_dut_inst/u_LMS/add_temp_14__0_carry__0_i_8/O
                         net (fo=1, routed)           0.000    14.804    ip_design_i/lms_pcore_0/U0/u_lms_pcore_dut_inst/u_LMS/add_temp_14__0_carry__0_i_8_n_0
    SLICE_X11Y37         CARRY4 (Prop_carry4_S[0]_CO[3])
                                                      0.532    15.336 r  ip_design_i/lms_pcore_0/U0/u_lms_pcore_dut_inst/u_LMS/add_temp_14__0_carry__0/CO[3]
                         net (fo=1, routed)           0.000    15.336    ip_design_i/lms_pcore_0/U0/u_lms_pcore_dut_inst/u_LMS/add_temp_14__0_carry__0_n_0
    SLICE_X11Y38         CARRY4 (Prop_carry4_CI_O[2])
                                                      0.239    15.575 r  ip_design_i/lms_pcore_0/U0/u_lms_pcore_dut_inst/u_LMS/add_temp_14__0_carry__1/O[2]
                         net (fo=2, routed)           0.807    16.382    ip_design_i/lms_pcore_0/U0/u_lms_pcore_dut_inst/u_LMS/add_temp_14__0_carry__1_n_5
    SLICE_X12Y35         LUT3 (Prop_lut3_I1_O)        0.331    16.713 r  ip_design_i/lms_pcore_0/U0/u_lms_pcore_dut_inst/u_LMS/add_temp_14__230_carry__1_i_1/O
                         net (fo=2, routed)           0.708    17.421    ip_design_i/lms_pcore_0/U0/u_lms_pcore_dut_inst/u_LMS/add_temp_14__230_carry__1_i_1_n_0
    SLICE_X12Y35         LUT4 (Prop_lut4_I3_O)        0.331    17.752 r  ip_design_i/lms_pcore_0/U0/u_lms_pcore_dut_inst/u_LMS/add_temp_14__230_carry__1_i_5/O
                         net (fo=1, routed)           0.000    17.752    ip_design_i/lms_pcore_0/U0/u_lms_pcore_dut_inst/u_LMS/add_temp_14__230_carry__1_i_5_n_0
    SLICE_X12Y35         CARRY4 (Prop_carry4_S[3]_CO[3])
                                                      0.376    18.128 r  ip_design_i/lms_pcore_0/U0/u_lms_pcore_dut_inst/u_LMS/add_temp_14__230_carry__1/CO[3]
                         net (fo=1, routed)           0.000    18.128    ip_design_i/lms_pcore_0/U0/u_lms_pcore_dut_inst/u_LMS/add_temp_14__230_carry__1_n_0
    SLICE_X12Y36         CARRY4 (Prop_carry4_CI_O[0])
                                                      0.219    18.347 r  ip_design_i/lms_pcore_0/U0/u_lms_pcore_dut_inst/u_LMS/add_temp_14__230_carry__2/O[0]
                         net (fo=3, routed)           0.736    19.083    ip_design_i/lms_pcore_0/U0/u_lms_pcore_dut_inst/u_LMS/add_temp_14__230_carry__2_n_7
    SLICE_X19Y37         LUT3 (Prop_lut3_I1_O)        0.295    19.378 r  ip_design_i/lms_pcore_0/U0/u_lms_pcore_dut_inst/u_LMS/add_temp_14__278_carry__2_i_9/O
                         net (fo=2, routed)           0.770    20.148    ip_design_i/lms_pcore_0/U0/u_lms_pcore_dut_inst/u_LMS/add_temp_14__278_carry__2_i_9_n_0
    SLICE_X20Y37         LUT5 (Prop_lut5_I1_O)        0.124    20.272 r  ip_design_i/lms_pcore_0/U0/u_lms_pcore_dut_inst/u_LMS/add_temp_14__278_carry__2_i_2/O
                         net (fo=2, routed)           0.530    20.801    ip_design_i/lms_pcore_0/U0/u_lms_pcore_dut_inst/u_LMS/add_temp_14__278_carry__2_i_2_n_0
    SLICE_X21Y37         CARRY4 (Prop_carry4_DI[1]_O[2])
                                                      0.537    21.338 r  ip_design_i/lms_pcore_0/U0/u_lms_pcore_dut_inst/u_LMS/add_temp_14__278_carry__2/O[2]
                         net (fo=1, routed)           0.576    21.915    ip_design_i/lms_pcore_0/U0/u_lms_pcore_axi_lite_inst/u_lms_pcore_addr_decoder_inst/filter_sum[14]
    SLICE_X22Y37         LUT2 (Prop_lut2_I1_O)        0.302    22.217 r  ip_design_i/lms_pcore_0/U0/u_lms_pcore_axi_lite_inst/u_lms_pcore_addr_decoder_inst/sub_temp_carry__2_i_2/O
                         net (fo=1, routed)           0.000    22.217    ip_design_i/lms_pcore_0/U0/u_lms_pcore_dut_inst/u_LMS/sync_reg_e_k_reg[15]_0[2]
    SLICE_X22Y37         CARRY4 (Prop_carry4_S[2]_O[2])
                                                      0.248    22.465 r  ip_design_i/lms_pcore_0/U0/u_lms_pcore_dut_inst/u_LMS/sub_temp_carry__2/O[2]
                         net (fo=4, routed)           0.667    23.132    ip_design_i/lms_pcore_0/U0/u_lms_pcore_dut_inst/u_LMS/D[14]
    SLICE_X22Y32         LUT2 (Prop_lut2_I1_O)        0.302    23.434 r  ip_design_i/lms_pcore_0/U0/u_lms_pcore_dut_inst/u_LMS/ARG_carry__2_i_1/O
                         net (fo=1, routed)           0.000    23.434    ip_design_i/lms_pcore_0/U0/u_lms_pcore_dut_inst/u_LMS/ARG_carry__2_i_1_n_0
    SLICE_X22Y32         CARRY4 (Prop_carry4_S[3]_CO[3])
                                                      0.401    23.835 r  ip_design_i/lms_pcore_0/U0/u_lms_pcore_dut_inst/u_LMS/ARG_carry__2/CO[3]
                         net (fo=1, routed)           0.000    23.835    ip_design_i/lms_pcore_0/U0/u_lms_pcore_dut_inst/u_LMS/ARG_carry__2_n_0
    SLICE_X22Y33         CARRY4 (Prop_carry4_CI_O[1])
                                                      0.334    24.169 r  ip_design_i/lms_pcore_0/U0/u_lms_pcore_dut_inst/u_LMS/ARG_carry__3/O[1]
                         net (fo=160, routed)         1.571    25.740    ip_design_i/lms_pcore_0/U0/u_lms_pcore_dut_inst/u_LMS/ARG__31[32]
    DSP48_X1Y7           DSP48E1 (Prop_dsp48e1_B[15]_P[14])
                                                      3.835    29.575 f  ip_design_i/lms_pcore_0/U0/u_lms_pcore_dut_inst/u_LMS/mul_temp_29/P[14]
                         net (fo=2, routed)           0.955    30.530    ip_design_i/lms_pcore_0/U0/u_lms_pcore_dut_inst/u_LMS/mul_temp_29__0[14]
    SLICE_X21Y16         LUT1 (Prop_lut1_I0_O)        0.124    30.654 r  ip_design_i/lms_pcore_0/U0/u_lms_pcore_dut_inst/u_LMS/ARG__21_i_1/O
                         net (fo=13, routed)          1.119    31.773    ip_design_i/lms_pcore_0/U0/u_lms_pcore_dut_inst/u_LMS/ARG__21_i_1_n_0
    DSP48_X0Y6           DSP48E1 (Prop_dsp48e1_C[8]_P[15])
                                                      1.820    33.593 r  ip_design_i/lms_pcore_0/U0/u_lms_pcore_dut_inst/u_LMS/ARG__21/P[15]
                         net (fo=2, routed)           1.078    34.671    ip_design_i/lms_pcore_0/U0/u_lms_pcore_dut_inst/u_LMS/ARG__21_n_90
    SLICE_X10Y4          LUT2 (Prop_lut2_I0_O)        0.124    34.795 r  ip_design_i/lms_pcore_0/U0/u_lms_pcore_dut_inst/u_LMS/weight[12][0]_i_4/O
                         net (fo=1, routed)           0.000    34.795    ip_design_i/lms_pcore_0/U0/u_lms_pcore_dut_inst/u_LMS/weight[12][0]_i_4_n_0
    SLICE_X10Y4          CARRY4 (Prop_carry4_S[1]_CO[3])
                                                      0.533    35.328 r  ip_design_i/lms_pcore_0/U0/u_lms_pcore_dut_inst/u_LMS/weight_reg[12][0]_i_1/CO[3]
                         net (fo=1, routed)           0.000    35.328    ip_design_i/lms_pcore_0/U0/u_lms_pcore_dut_inst/u_LMS/weight_reg[12][0]_i_1_n_0
    SLICE_X10Y5          CARRY4 (Prop_carry4_CI_CO[3])
                                                      0.117    35.445 r  ip_design_i/lms_pcore_0/U0/u_lms_pcore_dut_inst/u_LMS/weight_reg[12][4]_i_1/CO[3]
                         net (fo=1, routed)           0.000    35.445    ip_design_i/lms_pcore_0/U0/u_lms_pcore_dut_inst/u_LMS/weight_reg[12][4]_i_1_n_0
    SLICE_X10Y6          CARRY4 (Prop_carry4_CI_CO[3])
                                                      0.117    35.562 r  ip_design_i/lms_pcore_0/U0/u_lms_pcore_dut_inst/u_LMS/weight_reg[12][8]_i_1/CO[3]
                         net (fo=1, routed)           0.000    35.562    ip_design_i/lms_pcore_0/U0/u_lms_pcore_dut_inst/u_LMS/weight_reg[12][8]_i_1_n_0
    SLICE_X10Y7          CARRY4 (Prop_carry4_CI_O[2])
                                                      0.239    35.801 r  ip_design_i/lms_pcore_0/U0/u_lms_pcore_dut_inst/u_LMS/weight_reg[12][12]_i_1/O[2]
                         net (fo=1, routed)           0.000    35.801    ip_design_i/lms_pcore_0/U0/u_lms_pcore_dut_inst/u_LMS/weight_reg[12][12]_i_1_n_5
    SLICE_X10Y7          FDCE                                         r  ip_design_i/lms_pcore_0/U0/u_lms_pcore_dut_inst/u_LMS/weight_reg[12][14]/D
  -------------------------------------------------------------------    -------------------

                         (clock clk_fpga_0 rise edge)
                                                     10.000    10.000 r  
    PS7_X0Y0             PS7                          0.000    10.000 r  ip_design_i/processing_system7_0/inst/PS7_i/FCLKCLK[0]
                         net (fo=1, routed)           1.101    11.101    ip_design_i/processing_system7_0/inst/FCLK_CLK_unbuffered[0]
    BUFGCTRL_X0Y0        BUFG (Prop_bufg_I_O)         0.091    11.192 r  ip_design_i/processing_system7_0/inst/buffer_fclk_clk_0.FCLK_CLK_0_BUFG/O
                         net (fo=2376, routed)        1.506    12.698    ip_design_i/lms_pcore_0/U0/u_lms_pcore_dut_inst/u_LMS/IPCORE_CLK
    SLICE_X10Y7          FDCE                                         r  ip_design_i/lms_pcore_0/U0/u_lms_pcore_dut_inst/u_LMS/weight_reg[12][14]/C
                         clock pessimism              0.116    12.814    
                         clock uncertainty           -0.154    12.660    
    SLICE_X10Y7          FDCE (Setup_fdce_C_D)        0.109    12.769    ip_design_i/lms_pcore_0/U0/u_lms_pcore_dut_inst/u_LMS/weight_reg[12][14]
  -------------------------------------------------------------------
                         required time                         12.769    
                         arrival time                         -35.801    
  -------------------------------------------------------------------
                         slack                                -23.031    

Slack (VIOLATED) :        -23.011ns  (required time - arrival time)
  Source:                 ip_design_i/lms_pcore_0/U0/u_lms_pcore_axi_lite_inst/u_lms_pcore_addr_decoder_inst/write_reg_x_k_reg[15]_rep__1/C
                            (rising edge-triggered cell FDCE clocked by clk_fpga_0  {rise@0.000ns fall@5.000ns period=10.000ns})
  Destination:            ip_design_i/lms_pcore_0/U0/u_lms_pcore_dut_inst/u_LMS/weight_reg[12][12]/D
                            (rising edge-triggered cell FDCE clocked by clk_fpga_0  {rise@0.000ns fall@5.000ns period=10.000ns})
  Path Group:             clk_fpga_0
  Path Type:              Setup (Max at Slow Process Corner)
  Requirement:            10.000ns  (clk_fpga_0 rise@10.000ns - clk_fpga_0 rise@0.000ns)
  Data Path Delay:        32.811ns  (logic 18.182ns (55.415%)  route 14.629ns (44.585%))
  Logic Levels:           27  (CARRY4=12 DSP48E1=4 LUT1=2 LUT2=3 LUT3=3 LUT4=2 LUT5=1)
  Clock Path Skew:        -0.156ns (DCD - SCD + CPR)
    Destination Clock Delay (DCD):    2.698ns = ( 12.698 - 10.000 ) 
    Source Clock Delay      (SCD):    2.970ns
    Clock Pessimism Removal (CPR):    0.116ns
  Clock Uncertainty:      0.154ns  ((TSJ^2 + TIJ^2)^1/2 + DJ) / 2 + PE
    Total System Jitter     (TSJ):    0.071ns
    Total Input Jitter      (TIJ):    0.300ns
    Discrete Jitter          (DJ):    0.000ns
    Phase Error              (PE):    0.000ns

    Location             Delay type                Incr(ns)  Path(ns)    Netlist Resource(s)
  -------------------------------------------------------------------    -------------------
                         (clock clk_fpga_0 rise edge)
                                                      0.000     0.000 r  
    PS7_X0Y0             PS7                          0.000     0.000 r  ip_design_i/processing_system7_0/inst/PS7_i/FCLKCLK[0]
                         net (fo=1, routed)           1.207     1.207    ip_design_i/processing_system7_0/inst/FCLK_CLK_unbuffered[0]
    BUFGCTRL_X0Y0        BUFG (Prop_bufg_I_O)         0.101     1.308 r  ip_design_i/processing_system7_0/inst/buffer_fclk_clk_0.FCLK_CLK_0_BUFG/O
                         net (fo=2376, routed)        1.662     2.970    ip_design_i/lms_pcore_0/U0/u_lms_pcore_axi_lite_inst/u_lms_pcore_addr_decoder_inst/AXI4_Lite_ACLK
    SLICE_X11Y66         FDCE                                         r  ip_design_i/lms_pcore_0/U0/u_lms_pcore_axi_lite_inst/u_lms_pcore_addr_decoder_inst/write_reg_x_k_reg[15]_rep__1/C
  -------------------------------------------------------------------    -------------------
    SLICE_X11Y66         FDCE (Prop_fdce_C_Q)         0.456     3.426 r  ip_design_i/lms_pcore_0/U0/u_lms_pcore_axi_lite_inst/u_lms_pcore_addr_decoder_inst/write_reg_x_k_reg[15]_rep__1/Q
                         net (fo=10, routed)          0.986     4.412    ip_design_i/lms_pcore_0/U0/u_lms_pcore_dut_inst/u_LMS/mul_temp_15_0[1]
    DSP48_X0Y25          DSP48E1 (Prop_dsp48e1_A[21]_P[14])
                                                      3.841     8.253 f  ip_design_i/lms_pcore_0/U0/u_lms_pcore_dut_inst/u_LMS/mul_temp_15/P[14]
                         net (fo=2, routed)           0.707     8.960    ip_design_i/lms_pcore_0/U0/u_lms_pcore_dut_inst/u_LMS/mul_temp_15__0[14]
    SLICE_X8Y57          LUT1 (Prop_lut1_I0_O)        0.124     9.084 r  ip_design_i/lms_pcore_0/U0/u_lms_pcore_dut_inst/u_LMS/ARG__28_i_1/O
                         net (fo=13, routed)          0.761     9.845    ip_design_i/lms_pcore_0/U0/u_lms_pcore_dut_inst/u_LMS/ARG__28_i_1_n_0
    DSP48_X0Y23          DSP48E1 (Prop_dsp48e1_C[11]_P[17])
                                                      1.820    11.665 r  ip_design_i/lms_pcore_0/U0/u_lms_pcore_dut_inst/u_LMS/ARG__28/P[17]
                         net (fo=2, routed)           1.842    13.506    ip_design_i/lms_pcore_0/U0/u_lms_pcore_dut_inst/u_LMS/RESIZE44[3]
    SLICE_X11Y36         LUT3 (Prop_lut3_I1_O)        0.149    13.655 r  ip_design_i/lms_pcore_0/U0/u_lms_pcore_dut_inst/u_LMS/add_temp_14__0_carry__0_i_4/O
                         net (fo=2, routed)           0.817    14.472    ip_design_i/lms_pcore_0/U0/u_lms_pcore_dut_inst/u_LMS/add_temp_14__0_carry__0_i_4_n_0
    SLICE_X11Y37         LUT4 (Prop_lut4_I3_O)        0.332    14.804 r  ip_design_i/lms_pcore_0/U0/u_lms_pcore_dut_inst/u_LMS/add_temp_14__0_carry__0_i_8/O
                         net (fo=1, routed)           0.000    14.804    ip_design_i/lms_pcore_0/U0/u_lms_pcore_dut_inst/u_LMS/add_temp_14__0_carry__0_i_8_n_0
    SLICE_X11Y37         CARRY4 (Prop_carry4_S[0]_CO[3])
                                                      0.532    15.336 r  ip_design_i/lms_pcore_0/U0/u_lms_pcore_dut_inst/u_LMS/add_temp_14__0_carry__0/CO[3]
                         net (fo=1, routed)           0.000    15.336    ip_design_i/lms_pcore_0/U0/u_lms_pcore_dut_inst/u_LMS/add_temp_14__0_carry__0_n_0
    SLICE_X11Y38         CARRY4 (Prop_carry4_CI_O[2])
                                                      0.239    15.575 r  ip_design_i/lms_pcore_0/U0/u_lms_pcore_dut_inst/u_LMS/add_temp_14__0_carry__1/O[2]
                         net (fo=2, routed)           0.807    16.382    ip_design_i/lms_pcore_0/U0/u_lms_pcore_dut_inst/u_LMS/add_temp_14__0_carry__1_n_5
    SLICE_X12Y35         LUT3 (Prop_lut3_I1_O)        0.331    16.713 r  ip_design_i/lms_pcore_0/U0/u_lms_pcore_dut_inst/u_LMS/add_temp_14__230_carry__1_i_1/O
                         net (fo=2, routed)           0.708    17.421    ip_design_i/lms_pcore_0/U0/u_lms_pcore_dut_inst/u_LMS/add_temp_14__230_carry__1_i_1_n_0
    SLICE_X12Y35         LUT4 (Prop_lut4_I3_O)        0.331    17.752 r  ip_design_i/lms_pcore_0/U0/u_lms_pcore_dut_inst/u_LMS/add_temp_14__230_carry__1_i_5/O
                         net (fo=1, routed)           0.000    17.752    ip_design_i/lms_pcore_0/U0/u_lms_pcore_dut_inst/u_LMS/add_temp_14__230_carry__1_i_5_n_0
    SLICE_X12Y35         CARRY4 (Prop_carry4_S[3]_CO[3])
                                                      0.376    18.128 r  ip_design_i/lms_pcore_0/U0/u_lms_pcore_dut_inst/u_LMS/add_temp_14__230_carry__1/CO[3]
                         net (fo=1, routed)           0.000    18.128    ip_design_i/lms_pcore_0/U0/u_lms_pcore_dut_inst/u_LMS/add_temp_14__230_carry__1_n_0
    SLICE_X12Y36         CARRY4 (Prop_carry4_CI_O[0])
                                                      0.219    18.347 r  ip_design_i/lms_pcore_0/U0/u_lms_pcore_dut_inst/u_LMS/add_temp_14__230_carry__2/O[0]
                         net (fo=3, routed)           0.736    19.083    ip_design_i/lms_pcore_0/U0/u_lms_pcore_dut_inst/u_LMS/add_temp_14__230_carry__2_n_7
    SLICE_X19Y37         LUT3 (Prop_lut3_I1_O)        0.295    19.378 r  ip_design_i/lms_pcore_0/U0/u_lms_pcore_dut_inst/u_LMS/add_temp_14__278_carry__2_i_9/O
                         net (fo=2, routed)           0.770    20.148    ip_design_i/lms_pcore_0/U0/u_lms_pcore_dut_inst/u_LMS/add_temp_14__278_carry__2_i_9_n_0
    SLICE_X20Y37         LUT5 (Prop_lut5_I1_O)        0.124    20.272 r  ip_design_i/lms_pcore_0/U0/u_lms_pcore_dut_inst/u_LMS/add_temp_14__278_carry__2_i_2/O
                         net (fo=2, routed)           0.530    20.801    ip_design_i/lms_pcore_0/U0/u_lms_pcore_dut_inst/u_LMS/add_temp_14__278_carry__2_i_2_n_0
    SLICE_X21Y37         CARRY4 (Prop_carry4_DI[1]_O[2])
                                                      0.537    21.338 r  ip_design_i/lms_pcore_0/U0/u_lms_pcore_dut_inst/u_LMS/add_temp_14__278_carry__2/O[2]
                         net (fo=1, routed)           0.576    21.915    ip_design_i/lms_pcore_0/U0/u_lms_pcore_axi_lite_inst/u_lms_pcore_addr_decoder_inst/filter_sum[14]
    SLICE_X22Y37         LUT2 (Prop_lut2_I1_O)        0.302    22.217 r  ip_design_i/lms_pcore_0/U0/u_lms_pcore_axi_lite_inst/u_lms_pcore_addr_decoder_inst/sub_temp_carry__2_i_2/O
                         net (fo=1, routed)           0.000    22.217    ip_design_i/lms_pcore_0/U0/u_lms_pcore_dut_inst/u_LMS/sync_reg_e_k_reg[15]_0[2]
    SLICE_X22Y37         CARRY4 (Prop_carry4_S[2]_O[2])
                                                      0.248    22.465 r  ip_design_i/lms_pcore_0/U0/u_lms_pcore_dut_inst/u_LMS/sub_temp_carry__2/O[2]
                         net (fo=4, routed)           0.667    23.132    ip_design_i/lms_pcore_0/U0/u_lms_pcore_dut_inst/u_LMS/D[14]
    SLICE_X22Y32         LUT2 (Prop_lut2_I1_O)        0.302    23.434 r  ip_design_i/lms_pcore_0/U0/u_lms_pcore_dut_inst/u_LMS/ARG_carry__2_i_1/O
                         net (fo=1, routed)           0.000    23.434    ip_design_i/lms_pcore_0/U0/u_lms_pcore_dut_inst/u_LMS/ARG_carry__2_i_1_n_0
    SLICE_X22Y32         CARRY4 (Prop_carry4_S[3]_CO[3])
                                                      0.401    23.835 r  ip_design_i/lms_pcore_0/U0/u_lms_pcore_dut_inst/u_LMS/ARG_carry__2/CO[3]
                         net (fo=1, routed)           0.000    23.835    ip_design_i/lms_pcore_0/U0/u_lms_pcore_dut_inst/u_LMS/ARG_carry__2_n_0
    SLICE_X22Y33         CARRY4 (Prop_carry4_CI_O[1])
                                                      0.334    24.169 r  ip_design_i/lms_pcore_0/U0/u_lms_pcore_dut_inst/u_LMS/ARG_carry__3/O[1]
                         net (fo=160, routed)         1.571    25.740    ip_design_i/lms_pcore_0/U0/u_lms_pcore_dut_inst/u_LMS/ARG__31[32]
    DSP48_X1Y7           DSP48E1 (Prop_dsp48e1_B[15]_P[14])
                                                      3.835    29.575 f  ip_design_i/lms_pcore_0/U0/u_lms_pcore_dut_inst/u_LMS/mul_temp_29/P[14]
                         net (fo=2, routed)           0.955    30.530    ip_design_i/lms_pcore_0/U0/u_lms_pcore_dut_inst/u_LMS/mul_temp_29__0[14]
    SLICE_X21Y16         LUT1 (Prop_lut1_I0_O)        0.124    30.654 r  ip_design_i/lms_pcore_0/U0/u_lms_pcore_dut_inst/u_LMS/ARG__21_i_1/O
                         net (fo=13, routed)          1.119    31.773    ip_design_i/lms_pcore_0/U0/u_lms_pcore_dut_inst/u_LMS/ARG__21_i_1_n_0
    DSP48_X0Y6           DSP48E1 (Prop_dsp48e1_C[8]_P[15])
                                                      1.820    33.593 r  ip_design_i/lms_pcore_0/U0/u_lms_pcore_dut_inst/u_LMS/ARG__21/P[15]
                         net (fo=2, routed)           1.078    34.671    ip_design_i/lms_pcore_0/U0/u_lms_pcore_dut_inst/u_LMS/ARG__21_n_90
    SLICE_X10Y4          LUT2 (Prop_lut2_I0_O)        0.124    34.795 r  ip_design_i/lms_pcore_0/U0/u_lms_pcore_dut_inst/u_LMS/weight[12][0]_i_4/O
                         net (fo=1, routed)           0.000    34.795    ip_design_i/lms_pcore_0/U0/u_lms_pcore_dut_inst/u_LMS/weight[12][0]_i_4_n_0
    SLICE_X10Y4          CARRY4 (Prop_carry4_S[1]_CO[3])
                                                      0.533    35.328 r  ip_design_i/lms_pcore_0/U0/u_lms_pcore_dut_inst/u_LMS/weight_reg[12][0]_i_1/CO[3]
                         net (fo=1, routed)           0.000    35.328    ip_design_i/lms_pcore_0/U0/u_lms_pcore_dut_inst/u_LMS/weight_reg[12][0]_i_1_n_0
    SLICE_X10Y5          CARRY4 (Prop_carry4_CI_CO[3])
                                                      0.117    35.445 r  ip_design_i/lms_pcore_0/U0/u_lms_pcore_dut_inst/u_LMS/weight_reg[12][4]_i_1/CO[3]
                         net (fo=1, routed)           0.000    35.445    ip_design_i/lms_pcore_0/U0/u_lms_pcore_dut_inst/u_LMS/weight_reg[12][4]_i_1_n_0
    SLICE_X10Y6          CARRY4 (Prop_carry4_CI_CO[3])
                                                      0.117    35.562 r  ip_design_i/lms_pcore_0/U0/u_lms_pcore_dut_inst/u_LMS/weight_reg[12][8]_i_1/CO[3]
                         net (fo=1, routed)           0.000    35.562    ip_design_i/lms_pcore_0/U0/u_lms_pcore_dut_inst/u_LMS/weight_reg[12][8]_i_1_n_0
    SLICE_X10Y7          CARRY4 (Prop_carry4_CI_O[0])
                                                      0.219    35.781 r  ip_design_i/lms_pcore_0/U0/u_lms_pcore_dut_inst/u_LMS/weight_reg[12][12]_i_1/O[0]
                         net (fo=1, routed)           0.000    35.781    ip_design_i/lms_pcore_0/U0/u_lms_pcore_dut_inst/u_LMS/weight_reg[12][12]_i_1_n_7
    SLICE_X10Y7          FDCE                                         r  ip_design_i/lms_pcore_0/U0/u_lms_pcore_dut_inst/u_LMS/weight_reg[12][12]/D
  -------------------------------------------------------------------    -------------------

                         (clock clk_fpga_0 rise edge)
                                                     10.000    10.000 r  
    PS7_X0Y0             PS7                          0.000    10.000 r  ip_design_i/processing_system7_0/inst/PS7_i/FCLKCLK[0]
                         net (fo=1, routed)           1.101    11.101    ip_design_i/processing_system7_0/inst/FCLK_CLK_unbuffered[0]
    BUFGCTRL_X0Y0        BUFG (Prop_bufg_I_O)         0.091    11.192 r  ip_design_i/processing_system7_0/inst/buffer_fclk_clk_0.FCLK_CLK_0_BUFG/O
                         net (fo=2376, routed)        1.506    12.698    ip_design_i/lms_pcore_0/U0/u_lms_pcore_dut_inst/u_LMS/IPCORE_CLK
    SLICE_X10Y7          FDCE                                         r  ip_design_i/lms_pcore_0/U0/u_lms_pcore_dut_inst/u_LMS/weight_reg[12][12]/C
                         clock pessimism              0.116    12.814    
                         clock uncertainty           -0.154    12.660    
    SLICE_X10Y7          FDCE (Setup_fdce_C_D)        0.109    12.769    ip_design_i/lms_pcore_0/U0/u_lms_pcore_dut_inst/u_LMS/weight_reg[12][12]
  -------------------------------------------------------------------
                         required time                         12.769    
                         arrival time                         -35.781    
  -------------------------------------------------------------------
                         slack                                -23.011    

Slack (VIOLATED) :        -22.997ns  (required time - arrival time)
  Source:                 ip_design_i/lms_pcore_0/U0/u_lms_pcore_axi_lite_inst/u_lms_pcore_addr_decoder_inst/write_reg_x_k_reg[15]_rep__1/C
                            (rising edge-triggered cell FDCE clocked by clk_fpga_0  {rise@0.000ns fall@5.000ns period=10.000ns})
  Destination:            ip_design_i/lms_pcore_0/U0/u_lms_pcore_dut_inst/u_LMS/weight_reg[12][9]/D
                            (rising edge-triggered cell FDCE clocked by clk_fpga_0  {rise@0.000ns fall@5.000ns period=10.000ns})
  Path Group:             clk_fpga_0
  Path Type:              Setup (Max at Slow Process Corner)
  Requirement:            10.000ns  (clk_fpga_0 rise@10.000ns - clk_fpga_0 rise@0.000ns)
  Data Path Delay:        32.798ns  (logic 18.169ns (55.397%)  route 14.629ns (44.603%))
  Logic Levels:           26  (CARRY4=11 DSP48E1=4 LUT1=2 LUT2=3 LUT3=3 LUT4=2 LUT5=1)
  Clock Path Skew:        -0.155ns (DCD - SCD + CPR)
    Destination Clock Delay (DCD):    2.699ns = ( 12.700 - 10.000 ) 
    Source Clock Delay      (SCD):    2.970ns
    Clock Pessimism Removal (CPR):    0.116ns
  Clock Uncertainty:      0.154ns  ((TSJ^2 + TIJ^2)^1/2 + DJ) / 2 + PE
    Total System Jitter     (TSJ):    0.071ns
    Total Input Jitter      (TIJ):    0.300ns
    Discrete Jitter          (DJ):    0.000ns
    Phase Error              (PE):    0.000ns

    Location             Delay type                Incr(ns)  Path(ns)    Netlist Resource(s)
  -------------------------------------------------------------------    -------------------
                         (clock clk_fpga_0 rise edge)
                                                      0.000     0.000 r  
    PS7_X0Y0             PS7                          0.000     0.000 r  ip_design_i/processing_system7_0/inst/PS7_i/FCLKCLK[0]
                         net (fo=1, routed)           1.207     1.207    ip_design_i/processing_system7_0/inst/FCLK_CLK_unbuffered[0]
    BUFGCTRL_X0Y0        BUFG (Prop_bufg_I_O)         0.101     1.308 r  ip_design_i/processing_system7_0/inst/buffer_fclk_clk_0.FCLK_CLK_0_BUFG/O
                         net (fo=2376, routed)        1.662     2.970    ip_design_i/lms_pcore_0/U0/u_lms_pcore_axi_lite_inst/u_lms_pcore_addr_decoder_inst/AXI4_Lite_ACLK
    SLICE_X11Y66         FDCE                                         r  ip_design_i/lms_pcore_0/U0/u_lms_pcore_axi_lite_inst/u_lms_pcore_addr_decoder_inst/write_reg_x_k_reg[15]_rep__1/C
  -------------------------------------------------------------------    -------------------
    SLICE_X11Y66         FDCE (Prop_fdce_C_Q)         0.456     3.426 r  ip_design_i/lms_pcore_0/U0/u_lms_pcore_axi_lite_inst/u_lms_pcore_addr_decoder_inst/write_reg_x_k_reg[15]_rep__1/Q
                         net (fo=10, routed)          0.986     4.412    ip_design_i/lms_pcore_0/U0/u_lms_pcore_dut_inst/u_LMS/mul_temp_15_0[1]
    DSP48_X0Y25          DSP48E1 (Prop_dsp48e1_A[21]_P[14])
                                                      3.841     8.253 f  ip_design_i/lms_pcore_0/U0/u_lms_pcore_dut_inst/u_LMS/mul_temp_15/P[14]
                         net (fo=2, routed)           0.707     8.960    ip_design_i/lms_pcore_0/U0/u_lms_pcore_dut_inst/u_LMS/mul_temp_15__0[14]
    SLICE_X8Y57          LUT1 (Prop_lut1_I0_O)        0.124     9.084 r  ip_design_i/lms_pcore_0/U0/u_lms_pcore_dut_inst/u_LMS/ARG__28_i_1/O
                         net (fo=13, routed)          0.761     9.845    ip_design_i/lms_pcore_0/U0/u_lms_pcore_dut_inst/u_LMS/ARG__28_i_1_n_0
    DSP48_X0Y23          DSP48E1 (Prop_dsp48e1_C[11]_P[17])
                                                      1.820    11.665 r  ip_design_i/lms_pcore_0/U0/u_lms_pcore_dut_inst/u_LMS/ARG__28/P[17]
                         net (fo=2, routed)           1.842    13.506    ip_design_i/lms_pcore_0/U0/u_lms_pcore_dut_inst/u_LMS/RESIZE44[3]
    SLICE_X11Y36         LUT3 (Prop_lut3_I1_O)        0.149    13.655 r  ip_design_i/lms_pcore_0/U0/u_lms_pcore_dut_inst/u_LMS/add_temp_14__0_carry__0_i_4/O
                         net (fo=2, routed)           0.817    14.472    ip_design_i/lms_pcore_0/U0/u_lms_pcore_dut_inst/u_LMS/add_temp_14__0_carry__0_i_4_n_0
    SLICE_X11Y37         LUT4 (Prop_lut4_I3_O)        0.332    14.804 r  ip_design_i/lms_pcore_0/U0/u_lms_pcore_dut_inst/u_LMS/add_temp_14__0_carry__0_i_8/O
                         net (fo=1, routed)           0.000    14.804    ip_design_i/lms_pcore_0/U0/u_lms_pcore_dut_inst/u_LMS/add_temp_14__0_carry__0_i_8_n_0
    SLICE_X11Y37         CARRY4 (Prop_carry4_S[0]_CO[3])
                                                      0.532    15.336 r  ip_design_i/lms_pcore_0/U0/u_lms_pcore_dut_inst/u_LMS/add_temp_14__0_carry__0/CO[3]
                         net (fo=1, routed)           0.000    15.336    ip_design_i/lms_pcore_0/U0/u_lms_pcore_dut_inst/u_LMS/add_temp_14__0_carry__0_n_0
    SLICE_X11Y38         CARRY4 (Prop_carry4_CI_O[2])
                                                      0.239    15.575 r  ip_design_i/lms_pcore_0/U0/u_lms_pcore_dut_inst/u_LMS/add_temp_14__0_carry__1/O[2]
                         net (fo=2, routed)           0.807    16.382    ip_design_i/lms_pcore_0/U0/u_lms_pcore_dut_inst/u_LMS/add_temp_14__0_carry__1_n_5
    SLICE_X12Y35         LUT3 (Prop_lut3_I1_O)        0.331    16.713 r  ip_design_i/lms_pcore_0/U0/u_lms_pcore_dut_inst/u_LMS/add_temp_14__230_carry__1_i_1/O
                         net (fo=2, routed)           0.708    17.421    ip_design_i/lms_pcore_0/U0/u_lms_pcore_dut_inst/u_LMS/add_temp_14__230_carry__1_i_1_n_0
    SLICE_X12Y35         LUT4 (Prop_lut4_I3_O)        0.331    17.752 r  ip_design_i/lms_pcore_0/U0/u_lms_pcore_dut_inst/u_LMS/add_temp_14__230_carry__1_i_5/O
                         net (fo=1, routed)           0.000    17.752    ip_design_i/lms_pcore_0/U0/u_lms_pcore_dut_inst/u_LMS/add_temp_14__230_carry__1_i_5_n_0
    SLICE_X12Y35         CARRY4 (Prop_carry4_S[3]_CO[3])
                                                      0.376    18.128 r  ip_design_i/lms_pcore_0/U0/u_lms_pcore_dut_inst/u_LMS/add_temp_14__230_carry__1/CO[3]
                         net (fo=1, routed)           0.000    18.128    ip_design_i/lms_pcore_0/U0/u_lms_pcore_dut_inst/u_LMS/add_temp_14__230_carry__1_n_0
    SLICE_X12Y36         CARRY4 (Prop_carry4_CI_O[0])
                                                      0.219    18.347 r  ip_design_i/lms_pcore_0/U0/u_lms_pcore_dut_inst/u_LMS/add_temp_14__230_carry__2/O[0]
                         net (fo=3, routed)           0.736    19.083    ip_design_i/lms_pcore_0/U0/u_lms_pcore_dut_inst/u_LMS/add_temp_14__230_carry__2_n_7
    SLICE_X19Y37         LUT3 (Prop_lut3_I1_O)        0.295    19.378 r  ip_design_i/lms_pcore_0/U0/u_lms_pcore_dut_inst/u_LMS/add_temp_14__278_carry__2_i_9/O
                         net (fo=2, routed)           0.770    20.148    ip_design_i/lms_pcore_0/U0/u_lms_pcore_dut_inst/u_LMS/add_temp_14__278_carry__2_i_9_n_0
    SLICE_X20Y37         LUT5 (Prop_lut5_I1_O)        0.124    20.272 r  ip_design_i/lms_pcore_0/U0/u_lms_pcore_dut_inst/u_LMS/add_temp_14__278_carry__2_i_2/O
                         net (fo=2, routed)           0.530    20.801    ip_design_i/lms_pcore_0/U0/u_lms_pcore_dut_inst/u_LMS/add_temp_14__278_carry__2_i_2_n_0
    SLICE_X21Y37         CARRY4 (Prop_carry4_DI[1]_O[2])
                                                      0.537    21.338 r  ip_design_i/lms_pcore_0/U0/u_lms_pcore_dut_inst/u_LMS/add_temp_14__278_carry__2/O[2]
                         net (fo=1, routed)           0.576    21.915    ip_design_i/lms_pcore_0/U0/u_lms_pcore_axi_lite_inst/u_lms_pcore_addr_decoder_inst/filter_sum[14]
    SLICE_X22Y37         LUT2 (Prop_lut2_I1_O)        0.302    22.217 r  ip_design_i/lms_pcore_0/U0/u_lms_pcore_axi_lite_inst/u_lms_pcore_addr_decoder_inst/sub_temp_carry__2_i_2/O
                         net (fo=1, routed)           0.000    22.217    ip_design_i/lms_pcore_0/U0/u_lms_pcore_dut_inst/u_LMS/sync_reg_e_k_reg[15]_0[2]
    SLICE_X22Y37         CARRY4 (Prop_carry4_S[2]_O[2])
                                                      0.248    22.465 r  ip_design_i/lms_pcore_0/U0/u_lms_pcore_dut_inst/u_LMS/sub_temp_carry__2/O[2]
                         net (fo=4, routed)           0.667    23.132    ip_design_i/lms_pcore_0/U0/u_lms_pcore_dut_inst/u_LMS/D[14]
    SLICE_X22Y32         LUT2 (Prop_lut2_I1_O)        0.302    23.434 r  ip_design_i/lms_pcore_0/U0/u_lms_pcore_dut_inst/u_LMS/ARG_carry__2_i_1/O
                         net (fo=1, routed)           0.000    23.434    ip_design_i/lms_pcore_0/U0/u_lms_pcore_dut_inst/u_LMS/ARG_carry__2_i_1_n_0
    SLICE_X22Y32         CARRY4 (Prop_carry4_S[3]_CO[3])
                                                      0.401    23.835 r  ip_design_i/lms_pcore_0/U0/u_lms_pcore_dut_inst/u_LMS/ARG_carry__2/CO[3]
                         net (fo=1, routed)           0.000    23.835    ip_design_i/lms_pcore_0/U0/u_lms_pcore_dut_inst/u_LMS/ARG_carry__2_n_0
    SLICE_X22Y33         CARRY4 (Prop_carry4_CI_O[1])
                                                      0.334    24.169 r  ip_design_i/lms_pcore_0/U0/u_lms_pcore_dut_inst/u_LMS/ARG_carry__3/O[1]
                         net (fo=160, routed)         1.571    25.740    ip_design_i/lms_pcore_0/U0/u_lms_pcore_dut_inst/u_LMS/ARG__31[32]
    DSP48_X1Y7           DSP48E1 (Prop_dsp48e1_B[15]_P[14])
                                                      3.835    29.575 f  ip_design_i/lms_pcore_0/U0/u_lms_pcore_dut_inst/u_LMS/mul_temp_29/P[14]
                         net (fo=2, routed)           0.955    30.530    ip_design_i/lms_pcore_0/U0/u_lms_pcore_dut_inst/u_LMS/mul_temp_29__0[14]
    SLICE_X21Y16         LUT1 (Prop_lut1_I0_O)        0.124    30.654 r  ip_design_i/lms_pcore_0/U0/u_lms_pcore_dut_inst/u_LMS/ARG__21_i_1/O
                         net (fo=13, routed)          1.119    31.773    ip_design_i/lms_pcore_0/U0/u_lms_pcore_dut_inst/u_LMS/ARG__21_i_1_n_0
    DSP48_X0Y6           DSP48E1 (Prop_dsp48e1_C[8]_P[15])
                                                      1.820    33.593 r  ip_design_i/lms_pcore_0/U0/u_lms_pcore_dut_inst/u_LMS/ARG__21/P[15]
                         net (fo=2, routed)           1.078    34.671    ip_design_i/lms_pcore_0/U0/u_lms_pcore_dut_inst/u_LMS/ARG__21_n_90
    SLICE_X10Y4          LUT2 (Prop_lut2_I0_O)        0.124    34.795 r  ip_design_i/lms_pcore_0/U0/u_lms_pcore_dut_inst/u_LMS/weight[12][0]_i_4/O
                         net (fo=1, routed)           0.000    34.795    ip_design_i/lms_pcore_0/U0/u_lms_pcore_dut_inst/u_LMS/weight[12][0]_i_4_n_0
    SLICE_X10Y4          CARRY4 (Prop_carry4_S[1]_CO[3])
                                                      0.533    35.328 r  ip_design_i/lms_pcore_0/U0/u_lms_pcore_dut_inst/u_LMS/weight_reg[12][0]_i_1/CO[3]
                         net (fo=1, routed)           0.000    35.328    ip_design_i/lms_pcore_0/U0/u_lms_pcore_dut_inst/u_LMS/weight_reg[12][0]_i_1_n_0
    SLICE_X10Y5          CARRY4 (Prop_carry4_CI_CO[3])
                                                      0.117    35.445 r  ip_design_i/lms_pcore_0/U0/u_lms_pcore_dut_inst/u_LMS/weight_reg[12][4]_i_1/CO[3]
                         net (fo=1, routed)           0.000    35.445    ip_design_i/lms_pcore_0/U0/u_lms_pcore_dut_inst/u_LMS/weight_reg[12][4]_i_1_n_0
    SLICE_X10Y6          CARRY4 (Prop_carry4_CI_O[1])
                                                      0.323    35.768 r  ip_design_i/lms_pcore_0/U0/u_lms_pcore_dut_inst/u_LMS/weight_reg[12][8]_i_1/O[1]
                         net (fo=1, routed)           0.000    35.768    ip_design_i/lms_pcore_0/U0/u_lms_pcore_dut_inst/u_LMS/weight_reg[12][8]_i_1_n_6
    SLICE_X10Y6          FDCE                                         r  ip_design_i/lms_pcore_0/U0/u_lms_pcore_dut_inst/u_LMS/weight_reg[12][9]/D
  -------------------------------------------------------------------    -------------------

                         (clock clk_fpga_0 rise edge)
                                                     10.000    10.000 r  
    PS7_X0Y0             PS7                          0.000    10.000 r  ip_design_i/processing_system7_0/inst/PS7_i/FCLKCLK[0]
                         net (fo=1, routed)           1.101    11.101    ip_design_i/processing_system7_0/inst/FCLK_CLK_unbuffered[0]
    BUFGCTRL_X0Y0        BUFG (Prop_bufg_I_O)         0.091    11.192 r  ip_design_i/processing_system7_0/inst/buffer_fclk_clk_0.FCLK_CLK_0_BUFG/O
                         net (fo=2376, routed)        1.507    12.699    ip_design_i/lms_pcore_0/U0/u_lms_pcore_dut_inst/u_LMS/IPCORE_CLK
    SLICE_X10Y6          FDCE                                         r  ip_design_i/lms_pcore_0/U0/u_lms_pcore_dut_inst/u_LMS/weight_reg[12][9]/C
                         clock pessimism              0.116    12.815    
                         clock uncertainty           -0.154    12.661    
    SLICE_X10Y6          FDCE (Setup_fdce_C_D)        0.109    12.770    ip_design_i/lms_pcore_0/U0/u_lms_pcore_dut_inst/u_LMS/weight_reg[12][9]
  -------------------------------------------------------------------
                         required time                         12.770    
                         arrival time                         -35.768    
  -------------------------------------------------------------------
                         slack                                -22.997    

Slack (VIOLATED) :        -22.993ns  (required time - arrival time)
  Source:                 ip_design_i/lms_pcore_0/U0/u_lms_pcore_axi_lite_inst/u_lms_pcore_addr_decoder_inst/write_reg_x_k_reg[15]_rep__1/C
                            (rising edge-triggered cell FDCE clocked by clk_fpga_0  {rise@0.000ns fall@5.000ns period=10.000ns})
  Destination:            ip_design_i/lms_pcore_0/U0/u_lms_pcore_dut_inst/u_LMS/weight_reg[13][14]/D
                            (rising edge-triggered cell FDCE clocked by clk_fpga_0  {rise@0.000ns fall@5.000ns period=10.000ns})
  Path Group:             clk_fpga_0
  Path Type:              Setup (Max at Slow Process Corner)
  Requirement:            10.000ns  (clk_fpga_0 rise@10.000ns - clk_fpga_0 rise@0.000ns)
  Data Path Delay:        32.791ns  (logic 18.202ns (55.510%)  route 14.589ns (44.490%))
  Logic Levels:           27  (CARRY4=12 DSP48E1=4 LUT1=2 LUT2=3 LUT3=3 LUT4=2 LUT5=1)
  Clock Path Skew:        -0.158ns (DCD - SCD + CPR)
    Destination Clock Delay (DCD):    2.696ns = ( 12.696 - 10.000 ) 
    Source Clock Delay      (SCD):    2.970ns
    Clock Pessimism Removal (CPR):    0.116ns
  Clock Uncertainty:      0.154ns  ((TSJ^2 + TIJ^2)^1/2 + DJ) / 2 + PE
    Total System Jitter     (TSJ):    0.071ns
    Total Input Jitter      (TIJ):    0.300ns
    Discrete Jitter          (DJ):    0.000ns
    Phase Error              (PE):    0.000ns

    Location             Delay type                Incr(ns)  Path(ns)    Netlist Resource(s)
  -------------------------------------------------------------------    -------------------
                         (clock clk_fpga_0 rise edge)
                                                      0.000     0.000 r  
    PS7_X0Y0             PS7                          0.000     0.000 r  ip_design_i/processing_system7_0/inst/PS7_i/FCLKCLK[0]
                         net (fo=1, routed)           1.207     1.207    ip_design_i/processing_system7_0/inst/FCLK_CLK_unbuffered[0]
    BUFGCTRL_X0Y0        BUFG (Prop_bufg_I_O)         0.101     1.308 r  ip_design_i/processing_system7_0/inst/buffer_fclk_clk_0.FCLK_CLK_0_BUFG/O
                         net (fo=2376, routed)        1.662     2.970    ip_design_i/lms_pcore_0/U0/u_lms_pcore_axi_lite_inst/u_lms_pcore_addr_decoder_inst/AXI4_Lite_ACLK
    SLICE_X11Y66         FDCE                                         r  ip_design_i/lms_pcore_0/U0/u_lms_pcore_axi_lite_inst/u_lms_pcore_addr_decoder_inst/write_reg_x_k_reg[15]_rep__1/C
  -------------------------------------------------------------------    -------------------
    SLICE_X11Y66         FDCE (Prop_fdce_C_Q)         0.456     3.426 r  ip_design_i/lms_pcore_0/U0/u_lms_pcore_axi_lite_inst/u_lms_pcore_addr_decoder_inst/write_reg_x_k_reg[15]_rep__1/Q
                         net (fo=10, routed)          0.986     4.412    ip_design_i/lms_pcore_0/U0/u_lms_pcore_dut_inst/u_LMS/mul_temp_15_0[1]
    DSP48_X0Y25          DSP48E1 (Prop_dsp48e1_A[21]_P[14])
                                                      3.841     8.253 f  ip_design_i/lms_pcore_0/U0/u_lms_pcore_dut_inst/u_LMS/mul_temp_15/P[14]
                         net (fo=2, routed)           0.707     8.960    ip_design_i/lms_pcore_0/U0/u_lms_pcore_dut_inst/u_LMS/mul_temp_15__0[14]
    SLICE_X8Y57          LUT1 (Prop_lut1_I0_O)        0.124     9.084 r  ip_design_i/lms_pcore_0/U0/u_lms_pcore_dut_inst/u_LMS/ARG__28_i_1/O
                         net (fo=13, routed)          0.761     9.845    ip_design_i/lms_pcore_0/U0/u_lms_pcore_dut_inst/u_LMS/ARG__28_i_1_n_0
    DSP48_X0Y23          DSP48E1 (Prop_dsp48e1_C[11]_P[17])
                                                      1.820    11.665 r  ip_design_i/lms_pcore_0/U0/u_lms_pcore_dut_inst/u_LMS/ARG__28/P[17]
                         net (fo=2, routed)           1.842    13.506    ip_design_i/lms_pcore_0/U0/u_lms_pcore_dut_inst/u_LMS/RESIZE44[3]
    SLICE_X11Y36         LUT3 (Prop_lut3_I1_O)        0.149    13.655 r  ip_design_i/lms_pcore_0/U0/u_lms_pcore_dut_inst/u_LMS/add_temp_14__0_carry__0_i_4/O
                         net (fo=2, routed)           0.817    14.472    ip_design_i/lms_pcore_0/U0/u_lms_pcore_dut_inst/u_LMS/add_temp_14__0_carry__0_i_4_n_0
    SLICE_X11Y37         LUT4 (Prop_lut4_I3_O)        0.332    14.804 r  ip_design_i/lms_pcore_0/U0/u_lms_pcore_dut_inst/u_LMS/add_temp_14__0_carry__0_i_8/O
                         net (fo=1, routed)           0.000    14.804    ip_design_i/lms_pcore_0/U0/u_lms_pcore_dut_inst/u_LMS/add_temp_14__0_carry__0_i_8_n_0
    SLICE_X11Y37         CARRY4 (Prop_carry4_S[0]_CO[3])
                                                      0.532    15.336 r  ip_design_i/lms_pcore_0/U0/u_lms_pcore_dut_inst/u_LMS/add_temp_14__0_carry__0/CO[3]
                         net (fo=1, routed)           0.000    15.336    ip_design_i/lms_pcore_0/U0/u_lms_pcore_dut_inst/u_LMS/add_temp_14__0_carry__0_n_0
    SLICE_X11Y38         CARRY4 (Prop_carry4_CI_O[2])
                                                      0.239    15.575 r  ip_design_i/lms_pcore_0/U0/u_lms_pcore_dut_inst/u_LMS/add_temp_14__0_carry__1/O[2]
                         net (fo=2, routed)           0.807    16.382    ip_design_i/lms_pcore_0/U0/u_lms_pcore_dut_inst/u_LMS/add_temp_14__0_carry__1_n_5
    SLICE_X12Y35         LUT3 (Prop_lut3_I1_O)        0.331    16.713 r  ip_design_i/lms_pcore_0/U0/u_lms_pcore_dut_inst/u_LMS/add_temp_14__230_carry__1_i_1/O
                         net (fo=2, routed)           0.708    17.421    ip_design_i/lms_pcore_0/U0/u_lms_pcore_dut_inst/u_LMS/add_temp_14__230_carry__1_i_1_n_0
    SLICE_X12Y35         LUT4 (Prop_lut4_I3_O)        0.331    17.752 r  ip_design_i/lms_pcore_0/U0/u_lms_pcore_dut_inst/u_LMS/add_temp_14__230_carry__1_i_5/O
                         net (fo=1, routed)           0.000    17.752    ip_design_i/lms_pcore_0/U0/u_lms_pcore_dut_inst/u_LMS/add_temp_14__230_carry__1_i_5_n_0
    SLICE_X12Y35         CARRY4 (Prop_carry4_S[3]_CO[3])
                                                      0.376    18.128 r  ip_design_i/lms_pcore_0/U0/u_lms_pcore_dut_inst/u_LMS/add_temp_14__230_carry__1/CO[3]
                         net (fo=1, routed)           0.000    18.128    ip_design_i/lms_pcore_0/U0/u_lms_pcore_dut_inst/u_LMS/add_temp_14__230_carry__1_n_0
    SLICE_X12Y36         CARRY4 (Prop_carry4_CI_O[0])
                                                      0.219    18.347 r  ip_design_i/lms_pcore_0/U0/u_lms_pcore_dut_inst/u_LMS/add_temp_14__230_carry__2/O[0]
                         net (fo=3, routed)           0.736    19.083    ip_design_i/lms_pcore_0/U0/u_lms_pcore_dut_inst/u_LMS/add_temp_14__230_carry__2_n_7
    SLICE_X19Y37         LUT3 (Prop_lut3_I1_O)        0.295    19.378 r  ip_design_i/lms_pcore_0/U0/u_lms_pcore_dut_inst/u_LMS/add_temp_14__278_carry__2_i_9/O
                         net (fo=2, routed)           0.770    20.148    ip_design_i/lms_pcore_0/U0/u_lms_pcore_dut_inst/u_LMS/add_temp_14__278_carry__2_i_9_n_0
    SLICE_X20Y37         LUT5 (Prop_lut5_I1_O)        0.124    20.272 r  ip_design_i/lms_pcore_0/U0/u_lms_pcore_dut_inst/u_LMS/add_temp_14__278_carry__2_i_2/O
                         net (fo=2, routed)           0.530    20.801    ip_design_i/lms_pcore_0/U0/u_lms_pcore_dut_inst/u_LMS/add_temp_14__278_carry__2_i_2_n_0
    SLICE_X21Y37         CARRY4 (Prop_carry4_DI[1]_O[2])
                                                      0.537    21.338 r  ip_design_i/lms_pcore_0/U0/u_lms_pcore_dut_inst/u_LMS/add_temp_14__278_carry__2/O[2]
                         net (fo=1, routed)           0.576    21.915    ip_design_i/lms_pcore_0/U0/u_lms_pcore_axi_lite_inst/u_lms_pcore_addr_decoder_inst/filter_sum[14]
    SLICE_X22Y37         LUT2 (Prop_lut2_I1_O)        0.302    22.217 r  ip_design_i/lms_pcore_0/U0/u_lms_pcore_axi_lite_inst/u_lms_pcore_addr_decoder_inst/sub_temp_carry__2_i_2/O
                         net (fo=1, routed)           0.000    22.217    ip_design_i/lms_pcore_0/U0/u_lms_pcore_dut_inst/u_LMS/sync_reg_e_k_reg[15]_0[2]
    SLICE_X22Y37         CARRY4 (Prop_carry4_S[2]_O[2])
                                                      0.248    22.465 r  ip_design_i/lms_pcore_0/U0/u_lms_pcore_dut_inst/u_LMS/sub_temp_carry__2/O[2]
                         net (fo=4, routed)           0.667    23.132    ip_design_i/lms_pcore_0/U0/u_lms_pcore_dut_inst/u_LMS/D[14]
    SLICE_X22Y32         LUT2 (Prop_lut2_I1_O)        0.302    23.434 r  ip_design_i/lms_pcore_0/U0/u_lms_pcore_dut_inst/u_LMS/ARG_carry__2_i_1/O
                         net (fo=1, routed)           0.000    23.434    ip_design_i/lms_pcore_0/U0/u_lms_pcore_dut_inst/u_LMS/ARG_carry__2_i_1_n_0
    SLICE_X22Y32         CARRY4 (Prop_carry4_S[3]_CO[3])
                                                      0.401    23.835 r  ip_design_i/lms_pcore_0/U0/u_lms_pcore_dut_inst/u_LMS/ARG_carry__2/CO[3]
                         net (fo=1, routed)           0.000    23.835    ip_design_i/lms_pcore_0/U0/u_lms_pcore_dut_inst/u_LMS/ARG_carry__2_n_0
    SLICE_X22Y33         CARRY4 (Prop_carry4_CI_O[1])
                                                      0.334    24.169 r  ip_design_i/lms_pcore_0/U0/u_lms_pcore_dut_inst/u_LMS/ARG_carry__3/O[1]
                         net (fo=160, routed)         1.597    25.766    ip_design_i/lms_pcore_0/U0/u_lms_pcore_dut_inst/u_LMS/ARG__31[32]
    DSP48_X1Y5           DSP48E1 (Prop_dsp48e1_B[17]_P[14])
                                                      3.835    29.601 f  ip_design_i/lms_pcore_0/U0/u_lms_pcore_dut_inst/u_LMS/mul_temp_30/P[14]
                         net (fo=2, routed)           0.992    30.593    ip_design_i/lms_pcore_0/U0/u_lms_pcore_dut_inst/u_LMS/mul_temp_30__0[14]
    SLICE_X18Y14         LUT1 (Prop_lut1_I0_O)        0.124    30.717 r  ip_design_i/lms_pcore_0/U0/u_lms_pcore_dut_inst/u_LMS/ARG__23_i_1/O
                         net (fo=13, routed)          1.077    31.794    ip_design_i/lms_pcore_0/U0/u_lms_pcore_dut_inst/u_LMS/ARG__23_i_1_n_0
    DSP48_X0Y7           DSP48E1 (Prop_dsp48e1_C[12]_P[15])
                                                      1.820    33.614 r  ip_design_i/lms_pcore_0/U0/u_lms_pcore_dut_inst/u_LMS/ARG__23/P[15]
                         net (fo=2, routed)           1.017    34.631    ip_design_i/lms_pcore_0/U0/u_lms_pcore_dut_inst/u_LMS/ARG__23_n_90
    SLICE_X10Y8          LUT2 (Prop_lut2_I0_O)        0.124    34.755 r  ip_design_i/lms_pcore_0/U0/u_lms_pcore_dut_inst/u_LMS/weight[13][0]_i_4/O
                         net (fo=1, routed)           0.000    34.755    ip_design_i/lms_pcore_0/U0/u_lms_pcore_dut_inst/u_LMS/weight[13][0]_i_4_n_0
    SLICE_X10Y8          CARRY4 (Prop_carry4_S[1]_CO[3])
                                                      0.533    35.288 r  ip_design_i/lms_pcore_0/U0/u_lms_pcore_dut_inst/u_LMS/weight_reg[13][0]_i_1/CO[3]
                         net (fo=1, routed)           0.000    35.288    ip_design_i/lms_pcore_0/U0/u_lms_pcore_dut_inst/u_LMS/weight_reg[13][0]_i_1_n_0
    SLICE_X10Y9          CARRY4 (Prop_carry4_CI_CO[3])
                                                      0.117    35.405 r  ip_design_i/lms_pcore_0/U0/u_lms_pcore_dut_inst/u_LMS/weight_reg[13][4]_i_1/CO[3]
                         net (fo=1, routed)           0.000    35.405    ip_design_i/lms_pcore_0/U0/u_lms_pcore_dut_inst/u_LMS/weight_reg[13][4]_i_1_n_0
    SLICE_X10Y10         CARRY4 (Prop_carry4_CI_CO[3])
                                                      0.117    35.522 r  ip_design_i/lms_pcore_0/U0/u_lms_pcore_dut_inst/u_LMS/weight_reg[13][8]_i_1/CO[3]
                         net (fo=1, routed)           0.000    35.522    ip_design_i/lms_pcore_0/U0/u_lms_pcore_dut_inst/u_LMS/weight_reg[13][8]_i_1_n_0
    SLICE_X10Y11         CARRY4 (Prop_carry4_CI_O[2])
                                                      0.239    35.761 r  ip_design_i/lms_pcore_0/U0/u_lms_pcore_dut_inst/u_LMS/weight_reg[13][12]_i_1/O[2]
                         net (fo=1, routed)           0.000    35.761    ip_design_i/lms_pcore_0/U0/u_lms_pcore_dut_inst/u_LMS/weight_reg[13][12]_i_1_n_5
    SLICE_X10Y11         FDCE                                         r  ip_design_i/lms_pcore_0/U0/u_lms_pcore_dut_inst/u_LMS/weight_reg[13][14]/D
  -------------------------------------------------------------------    -------------------

                         (clock clk_fpga_0 rise edge)
                                                     10.000    10.000 r  
    PS7_X0Y0             PS7                          0.000    10.000 r  ip_design_i/processing_system7_0/inst/PS7_i/FCLKCLK[0]
                         net (fo=1, routed)           1.101    11.101    ip_design_i/processing_system7_0/inst/FCLK_CLK_unbuffered[0]
    BUFGCTRL_X0Y0        BUFG (Prop_bufg_I_O)         0.091    11.192 r  ip_design_i/processing_system7_0/inst/buffer_fclk_clk_0.FCLK_CLK_0_BUFG/O
                         net (fo=2376, routed)        1.504    12.696    ip_design_i/lms_pcore_0/U0/u_lms_pcore_dut_inst/u_LMS/IPCORE_CLK
    SLICE_X10Y11         FDCE                                         r  ip_design_i/lms_pcore_0/U0/u_lms_pcore_dut_inst/u_LMS/weight_reg[13][14]/C
                         clock pessimism              0.116    12.812    
                         clock uncertainty           -0.154    12.658    
    SLICE_X10Y11         FDCE (Setup_fdce_C_D)        0.109    12.767    ip_design_i/lms_pcore_0/U0/u_lms_pcore_dut_inst/u_LMS/weight_reg[13][14]
  -------------------------------------------------------------------
                         required time                         12.767    
                         arrival time                         -35.761    
  -------------------------------------------------------------------
                         slack                                -22.993    





Min Delay Paths
--------------------------------------------------------------------------------------
Slack (MET) :             0.011ns  (arrival time - required time)
  Source:                 ip_design_i/ps7_0_axi_periph/xbar/inst/gen_sasd.crossbar_sasd_0/reg_slice_r/m_payload_i_reg[5]/C
                            (rising edge-triggered cell FDRE clocked by clk_fpga_0  {rise@0.000ns fall@5.000ns period=10.000ns})
  Destination:            ip_design_i/ps7_0_axi_periph/s00_couplers/auto_pc/inst/gen_axilite.gen_b2s_conv.axilite_b2s/RD.r_channel_0/rd_data_fifo_0/memory_reg[31][2]_srl32/D
                            (rising edge-triggered cell SRLC32E clocked by clk_fpga_0  {rise@0.000ns fall@5.000ns period=10.000ns})
  Path Group:             clk_fpga_0
  Path Type:              Hold (Min at Fast Process Corner)
  Requirement:            0.000ns  (clk_fpga_0 rise@0.000ns - clk_fpga_0 rise@0.000ns)
  Data Path Delay:        0.395ns  (logic 0.141ns (35.677%)  route 0.254ns (64.323%))
  Logic Levels:           0  
  Clock Path Skew:        0.269ns (DCD - SCD - CPR)
    Destination Clock Delay (DCD):    1.204ns
    Source Clock Delay      (SCD):    0.906ns
    Clock Pessimism Removal (CPR):    0.029ns

    Location             Delay type                Incr(ns)  Path(ns)    Netlist Resource(s)
  -------------------------------------------------------------------    -------------------
                         (clock clk_fpga_0 rise edge)
                                                      0.000     0.000 r  
    PS7_X0Y0             PS7                          0.000     0.000 r  ip_design_i/processing_system7_0/inst/PS7_i/FCLKCLK[0]
                         net (fo=1, routed)           0.315     0.315    ip_design_i/processing_system7_0/inst/FCLK_CLK_unbuffered[0]
    BUFGCTRL_X0Y0        BUFG (Prop_bufg_I_O)         0.026     0.341 r  ip_design_i/processing_system7_0/inst/buffer_fclk_clk_0.FCLK_CLK_0_BUFG/O
                         net (fo=2376, routed)        0.565     0.906    ip_design_i/ps7_0_axi_periph/xbar/inst/gen_sasd.crossbar_sasd_0/reg_slice_r/aclk
    SLICE_X13Y50         FDRE                                         r  ip_design_i/ps7_0_axi_periph/xbar/inst/gen_sasd.crossbar_sasd_0/reg_slice_r/m_payload_i_reg[5]/C
  -------------------------------------------------------------------    -------------------
    SLICE_X13Y50         FDRE (Prop_fdre_C_Q)         0.141     1.047 r  ip_design_i/ps7_0_axi_periph/xbar/inst/gen_sasd.crossbar_sasd_0/reg_slice_r/m_payload_i_reg[5]/Q
                         net (fo=1, routed)           0.254     1.301    ip_design_i/ps7_0_axi_periph/s00_couplers/auto_pc/inst/gen_axilite.gen_b2s_conv.axilite_b2s/RD.r_channel_0/rd_data_fifo_0/in[2]
    SLICE_X12Y46         SRLC32E                                      r  ip_design_i/ps7_0_axi_periph/s00_couplers/auto_pc/inst/gen_axilite.gen_b2s_conv.axilite_b2s/RD.r_channel_0/rd_data_fifo_0/memory_reg[31][2]_srl32/D
  -------------------------------------------------------------------    -------------------

                         (clock clk_fpga_0 rise edge)
                                                      0.000     0.000 r  
    PS7_X0Y0             PS7                          0.000     0.000 r  ip_design_i/processing_system7_0/inst/PS7_i/FCLKCLK[0]
                         net (fo=1, routed)           0.341     0.341    ip_design_i/processing_system7_0/inst/FCLK_CLK_unbuffered[0]
    BUFGCTRL_X0Y0        BUFG (Prop_bufg_I_O)         0.029     0.370 r  ip_design_i/processing_system7_0/inst/buffer_fclk_clk_0.FCLK_CLK_0_BUFG/O
                         net (fo=2376, routed)        0.834     1.204    ip_design_i/ps7_0_axi_periph/s00_couplers/auto_pc/inst/gen_axilite.gen_b2s_conv.axilite_b2s/RD.r_channel_0/rd_data_fifo_0/aclk
    SLICE_X12Y46         SRLC32E                                      r  ip_design_i/ps7_0_axi_periph/s00_couplers/auto_pc/inst/gen_axilite.gen_b2s_conv.axilite_b2s/RD.r_channel_0/rd_data_fifo_0/memory_reg[31][2]_srl32/CLK
                         clock pessimism             -0.029     1.175    
    SLICE_X12Y46         SRLC32E (Hold_srlc32e_CLK_D)
                                                      0.115     1.290    ip_design_i/ps7_0_axi_periph/s00_couplers/auto_pc/inst/gen_axilite.gen_b2s_conv.axilite_b2s/RD.r_channel_0/rd_data_fifo_0/memory_reg[31][2]_srl32
  -------------------------------------------------------------------
                         required time                         -1.290    
                         arrival time                           1.301    
  -------------------------------------------------------------------
                         slack                                  0.011    

Slack (MET) :             0.030ns  (arrival time - required time)
  Source:                 ip_design_i/ps7_0_axi_periph/s00_couplers/auto_pc/inst/gen_axilite.gen_b2s_conv.axilite_b2s/SI_REG/aw.aw_pipe/m_payload_i_reg[24]/C
                            (rising edge-triggered cell FDRE clocked by clk_fpga_0  {rise@0.000ns fall@5.000ns period=10.000ns})
  Destination:            ip_design_i/ps7_0_axi_periph/xbar/inst/gen_sasd.crossbar_sasd_0/addr_arbiter_inst/gen_no_arbiter.m_amesg_i_reg[25]/D
                            (rising edge-triggered cell FDRE clocked by clk_fpga_0  {rise@0.000ns fall@5.000ns period=10.000ns})
  Path Group:             clk_fpga_0
  Path Type:              Hold (Min at Fast Process Corner)
  Requirement:            0.000ns  (clk_fpga_0 rise@0.000ns - clk_fpga_0 rise@0.000ns)
  Data Path Delay:        0.394ns  (logic 0.227ns (57.606%)  route 0.167ns (42.394%))
  Logic Levels:           1  (LUT4=1)
  Clock Path Skew:        0.272ns (DCD - SCD - CPR)
    Destination Clock Delay (DCD):    1.224ns
    Source Clock Delay      (SCD):    0.923ns
    Clock Pessimism Removal (CPR):    0.029ns

    Location             Delay type                Incr(ns)  Path(ns)    Netlist Resource(s)
  -------------------------------------------------------------------    -------------------
                         (clock clk_fpga_0 rise edge)
                                                      0.000     0.000 r  
    PS7_X0Y0             PS7                          0.000     0.000 r  ip_design_i/processing_system7_0/inst/PS7_i/FCLKCLK[0]
                         net (fo=1, routed)           0.315     0.315    ip_design_i/processing_system7_0/inst/FCLK_CLK_unbuffered[0]
    BUFGCTRL_X0Y0        BUFG (Prop_bufg_I_O)         0.026     0.341 r  ip_design_i/processing_system7_0/inst/buffer_fclk_clk_0.FCLK_CLK_0_BUFG/O
                         net (fo=2376, routed)        0.582     0.923    ip_design_i/ps7_0_axi_periph/s00_couplers/auto_pc/inst/gen_axilite.gen_b2s_conv.axilite_b2s/SI_REG/aw.aw_pipe/aclk
    SLICE_X1Y50          FDRE                                         r  ip_design_i/ps7_0_axi_periph/s00_couplers/auto_pc/inst/gen_axilite.gen_b2s_conv.axilite_b2s/SI_REG/aw.aw_pipe/m_payload_i_reg[24]/C
  -------------------------------------------------------------------    -------------------
    SLICE_X1Y50          FDRE (Prop_fdre_C_Q)         0.128     1.051 r  ip_design_i/ps7_0_axi_periph/s00_couplers/auto_pc/inst/gen_axilite.gen_b2s_conv.axilite_b2s/SI_REG/aw.aw_pipe/m_payload_i_reg[24]/Q
                         net (fo=1, routed)           0.167     1.218    ip_design_i/ps7_0_axi_periph/xbar/inst/gen_sasd.crossbar_sasd_0/addr_arbiter_inst/s_axi_awaddr[24]
    SLICE_X3Y48          LUT4 (Prop_lut4_I3_O)        0.099     1.317 r  ip_design_i/ps7_0_axi_periph/xbar/inst/gen_sasd.crossbar_sasd_0/addr_arbiter_inst/gen_no_arbiter.m_amesg_i[25]_i_1/O
                         net (fo=1, routed)           0.000     1.317    ip_design_i/ps7_0_axi_periph/xbar/inst/gen_sasd.crossbar_sasd_0/addr_arbiter_inst/s_amesg[25]
    SLICE_X3Y48          FDRE                                         r  ip_design_i/ps7_0_axi_periph/xbar/inst/gen_sasd.crossbar_sasd_0/addr_arbiter_inst/gen_no_arbiter.m_amesg_i_reg[25]/D
  -------------------------------------------------------------------    -------------------

                         (clock clk_fpga_0 rise edge)
                                                      0.000     0.000 r  
    PS7_X0Y0             PS7                          0.000     0.000 r  ip_design_i/processing_system7_0/inst/PS7_i/FCLKCLK[0]
                         net (fo=1, routed)           0.341     0.341    ip_design_i/processing_system7_0/inst/FCLK_CLK_unbuffered[0]
    BUFGCTRL_X0Y0        BUFG (Prop_bufg_I_O)         0.029     0.370 r  ip_design_i/processing_system7_0/inst/buffer_fclk_clk_0.FCLK_CLK_0_BUFG/O
                         net (fo=2376, routed)        0.854     1.224    ip_design_i/ps7_0_axi_periph/xbar/inst/gen_sasd.crossbar_sasd_0/addr_arbiter_inst/aclk
    SLICE_X3Y48          FDRE                                         r  ip_design_i/ps7_0_axi_periph/xbar/inst/gen_sasd.crossbar_sasd_0/addr_arbiter_inst/gen_no_arbiter.m_amesg_i_reg[25]/C
                         clock pessimism             -0.029     1.195    
    SLICE_X3Y48          FDRE (Hold_fdre_C_D)         0.092     1.287    ip_design_i/ps7_0_axi_periph/xbar/inst/gen_sasd.crossbar_sasd_0/addr_arbiter_inst/gen_no_arbiter.m_amesg_i_reg[25]
  -------------------------------------------------------------------
                         required time                         -1.287    
                         arrival time                           1.317    
  -------------------------------------------------------------------
                         slack                                  0.030    

Slack (MET) :             0.050ns  (arrival time - required time)
  Source:                 ip_design_i/ps7_0_axi_periph/s00_couplers/auto_pc/inst/gen_axilite.gen_b2s_conv.axilite_b2s/SI_REG/b.b_pipe/m_payload_i_reg[0]/C
                            (rising edge-triggered cell FDRE clocked by clk_fpga_0  {rise@0.000ns fall@5.000ns period=10.000ns})
  Destination:            ip_design_i/processing_system7_0/inst/PS7_i/MAXIGP0BRESP[0]
                            (rising edge-triggered cell PS7 clocked by clk_fpga_0  {rise@0.000ns fall@5.000ns period=10.000ns})
  Path Group:             clk_fpga_0
  Path Type:              Hold (Min at Fast Process Corner)
  Requirement:            0.000ns  (clk_fpga_0 rise@0.000ns - clk_fpga_0 rise@0.000ns)
  Data Path Delay:        0.360ns  (logic 0.141ns (39.192%)  route 0.219ns (60.808%))
  Logic Levels:           0  
  Clock Path Skew:        0.310ns (DCD - SCD - CPR)
    Destination Clock Delay (DCD):    1.263ns
    Source Clock Delay      (SCD):    0.924ns
    Clock Pessimism Removal (CPR):    0.029ns

    Location             Delay type                Incr(ns)  Path(ns)    Netlist Resource(s)
  -------------------------------------------------------------------    -------------------
                         (clock clk_fpga_0 rise edge)
                                                      0.000     0.000 r  
    PS7_X0Y0             PS7                          0.000     0.000 r  ip_design_i/processing_system7_0/inst/PS7_i/FCLKCLK[0]
                         net (fo=1, routed)           0.315     0.315    ip_design_i/processing_system7_0/inst/FCLK_CLK_unbuffered[0]
    BUFGCTRL_X0Y0        BUFG (Prop_bufg_I_O)         0.026     0.341 r  ip_design_i/processing_system7_0/inst/buffer_fclk_clk_0.FCLK_CLK_0_BUFG/O
                         net (fo=2376, routed)        0.583     0.924    ip_design_i/ps7_0_axi_periph/s00_couplers/auto_pc/inst/gen_axilite.gen_b2s_conv.axilite_b2s/SI_REG/b.b_pipe/aclk
    SLICE_X2Y53          FDRE                                         r  ip_design_i/ps7_0_axi_periph/s00_couplers/auto_pc/inst/gen_axilite.gen_b2s_conv.axilite_b2s/SI_REG/b.b_pipe/m_payload_i_reg[0]/C
  -------------------------------------------------------------------    -------------------
    SLICE_X2Y53          FDRE (Prop_fdre_C_Q)         0.141     1.065 r  ip_design_i/ps7_0_axi_periph/s00_couplers/auto_pc/inst/gen_axilite.gen_b2s_conv.axilite_b2s/SI_REG/b.b_pipe/m_payload_i_reg[0]/Q
                         net (fo=1, routed)           0.219     1.283    ip_design_i/processing_system7_0/inst/M_AXI_GP0_BRESP[0]
    PS7_X0Y0             PS7                                          r  ip_design_i/processing_system7_0/inst/PS7_i/MAXIGP0BRESP[0]
  -------------------------------------------------------------------    -------------------

                         (clock clk_fpga_0 rise edge)
                                                      0.000     0.000 r  
    PS7_X0Y0             PS7                          0.000     0.000 r  ip_design_i/processing_system7_0/inst/PS7_i/FCLKCLK[0]
                         net (fo=1, routed)           0.341     0.341    ip_design_i/processing_system7_0/inst/FCLK_CLK_unbuffered[0]
    BUFGCTRL_X0Y0        BUFG (Prop_bufg_I_O)         0.029     0.370 r  ip_design_i/processing_system7_0/inst/buffer_fclk_clk_0.FCLK_CLK_0_BUFG/O
                         net (fo=2376, routed)        0.893     1.263    ip_design_i/processing_system7_0/inst/M_AXI_GP0_ACLK
    PS7_X0Y0             PS7                                          r  ip_design_i/processing_system7_0/inst/PS7_i/MAXIGP0ACLK
                         clock pessimism             -0.029     1.234    
    PS7_X0Y0             PS7 (Hold_ps7_MAXIGP0ACLK_MAXIGP0BRESP[0])
                                                      0.000     1.234    ip_design_i/processing_system7_0/inst/PS7_i
  -------------------------------------------------------------------
                         required time                         -1.234    
                         arrival time                           1.283    
  -------------------------------------------------------------------
                         slack                                  0.050    

Slack (MET) :             0.067ns  (arrival time - required time)
  Source:                 ip_design_i/axi_gpio_1/U0/gpio_core_1/Dual.gpio2_Data_In_reg[0]/C
                            (rising edge-triggered cell FDRE clocked by clk_fpga_0  {rise@0.000ns fall@5.000ns period=10.000ns})
  Destination:            ip_design_i/axi_gpio_1/U0/gpio_core_1/Dual.ALLIN0_ND_G2.READ_REG2_GEN[0].reg3_reg[28]/D
                            (rising edge-triggered cell FDRE clocked by clk_fpga_0  {rise@0.000ns fall@5.000ns period=10.000ns})
  Path Group:             clk_fpga_0
  Path Type:              Hold (Min at Fast Process Corner)
  Requirement:            0.000ns  (clk_fpga_0 rise@0.000ns - clk_fpga_0 rise@0.000ns)
  Data Path Delay:        0.424ns  (logic 0.186ns (43.866%)  route 0.238ns (56.134%))
  Logic Levels:           1  (LUT5=1)
  Clock Path Skew:        0.266ns (DCD - SCD - CPR)
    Destination Clock Delay (DCD):    1.201ns
    Source Clock Delay      (SCD):    0.901ns
    Clock Pessimism Removal (CPR):    0.034ns

    Location             Delay type                Incr(ns)  Path(ns)    Netlist Resource(s)
  -------------------------------------------------------------------    -------------------
                         (clock clk_fpga_0 rise edge)
                                                      0.000     0.000 r  
    PS7_X0Y0             PS7                          0.000     0.000 r  ip_design_i/processing_system7_0/inst/PS7_i/FCLKCLK[0]
                         net (fo=1, routed)           0.315     0.315    ip_design_i/processing_system7_0/inst/FCLK_CLK_unbuffered[0]
    BUFGCTRL_X0Y0        BUFG (Prop_bufg_I_O)         0.026     0.341 r  ip_design_i/processing_system7_0/inst/buffer_fclk_clk_0.FCLK_CLK_0_BUFG/O
                         net (fo=2376, routed)        0.560     0.901    ip_design_i/axi_gpio_1/U0/gpio_core_1/s_axi_aclk
    SLICE_X23Y43         FDRE                                         r  ip_design_i/axi_gpio_1/U0/gpio_core_1/Dual.gpio2_Data_In_reg[0]/C
  -------------------------------------------------------------------    -------------------
    SLICE_X23Y43         FDRE (Prop_fdre_C_Q)         0.141     1.042 r  ip_design_i/axi_gpio_1/U0/gpio_core_1/Dual.gpio2_Data_In_reg[0]/Q
                         net (fo=1, routed)           0.238     1.280    ip_design_i/axi_gpio_1/U0/gpio_core_1/gpio2_Data_In[0]
    SLICE_X19Y45         LUT5 (Prop_lut5_I0_O)        0.045     1.325 r  ip_design_i/axi_gpio_1/U0/gpio_core_1/Dual.ALLIN0_ND_G2.READ_REG2_GEN[0].reg3[28]_i_1/O
                         net (fo=1, routed)           0.000     1.325    ip_design_i/axi_gpio_1/U0/gpio_core_1/Read_Reg2_In[0]
    SLICE_X19Y45         FDRE                                         r  ip_design_i/axi_gpio_1/U0/gpio_core_1/Dual.ALLIN0_ND_G2.READ_REG2_GEN[0].reg3_reg[28]/D
  -------------------------------------------------------------------    -------------------

                         (clock clk_fpga_0 rise edge)
                                                      0.000     0.000 r  
    PS7_X0Y0             PS7                          0.000     0.000 r  ip_design_i/processing_system7_0/inst/PS7_i/FCLKCLK[0]
                         net (fo=1, routed)           0.341     0.341    ip_design_i/processing_system7_0/inst/FCLK_CLK_unbuffered[0]
    BUFGCTRL_X0Y0        BUFG (Prop_bufg_I_O)         0.029     0.370 r  ip_design_i/processing_system7_0/inst/buffer_fclk_clk_0.FCLK_CLK_0_BUFG/O
                         net (fo=2376, routed)        0.831     1.201    ip_design_i/axi_gpio_1/U0/gpio_core_1/s_axi_aclk
    SLICE_X19Y45         FDRE                                         r  ip_design_i/axi_gpio_1/U0/gpio_core_1/Dual.ALLIN0_ND_G2.READ_REG2_GEN[0].reg3_reg[28]/C
                         clock pessimism             -0.034     1.167    
    SLICE_X19Y45         FDRE (Hold_fdre_C_D)         0.091     1.258    ip_design_i/axi_gpio_1/U0/gpio_core_1/Dual.ALLIN0_ND_G2.READ_REG2_GEN[0].reg3_reg[28]
  -------------------------------------------------------------------
                         required time                         -1.258    
                         arrival time                           1.325    
  -------------------------------------------------------------------
                         slack                                  0.067    

Slack (MET) :             0.067ns  (arrival time - required time)
  Source:                 ip_design_i/lms_pcore_0/U0/u_lms_pcore_axi_lite_inst/u_lms_pcore_addr_decoder_inst/sync_reg_e_k_reg[12]/C
                            (rising edge-triggered cell FDCE clocked by clk_fpga_0  {rise@0.000ns fall@5.000ns period=10.000ns})
  Destination:            ip_design_i/lms_pcore_0/U0/u_lms_pcore_axi_lite_inst/u_lms_pcore_axi_lite_module_inst/AXI4_Lite_RDATA_tmp_reg[12]/D
                            (rising edge-triggered cell FDCE clocked by clk_fpga_0  {rise@0.000ns fall@5.000ns period=10.000ns})
  Path Group:             clk_fpga_0
  Path Type:              Hold (Min at Fast Process Corner)
  Requirement:            0.000ns  (clk_fpga_0 rise@0.000ns - clk_fpga_0 rise@0.000ns)
  Data Path Delay:        0.457ns  (logic 0.186ns (40.698%)  route 0.271ns (59.302%))
  Logic Levels:           1  (LUT5=1)
  Clock Path Skew:        0.269ns (DCD - SCD - CPR)
    Destination Clock Delay (DCD):    1.201ns
    Source Clock Delay      (SCD):    0.898ns
    Clock Pessimism Removal (CPR):    0.034ns

    Location             Delay type                Incr(ns)  Path(ns)    Netlist Resource(s)
  -------------------------------------------------------------------    -------------------
                         (clock clk_fpga_0 rise edge)
                                                      0.000     0.000 r  
    PS7_X0Y0             PS7                          0.000     0.000 r  ip_design_i/processing_system7_0/inst/PS7_i/FCLKCLK[0]
                         net (fo=1, routed)           0.315     0.315    ip_design_i/processing_system7_0/inst/FCLK_CLK_unbuffered[0]
    BUFGCTRL_X0Y0        BUFG (Prop_bufg_I_O)         0.026     0.341 r  ip_design_i/processing_system7_0/inst/buffer_fclk_clk_0.FCLK_CLK_0_BUFG/O
                         net (fo=2376, routed)        0.557     0.898    ip_design_i/lms_pcore_0/U0/u_lms_pcore_axi_lite_inst/u_lms_pcore_addr_decoder_inst/AXI4_Lite_ACLK
    SLICE_X22Y37         FDCE                                         r  ip_design_i/lms_pcore_0/U0/u_lms_pcore_axi_lite_inst/u_lms_pcore_addr_decoder_inst/sync_reg_e_k_reg[12]/C
  -------------------------------------------------------------------    -------------------
    SLICE_X22Y37         FDCE (Prop_fdce_C_Q)         0.141     1.039 r  ip_design_i/lms_pcore_0/U0/u_lms_pcore_axi_lite_inst/u_lms_pcore_addr_decoder_inst/sync_reg_e_k_reg[12]/Q
                         net (fo=1, routed)           0.271     1.310    ip_design_i/lms_pcore_0/U0/u_lms_pcore_axi_lite_inst/u_lms_pcore_axi_lite_module_inst/AXI4_Lite_RDATA_tmp_reg[31]_0[12]
    SLICE_X16Y43         LUT5 (Prop_lut5_I0_O)        0.045     1.355 r  ip_design_i/lms_pcore_0/U0/u_lms_pcore_axi_lite_inst/u_lms_pcore_axi_lite_module_inst/AXI4_Lite_RDATA_tmp[12]_i_1/O
                         net (fo=1, routed)           0.000     1.355    ip_design_i/lms_pcore_0/U0/u_lms_pcore_axi_lite_inst/u_lms_pcore_axi_lite_module_inst/data_read[12]
    SLICE_X16Y43         FDCE                                         r  ip_design_i/lms_pcore_0/U0/u_lms_pcore_axi_lite_inst/u_lms_pcore_axi_lite_module_inst/AXI4_Lite_RDATA_tmp_reg[12]/D
  -------------------------------------------------------------------    -------------------

                         (clock clk_fpga_0 rise edge)
                                                      0.000     0.000 r  
    PS7_X0Y0             PS7                          0.000     0.000 r  ip_design_i/processing_system7_0/inst/PS7_i/FCLKCLK[0]
                         net (fo=1, routed)           0.341     0.341    ip_design_i/processing_system7_0/inst/FCLK_CLK_unbuffered[0]
    BUFGCTRL_X0Y0        BUFG (Prop_bufg_I_O)         0.029     0.370 r  ip_design_i/processing_system7_0/inst/buffer_fclk_clk_0.FCLK_CLK_0_BUFG/O
                         net (fo=2376, routed)        0.831     1.201    ip_design_i/lms_pcore_0/U0/u_lms_pcore_axi_lite_inst/u_lms_pcore_axi_lite_module_inst/AXI4_Lite_ACLK
    SLICE_X16Y43         FDCE                                         r  ip_design_i/lms_pcore_0/U0/u_lms_pcore_axi_lite_inst/u_lms_pcore_axi_lite_module_inst/AXI4_Lite_RDATA_tmp_reg[12]/C
                         clock pessimism             -0.034     1.167    
    SLICE_X16Y43         FDCE (Hold_fdce_C_D)         0.121     1.288    ip_design_i/lms_pcore_0/U0/u_lms_pcore_axi_lite_inst/u_lms_pcore_axi_lite_module_inst/AXI4_Lite_RDATA_tmp_reg[12]
  -------------------------------------------------------------------
                         required time                         -1.288    
                         arrival time                           1.355    
  -------------------------------------------------------------------
                         slack                                  0.067    

Slack (MET) :             0.068ns  (arrival time - required time)
  Source:                 ip_design_i/ps7_0_axi_periph/xbar/inst/gen_sasd.crossbar_sasd_0/reg_slice_r/m_payload_i_reg[16]/C
                            (rising edge-triggered cell FDRE clocked by clk_fpga_0  {rise@0.000ns fall@5.000ns period=10.000ns})
  Destination:            ip_design_i/ps7_0_axi_periph/s00_couplers/auto_pc/inst/gen_axilite.gen_b2s_conv.axilite_b2s/RD.r_channel_0/rd_data_fifo_0/memory_reg[31][13]_srl32/D
                            (rising edge-triggered cell SRLC32E clocked by clk_fpga_0  {rise@0.000ns fall@5.000ns period=10.000ns})
  Path Group:             clk_fpga_0
  Path Type:              Hold (Min at Fast Process Corner)
  Requirement:            0.000ns  (clk_fpga_0 rise@0.000ns - clk_fpga_0 rise@0.000ns)
  Data Path Delay:        0.456ns  (logic 0.141ns (30.919%)  route 0.315ns (69.081%))
  Logic Levels:           0  
  Clock Path Skew:        0.271ns (DCD - SCD - CPR)
    Destination Clock Delay (DCD):    1.205ns
    Source Clock Delay      (SCD):    0.905ns
    Clock Pessimism Removal (CPR):    0.029ns

    Location             Delay type                Incr(ns)  Path(ns)    Netlist Resource(s)
  -------------------------------------------------------------------    -------------------
                         (clock clk_fpga_0 rise edge)
                                                      0.000     0.000 r  
    PS7_X0Y0             PS7                          0.000     0.000 r  ip_design_i/processing_system7_0/inst/PS7_i/FCLKCLK[0]
                         net (fo=1, routed)           0.315     0.315    ip_design_i/processing_system7_0/inst/FCLK_CLK_unbuffered[0]
    BUFGCTRL_X0Y0        BUFG (Prop_bufg_I_O)         0.026     0.341 r  ip_design_i/processing_system7_0/inst/buffer_fclk_clk_0.FCLK_CLK_0_BUFG/O
                         net (fo=2376, routed)        0.564     0.905    ip_design_i/ps7_0_axi_periph/xbar/inst/gen_sasd.crossbar_sasd_0/reg_slice_r/aclk
    SLICE_X13Y56         FDRE                                         r  ip_design_i/ps7_0_axi_periph/xbar/inst/gen_sasd.crossbar_sasd_0/reg_slice_r/m_payload_i_reg[16]/C
  -------------------------------------------------------------------    -------------------
    SLICE_X13Y56         FDRE (Prop_fdre_C_Q)         0.141     1.046 r  ip_design_i/ps7_0_axi_periph/xbar/inst/gen_sasd.crossbar_sasd_0/reg_slice_r/m_payload_i_reg[16]/Q
                         net (fo=1, routed)           0.315     1.361    ip_design_i/ps7_0_axi_periph/s00_couplers/auto_pc/inst/gen_axilite.gen_b2s_conv.axilite_b2s/RD.r_channel_0/rd_data_fifo_0/in[13]
    SLICE_X8Y48          SRLC32E                                      r  ip_design_i/ps7_0_axi_periph/s00_couplers/auto_pc/inst/gen_axilite.gen_b2s_conv.axilite_b2s/RD.r_channel_0/rd_data_fifo_0/memory_reg[31][13]_srl32/D
  -------------------------------------------------------------------    -------------------

                         (clock clk_fpga_0 rise edge)
                                                      0.000     0.000 r  
    PS7_X0Y0             PS7                          0.000     0.000 r  ip_design_i/processing_system7_0/inst/PS7_i/FCLKCLK[0]
                         net (fo=1, routed)           0.341     0.341    ip_design_i/processing_system7_0/inst/FCLK_CLK_unbuffered[0]
    BUFGCTRL_X0Y0        BUFG (Prop_bufg_I_O)         0.029     0.370 r  ip_design_i/processing_system7_0/inst/buffer_fclk_clk_0.FCLK_CLK_0_BUFG/O
                         net (fo=2376, routed)        0.835     1.205    ip_design_i/ps7_0_axi_periph/s00_couplers/auto_pc/inst/gen_axilite.gen_b2s_conv.axilite_b2s/RD.r_channel_0/rd_data_fifo_0/aclk
    SLICE_X8Y48          SRLC32E                                      r  ip_design_i/ps7_0_axi_periph/s00_couplers/auto_pc/inst/gen_axilite.gen_b2s_conv.axilite_b2s/RD.r_channel_0/rd_data_fifo_0/memory_reg[31][13]_srl32/CLK
                         clock pessimism             -0.029     1.176    
    SLICE_X8Y48          SRLC32E (Hold_srlc32e_CLK_D)
                                                      0.117     1.293    ip_design_i/ps7_0_axi_periph/s00_couplers/auto_pc/inst/gen_axilite.gen_b2s_conv.axilite_b2s/RD.r_channel_0/rd_data_fifo_0/memory_reg[31][13]_srl32
  -------------------------------------------------------------------
                         required time                         -1.293    
                         arrival time                           1.361    
  -------------------------------------------------------------------
                         slack                                  0.068    

Slack (MET) :             0.068ns  (arrival time - required time)
  Source:                 ip_design_i/ps7_0_axi_periph/xbar/inst/gen_sasd.crossbar_sasd_0/reg_slice_r/m_payload_i_reg[30]/C
                            (rising edge-triggered cell FDRE clocked by clk_fpga_0  {rise@0.000ns fall@5.000ns period=10.000ns})
  Destination:            ip_design_i/ps7_0_axi_periph/s00_couplers/auto_pc/inst/gen_axilite.gen_b2s_conv.axilite_b2s/RD.r_channel_0/rd_data_fifo_0/memory_reg[31][27]_srl32/D
                            (rising edge-triggered cell SRLC32E clocked by clk_fpga_0  {rise@0.000ns fall@5.000ns period=10.000ns})
  Path Group:             clk_fpga_0
  Path Type:              Hold (Min at Fast Process Corner)
  Requirement:            0.000ns  (clk_fpga_0 rise@0.000ns - clk_fpga_0 rise@0.000ns)
  Data Path Delay:        0.393ns  (logic 0.128ns (32.535%)  route 0.265ns (67.465%))
  Logic Levels:           0  
  Clock Path Skew:        0.270ns (DCD - SCD - CPR)
    Destination Clock Delay (DCD):    1.222ns
    Source Clock Delay      (SCD):    0.923ns
    Clock Pessimism Removal (CPR):    0.029ns

    Location             Delay type                Incr(ns)  Path(ns)    Netlist Resource(s)
  -------------------------------------------------------------------    -------------------
                         (clock clk_fpga_0 rise edge)
                                                      0.000     0.000 r  
    PS7_X0Y0             PS7                          0.000     0.000 r  ip_design_i/processing_system7_0/inst/PS7_i/FCLKCLK[0]
                         net (fo=1, routed)           0.315     0.315    ip_design_i/processing_system7_0/inst/FCLK_CLK_unbuffered[0]
    BUFGCTRL_X0Y0        BUFG (Prop_bufg_I_O)         0.026     0.341 r  ip_design_i/processing_system7_0/inst/buffer_fclk_clk_0.FCLK_CLK_0_BUFG/O
                         net (fo=2376, routed)        0.582     0.923    ip_design_i/ps7_0_axi_periph/xbar/inst/gen_sasd.crossbar_sasd_0/reg_slice_r/aclk
    SLICE_X3Y58          FDRE                                         r  ip_design_i/ps7_0_axi_periph/xbar/inst/gen_sasd.crossbar_sasd_0/reg_slice_r/m_payload_i_reg[30]/C
  -------------------------------------------------------------------    -------------------
    SLICE_X3Y58          FDRE (Prop_fdre_C_Q)         0.128     1.051 r  ip_design_i/ps7_0_axi_periph/xbar/inst/gen_sasd.crossbar_sasd_0/reg_slice_r/m_payload_i_reg[30]/Q
                         net (fo=1, routed)           0.265     1.316    ip_design_i/ps7_0_axi_periph/s00_couplers/auto_pc/inst/gen_axilite.gen_b2s_conv.axilite_b2s/RD.r_channel_0/rd_data_fifo_0/in[27]
    SLICE_X0Y49          SRLC32E                                      r  ip_design_i/ps7_0_axi_periph/s00_couplers/auto_pc/inst/gen_axilite.gen_b2s_conv.axilite_b2s/RD.r_channel_0/rd_data_fifo_0/memory_reg[31][27]_srl32/D
  -------------------------------------------------------------------    -------------------

                         (clock clk_fpga_0 rise edge)
                                                      0.000     0.000 r  
    PS7_X0Y0             PS7                          0.000     0.000 r  ip_design_i/processing_system7_0/inst/PS7_i/FCLKCLK[0]
                         net (fo=1, routed)           0.341     0.341    ip_design_i/processing_system7_0/inst/FCLK_CLK_unbuffered[0]
    BUFGCTRL_X0Y0        BUFG (Prop_bufg_I_O)         0.029     0.370 r  ip_design_i/processing_system7_0/inst/buffer_fclk_clk_0.FCLK_CLK_0_BUFG/O
                         net (fo=2376, routed)        0.852     1.222    ip_design_i/ps7_0_axi_periph/s00_couplers/auto_pc/inst/gen_axilite.gen_b2s_conv.axilite_b2s/RD.r_channel_0/rd_data_fifo_0/aclk
    SLICE_X0Y49          SRLC32E                                      r  ip_design_i/ps7_0_axi_periph/s00_couplers/auto_pc/inst/gen_axilite.gen_b2s_conv.axilite_b2s/RD.r_channel_0/rd_data_fifo_0/memory_reg[31][27]_srl32/CLK
                         clock pessimism             -0.029     1.193    
    SLICE_X0Y49          SRLC32E (Hold_srlc32e_CLK_D)
                                                      0.055     1.248    ip_design_i/ps7_0_axi_periph/s00_couplers/auto_pc/inst/gen_axilite.gen_b2s_conv.axilite_b2s/RD.r_channel_0/rd_data_fifo_0/memory_reg[31][27]_srl32
  -------------------------------------------------------------------
                         required time                         -1.248    
                         arrival time                           1.316    
  -------------------------------------------------------------------
                         slack                                  0.068    

Slack (MET) :             0.069ns  (arrival time - required time)
  Source:                 ip_design_i/lms_pcore_0/U0/u_lms_pcore_axi_lite_inst/u_lms_pcore_addr_decoder_inst/sync_reg_e_k_reg[11]/C
                            (rising edge-triggered cell FDCE clocked by clk_fpga_0  {rise@0.000ns fall@5.000ns period=10.000ns})
  Destination:            ip_design_i/lms_pcore_0/U0/u_lms_pcore_axi_lite_inst/u_lms_pcore_axi_lite_module_inst/AXI4_Lite_RDATA_tmp_reg[11]/D
                            (rising edge-triggered cell FDCE clocked by clk_fpga_0  {rise@0.000ns fall@5.000ns period=10.000ns})
  Path Group:             clk_fpga_0
  Path Type:              Hold (Min at Fast Process Corner)
  Requirement:            0.000ns  (clk_fpga_0 rise@0.000ns - clk_fpga_0 rise@0.000ns)
  Data Path Delay:        0.459ns  (logic 0.186ns (40.524%)  route 0.273ns (59.476%))
  Logic Levels:           1  (LUT5=1)
  Clock Path Skew:        0.270ns (DCD - SCD - CPR)
    Destination Clock Delay (DCD):    1.201ns
    Source Clock Delay      (SCD):    0.897ns
    Clock Pessimism Removal (CPR):    0.034ns

    Location             Delay type                Incr(ns)  Path(ns)    Netlist Resource(s)
  -------------------------------------------------------------------    -------------------
                         (clock clk_fpga_0 rise edge)
                                                      0.000     0.000 r  
    PS7_X0Y0             PS7                          0.000     0.000 r  ip_design_i/processing_system7_0/inst/PS7_i/FCLKCLK[0]
                         net (fo=1, routed)           0.315     0.315    ip_design_i/processing_system7_0/inst/FCLK_CLK_unbuffered[0]
    BUFGCTRL_X0Y0        BUFG (Prop_bufg_I_O)         0.026     0.341 r  ip_design_i/processing_system7_0/inst/buffer_fclk_clk_0.FCLK_CLK_0_BUFG/O
                         net (fo=2376, routed)        0.556     0.897    ip_design_i/lms_pcore_0/U0/u_lms_pcore_axi_lite_inst/u_lms_pcore_addr_decoder_inst/AXI4_Lite_ACLK
    SLICE_X22Y36         FDCE                                         r  ip_design_i/lms_pcore_0/U0/u_lms_pcore_axi_lite_inst/u_lms_pcore_addr_decoder_inst/sync_reg_e_k_reg[11]/C
  -------------------------------------------------------------------    -------------------
    SLICE_X22Y36         FDCE (Prop_fdce_C_Q)         0.141     1.038 r  ip_design_i/lms_pcore_0/U0/u_lms_pcore_axi_lite_inst/u_lms_pcore_addr_decoder_inst/sync_reg_e_k_reg[11]/Q
                         net (fo=1, routed)           0.273     1.310    ip_design_i/lms_pcore_0/U0/u_lms_pcore_axi_lite_inst/u_lms_pcore_axi_lite_module_inst/AXI4_Lite_RDATA_tmp_reg[31]_0[11]
    SLICE_X16Y43         LUT5 (Prop_lut5_I0_O)        0.045     1.355 r  ip_design_i/lms_pcore_0/U0/u_lms_pcore_axi_lite_inst/u_lms_pcore_axi_lite_module_inst/AXI4_Lite_RDATA_tmp[11]_i_1/O
                         net (fo=1, routed)           0.000     1.355    ip_design_i/lms_pcore_0/U0/u_lms_pcore_axi_lite_inst/u_lms_pcore_axi_lite_module_inst/data_read[11]
    SLICE_X16Y43         FDCE                                         r  ip_design_i/lms_pcore_0/U0/u_lms_pcore_axi_lite_inst/u_lms_pcore_axi_lite_module_inst/AXI4_Lite_RDATA_tmp_reg[11]/D
  -------------------------------------------------------------------    -------------------

                         (clock clk_fpga_0 rise edge)
                                                      0.000     0.000 r  
    PS7_X0Y0             PS7                          0.000     0.000 r  ip_design_i/processing_system7_0/inst/PS7_i/FCLKCLK[0]
                         net (fo=1, routed)           0.341     0.341    ip_design_i/processing_system7_0/inst/FCLK_CLK_unbuffered[0]
    BUFGCTRL_X0Y0        BUFG (Prop_bufg_I_O)         0.029     0.370 r  ip_design_i/processing_system7_0/inst/buffer_fclk_clk_0.FCLK_CLK_0_BUFG/O
                         net (fo=2376, routed)        0.831     1.201    ip_design_i/lms_pcore_0/U0/u_lms_pcore_axi_lite_inst/u_lms_pcore_axi_lite_module_inst/AXI4_Lite_ACLK
    SLICE_X16Y43         FDCE                                         r  ip_design_i/lms_pcore_0/U0/u_lms_pcore_axi_lite_inst/u_lms_pcore_axi_lite_module_inst/AXI4_Lite_RDATA_tmp_reg[11]/C
                         clock pessimism             -0.034     1.167    
    SLICE_X16Y43         FDCE (Hold_fdce_C_D)         0.120     1.287    ip_design_i/lms_pcore_0/U0/u_lms_pcore_axi_lite_inst/u_lms_pcore_axi_lite_module_inst/AXI4_Lite_RDATA_tmp_reg[11]
  -------------------------------------------------------------------
                         required time                         -1.287    
                         arrival time                           1.355    
  -------------------------------------------------------------------
                         slack                                  0.069    

Slack (MET) :             0.072ns  (arrival time - required time)
  Source:                 ip_design_i/ps7_0_axi_periph/s00_couplers/auto_pc/inst/gen_axilite.gen_b2s_conv.axilite_b2s/SI_REG/b.b_pipe/m_payload_i_reg[10]/C
                            (rising edge-triggered cell FDRE clocked by clk_fpga_0  {rise@0.000ns fall@5.000ns period=10.000ns})
  Destination:            ip_design_i/processing_system7_0/inst/PS7_i/MAXIGP0BID[8]
                            (rising edge-triggered cell PS7 clocked by clk_fpga_0  {rise@0.000ns fall@5.000ns period=10.000ns})
  Path Group:             clk_fpga_0
  Path Type:              Hold (Min at Fast Process Corner)
  Requirement:            0.000ns  (clk_fpga_0 rise@0.000ns - clk_fpga_0 rise@0.000ns)
  Data Path Delay:        0.384ns  (logic 0.141ns (36.739%)  route 0.243ns (63.261%))
  Logic Levels:           0  
  Clock Path Skew:        0.312ns (DCD - SCD - CPR)
    Destination Clock Delay (DCD):    1.263ns
    Source Clock Delay      (SCD):    0.922ns
    Clock Pessimism Removal (CPR):    0.029ns

    Location             Delay type                Incr(ns)  Path(ns)    Netlist Resource(s)
  -------------------------------------------------------------------    -------------------
                         (clock clk_fpga_0 rise edge)
                                                      0.000     0.000 r  
    PS7_X0Y0             PS7                          0.000     0.000 r  ip_design_i/processing_system7_0/inst/PS7_i/FCLKCLK[0]
                         net (fo=1, routed)           0.315     0.315    ip_design_i/processing_system7_0/inst/FCLK_CLK_unbuffered[0]
    BUFGCTRL_X0Y0        BUFG (Prop_bufg_I_O)         0.026     0.341 r  ip_design_i/processing_system7_0/inst/buffer_fclk_clk_0.FCLK_CLK_0_BUFG/O
                         net (fo=2376, routed)        0.581     0.922    ip_design_i/ps7_0_axi_periph/s00_couplers/auto_pc/inst/gen_axilite.gen_b2s_conv.axilite_b2s/SI_REG/b.b_pipe/aclk
    SLICE_X1Y53          FDRE                                         r  ip_design_i/ps7_0_axi_periph/s00_couplers/auto_pc/inst/gen_axilite.gen_b2s_conv.axilite_b2s/SI_REG/b.b_pipe/m_payload_i_reg[10]/C
  -------------------------------------------------------------------    -------------------
    SLICE_X1Y53          FDRE (Prop_fdre_C_Q)         0.141     1.063 r  ip_design_i/ps7_0_axi_periph/s00_couplers/auto_pc/inst/gen_axilite.gen_b2s_conv.axilite_b2s/SI_REG/b.b_pipe/m_payload_i_reg[10]/Q
                         net (fo=1, routed)           0.243     1.305    ip_design_i/processing_system7_0/inst/M_AXI_GP0_BID[8]
    PS7_X0Y0             PS7                                          r  ip_design_i/processing_system7_0/inst/PS7_i/MAXIGP0BID[8]
  -------------------------------------------------------------------    -------------------

                         (clock clk_fpga_0 rise edge)
                                                      0.000     0.000 r  
    PS7_X0Y0             PS7                          0.000     0.000 r  ip_design_i/processing_system7_0/inst/PS7_i/FCLKCLK[0]
                         net (fo=1, routed)           0.341     0.341    ip_design_i/processing_system7_0/inst/FCLK_CLK_unbuffered[0]
    BUFGCTRL_X0Y0        BUFG (Prop_bufg_I_O)         0.029     0.370 r  ip_design_i/processing_system7_0/inst/buffer_fclk_clk_0.FCLK_CLK_0_BUFG/O
                         net (fo=2376, routed)        0.893     1.263    ip_design_i/processing_system7_0/inst/M_AXI_GP0_ACLK
    PS7_X0Y0             PS7                                          r  ip_design_i/processing_system7_0/inst/PS7_i/MAXIGP0ACLK
                         clock pessimism             -0.029     1.234    
    PS7_X0Y0             PS7 (Hold_ps7_MAXIGP0ACLK_MAXIGP0BID[8])
                                                      0.000     1.234    ip_design_i/processing_system7_0/inst/PS7_i
  -------------------------------------------------------------------
                         required time                         -1.234    
                         arrival time                           1.305    
  -------------------------------------------------------------------
                         slack                                  0.072    

Slack (MET) :             0.073ns  (arrival time - required time)
  Source:                 ip_design_i/axi_gpio_0/U0/ip2bus_data_i_D1_reg[31]/C
                            (rising edge-triggered cell FDRE clocked by clk_fpga_0  {rise@0.000ns fall@5.000ns period=10.000ns})
  Destination:            ip_design_i/axi_gpio_0/U0/AXI_LITE_IPIF_I/I_SLAVE_ATTACHMENT/s_axi_rdata_i_reg[0]/D
                            (rising edge-triggered cell FDRE clocked by clk_fpga_0  {rise@0.000ns fall@5.000ns period=10.000ns})
  Path Group:             clk_fpga_0
  Path Type:              Hold (Min at Fast Process Corner)
  Requirement:            0.000ns  (clk_fpga_0 rise@0.000ns - clk_fpga_0 rise@0.000ns)
  Data Path Delay:        0.431ns  (logic 0.227ns (52.611%)  route 0.204ns (47.389%))
  Logic Levels:           1  (LUT3=1)
  Clock Path Skew:        0.266ns (DCD - SCD - CPR)
    Destination Clock Delay (DCD):    1.202ns
    Source Clock Delay      (SCD):    0.902ns
    Clock Pessimism Removal (CPR):    0.034ns

    Location             Delay type                Incr(ns)  Path(ns)    Netlist Resource(s)
  -------------------------------------------------------------------    -------------------
                         (clock clk_fpga_0 rise edge)
                                                      0.000     0.000 r  
    PS7_X0Y0             PS7                          0.000     0.000 r  ip_design_i/processing_system7_0/inst/PS7_i/FCLKCLK[0]
                         net (fo=1, routed)           0.315     0.315    ip_design_i/processing_system7_0/inst/FCLK_CLK_unbuffered[0]
    BUFGCTRL_X0Y0        BUFG (Prop_bufg_I_O)         0.026     0.341 r  ip_design_i/processing_system7_0/inst/buffer_fclk_clk_0.FCLK_CLK_0_BUFG/O
                         net (fo=2376, routed)        0.561     0.902    ip_design_i/axi_gpio_0/U0/s_axi_aclk
    SLICE_X22Y47         FDRE                                         r  ip_design_i/axi_gpio_0/U0/ip2bus_data_i_D1_reg[31]/C
  -------------------------------------------------------------------    -------------------
    SLICE_X22Y47         FDRE (Prop_fdre_C_Q)         0.128     1.030 r  ip_design_i/axi_gpio_0/U0/ip2bus_data_i_D1_reg[31]/Q
                         net (fo=1, routed)           0.204     1.234    ip_design_i/axi_gpio_0/U0/AXI_LITE_IPIF_I/I_SLAVE_ATTACHMENT/Q[0]
    SLICE_X19Y47         LUT3 (Prop_lut3_I0_O)        0.099     1.333 r  ip_design_i/axi_gpio_0/U0/AXI_LITE_IPIF_I/I_SLAVE_ATTACHMENT/s_axi_rdata_i[0]_i_1/O
                         net (fo=1, routed)           0.000     1.333    ip_design_i/axi_gpio_0/U0/AXI_LITE_IPIF_I/I_SLAVE_ATTACHMENT/s_axi_rdata_i[0]_i_1_n_0
    SLICE_X19Y47         FDRE                                         r  ip_design_i/axi_gpio_0/U0/AXI_LITE_IPIF_I/I_SLAVE_ATTACHMENT/s_axi_rdata_i_reg[0]/D
  -------------------------------------------------------------------    -------------------

                         (clock clk_fpga_0 rise edge)
                                                      0.000     0.000 r  
    PS7_X0Y0             PS7                          0.000     0.000 r  ip_design_i/processing_system7_0/inst/PS7_i/FCLKCLK[0]
                         net (fo=1, routed)           0.341     0.341    ip_design_i/processing_system7_0/inst/FCLK_CLK_unbuffered[0]
    BUFGCTRL_X0Y0        BUFG (Prop_bufg_I_O)         0.029     0.370 r  ip_design_i/processing_system7_0/inst/buffer_fclk_clk_0.FCLK_CLK_0_BUFG/O
                         net (fo=2376, routed)        0.832     1.202    ip_design_i/axi_gpio_0/U0/AXI_LITE_IPIF_I/I_SLAVE_ATTACHMENT/s_axi_aclk
    SLICE_X19Y47         FDRE                                         r  ip_design_i/axi_gpio_0/U0/AXI_LITE_IPIF_I/I_SLAVE_ATTACHMENT/s_axi_rdata_i_reg[0]/C
                         clock pessimism             -0.034     1.168    
    SLICE_X19Y47         FDRE (Hold_fdre_C_D)         0.092     1.260    ip_design_i/axi_gpio_0/U0/AXI_LITE_IPIF_I/I_SLAVE_ATTACHMENT/s_axi_rdata_i_reg[0]
  -------------------------------------------------------------------
                         required time                         -1.260    
                         arrival time                           1.333    
  -------------------------------------------------------------------
                         slack                                  0.073    





Pulse Width Checks
--------------------------------------------------------------------------------------
Clock Name:         clk_fpga_0
Waveform(ns):       { 0.000 5.000 }
Period(ns):         10.000
Sources:            { ip_design_i/processing_system7_0/inst/PS7_i/FCLKCLK[0] }

Check Type        Corner  Lib Pin             Reference Pin  Required(ns)  Actual(ns)  Slack(ns)  Location       Pin
Min Period        n/a     RAMB36E1/CLKARDCLK  n/a            2.576         10.000      7.424      RAMB36_X0Y10   ip_design_i/nco_0/U0/sine_lut_V_U/nco_sine_lut_V_rom_U/q0_reg_0/CLKARDCLK
Min Period        n/a     RAMB36E1/CLKARDCLK  n/a            2.576         10.000      7.424      RAMB36_X0Y11   ip_design_i/nco_0/U0/sine_lut_V_U/nco_sine_lut_V_rom_U/q0_reg_1/CLKARDCLK
Min Period        n/a     BUFG/I              n/a            2.155         10.000      7.845      BUFGCTRL_X0Y0  ip_design_i/processing_system7_0/inst/buffer_fclk_clk_0.FCLK_CLK_0_BUFG/I
Min Period        n/a     FDRE/C              n/a            1.000         10.000      9.000      SLICE_X22Y47   ip_design_i/axi_gpio_0/U0/ip2bus_data_i_D1_reg[0]/C
Min Period        n/a     FDRE/C              n/a            1.000         10.000      9.000      SLICE_X22Y47   ip_design_i/axi_gpio_0/U0/ip2bus_data_i_D1_reg[31]/C
Min Period        n/a     FDRE/C              n/a            1.000         10.000      9.000      SLICE_X21Y46   ip_design_i/axi_gpio_0/U0/ip2bus_rdack_i_D1_reg/C
Min Period        n/a     FDRE/C              n/a            1.000         10.000      9.000      SLICE_X21Y46   ip_design_i/axi_gpio_0/U0/ip2bus_wrack_i_D1_reg/C
Min Period        n/a     FDSE/C              n/a            1.000         10.000      9.000      SLICE_X19Y46   ip_design_i/axi_gpio_0/U0/AXI_LITE_IPIF_I/I_SLAVE_ATTACHMENT/FSM_onehot_state_reg[0]/C
Min Period        n/a     FDRE/C              n/a            1.000         10.000      9.000      SLICE_X18Y46   ip_design_i/axi_gpio_0/U0/AXI_LITE_IPIF_I/I_SLAVE_ATTACHMENT/FSM_onehot_state_reg[1]/C
Min Period        n/a     FDRE/C              n/a            1.000         10.000      9.000      SLICE_X18Y46   ip_design_i/axi_gpio_0/U0/AXI_LITE_IPIF_I/I_SLAVE_ATTACHMENT/FSM_onehot_state_reg[2]/C
Low Pulse Width   Slow    SRLC32E/CLK         n/a            0.980         5.000       4.020      SLICE_X12Y46   ip_design_i/ps7_0_axi_periph/s00_couplers/auto_pc/inst/gen_axilite.gen_b2s_conv.axilite_b2s/RD.r_channel_0/rd_data_fifo_0/memory_reg[31][0]_srl32/CLK
Low Pulse Width   Fast    SRLC32E/CLK         n/a            0.980         5.000       4.020      SLICE_X12Y46   ip_design_i/ps7_0_axi_periph/s00_couplers/auto_pc/inst/gen_axilite.gen_b2s_conv.axilite_b2s/RD.r_channel_0/rd_data_fifo_0/memory_reg[31][0]_srl32/CLK
Low Pulse Width   Slow    SRLC32E/CLK         n/a            0.980         5.000       4.020      SLICE_X8Y46    ip_design_i/ps7_0_axi_periph/s00_couplers/auto_pc/inst/gen_axilite.gen_b2s_conv.axilite_b2s/RD.r_channel_0/rd_data_fifo_0/memory_reg[31][10]_srl32/CLK
Low Pulse Width   Fast    SRLC32E/CLK         n/a            0.980         5.000       4.020      SLICE_X8Y46    ip_design_i/ps7_0_axi_periph/s00_couplers/auto_pc/inst/gen_axilite.gen_b2s_conv.axilite_b2s/RD.r_channel_0/rd_data_fifo_0/memory_reg[31][10]_srl32/CLK
Low Pulse Width   Slow    SRLC32E/CLK         n/a            0.980         5.000       4.020      SLICE_X8Y50    ip_design_i/ps7_0_axi_periph/s00_couplers/auto_pc/inst/gen_axilite.gen_b2s_conv.axilite_b2s/RD.r_channel_0/rd_data_fifo_0/memory_reg[31][11]_srl32/CLK
Low Pulse Width   Fast    SRLC32E/CLK         n/a            0.980         5.000       4.020      SLICE_X8Y50    ip_design_i/ps7_0_axi_periph/s00_couplers/auto_pc/inst/gen_axilite.gen_b2s_conv.axilite_b2s/RD.r_channel_0/rd_data_fifo_0/memory_reg[31][11]_srl32/CLK
Low Pulse Width   Slow    SRLC32E/CLK         n/a            0.980         5.000       4.020      SLICE_X0Y49    ip_design_i/ps7_0_axi_periph/s00_couplers/auto_pc/inst/gen_axilite.gen_b2s_conv.axilite_b2s/RD.r_channel_0/rd_data_fifo_0/memory_reg[31][12]_srl32/CLK
Low Pulse Width   Fast    SRLC32E/CLK         n/a            0.980         5.000       4.020      SLICE_X0Y49    ip_design_i/ps7_0_axi_periph/s00_couplers/auto_pc/inst/gen_axilite.gen_b2s_conv.axilite_b2s/RD.r_channel_0/rd_data_fifo_0/memory_reg[31][12]_srl32/CLK
Low Pulse Width   Slow    SRLC32E/CLK         n/a            0.980         5.000       4.020      SLICE_X8Y48    ip_design_i/ps7_0_axi_periph/s00_couplers/auto_pc/inst/gen_axilite.gen_b2s_conv.axilite_b2s/RD.r_channel_0/rd_data_fifo_0/memory_reg[31][13]_srl32/CLK
Low Pulse Width   Fast    SRLC32E/CLK         n/a            0.980         5.000       4.020      SLICE_X8Y48    ip_design_i/ps7_0_axi_periph/s00_couplers/auto_pc/inst/gen_axilite.gen_b2s_conv.axilite_b2s/RD.r_channel_0/rd_data_fifo_0/memory_reg[31][13]_srl32/CLK
High Pulse Width  Slow    SRLC32E/CLK         n/a            0.980         5.000       4.020      SLICE_X12Y46   ip_design_i/ps7_0_axi_periph/s00_couplers/auto_pc/inst/gen_axilite.gen_b2s_conv.axilite_b2s/RD.r_channel_0/rd_data_fifo_0/memory_reg[31][0]_srl32/CLK
High Pulse Width  Fast    SRLC32E/CLK         n/a            0.980         5.000       4.020      SLICE_X12Y46   ip_design_i/ps7_0_axi_periph/s00_couplers/auto_pc/inst/gen_axilite.gen_b2s_conv.axilite_b2s/RD.r_channel_0/rd_data_fifo_0/memory_reg[31][0]_srl32/CLK
High Pulse Width  Slow    SRLC32E/CLK         n/a            0.980         5.000       4.020      SLICE_X8Y46    ip_design_i/ps7_0_axi_periph/s00_couplers/auto_pc/inst/gen_axilite.gen_b2s_conv.axilite_b2s/RD.r_channel_0/rd_data_fifo_0/memory_reg[31][10]_srl32/CLK
High Pulse Width  Fast    SRLC32E/CLK         n/a            0.980         5.000       4.020      SLICE_X8Y46    ip_design_i/ps7_0_axi_periph/s00_couplers/auto_pc/inst/gen_axilite.gen_b2s_conv.axilite_b2s/RD.r_channel_0/rd_data_fifo_0/memory_reg[31][10]_srl32/CLK
High Pulse Width  Slow    SRLC32E/CLK         n/a            0.980         5.000       4.020      SLICE_X8Y50    ip_design_i/ps7_0_axi_periph/s00_couplers/auto_pc/inst/gen_axilite.gen_b2s_conv.axilite_b2s/RD.r_channel_0/rd_data_fifo_0/memory_reg[31][11]_srl32/CLK
High Pulse Width  Fast    SRLC32E/CLK         n/a            0.980         5.000       4.020      SLICE_X8Y50    ip_design_i/ps7_0_axi_periph/s00_couplers/auto_pc/inst/gen_axilite.gen_b2s_conv.axilite_b2s/RD.r_channel_0/rd_data_fifo_0/memory_reg[31][11]_srl32/CLK
High Pulse Width  Slow    SRLC32E/CLK         n/a            0.980         5.000       4.020      SLICE_X0Y49    ip_design_i/ps7_0_axi_periph/s00_couplers/auto_pc/inst/gen_axilite.gen_b2s_conv.axilite_b2s/RD.r_channel_0/rd_data_fifo_0/memory_reg[31][12]_srl32/CLK
High Pulse Width  Fast    SRLC32E/CLK         n/a            0.980         5.000       4.020      SLICE_X0Y49    ip_design_i/ps7_0_axi_periph/s00_couplers/auto_pc/inst/gen_axilite.gen_b2s_conv.axilite_b2s/RD.r_channel_0/rd_data_fifo_0/memory_reg[31][12]_srl32/CLK
High Pulse Width  Slow    SRLC32E/CLK         n/a            0.980         5.000       4.020      SLICE_X8Y48    ip_design_i/ps7_0_axi_periph/s00_couplers/auto_pc/inst/gen_axilite.gen_b2s_conv.axilite_b2s/RD.r_channel_0/rd_data_fifo_0/memory_reg[31][13]_srl32/CLK
High Pulse Width  Fast    SRLC32E/CLK         n/a            0.980         5.000       4.020      SLICE_X8Y48    ip_design_i/ps7_0_axi_periph/s00_couplers/auto_pc/inst/gen_axilite.gen_b2s_conv.axilite_b2s/RD.r_channel_0/rd_data_fifo_0/memory_reg[31][13]_srl32/CLK



---------------------------------------------------------------------------------------------------
From Clock:  clk_fpga_1
  To Clock:  clk_fpga_1

Setup :           NA  Failing Endpoints,  Worst Slack           NA  ,  Total Violation           NA
Hold  :           NA  Failing Endpoints,  Worst Slack           NA  ,  Total Violation           NA
PW    :            0  Failing Endpoints,  Worst Slack       78.845ns,  Total Violation        0.000ns
---------------------------------------------------------------------------------------------------


Pulse Width Checks
--------------------------------------------------------------------------------------
Clock Name:         clk_fpga_1
Waveform(ns):       { 0.000 40.500 }
Period(ns):         81.000
Sources:            { ip_design_i/processing_system7_0/inst/PS7_i/FCLKCLK[1] }

Check Type  Corner  Lib Pin  Reference Pin  Required(ns)  Actual(ns)  Slack(ns)  Location       Pin
Min Period  n/a     BUFG/I   n/a            2.155         81.000      78.845     BUFGCTRL_X0Y1  ip_design_i/processing_system7_0/inst/buffer_fclk_clk_1.FCLK_CLK_1_BUFG/I



---------------------------------------------------------------------------------------------------
Path Group:  **async_default**
From Clock:  clk_fpga_0
  To Clock:  clk_fpga_0

Setup :           42  Failing Endpoints,  Worst Slack       -1.416ns,  Total Violation      -34.838ns
Hold  :            0  Failing Endpoints,  Worst Slack        0.732ns,  Total Violation        0.000ns
---------------------------------------------------------------------------------------------------


Max Delay Paths
--------------------------------------------------------------------------------------
Slack (VIOLATED) :        -1.416ns  (required time - arrival time)
  Source:                 ip_design_i/rst_ps7_0_100M/U0/ACTIVE_LOW_PR_OUT_DFF[0].FDRE_PER_N/C
                            (rising edge-triggered cell FDRE clocked by clk_fpga_0  {rise@0.000ns fall@5.000ns period=10.000ns})
  Destination:            ip_design_i/lms_pcore_0/U0/u_lms_pcore_dut_inst/u_LMS/weight_reg[4][10]/CLR
                            (recovery check against rising-edge clock clk_fpga_0  {rise@0.000ns fall@5.000ns period=10.000ns})
  Path Group:             **async_default**
  Path Type:              Recovery (Max at Slow Process Corner)
  Requirement:            10.000ns  (clk_fpga_0 rise@10.000ns - clk_fpga_0 rise@0.000ns)
  Data Path Delay:        10.694ns  (logic 0.580ns (5.424%)  route 10.114ns (94.576%))
  Logic Levels:           1  (LUT2=1)
  Clock Path Skew:        -0.163ns (DCD - SCD + CPR)
    Destination Clock Delay (DCD):    2.687ns = ( 12.688 - 10.000 ) 
    Source Clock Delay      (SCD):    2.966ns
    Clock Pessimism Removal (CPR):    0.116ns
  Clock Uncertainty:      0.154ns  ((TSJ^2 + TIJ^2)^1/2 + DJ) / 2 + PE
    Total System Jitter     (TSJ):    0.071ns
    Total Input Jitter      (TIJ):    0.300ns
    Discrete Jitter          (DJ):    0.000ns
    Phase Error              (PE):    0.000ns

    Location             Delay type                Incr(ns)  Path(ns)    Netlist Resource(s)
  -------------------------------------------------------------------    -------------------
                         (clock clk_fpga_0 rise edge)
                                                      0.000     0.000 r  
    PS7_X0Y0             PS7                          0.000     0.000 r  ip_design_i/processing_system7_0/inst/PS7_i/FCLKCLK[0]
                         net (fo=1, routed)           1.207     1.207    ip_design_i/processing_system7_0/inst/FCLK_CLK_unbuffered[0]
    BUFGCTRL_X0Y0        BUFG (Prop_bufg_I_O)         0.101     1.308 r  ip_design_i/processing_system7_0/inst/buffer_fclk_clk_0.FCLK_CLK_0_BUFG/O
                         net (fo=2376, routed)        1.658     2.966    ip_design_i/rst_ps7_0_100M/U0/slowest_sync_clk
    SLICE_X22Y55         FDRE                                         r  ip_design_i/rst_ps7_0_100M/U0/ACTIVE_LOW_PR_OUT_DFF[0].FDRE_PER_N/C
  -------------------------------------------------------------------    -------------------
    SLICE_X22Y55         FDRE (Prop_fdre_C_Q)         0.456     3.422 r  ip_design_i/rst_ps7_0_100M/U0/ACTIVE_LOW_PR_OUT_DFF[0].FDRE_PER_N/Q
                         net (fo=21, routed)          1.407     4.829    ip_design_i/lms_pcore_0/U0/u_lms_pcore_axi_lite_inst/u_lms_pcore_axi_lite_module_inst/AXI4_Lite_ARESETN
    SLICE_X13Y45         LUT2 (Prop_lut2_I0_O)        0.124     4.953 f  ip_design_i/lms_pcore_0/U0/u_lms_pcore_axi_lite_inst/u_lms_pcore_axi_lite_module_inst/FSM_onehot_cp_controller_cpstate[2]_i_2/O
                         net (fo=874, routed)         8.708    13.660    ip_design_i/lms_pcore_0/U0/u_lms_pcore_dut_inst/u_LMS/reset
    SLICE_X33Y13         FDCE                                         f  ip_design_i/lms_pcore_0/U0/u_lms_pcore_dut_inst/u_LMS/weight_reg[4][10]/CLR
  -------------------------------------------------------------------    -------------------

                         (clock clk_fpga_0 rise edge)
                                                     10.000    10.000 r  
    PS7_X0Y0             PS7                          0.000    10.000 r  ip_design_i/processing_system7_0/inst/PS7_i/FCLKCLK[0]
                         net (fo=1, routed)           1.101    11.101    ip_design_i/processing_system7_0/inst/FCLK_CLK_unbuffered[0]
    BUFGCTRL_X0Y0        BUFG (Prop_bufg_I_O)         0.091    11.192 r  ip_design_i/processing_system7_0/inst/buffer_fclk_clk_0.FCLK_CLK_0_BUFG/O
                         net (fo=2376, routed)        1.495    12.687    ip_design_i/lms_pcore_0/U0/u_lms_pcore_dut_inst/u_LMS/IPCORE_CLK
    SLICE_X33Y13         FDCE                                         r  ip_design_i/lms_pcore_0/U0/u_lms_pcore_dut_inst/u_LMS/weight_reg[4][10]/C
                         clock pessimism              0.116    12.803    
                         clock uncertainty           -0.154    12.649    
    SLICE_X33Y13         FDCE (Recov_fdce_C_CLR)     -0.405    12.244    ip_design_i/lms_pcore_0/U0/u_lms_pcore_dut_inst/u_LMS/weight_reg[4][10]
  -------------------------------------------------------------------
                         required time                         12.244    
                         arrival time                         -13.660    
  -------------------------------------------------------------------
                         slack                                 -1.416    

Slack (VIOLATED) :        -1.416ns  (required time - arrival time)
  Source:                 ip_design_i/rst_ps7_0_100M/U0/ACTIVE_LOW_PR_OUT_DFF[0].FDRE_PER_N/C
                            (rising edge-triggered cell FDRE clocked by clk_fpga_0  {rise@0.000ns fall@5.000ns period=10.000ns})
  Destination:            ip_design_i/lms_pcore_0/U0/u_lms_pcore_dut_inst/u_LMS/weight_reg[4][7]/CLR
                            (recovery check against rising-edge clock clk_fpga_0  {rise@0.000ns fall@5.000ns period=10.000ns})
  Path Group:             **async_default**
  Path Type:              Recovery (Max at Slow Process Corner)
  Requirement:            10.000ns  (clk_fpga_0 rise@10.000ns - clk_fpga_0 rise@0.000ns)
  Data Path Delay:        10.694ns  (logic 0.580ns (5.424%)  route 10.114ns (94.576%))
  Logic Levels:           1  (LUT2=1)
  Clock Path Skew:        -0.163ns (DCD - SCD + CPR)
    Destination Clock Delay (DCD):    2.687ns = ( 12.688 - 10.000 ) 
    Source Clock Delay      (SCD):    2.966ns
    Clock Pessimism Removal (CPR):    0.116ns
  Clock Uncertainty:      0.154ns  ((TSJ^2 + TIJ^2)^1/2 + DJ) / 2 + PE
    Total System Jitter     (TSJ):    0.071ns
    Total Input Jitter      (TIJ):    0.300ns
    Discrete Jitter          (DJ):    0.000ns
    Phase Error              (PE):    0.000ns

    Location             Delay type                Incr(ns)  Path(ns)    Netlist Resource(s)
  -------------------------------------------------------------------    -------------------
                         (clock clk_fpga_0 rise edge)
                                                      0.000     0.000 r  
    PS7_X0Y0             PS7                          0.000     0.000 r  ip_design_i/processing_system7_0/inst/PS7_i/FCLKCLK[0]
                         net (fo=1, routed)           1.207     1.207    ip_design_i/processing_system7_0/inst/FCLK_CLK_unbuffered[0]
    BUFGCTRL_X0Y0        BUFG (Prop_bufg_I_O)         0.101     1.308 r  ip_design_i/processing_system7_0/inst/buffer_fclk_clk_0.FCLK_CLK_0_BUFG/O
                         net (fo=2376, routed)        1.658     2.966    ip_design_i/rst_ps7_0_100M/U0/slowest_sync_clk
    SLICE_X22Y55         FDRE                                         r  ip_design_i/rst_ps7_0_100M/U0/ACTIVE_LOW_PR_OUT_DFF[0].FDRE_PER_N/C
  -------------------------------------------------------------------    -------------------
    SLICE_X22Y55         FDRE (Prop_fdre_C_Q)         0.456     3.422 r  ip_design_i/rst_ps7_0_100M/U0/ACTIVE_LOW_PR_OUT_DFF[0].FDRE_PER_N/Q
                         net (fo=21, routed)          1.407     4.829    ip_design_i/lms_pcore_0/U0/u_lms_pcore_axi_lite_inst/u_lms_pcore_axi_lite_module_inst/AXI4_Lite_ARESETN
    SLICE_X13Y45         LUT2 (Prop_lut2_I0_O)        0.124     4.953 f  ip_design_i/lms_pcore_0/U0/u_lms_pcore_axi_lite_inst/u_lms_pcore_axi_lite_module_inst/FSM_onehot_cp_controller_cpstate[2]_i_2/O
                         net (fo=874, routed)         8.708    13.660    ip_design_i/lms_pcore_0/U0/u_lms_pcore_dut_inst/u_LMS/reset
    SLICE_X33Y13         FDCE                                         f  ip_design_i/lms_pcore_0/U0/u_lms_pcore_dut_inst/u_LMS/weight_reg[4][7]/CLR
  -------------------------------------------------------------------    -------------------

                         (clock clk_fpga_0 rise edge)
                                                     10.000    10.000 r  
    PS7_X0Y0             PS7                          0.000    10.000 r  ip_design_i/processing_system7_0/inst/PS7_i/FCLKCLK[0]
                         net (fo=1, routed)           1.101    11.101    ip_design_i/processing_system7_0/inst/FCLK_CLK_unbuffered[0]
    BUFGCTRL_X0Y0        BUFG (Prop_bufg_I_O)         0.091    11.192 r  ip_design_i/processing_system7_0/inst/buffer_fclk_clk_0.FCLK_CLK_0_BUFG/O
                         net (fo=2376, routed)        1.495    12.687    ip_design_i/lms_pcore_0/U0/u_lms_pcore_dut_inst/u_LMS/IPCORE_CLK
    SLICE_X33Y13         FDCE                                         r  ip_design_i/lms_pcore_0/U0/u_lms_pcore_dut_inst/u_LMS/weight_reg[4][7]/C
                         clock pessimism              0.116    12.803    
                         clock uncertainty           -0.154    12.649    
    SLICE_X33Y13         FDCE (Recov_fdce_C_CLR)     -0.405    12.244    ip_design_i/lms_pcore_0/U0/u_lms_pcore_dut_inst/u_LMS/weight_reg[4][7]
  -------------------------------------------------------------------
                         required time                         12.244    
                         arrival time                         -13.660    
  -------------------------------------------------------------------
                         slack                                 -1.416    

Slack (VIOLATED) :        -1.376ns  (required time - arrival time)
  Source:                 ip_design_i/rst_ps7_0_100M/U0/ACTIVE_LOW_PR_OUT_DFF[0].FDRE_PER_N/C
                            (rising edge-triggered cell FDRE clocked by clk_fpga_0  {rise@0.000ns fall@5.000ns period=10.000ns})
  Destination:            ip_design_i/lms_pcore_0/U0/u_lms_pcore_dut_inst/u_LMS/data_pipeline_tmp_reg[12][0]_replica_1/CLR
                            (recovery check against rising-edge clock clk_fpga_0  {rise@0.000ns fall@5.000ns period=10.000ns})
  Path Group:             **async_default**
  Path Type:              Recovery (Max at Slow Process Corner)
  Requirement:            10.000ns  (clk_fpga_0 rise@10.000ns - clk_fpga_0 rise@0.000ns)
  Data Path Delay:        10.653ns  (logic 0.580ns (5.445%)  route 10.073ns (94.555%))
  Logic Levels:           1  (LUT2=1)
  Clock Path Skew:        -0.164ns (DCD - SCD + CPR)
    Destination Clock Delay (DCD):    2.686ns = ( 12.686 - 10.000 ) 
    Source Clock Delay      (SCD):    2.966ns
    Clock Pessimism Removal (CPR):    0.116ns
  Clock Uncertainty:      0.154ns  ((TSJ^2 + TIJ^2)^1/2 + DJ) / 2 + PE
    Total System Jitter     (TSJ):    0.071ns
    Total Input Jitter      (TIJ):    0.300ns
    Discrete Jitter          (DJ):    0.000ns
    Phase Error              (PE):    0.000ns

    Location             Delay type                Incr(ns)  Path(ns)    Netlist Resource(s)
  -------------------------------------------------------------------    -------------------
                         (clock clk_fpga_0 rise edge)
                                                      0.000     0.000 r  
    PS7_X0Y0             PS7                          0.000     0.000 r  ip_design_i/processing_system7_0/inst/PS7_i/FCLKCLK[0]
                         net (fo=1, routed)           1.207     1.207    ip_design_i/processing_system7_0/inst/FCLK_CLK_unbuffered[0]
    BUFGCTRL_X0Y0        BUFG (Prop_bufg_I_O)         0.101     1.308 r  ip_design_i/processing_system7_0/inst/buffer_fclk_clk_0.FCLK_CLK_0_BUFG/O
                         net (fo=2376, routed)        1.658     2.966    ip_design_i/rst_ps7_0_100M/U0/slowest_sync_clk
    SLICE_X22Y55         FDRE                                         r  ip_design_i/rst_ps7_0_100M/U0/ACTIVE_LOW_PR_OUT_DFF[0].FDRE_PER_N/C
  -------------------------------------------------------------------    -------------------
    SLICE_X22Y55         FDRE (Prop_fdre_C_Q)         0.456     3.422 r  ip_design_i/rst_ps7_0_100M/U0/ACTIVE_LOW_PR_OUT_DFF[0].FDRE_PER_N/Q
                         net (fo=21, routed)          1.407     4.829    ip_design_i/lms_pcore_0/U0/u_lms_pcore_axi_lite_inst/u_lms_pcore_axi_lite_module_inst/AXI4_Lite_ARESETN
    SLICE_X13Y45         LUT2 (Prop_lut2_I0_O)        0.124     4.953 f  ip_design_i/lms_pcore_0/U0/u_lms_pcore_axi_lite_inst/u_lms_pcore_axi_lite_module_inst/FSM_onehot_cp_controller_cpstate[2]_i_2/O
                         net (fo=874, routed)         8.666    13.619    ip_design_i/lms_pcore_0/U0/u_lms_pcore_dut_inst/u_LMS/reset
    SLICE_X33Y15         FDCE                                         f  ip_design_i/lms_pcore_0/U0/u_lms_pcore_dut_inst/u_LMS/data_pipeline_tmp_reg[12][0]_replica_1/CLR
  -------------------------------------------------------------------    -------------------

                         (clock clk_fpga_0 rise edge)
                                                     10.000    10.000 r  
    PS7_X0Y0             PS7                          0.000    10.000 r  ip_design_i/processing_system7_0/inst/PS7_i/FCLKCLK[0]
                         net (fo=1, routed)           1.101    11.101    ip_design_i/processing_system7_0/inst/FCLK_CLK_unbuffered[0]
    BUFGCTRL_X0Y0        BUFG (Prop_bufg_I_O)         0.091    11.192 r  ip_design_i/processing_system7_0/inst/buffer_fclk_clk_0.FCLK_CLK_0_BUFG/O
                         net (fo=2376, routed)        1.494    12.686    ip_design_i/lms_pcore_0/U0/u_lms_pcore_dut_inst/u_LMS/IPCORE_CLK
    SLICE_X33Y15         FDCE                                         r  ip_design_i/lms_pcore_0/U0/u_lms_pcore_dut_inst/u_LMS/data_pipeline_tmp_reg[12][0]_replica_1/C
                         clock pessimism              0.116    12.802    
                         clock uncertainty           -0.154    12.648    
    SLICE_X33Y15         FDCE (Recov_fdce_C_CLR)     -0.405    12.243    ip_design_i/lms_pcore_0/U0/u_lms_pcore_dut_inst/u_LMS/data_pipeline_tmp_reg[12][0]_replica_1
  -------------------------------------------------------------------
                         required time                         12.243    
                         arrival time                         -13.619    
  -------------------------------------------------------------------
                         slack                                 -1.376    

Slack (VIOLATED) :        -1.376ns  (required time - arrival time)
  Source:                 ip_design_i/rst_ps7_0_100M/U0/ACTIVE_LOW_PR_OUT_DFF[0].FDRE_PER_N/C
                            (rising edge-triggered cell FDRE clocked by clk_fpga_0  {rise@0.000ns fall@5.000ns period=10.000ns})
  Destination:            ip_design_i/lms_pcore_0/U0/u_lms_pcore_dut_inst/u_LMS/data_pipeline_tmp_reg[12][1]_replica_1/CLR
                            (recovery check against rising-edge clock clk_fpga_0  {rise@0.000ns fall@5.000ns period=10.000ns})
  Path Group:             **async_default**
  Path Type:              Recovery (Max at Slow Process Corner)
  Requirement:            10.000ns  (clk_fpga_0 rise@10.000ns - clk_fpga_0 rise@0.000ns)
  Data Path Delay:        10.653ns  (logic 0.580ns (5.445%)  route 10.073ns (94.555%))
  Logic Levels:           1  (LUT2=1)
  Clock Path Skew:        -0.164ns (DCD - SCD + CPR)
    Destination Clock Delay (DCD):    2.686ns = ( 12.686 - 10.000 ) 
    Source Clock Delay      (SCD):    2.966ns
    Clock Pessimism Removal (CPR):    0.116ns
  Clock Uncertainty:      0.154ns  ((TSJ^2 + TIJ^2)^1/2 + DJ) / 2 + PE
    Total System Jitter     (TSJ):    0.071ns
    Total Input Jitter      (TIJ):    0.300ns
    Discrete Jitter          (DJ):    0.000ns
    Phase Error              (PE):    0.000ns

    Location             Delay type                Incr(ns)  Path(ns)    Netlist Resource(s)
  -------------------------------------------------------------------    -------------------
                         (clock clk_fpga_0 rise edge)
                                                      0.000     0.000 r  
    PS7_X0Y0             PS7                          0.000     0.000 r  ip_design_i/processing_system7_0/inst/PS7_i/FCLKCLK[0]
                         net (fo=1, routed)           1.207     1.207    ip_design_i/processing_system7_0/inst/FCLK_CLK_unbuffered[0]
    BUFGCTRL_X0Y0        BUFG (Prop_bufg_I_O)         0.101     1.308 r  ip_design_i/processing_system7_0/inst/buffer_fclk_clk_0.FCLK_CLK_0_BUFG/O
                         net (fo=2376, routed)        1.658     2.966    ip_design_i/rst_ps7_0_100M/U0/slowest_sync_clk
    SLICE_X22Y55         FDRE                                         r  ip_design_i/rst_ps7_0_100M/U0/ACTIVE_LOW_PR_OUT_DFF[0].FDRE_PER_N/C
  -------------------------------------------------------------------    -------------------
    SLICE_X22Y55         FDRE (Prop_fdre_C_Q)         0.456     3.422 r  ip_design_i/rst_ps7_0_100M/U0/ACTIVE_LOW_PR_OUT_DFF[0].FDRE_PER_N/Q
                         net (fo=21, routed)          1.407     4.829    ip_design_i/lms_pcore_0/U0/u_lms_pcore_axi_lite_inst/u_lms_pcore_axi_lite_module_inst/AXI4_Lite_ARESETN
    SLICE_X13Y45         LUT2 (Prop_lut2_I0_O)        0.124     4.953 f  ip_design_i/lms_pcore_0/U0/u_lms_pcore_axi_lite_inst/u_lms_pcore_axi_lite_module_inst/FSM_onehot_cp_controller_cpstate[2]_i_2/O
                         net (fo=874, routed)         8.666    13.619    ip_design_i/lms_pcore_0/U0/u_lms_pcore_dut_inst/u_LMS/reset
    SLICE_X33Y15         FDCE                                         f  ip_design_i/lms_pcore_0/U0/u_lms_pcore_dut_inst/u_LMS/data_pipeline_tmp_reg[12][1]_replica_1/CLR
  -------------------------------------------------------------------    -------------------

                         (clock clk_fpga_0 rise edge)
                                                     10.000    10.000 r  
    PS7_X0Y0             PS7                          0.000    10.000 r  ip_design_i/processing_system7_0/inst/PS7_i/FCLKCLK[0]
                         net (fo=1, routed)           1.101    11.101    ip_design_i/processing_system7_0/inst/FCLK_CLK_unbuffered[0]
    BUFGCTRL_X0Y0        BUFG (Prop_bufg_I_O)         0.091    11.192 r  ip_design_i/processing_system7_0/inst/buffer_fclk_clk_0.FCLK_CLK_0_BUFG/O
                         net (fo=2376, routed)        1.494    12.686    ip_design_i/lms_pcore_0/U0/u_lms_pcore_dut_inst/u_LMS/IPCORE_CLK
    SLICE_X33Y15         FDCE                                         r  ip_design_i/lms_pcore_0/U0/u_lms_pcore_dut_inst/u_LMS/data_pipeline_tmp_reg[12][1]_replica_1/C
                         clock pessimism              0.116    12.802    
                         clock uncertainty           -0.154    12.648    
    SLICE_X33Y15         FDCE (Recov_fdce_C_CLR)     -0.405    12.243    ip_design_i/lms_pcore_0/U0/u_lms_pcore_dut_inst/u_LMS/data_pipeline_tmp_reg[12][1]_replica_1
  -------------------------------------------------------------------
                         required time                         12.243    
                         arrival time                         -13.619    
  -------------------------------------------------------------------
                         slack                                 -1.376    

Slack (VIOLATED) :        -1.376ns  (required time - arrival time)
  Source:                 ip_design_i/rst_ps7_0_100M/U0/ACTIVE_LOW_PR_OUT_DFF[0].FDRE_PER_N/C
                            (rising edge-triggered cell FDRE clocked by clk_fpga_0  {rise@0.000ns fall@5.000ns period=10.000ns})
  Destination:            ip_design_i/lms_pcore_0/U0/u_lms_pcore_dut_inst/u_LMS/data_pipeline_tmp_reg[12][2]_replica_1/CLR
                            (recovery check against rising-edge clock clk_fpga_0  {rise@0.000ns fall@5.000ns period=10.000ns})
  Path Group:             **async_default**
  Path Type:              Recovery (Max at Slow Process Corner)
  Requirement:            10.000ns  (clk_fpga_0 rise@10.000ns - clk_fpga_0 rise@0.000ns)
  Data Path Delay:        10.653ns  (logic 0.580ns (5.445%)  route 10.073ns (94.555%))
  Logic Levels:           1  (LUT2=1)
  Clock Path Skew:        -0.164ns (DCD - SCD + CPR)
    Destination Clock Delay (DCD):    2.686ns = ( 12.686 - 10.000 ) 
    Source Clock Delay      (SCD):    2.966ns
    Clock Pessimism Removal (CPR):    0.116ns
  Clock Uncertainty:      0.154ns  ((TSJ^2 + TIJ^2)^1/2 + DJ) / 2 + PE
    Total System Jitter     (TSJ):    0.071ns
    Total Input Jitter      (TIJ):    0.300ns
    Discrete Jitter          (DJ):    0.000ns
    Phase Error              (PE):    0.000ns

    Location             Delay type                Incr(ns)  Path(ns)    Netlist Resource(s)
  -------------------------------------------------------------------    -------------------
                         (clock clk_fpga_0 rise edge)
                                                      0.000     0.000 r  
    PS7_X0Y0             PS7                          0.000     0.000 r  ip_design_i/processing_system7_0/inst/PS7_i/FCLKCLK[0]
                         net (fo=1, routed)           1.207     1.207    ip_design_i/processing_system7_0/inst/FCLK_CLK_unbuffered[0]
    BUFGCTRL_X0Y0        BUFG (Prop_bufg_I_O)         0.101     1.308 r  ip_design_i/processing_system7_0/inst/buffer_fclk_clk_0.FCLK_CLK_0_BUFG/O
                         net (fo=2376, routed)        1.658     2.966    ip_design_i/rst_ps7_0_100M/U0/slowest_sync_clk
    SLICE_X22Y55         FDRE                                         r  ip_design_i/rst_ps7_0_100M/U0/ACTIVE_LOW_PR_OUT_DFF[0].FDRE_PER_N/C
  -------------------------------------------------------------------    -------------------
    SLICE_X22Y55         FDRE (Prop_fdre_C_Q)         0.456     3.422 r  ip_design_i/rst_ps7_0_100M/U0/ACTIVE_LOW_PR_OUT_DFF[0].FDRE_PER_N/Q
                         net (fo=21, routed)          1.407     4.829    ip_design_i/lms_pcore_0/U0/u_lms_pcore_axi_lite_inst/u_lms_pcore_axi_lite_module_inst/AXI4_Lite_ARESETN
    SLICE_X13Y45         LUT2 (Prop_lut2_I0_O)        0.124     4.953 f  ip_design_i/lms_pcore_0/U0/u_lms_pcore_axi_lite_inst/u_lms_pcore_axi_lite_module_inst/FSM_onehot_cp_controller_cpstate[2]_i_2/O
                         net (fo=874, routed)         8.666    13.619    ip_design_i/lms_pcore_0/U0/u_lms_pcore_dut_inst/u_LMS/reset
    SLICE_X33Y15         FDCE                                         f  ip_design_i/lms_pcore_0/U0/u_lms_pcore_dut_inst/u_LMS/data_pipeline_tmp_reg[12][2]_replica_1/CLR
  -------------------------------------------------------------------    -------------------

                         (clock clk_fpga_0 rise edge)
                                                     10.000    10.000 r  
    PS7_X0Y0             PS7                          0.000    10.000 r  ip_design_i/processing_system7_0/inst/PS7_i/FCLKCLK[0]
                         net (fo=1, routed)           1.101    11.101    ip_design_i/processing_system7_0/inst/FCLK_CLK_unbuffered[0]
    BUFGCTRL_X0Y0        BUFG (Prop_bufg_I_O)         0.091    11.192 r  ip_design_i/processing_system7_0/inst/buffer_fclk_clk_0.FCLK_CLK_0_BUFG/O
                         net (fo=2376, routed)        1.494    12.686    ip_design_i/lms_pcore_0/U0/u_lms_pcore_dut_inst/u_LMS/IPCORE_CLK
    SLICE_X33Y15         FDCE                                         r  ip_design_i/lms_pcore_0/U0/u_lms_pcore_dut_inst/u_LMS/data_pipeline_tmp_reg[12][2]_replica_1/C
                         clock pessimism              0.116    12.802    
                         clock uncertainty           -0.154    12.648    
    SLICE_X33Y15         FDCE (Recov_fdce_C_CLR)     -0.405    12.243    ip_design_i/lms_pcore_0/U0/u_lms_pcore_dut_inst/u_LMS/data_pipeline_tmp_reg[12][2]_replica_1
  -------------------------------------------------------------------
                         required time                         12.243    
                         arrival time                         -13.619    
  -------------------------------------------------------------------
                         slack                                 -1.376    

Slack (VIOLATED) :        -1.332ns  (required time - arrival time)
  Source:                 ip_design_i/rst_ps7_0_100M/U0/ACTIVE_LOW_PR_OUT_DFF[0].FDRE_PER_N/C
                            (rising edge-triggered cell FDRE clocked by clk_fpga_0  {rise@0.000ns fall@5.000ns period=10.000ns})
  Destination:            ip_design_i/lms_pcore_0/U0/u_lms_pcore_dut_inst/u_LMS/weight_reg[4][9]/CLR
                            (recovery check against rising-edge clock clk_fpga_0  {rise@0.000ns fall@5.000ns period=10.000ns})
  Path Group:             **async_default**
  Path Type:              Recovery (Max at Slow Process Corner)
  Requirement:            10.000ns  (clk_fpga_0 rise@10.000ns - clk_fpga_0 rise@0.000ns)
  Data Path Delay:        10.653ns  (logic 0.580ns (5.445%)  route 10.073ns (94.555%))
  Logic Levels:           1  (LUT2=1)
  Clock Path Skew:        -0.164ns (DCD - SCD + CPR)
    Destination Clock Delay (DCD):    2.686ns = ( 12.686 - 10.000 ) 
    Source Clock Delay      (SCD):    2.966ns
    Clock Pessimism Removal (CPR):    0.116ns
  Clock Uncertainty:      0.154ns  ((TSJ^2 + TIJ^2)^1/2 + DJ) / 2 + PE
    Total System Jitter     (TSJ):    0.071ns
    Total Input Jitter      (TIJ):    0.300ns
    Discrete Jitter          (DJ):    0.000ns
    Phase Error              (PE):    0.000ns

    Location             Delay type                Incr(ns)  Path(ns)    Netlist Resource(s)
  -------------------------------------------------------------------    -------------------
                         (clock clk_fpga_0 rise edge)
                                                      0.000     0.000 r  
    PS7_X0Y0             PS7                          0.000     0.000 r  ip_design_i/processing_system7_0/inst/PS7_i/FCLKCLK[0]
                         net (fo=1, routed)           1.207     1.207    ip_design_i/processing_system7_0/inst/FCLK_CLK_unbuffered[0]
    BUFGCTRL_X0Y0        BUFG (Prop_bufg_I_O)         0.101     1.308 r  ip_design_i/processing_system7_0/inst/buffer_fclk_clk_0.FCLK_CLK_0_BUFG/O
                         net (fo=2376, routed)        1.658     2.966    ip_design_i/rst_ps7_0_100M/U0/slowest_sync_clk
    SLICE_X22Y55         FDRE                                         r  ip_design_i/rst_ps7_0_100M/U0/ACTIVE_LOW_PR_OUT_DFF[0].FDRE_PER_N/C
  -------------------------------------------------------------------    -------------------
    SLICE_X22Y55         FDRE (Prop_fdre_C_Q)         0.456     3.422 r  ip_design_i/rst_ps7_0_100M/U0/ACTIVE_LOW_PR_OUT_DFF[0].FDRE_PER_N/Q
                         net (fo=21, routed)          1.407     4.829    ip_design_i/lms_pcore_0/U0/u_lms_pcore_axi_lite_inst/u_lms_pcore_axi_lite_module_inst/AXI4_Lite_ARESETN
    SLICE_X13Y45         LUT2 (Prop_lut2_I0_O)        0.124     4.953 f  ip_design_i/lms_pcore_0/U0/u_lms_pcore_axi_lite_inst/u_lms_pcore_axi_lite_module_inst/FSM_onehot_cp_controller_cpstate[2]_i_2/O
                         net (fo=874, routed)         8.666    13.619    ip_design_i/lms_pcore_0/U0/u_lms_pcore_dut_inst/u_LMS/reset
    SLICE_X32Y15         FDCE                                         f  ip_design_i/lms_pcore_0/U0/u_lms_pcore_dut_inst/u_LMS/weight_reg[4][9]/CLR
  -------------------------------------------------------------------    -------------------

                         (clock clk_fpga_0 rise edge)
                                                     10.000    10.000 r  
    PS7_X0Y0             PS7                          0.000    10.000 r  ip_design_i/processing_system7_0/inst/PS7_i/FCLKCLK[0]
                         net (fo=1, routed)           1.101    11.101    ip_design_i/processing_system7_0/inst/FCLK_CLK_unbuffered[0]
    BUFGCTRL_X0Y0        BUFG (Prop_bufg_I_O)         0.091    11.192 r  ip_design_i/processing_system7_0/inst/buffer_fclk_clk_0.FCLK_CLK_0_BUFG/O
                         net (fo=2376, routed)        1.494    12.686    ip_design_i/lms_pcore_0/U0/u_lms_pcore_dut_inst/u_LMS/IPCORE_CLK
    SLICE_X32Y15         FDCE                                         r  ip_design_i/lms_pcore_0/U0/u_lms_pcore_dut_inst/u_LMS/weight_reg[4][9]/C
                         clock pessimism              0.116    12.802    
                         clock uncertainty           -0.154    12.648    
    SLICE_X32Y15         FDCE (Recov_fdce_C_CLR)     -0.361    12.287    ip_design_i/lms_pcore_0/U0/u_lms_pcore_dut_inst/u_LMS/weight_reg[4][9]
  -------------------------------------------------------------------
                         required time                         12.287    
                         arrival time                         -13.619    
  -------------------------------------------------------------------
                         slack                                 -1.332    

Slack (VIOLATED) :        -1.330ns  (required time - arrival time)
  Source:                 ip_design_i/rst_ps7_0_100M/U0/ACTIVE_LOW_PR_OUT_DFF[0].FDRE_PER_N/C
                            (rising edge-triggered cell FDRE clocked by clk_fpga_0  {rise@0.000ns fall@5.000ns period=10.000ns})
  Destination:            ip_design_i/lms_pcore_0/U0/u_lms_pcore_dut_inst/u_LMS/data_pipeline_tmp_reg[13][12]_replica_1/CLR
                            (recovery check against rising-edge clock clk_fpga_0  {rise@0.000ns fall@5.000ns period=10.000ns})
  Path Group:             **async_default**
  Path Type:              Recovery (Max at Slow Process Corner)
  Requirement:            10.000ns  (clk_fpga_0 rise@10.000ns - clk_fpga_0 rise@0.000ns)
  Data Path Delay:        10.694ns  (logic 0.580ns (5.424%)  route 10.114ns (94.576%))
  Logic Levels:           1  (LUT2=1)
  Clock Path Skew:        -0.163ns (DCD - SCD + CPR)
    Destination Clock Delay (DCD):    2.687ns = ( 12.688 - 10.000 ) 
    Source Clock Delay      (SCD):    2.966ns
    Clock Pessimism Removal (CPR):    0.116ns
  Clock Uncertainty:      0.154ns  ((TSJ^2 + TIJ^2)^1/2 + DJ) / 2 + PE
    Total System Jitter     (TSJ):    0.071ns
    Total Input Jitter      (TIJ):    0.300ns
    Discrete Jitter          (DJ):    0.000ns
    Phase Error              (PE):    0.000ns

    Location             Delay type                Incr(ns)  Path(ns)    Netlist Resource(s)
  -------------------------------------------------------------------    -------------------
                         (clock clk_fpga_0 rise edge)
                                                      0.000     0.000 r  
    PS7_X0Y0             PS7                          0.000     0.000 r  ip_design_i/processing_system7_0/inst/PS7_i/FCLKCLK[0]
                         net (fo=1, routed)           1.207     1.207    ip_design_i/processing_system7_0/inst/FCLK_CLK_unbuffered[0]
    BUFGCTRL_X0Y0        BUFG (Prop_bufg_I_O)         0.101     1.308 r  ip_design_i/processing_system7_0/inst/buffer_fclk_clk_0.FCLK_CLK_0_BUFG/O
                         net (fo=2376, routed)        1.658     2.966    ip_design_i/rst_ps7_0_100M/U0/slowest_sync_clk
    SLICE_X22Y55         FDRE                                         r  ip_design_i/rst_ps7_0_100M/U0/ACTIVE_LOW_PR_OUT_DFF[0].FDRE_PER_N/C
  -------------------------------------------------------------------    -------------------
    SLICE_X22Y55         FDRE (Prop_fdre_C_Q)         0.456     3.422 r  ip_design_i/rst_ps7_0_100M/U0/ACTIVE_LOW_PR_OUT_DFF[0].FDRE_PER_N/Q
                         net (fo=21, routed)          1.407     4.829    ip_design_i/lms_pcore_0/U0/u_lms_pcore_axi_lite_inst/u_lms_pcore_axi_lite_module_inst/AXI4_Lite_ARESETN
    SLICE_X13Y45         LUT2 (Prop_lut2_I0_O)        0.124     4.953 f  ip_design_i/lms_pcore_0/U0/u_lms_pcore_axi_lite_inst/u_lms_pcore_axi_lite_module_inst/FSM_onehot_cp_controller_cpstate[2]_i_2/O
                         net (fo=874, routed)         8.708    13.660    ip_design_i/lms_pcore_0/U0/u_lms_pcore_dut_inst/u_LMS/reset
    SLICE_X32Y13         FDCE                                         f  ip_design_i/lms_pcore_0/U0/u_lms_pcore_dut_inst/u_LMS/data_pipeline_tmp_reg[13][12]_replica_1/CLR
  -------------------------------------------------------------------    -------------------

                         (clock clk_fpga_0 rise edge)
                                                     10.000    10.000 r  
    PS7_X0Y0             PS7                          0.000    10.000 r  ip_design_i/processing_system7_0/inst/PS7_i/FCLKCLK[0]
                         net (fo=1, routed)           1.101    11.101    ip_design_i/processing_system7_0/inst/FCLK_CLK_unbuffered[0]
    BUFGCTRL_X0Y0        BUFG (Prop_bufg_I_O)         0.091    11.192 r  ip_design_i/processing_system7_0/inst/buffer_fclk_clk_0.FCLK_CLK_0_BUFG/O
                         net (fo=2376, routed)        1.495    12.687    ip_design_i/lms_pcore_0/U0/u_lms_pcore_dut_inst/u_LMS/IPCORE_CLK
    SLICE_X32Y13         FDCE                                         r  ip_design_i/lms_pcore_0/U0/u_lms_pcore_dut_inst/u_LMS/data_pipeline_tmp_reg[13][12]_replica_1/C
                         clock pessimism              0.116    12.803    
                         clock uncertainty           -0.154    12.649    
    SLICE_X32Y13         FDCE (Recov_fdce_C_CLR)     -0.319    12.330    ip_design_i/lms_pcore_0/U0/u_lms_pcore_dut_inst/u_LMS/data_pipeline_tmp_reg[13][12]_replica_1
  -------------------------------------------------------------------
                         required time                         12.330    
                         arrival time                         -13.660    
  -------------------------------------------------------------------
                         slack                                 -1.330    

Slack (VIOLATED) :        -1.330ns  (required time - arrival time)
  Source:                 ip_design_i/rst_ps7_0_100M/U0/ACTIVE_LOW_PR_OUT_DFF[0].FDRE_PER_N/C
                            (rising edge-triggered cell FDRE clocked by clk_fpga_0  {rise@0.000ns fall@5.000ns period=10.000ns})
  Destination:            ip_design_i/lms_pcore_0/U0/u_lms_pcore_dut_inst/u_LMS/data_pipeline_tmp_reg[13][13]_replica_1/CLR
                            (recovery check against rising-edge clock clk_fpga_0  {rise@0.000ns fall@5.000ns period=10.000ns})
  Path Group:             **async_default**
  Path Type:              Recovery (Max at Slow Process Corner)
  Requirement:            10.000ns  (clk_fpga_0 rise@10.000ns - clk_fpga_0 rise@0.000ns)
  Data Path Delay:        10.694ns  (logic 0.580ns (5.424%)  route 10.114ns (94.576%))
  Logic Levels:           1  (LUT2=1)
  Clock Path Skew:        -0.163ns (DCD - SCD + CPR)
    Destination Clock Delay (DCD):    2.687ns = ( 12.688 - 10.000 ) 
    Source Clock Delay      (SCD):    2.966ns
    Clock Pessimism Removal (CPR):    0.116ns
  Clock Uncertainty:      0.154ns  ((TSJ^2 + TIJ^2)^1/2 + DJ) / 2 + PE
    Total System Jitter     (TSJ):    0.071ns
    Total Input Jitter      (TIJ):    0.300ns
    Discrete Jitter          (DJ):    0.000ns
    Phase Error              (PE):    0.000ns

    Location             Delay type                Incr(ns)  Path(ns)    Netlist Resource(s)
  -------------------------------------------------------------------    -------------------
                         (clock clk_fpga_0 rise edge)
                                                      0.000     0.000 r  
    PS7_X0Y0             PS7                          0.000     0.000 r  ip_design_i/processing_system7_0/inst/PS7_i/FCLKCLK[0]
                         net (fo=1, routed)           1.207     1.207    ip_design_i/processing_system7_0/inst/FCLK_CLK_unbuffered[0]
    BUFGCTRL_X0Y0        BUFG (Prop_bufg_I_O)         0.101     1.308 r  ip_design_i/processing_system7_0/inst/buffer_fclk_clk_0.FCLK_CLK_0_BUFG/O
                         net (fo=2376, routed)        1.658     2.966    ip_design_i/rst_ps7_0_100M/U0/slowest_sync_clk
    SLICE_X22Y55         FDRE                                         r  ip_design_i/rst_ps7_0_100M/U0/ACTIVE_LOW_PR_OUT_DFF[0].FDRE_PER_N/C
  -------------------------------------------------------------------    -------------------
    SLICE_X22Y55         FDRE (Prop_fdre_C_Q)         0.456     3.422 r  ip_design_i/rst_ps7_0_100M/U0/ACTIVE_LOW_PR_OUT_DFF[0].FDRE_PER_N/Q
                         net (fo=21, routed)          1.407     4.829    ip_design_i/lms_pcore_0/U0/u_lms_pcore_axi_lite_inst/u_lms_pcore_axi_lite_module_inst/AXI4_Lite_ARESETN
    SLICE_X13Y45         LUT2 (Prop_lut2_I0_O)        0.124     4.953 f  ip_design_i/lms_pcore_0/U0/u_lms_pcore_axi_lite_inst/u_lms_pcore_axi_lite_module_inst/FSM_onehot_cp_controller_cpstate[2]_i_2/O
                         net (fo=874, routed)         8.708    13.660    ip_design_i/lms_pcore_0/U0/u_lms_pcore_dut_inst/u_LMS/reset
    SLICE_X32Y13         FDCE                                         f  ip_design_i/lms_pcore_0/U0/u_lms_pcore_dut_inst/u_LMS/data_pipeline_tmp_reg[13][13]_replica_1/CLR
  -------------------------------------------------------------------    -------------------

                         (clock clk_fpga_0 rise edge)
                                                     10.000    10.000 r  
    PS7_X0Y0             PS7                          0.000    10.000 r  ip_design_i/processing_system7_0/inst/PS7_i/FCLKCLK[0]
                         net (fo=1, routed)           1.101    11.101    ip_design_i/processing_system7_0/inst/FCLK_CLK_unbuffered[0]
    BUFGCTRL_X0Y0        BUFG (Prop_bufg_I_O)         0.091    11.192 r  ip_design_i/processing_system7_0/inst/buffer_fclk_clk_0.FCLK_CLK_0_BUFG/O
                         net (fo=2376, routed)        1.495    12.687    ip_design_i/lms_pcore_0/U0/u_lms_pcore_dut_inst/u_LMS/IPCORE_CLK
    SLICE_X32Y13         FDCE                                         r  ip_design_i/lms_pcore_0/U0/u_lms_pcore_dut_inst/u_LMS/data_pipeline_tmp_reg[13][13]_replica_1/C
                         clock pessimism              0.116    12.803    
                         clock uncertainty           -0.154    12.649    
    SLICE_X32Y13         FDCE (Recov_fdce_C_CLR)     -0.319    12.330    ip_design_i/lms_pcore_0/U0/u_lms_pcore_dut_inst/u_LMS/data_pipeline_tmp_reg[13][13]_replica_1
  -------------------------------------------------------------------
                         required time                         12.330    
                         arrival time                         -13.660    
  -------------------------------------------------------------------
                         slack                                 -1.330    

Slack (VIOLATED) :        -1.330ns  (required time - arrival time)
  Source:                 ip_design_i/rst_ps7_0_100M/U0/ACTIVE_LOW_PR_OUT_DFF[0].FDRE_PER_N/C
                            (rising edge-triggered cell FDRE clocked by clk_fpga_0  {rise@0.000ns fall@5.000ns period=10.000ns})
  Destination:            ip_design_i/lms_pcore_0/U0/u_lms_pcore_dut_inst/u_LMS/weight_reg[4][5]/CLR
                            (recovery check against rising-edge clock clk_fpga_0  {rise@0.000ns fall@5.000ns period=10.000ns})
  Path Group:             **async_default**
  Path Type:              Recovery (Max at Slow Process Corner)
  Requirement:            10.000ns  (clk_fpga_0 rise@10.000ns - clk_fpga_0 rise@0.000ns)
  Data Path Delay:        10.694ns  (logic 0.580ns (5.424%)  route 10.114ns (94.576%))
  Logic Levels:           1  (LUT2=1)
  Clock Path Skew:        -0.163ns (DCD - SCD + CPR)
    Destination Clock Delay (DCD):    2.687ns = ( 12.688 - 10.000 ) 
    Source Clock Delay      (SCD):    2.966ns
    Clock Pessimism Removal (CPR):    0.116ns
  Clock Uncertainty:      0.154ns  ((TSJ^2 + TIJ^2)^1/2 + DJ) / 2 + PE
    Total System Jitter     (TSJ):    0.071ns
    Total Input Jitter      (TIJ):    0.300ns
    Discrete Jitter          (DJ):    0.000ns
    Phase Error              (PE):    0.000ns

    Location             Delay type                Incr(ns)  Path(ns)    Netlist Resource(s)
  -------------------------------------------------------------------    -------------------
                         (clock clk_fpga_0 rise edge)
                                                      0.000     0.000 r  
    PS7_X0Y0             PS7                          0.000     0.000 r  ip_design_i/processing_system7_0/inst/PS7_i/FCLKCLK[0]
                         net (fo=1, routed)           1.207     1.207    ip_design_i/processing_system7_0/inst/FCLK_CLK_unbuffered[0]
    BUFGCTRL_X0Y0        BUFG (Prop_bufg_I_O)         0.101     1.308 r  ip_design_i/processing_system7_0/inst/buffer_fclk_clk_0.FCLK_CLK_0_BUFG/O
                         net (fo=2376, routed)        1.658     2.966    ip_design_i/rst_ps7_0_100M/U0/slowest_sync_clk
    SLICE_X22Y55         FDRE                                         r  ip_design_i/rst_ps7_0_100M/U0/ACTIVE_LOW_PR_OUT_DFF[0].FDRE_PER_N/C
  -------------------------------------------------------------------    -------------------
    SLICE_X22Y55         FDRE (Prop_fdre_C_Q)         0.456     3.422 r  ip_design_i/rst_ps7_0_100M/U0/ACTIVE_LOW_PR_OUT_DFF[0].FDRE_PER_N/Q
                         net (fo=21, routed)          1.407     4.829    ip_design_i/lms_pcore_0/U0/u_lms_pcore_axi_lite_inst/u_lms_pcore_axi_lite_module_inst/AXI4_Lite_ARESETN
    SLICE_X13Y45         LUT2 (Prop_lut2_I0_O)        0.124     4.953 f  ip_design_i/lms_pcore_0/U0/u_lms_pcore_axi_lite_inst/u_lms_pcore_axi_lite_module_inst/FSM_onehot_cp_controller_cpstate[2]_i_2/O
                         net (fo=874, routed)         8.708    13.660    ip_design_i/lms_pcore_0/U0/u_lms_pcore_dut_inst/u_LMS/reset
    SLICE_X32Y13         FDCE                                         f  ip_design_i/lms_pcore_0/U0/u_lms_pcore_dut_inst/u_LMS/weight_reg[4][5]/CLR
  -------------------------------------------------------------------    -------------------

                         (clock clk_fpga_0 rise edge)
                                                     10.000    10.000 r  
    PS7_X0Y0             PS7                          0.000    10.000 r  ip_design_i/processing_system7_0/inst/PS7_i/FCLKCLK[0]
                         net (fo=1, routed)           1.101    11.101    ip_design_i/processing_system7_0/inst/FCLK_CLK_unbuffered[0]
    BUFGCTRL_X0Y0        BUFG (Prop_bufg_I_O)         0.091    11.192 r  ip_design_i/processing_system7_0/inst/buffer_fclk_clk_0.FCLK_CLK_0_BUFG/O
                         net (fo=2376, routed)        1.495    12.687    ip_design_i/lms_pcore_0/U0/u_lms_pcore_dut_inst/u_LMS/IPCORE_CLK
    SLICE_X32Y13         FDCE                                         r  ip_design_i/lms_pcore_0/U0/u_lms_pcore_dut_inst/u_LMS/weight_reg[4][5]/C
                         clock pessimism              0.116    12.803    
                         clock uncertainty           -0.154    12.649    
    SLICE_X32Y13         FDCE (Recov_fdce_C_CLR)     -0.319    12.330    ip_design_i/lms_pcore_0/U0/u_lms_pcore_dut_inst/u_LMS/weight_reg[4][5]
  -------------------------------------------------------------------
                         required time                         12.330    
                         arrival time                         -13.660    
  -------------------------------------------------------------------
                         slack                                 -1.330    

Slack (VIOLATED) :        -1.290ns  (required time - arrival time)
  Source:                 ip_design_i/rst_ps7_0_100M/U0/ACTIVE_LOW_PR_OUT_DFF[0].FDRE_PER_N/C
                            (rising edge-triggered cell FDRE clocked by clk_fpga_0  {rise@0.000ns fall@5.000ns period=10.000ns})
  Destination:            ip_design_i/lms_pcore_0/U0/u_lms_pcore_dut_inst/u_LMS/weight_reg[4][12]/CLR
                            (recovery check against rising-edge clock clk_fpga_0  {rise@0.000ns fall@5.000ns period=10.000ns})
  Path Group:             **async_default**
  Path Type:              Recovery (Max at Slow Process Corner)
  Requirement:            10.000ns  (clk_fpga_0 rise@10.000ns - clk_fpga_0 rise@0.000ns)
  Data Path Delay:        10.653ns  (logic 0.580ns (5.445%)  route 10.073ns (94.555%))
  Logic Levels:           1  (LUT2=1)
  Clock Path Skew:        -0.164ns (DCD - SCD + CPR)
    Destination Clock Delay (DCD):    2.686ns = ( 12.686 - 10.000 ) 
    Source Clock Delay      (SCD):    2.966ns
    Clock Pessimism Removal (CPR):    0.116ns
  Clock Uncertainty:      0.154ns  ((TSJ^2 + TIJ^2)^1/2 + DJ) / 2 + PE
    Total System Jitter     (TSJ):    0.071ns
    Total Input Jitter      (TIJ):    0.300ns
    Discrete Jitter          (DJ):    0.000ns
    Phase Error              (PE):    0.000ns

    Location             Delay type                Incr(ns)  Path(ns)    Netlist Resource(s)
  -------------------------------------------------------------------    -------------------
                         (clock clk_fpga_0 rise edge)
                                                      0.000     0.000 r  
    PS7_X0Y0             PS7                          0.000     0.000 r  ip_design_i/processing_system7_0/inst/PS7_i/FCLKCLK[0]
                         net (fo=1, routed)           1.207     1.207    ip_design_i/processing_system7_0/inst/FCLK_CLK_unbuffered[0]
    BUFGCTRL_X0Y0        BUFG (Prop_bufg_I_O)         0.101     1.308 r  ip_design_i/processing_system7_0/inst/buffer_fclk_clk_0.FCLK_CLK_0_BUFG/O
                         net (fo=2376, routed)        1.658     2.966    ip_design_i/rst_ps7_0_100M/U0/slowest_sync_clk
    SLICE_X22Y55         FDRE                                         r  ip_design_i/rst_ps7_0_100M/U0/ACTIVE_LOW_PR_OUT_DFF[0].FDRE_PER_N/C
  -------------------------------------------------------------------    -------------------
    SLICE_X22Y55         FDRE (Prop_fdre_C_Q)         0.456     3.422 r  ip_design_i/rst_ps7_0_100M/U0/ACTIVE_LOW_PR_OUT_DFF[0].FDRE_PER_N/Q
                         net (fo=21, routed)          1.407     4.829    ip_design_i/lms_pcore_0/U0/u_lms_pcore_axi_lite_inst/u_lms_pcore_axi_lite_module_inst/AXI4_Lite_ARESETN
    SLICE_X13Y45         LUT2 (Prop_lut2_I0_O)        0.124     4.953 f  ip_design_i/lms_pcore_0/U0/u_lms_pcore_axi_lite_inst/u_lms_pcore_axi_lite_module_inst/FSM_onehot_cp_controller_cpstate[2]_i_2/O
                         net (fo=874, routed)         8.666    13.619    ip_design_i/lms_pcore_0/U0/u_lms_pcore_dut_inst/u_LMS/reset
    SLICE_X32Y15         FDCE                                         f  ip_design_i/lms_pcore_0/U0/u_lms_pcore_dut_inst/u_LMS/weight_reg[4][12]/CLR
  -------------------------------------------------------------------    -------------------

                         (clock clk_fpga_0 rise edge)
                                                     10.000    10.000 r  
    PS7_X0Y0             PS7                          0.000    10.000 r  ip_design_i/processing_system7_0/inst/PS7_i/FCLKCLK[0]
                         net (fo=1, routed)           1.101    11.101    ip_design_i/processing_system7_0/inst/FCLK_CLK_unbuffered[0]
    BUFGCTRL_X0Y0        BUFG (Prop_bufg_I_O)         0.091    11.192 r  ip_design_i/processing_system7_0/inst/buffer_fclk_clk_0.FCLK_CLK_0_BUFG/O
                         net (fo=2376, routed)        1.494    12.686    ip_design_i/lms_pcore_0/U0/u_lms_pcore_dut_inst/u_LMS/IPCORE_CLK
    SLICE_X32Y15         FDCE                                         r  ip_design_i/lms_pcore_0/U0/u_lms_pcore_dut_inst/u_LMS/weight_reg[4][12]/C
                         clock pessimism              0.116    12.802    
                         clock uncertainty           -0.154    12.648    
    SLICE_X32Y15         FDCE (Recov_fdce_C_CLR)     -0.319    12.329    ip_design_i/lms_pcore_0/U0/u_lms_pcore_dut_inst/u_LMS/weight_reg[4][12]
  -------------------------------------------------------------------
                         required time                         12.329    
                         arrival time                         -13.619    
  -------------------------------------------------------------------
                         slack                                 -1.290    





Min Delay Paths
--------------------------------------------------------------------------------------
Slack (MET) :             0.732ns  (arrival time - required time)
  Source:                 ip_design_i/rst_ps7_0_100M/U0/ACTIVE_LOW_PR_OUT_DFF[0].FDRE_PER_N/C
                            (rising edge-triggered cell FDRE clocked by clk_fpga_0  {rise@0.000ns fall@5.000ns period=10.000ns})
  Destination:            ip_design_i/lms_pcore_0/U0/u_lms_pcore_axi_lite_inst/u_lms_pcore_axi_lite_module_inst/wdata_reg[0]/CLR
                            (removal check against rising-edge clock clk_fpga_0  {rise@0.000ns fall@5.000ns period=10.000ns})
  Path Group:             **async_default**
  Path Type:              Removal (Min at Fast Process Corner)
  Requirement:            0.000ns  (clk_fpga_0 rise@0.000ns - clk_fpga_0 rise@0.000ns)
  Data Path Delay:        0.869ns  (logic 0.185ns (21.290%)  route 0.684ns (78.710%))
  Logic Levels:           1  (LUT1=1)
  Clock Path Skew:        0.270ns (DCD - SCD - CPR)
    Destination Clock Delay (DCD):    1.203ns
    Source Clock Delay      (SCD):    0.899ns
    Clock Pessimism Removal (CPR):    0.034ns

    Location             Delay type                Incr(ns)  Path(ns)    Netlist Resource(s)
  -------------------------------------------------------------------    -------------------
                         (clock clk_fpga_0 rise edge)
                                                      0.000     0.000 r  
    PS7_X0Y0             PS7                          0.000     0.000 r  ip_design_i/processing_system7_0/inst/PS7_i/FCLKCLK[0]
                         net (fo=1, routed)           0.315     0.315    ip_design_i/processing_system7_0/inst/FCLK_CLK_unbuffered[0]
    BUFGCTRL_X0Y0        BUFG (Prop_bufg_I_O)         0.026     0.341 r  ip_design_i/processing_system7_0/inst/buffer_fclk_clk_0.FCLK_CLK_0_BUFG/O
                         net (fo=2376, routed)        0.558     0.899    ip_design_i/rst_ps7_0_100M/U0/slowest_sync_clk
    SLICE_X22Y55         FDRE                                         r  ip_design_i/rst_ps7_0_100M/U0/ACTIVE_LOW_PR_OUT_DFF[0].FDRE_PER_N/C
  -------------------------------------------------------------------    -------------------
    SLICE_X22Y55         FDRE (Prop_fdre_C_Q)         0.141     1.040 r  ip_design_i/rst_ps7_0_100M/U0/ACTIVE_LOW_PR_OUT_DFF[0].FDRE_PER_N/Q
                         net (fo=21, routed)          0.397     1.436    ip_design_i/lms_pcore_0/U0/u_lms_pcore_axi_lite_inst/u_lms_pcore_axi_lite_module_inst/AXI4_Lite_ARESETN
    SLICE_X16Y54         LUT1 (Prop_lut1_I0_O)        0.044     1.480 f  ip_design_i/lms_pcore_0/U0/u_lms_pcore_axi_lite_inst/u_lms_pcore_axi_lite_module_inst/FSM_onehot_axi_lite_wstate[0]_i_2/O
                         net (fo=52, routed)          0.287     1.768    ip_design_i/lms_pcore_0/U0/u_lms_pcore_axi_lite_inst/u_lms_pcore_axi_lite_module_inst/reset_0
    SLICE_X10Y54         FDCE                                         f  ip_design_i/lms_pcore_0/U0/u_lms_pcore_axi_lite_inst/u_lms_pcore_axi_lite_module_inst/wdata_reg[0]/CLR
  -------------------------------------------------------------------    -------------------

                         (clock clk_fpga_0 rise edge)
                                                      0.000     0.000 r  
    PS7_X0Y0             PS7                          0.000     0.000 r  ip_design_i/processing_system7_0/inst/PS7_i/FCLKCLK[0]
                         net (fo=1, routed)           0.341     0.341    ip_design_i/processing_system7_0/inst/FCLK_CLK_unbuffered[0]
    BUFGCTRL_X0Y0        BUFG (Prop_bufg_I_O)         0.029     0.370 r  ip_design_i/processing_system7_0/inst/buffer_fclk_clk_0.FCLK_CLK_0_BUFG/O
                         net (fo=2376, routed)        0.833     1.203    ip_design_i/lms_pcore_0/U0/u_lms_pcore_axi_lite_inst/u_lms_pcore_axi_lite_module_inst/AXI4_Lite_ACLK
    SLICE_X10Y54         FDCE                                         r  ip_design_i/lms_pcore_0/U0/u_lms_pcore_axi_lite_inst/u_lms_pcore_axi_lite_module_inst/wdata_reg[0]/C
                         clock pessimism             -0.034     1.169    
    SLICE_X10Y54         FDCE (Remov_fdce_C_CLR)     -0.133     1.036    ip_design_i/lms_pcore_0/U0/u_lms_pcore_axi_lite_inst/u_lms_pcore_axi_lite_module_inst/wdata_reg[0]
  -------------------------------------------------------------------
                         required time                         -1.036    
                         arrival time                           1.768    
  -------------------------------------------------------------------
                         slack                                  0.732    

Slack (MET) :             0.732ns  (arrival time - required time)
  Source:                 ip_design_i/rst_ps7_0_100M/U0/ACTIVE_LOW_PR_OUT_DFF[0].FDRE_PER_N/C
                            (rising edge-triggered cell FDRE clocked by clk_fpga_0  {rise@0.000ns fall@5.000ns period=10.000ns})
  Destination:            ip_design_i/lms_pcore_0/U0/u_lms_pcore_axi_lite_inst/u_lms_pcore_axi_lite_module_inst/wdata_reg[10]/CLR
                            (removal check against rising-edge clock clk_fpga_0  {rise@0.000ns fall@5.000ns period=10.000ns})
  Path Group:             **async_default**
  Path Type:              Removal (Min at Fast Process Corner)
  Requirement:            0.000ns  (clk_fpga_0 rise@0.000ns - clk_fpga_0 rise@0.000ns)
  Data Path Delay:        0.869ns  (logic 0.185ns (21.290%)  route 0.684ns (78.710%))
  Logic Levels:           1  (LUT1=1)
  Clock Path Skew:        0.270ns (DCD - SCD - CPR)
    Destination Clock Delay (DCD):    1.203ns
    Source Clock Delay      (SCD):    0.899ns
    Clock Pessimism Removal (CPR):    0.034ns

    Location             Delay type                Incr(ns)  Path(ns)    Netlist Resource(s)
  -------------------------------------------------------------------    -------------------
                         (clock clk_fpga_0 rise edge)
                                                      0.000     0.000 r  
    PS7_X0Y0             PS7                          0.000     0.000 r  ip_design_i/processing_system7_0/inst/PS7_i/FCLKCLK[0]
                         net (fo=1, routed)           0.315     0.315    ip_design_i/processing_system7_0/inst/FCLK_CLK_unbuffered[0]
    BUFGCTRL_X0Y0        BUFG (Prop_bufg_I_O)         0.026     0.341 r  ip_design_i/processing_system7_0/inst/buffer_fclk_clk_0.FCLK_CLK_0_BUFG/O
                         net (fo=2376, routed)        0.558     0.899    ip_design_i/rst_ps7_0_100M/U0/slowest_sync_clk
    SLICE_X22Y55         FDRE                                         r  ip_design_i/rst_ps7_0_100M/U0/ACTIVE_LOW_PR_OUT_DFF[0].FDRE_PER_N/C
  -------------------------------------------------------------------    -------------------
    SLICE_X22Y55         FDRE (Prop_fdre_C_Q)         0.141     1.040 r  ip_design_i/rst_ps7_0_100M/U0/ACTIVE_LOW_PR_OUT_DFF[0].FDRE_PER_N/Q
                         net (fo=21, routed)          0.397     1.436    ip_design_i/lms_pcore_0/U0/u_lms_pcore_axi_lite_inst/u_lms_pcore_axi_lite_module_inst/AXI4_Lite_ARESETN
    SLICE_X16Y54         LUT1 (Prop_lut1_I0_O)        0.044     1.480 f  ip_design_i/lms_pcore_0/U0/u_lms_pcore_axi_lite_inst/u_lms_pcore_axi_lite_module_inst/FSM_onehot_axi_lite_wstate[0]_i_2/O
                         net (fo=52, routed)          0.287     1.768    ip_design_i/lms_pcore_0/U0/u_lms_pcore_axi_lite_inst/u_lms_pcore_axi_lite_module_inst/reset_0
    SLICE_X10Y54         FDCE                                         f  ip_design_i/lms_pcore_0/U0/u_lms_pcore_axi_lite_inst/u_lms_pcore_axi_lite_module_inst/wdata_reg[10]/CLR
  -------------------------------------------------------------------    -------------------

                         (clock clk_fpga_0 rise edge)
                                                      0.000     0.000 r  
    PS7_X0Y0             PS7                          0.000     0.000 r  ip_design_i/processing_system7_0/inst/PS7_i/FCLKCLK[0]
                         net (fo=1, routed)           0.341     0.341    ip_design_i/processing_system7_0/inst/FCLK_CLK_unbuffered[0]
    BUFGCTRL_X0Y0        BUFG (Prop_bufg_I_O)         0.029     0.370 r  ip_design_i/processing_system7_0/inst/buffer_fclk_clk_0.FCLK_CLK_0_BUFG/O
                         net (fo=2376, routed)        0.833     1.203    ip_design_i/lms_pcore_0/U0/u_lms_pcore_axi_lite_inst/u_lms_pcore_axi_lite_module_inst/AXI4_Lite_ACLK
    SLICE_X10Y54         FDCE                                         r  ip_design_i/lms_pcore_0/U0/u_lms_pcore_axi_lite_inst/u_lms_pcore_axi_lite_module_inst/wdata_reg[10]/C
                         clock pessimism             -0.034     1.169    
    SLICE_X10Y54         FDCE (Remov_fdce_C_CLR)     -0.133     1.036    ip_design_i/lms_pcore_0/U0/u_lms_pcore_axi_lite_inst/u_lms_pcore_axi_lite_module_inst/wdata_reg[10]
  -------------------------------------------------------------------
                         required time                         -1.036    
                         arrival time                           1.768    
  -------------------------------------------------------------------
                         slack                                  0.732    

Slack (MET) :             0.732ns  (arrival time - required time)
  Source:                 ip_design_i/rst_ps7_0_100M/U0/ACTIVE_LOW_PR_OUT_DFF[0].FDRE_PER_N/C
                            (rising edge-triggered cell FDRE clocked by clk_fpga_0  {rise@0.000ns fall@5.000ns period=10.000ns})
  Destination:            ip_design_i/lms_pcore_0/U0/u_lms_pcore_axi_lite_inst/u_lms_pcore_axi_lite_module_inst/wdata_reg[11]/CLR
                            (removal check against rising-edge clock clk_fpga_0  {rise@0.000ns fall@5.000ns period=10.000ns})
  Path Group:             **async_default**
  Path Type:              Removal (Min at Fast Process Corner)
  Requirement:            0.000ns  (clk_fpga_0 rise@0.000ns - clk_fpga_0 rise@0.000ns)
  Data Path Delay:        0.869ns  (logic 0.185ns (21.290%)  route 0.684ns (78.710%))
  Logic Levels:           1  (LUT1=1)
  Clock Path Skew:        0.270ns (DCD - SCD - CPR)
    Destination Clock Delay (DCD):    1.203ns
    Source Clock Delay      (SCD):    0.899ns
    Clock Pessimism Removal (CPR):    0.034ns

    Location             Delay type                Incr(ns)  Path(ns)    Netlist Resource(s)
  -------------------------------------------------------------------    -------------------
                         (clock clk_fpga_0 rise edge)
                                                      0.000     0.000 r  
    PS7_X0Y0             PS7                          0.000     0.000 r  ip_design_i/processing_system7_0/inst/PS7_i/FCLKCLK[0]
                         net (fo=1, routed)           0.315     0.315    ip_design_i/processing_system7_0/inst/FCLK_CLK_unbuffered[0]
    BUFGCTRL_X0Y0        BUFG (Prop_bufg_I_O)         0.026     0.341 r  ip_design_i/processing_system7_0/inst/buffer_fclk_clk_0.FCLK_CLK_0_BUFG/O
                         net (fo=2376, routed)        0.558     0.899    ip_design_i/rst_ps7_0_100M/U0/slowest_sync_clk
    SLICE_X22Y55         FDRE                                         r  ip_design_i/rst_ps7_0_100M/U0/ACTIVE_LOW_PR_OUT_DFF[0].FDRE_PER_N/C
  -------------------------------------------------------------------    -------------------
    SLICE_X22Y55         FDRE (Prop_fdre_C_Q)         0.141     1.040 r  ip_design_i/rst_ps7_0_100M/U0/ACTIVE_LOW_PR_OUT_DFF[0].FDRE_PER_N/Q
                         net (fo=21, routed)          0.397     1.436    ip_design_i/lms_pcore_0/U0/u_lms_pcore_axi_lite_inst/u_lms_pcore_axi_lite_module_inst/AXI4_Lite_ARESETN
    SLICE_X16Y54         LUT1 (Prop_lut1_I0_O)        0.044     1.480 f  ip_design_i/lms_pcore_0/U0/u_lms_pcore_axi_lite_inst/u_lms_pcore_axi_lite_module_inst/FSM_onehot_axi_lite_wstate[0]_i_2/O
                         net (fo=52, routed)          0.287     1.768    ip_design_i/lms_pcore_0/U0/u_lms_pcore_axi_lite_inst/u_lms_pcore_axi_lite_module_inst/reset_0
    SLICE_X10Y54         FDCE                                         f  ip_design_i/lms_pcore_0/U0/u_lms_pcore_axi_lite_inst/u_lms_pcore_axi_lite_module_inst/wdata_reg[11]/CLR
  -------------------------------------------------------------------    -------------------

                         (clock clk_fpga_0 rise edge)
                                                      0.000     0.000 r  
    PS7_X0Y0             PS7                          0.000     0.000 r  ip_design_i/processing_system7_0/inst/PS7_i/FCLKCLK[0]
                         net (fo=1, routed)           0.341     0.341    ip_design_i/processing_system7_0/inst/FCLK_CLK_unbuffered[0]
    BUFGCTRL_X0Y0        BUFG (Prop_bufg_I_O)         0.029     0.370 r  ip_design_i/processing_system7_0/inst/buffer_fclk_clk_0.FCLK_CLK_0_BUFG/O
                         net (fo=2376, routed)        0.833     1.203    ip_design_i/lms_pcore_0/U0/u_lms_pcore_axi_lite_inst/u_lms_pcore_axi_lite_module_inst/AXI4_Lite_ACLK
    SLICE_X10Y54         FDCE                                         r  ip_design_i/lms_pcore_0/U0/u_lms_pcore_axi_lite_inst/u_lms_pcore_axi_lite_module_inst/wdata_reg[11]/C
                         clock pessimism             -0.034     1.169    
    SLICE_X10Y54         FDCE (Remov_fdce_C_CLR)     -0.133     1.036    ip_design_i/lms_pcore_0/U0/u_lms_pcore_axi_lite_inst/u_lms_pcore_axi_lite_module_inst/wdata_reg[11]
  -------------------------------------------------------------------
                         required time                         -1.036    
                         arrival time                           1.768    
  -------------------------------------------------------------------
                         slack                                  0.732    

Slack (MET) :             0.732ns  (arrival time - required time)
  Source:                 ip_design_i/rst_ps7_0_100M/U0/ACTIVE_LOW_PR_OUT_DFF[0].FDRE_PER_N/C
                            (rising edge-triggered cell FDRE clocked by clk_fpga_0  {rise@0.000ns fall@5.000ns period=10.000ns})
  Destination:            ip_design_i/lms_pcore_0/U0/u_lms_pcore_axi_lite_inst/u_lms_pcore_axi_lite_module_inst/wdata_reg[12]/CLR
                            (removal check against rising-edge clock clk_fpga_0  {rise@0.000ns fall@5.000ns period=10.000ns})
  Path Group:             **async_default**
  Path Type:              Removal (Min at Fast Process Corner)
  Requirement:            0.000ns  (clk_fpga_0 rise@0.000ns - clk_fpga_0 rise@0.000ns)
  Data Path Delay:        0.869ns  (logic 0.185ns (21.290%)  route 0.684ns (78.710%))
  Logic Levels:           1  (LUT1=1)
  Clock Path Skew:        0.270ns (DCD - SCD - CPR)
    Destination Clock Delay (DCD):    1.203ns
    Source Clock Delay      (SCD):    0.899ns
    Clock Pessimism Removal (CPR):    0.034ns

    Location             Delay type                Incr(ns)  Path(ns)    Netlist Resource(s)
  -------------------------------------------------------------------    -------------------
                         (clock clk_fpga_0 rise edge)
                                                      0.000     0.000 r  
    PS7_X0Y0             PS7                          0.000     0.000 r  ip_design_i/processing_system7_0/inst/PS7_i/FCLKCLK[0]
                         net (fo=1, routed)           0.315     0.315    ip_design_i/processing_system7_0/inst/FCLK_CLK_unbuffered[0]
    BUFGCTRL_X0Y0        BUFG (Prop_bufg_I_O)         0.026     0.341 r  ip_design_i/processing_system7_0/inst/buffer_fclk_clk_0.FCLK_CLK_0_BUFG/O
                         net (fo=2376, routed)        0.558     0.899    ip_design_i/rst_ps7_0_100M/U0/slowest_sync_clk
    SLICE_X22Y55         FDRE                                         r  ip_design_i/rst_ps7_0_100M/U0/ACTIVE_LOW_PR_OUT_DFF[0].FDRE_PER_N/C
  -------------------------------------------------------------------    -------------------
    SLICE_X22Y55         FDRE (Prop_fdre_C_Q)         0.141     1.040 r  ip_design_i/rst_ps7_0_100M/U0/ACTIVE_LOW_PR_OUT_DFF[0].FDRE_PER_N/Q
                         net (fo=21, routed)          0.397     1.436    ip_design_i/lms_pcore_0/U0/u_lms_pcore_axi_lite_inst/u_lms_pcore_axi_lite_module_inst/AXI4_Lite_ARESETN
    SLICE_X16Y54         LUT1 (Prop_lut1_I0_O)        0.044     1.480 f  ip_design_i/lms_pcore_0/U0/u_lms_pcore_axi_lite_inst/u_lms_pcore_axi_lite_module_inst/FSM_onehot_axi_lite_wstate[0]_i_2/O
                         net (fo=52, routed)          0.287     1.768    ip_design_i/lms_pcore_0/U0/u_lms_pcore_axi_lite_inst/u_lms_pcore_axi_lite_module_inst/reset_0
    SLICE_X10Y54         FDCE                                         f  ip_design_i/lms_pcore_0/U0/u_lms_pcore_axi_lite_inst/u_lms_pcore_axi_lite_module_inst/wdata_reg[12]/CLR
  -------------------------------------------------------------------    -------------------

                         (clock clk_fpga_0 rise edge)
                                                      0.000     0.000 r  
    PS7_X0Y0             PS7                          0.000     0.000 r  ip_design_i/processing_system7_0/inst/PS7_i/FCLKCLK[0]
                         net (fo=1, routed)           0.341     0.341    ip_design_i/processing_system7_0/inst/FCLK_CLK_unbuffered[0]
    BUFGCTRL_X0Y0        BUFG (Prop_bufg_I_O)         0.029     0.370 r  ip_design_i/processing_system7_0/inst/buffer_fclk_clk_0.FCLK_CLK_0_BUFG/O
                         net (fo=2376, routed)        0.833     1.203    ip_design_i/lms_pcore_0/U0/u_lms_pcore_axi_lite_inst/u_lms_pcore_axi_lite_module_inst/AXI4_Lite_ACLK
    SLICE_X10Y54         FDCE                                         r  ip_design_i/lms_pcore_0/U0/u_lms_pcore_axi_lite_inst/u_lms_pcore_axi_lite_module_inst/wdata_reg[12]/C
                         clock pessimism             -0.034     1.169    
    SLICE_X10Y54         FDCE (Remov_fdce_C_CLR)     -0.133     1.036    ip_design_i/lms_pcore_0/U0/u_lms_pcore_axi_lite_inst/u_lms_pcore_axi_lite_module_inst/wdata_reg[12]
  -------------------------------------------------------------------
                         required time                         -1.036    
                         arrival time                           1.768    
  -------------------------------------------------------------------
                         slack                                  0.732    

Slack (MET) :             0.732ns  (arrival time - required time)
  Source:                 ip_design_i/rst_ps7_0_100M/U0/ACTIVE_LOW_PR_OUT_DFF[0].FDRE_PER_N/C
                            (rising edge-triggered cell FDRE clocked by clk_fpga_0  {rise@0.000ns fall@5.000ns period=10.000ns})
  Destination:            ip_design_i/lms_pcore_0/U0/u_lms_pcore_axi_lite_inst/u_lms_pcore_axi_lite_module_inst/wdata_reg[2]/CLR
                            (removal check against rising-edge clock clk_fpga_0  {rise@0.000ns fall@5.000ns period=10.000ns})
  Path Group:             **async_default**
  Path Type:              Removal (Min at Fast Process Corner)
  Requirement:            0.000ns  (clk_fpga_0 rise@0.000ns - clk_fpga_0 rise@0.000ns)
  Data Path Delay:        0.869ns  (logic 0.185ns (21.290%)  route 0.684ns (78.710%))
  Logic Levels:           1  (LUT1=1)
  Clock Path Skew:        0.270ns (DCD - SCD - CPR)
    Destination Clock Delay (DCD):    1.203ns
    Source Clock Delay      (SCD):    0.899ns
    Clock Pessimism Removal (CPR):    0.034ns

    Location             Delay type                Incr(ns)  Path(ns)    Netlist Resource(s)
  -------------------------------------------------------------------    -------------------
                         (clock clk_fpga_0 rise edge)
                                                      0.000     0.000 r  
    PS7_X0Y0             PS7                          0.000     0.000 r  ip_design_i/processing_system7_0/inst/PS7_i/FCLKCLK[0]
                         net (fo=1, routed)           0.315     0.315    ip_design_i/processing_system7_0/inst/FCLK_CLK_unbuffered[0]
    BUFGCTRL_X0Y0        BUFG (Prop_bufg_I_O)         0.026     0.341 r  ip_design_i/processing_system7_0/inst/buffer_fclk_clk_0.FCLK_CLK_0_BUFG/O
                         net (fo=2376, routed)        0.558     0.899    ip_design_i/rst_ps7_0_100M/U0/slowest_sync_clk
    SLICE_X22Y55         FDRE                                         r  ip_design_i/rst_ps7_0_100M/U0/ACTIVE_LOW_PR_OUT_DFF[0].FDRE_PER_N/C
  -------------------------------------------------------------------    -------------------
    SLICE_X22Y55         FDRE (Prop_fdre_C_Q)         0.141     1.040 r  ip_design_i/rst_ps7_0_100M/U0/ACTIVE_LOW_PR_OUT_DFF[0].FDRE_PER_N/Q
                         net (fo=21, routed)          0.397     1.436    ip_design_i/lms_pcore_0/U0/u_lms_pcore_axi_lite_inst/u_lms_pcore_axi_lite_module_inst/AXI4_Lite_ARESETN
    SLICE_X16Y54         LUT1 (Prop_lut1_I0_O)        0.044     1.480 f  ip_design_i/lms_pcore_0/U0/u_lms_pcore_axi_lite_inst/u_lms_pcore_axi_lite_module_inst/FSM_onehot_axi_lite_wstate[0]_i_2/O
                         net (fo=52, routed)          0.287     1.768    ip_design_i/lms_pcore_0/U0/u_lms_pcore_axi_lite_inst/u_lms_pcore_axi_lite_module_inst/reset_0
    SLICE_X10Y54         FDCE                                         f  ip_design_i/lms_pcore_0/U0/u_lms_pcore_axi_lite_inst/u_lms_pcore_axi_lite_module_inst/wdata_reg[2]/CLR
  -------------------------------------------------------------------    -------------------

                         (clock clk_fpga_0 rise edge)
                                                      0.000     0.000 r  
    PS7_X0Y0             PS7                          0.000     0.000 r  ip_design_i/processing_system7_0/inst/PS7_i/FCLKCLK[0]
                         net (fo=1, routed)           0.341     0.341    ip_design_i/processing_system7_0/inst/FCLK_CLK_unbuffered[0]
    BUFGCTRL_X0Y0        BUFG (Prop_bufg_I_O)         0.029     0.370 r  ip_design_i/processing_system7_0/inst/buffer_fclk_clk_0.FCLK_CLK_0_BUFG/O
                         net (fo=2376, routed)        0.833     1.203    ip_design_i/lms_pcore_0/U0/u_lms_pcore_axi_lite_inst/u_lms_pcore_axi_lite_module_inst/AXI4_Lite_ACLK
    SLICE_X10Y54         FDCE                                         r  ip_design_i/lms_pcore_0/U0/u_lms_pcore_axi_lite_inst/u_lms_pcore_axi_lite_module_inst/wdata_reg[2]/C
                         clock pessimism             -0.034     1.169    
    SLICE_X10Y54         FDCE (Remov_fdce_C_CLR)     -0.133     1.036    ip_design_i/lms_pcore_0/U0/u_lms_pcore_axi_lite_inst/u_lms_pcore_axi_lite_module_inst/wdata_reg[2]
  -------------------------------------------------------------------
                         required time                         -1.036    
                         arrival time                           1.768    
  -------------------------------------------------------------------
                         slack                                  0.732    

Slack (MET) :             0.732ns  (arrival time - required time)
  Source:                 ip_design_i/rst_ps7_0_100M/U0/ACTIVE_LOW_PR_OUT_DFF[0].FDRE_PER_N/C
                            (rising edge-triggered cell FDRE clocked by clk_fpga_0  {rise@0.000ns fall@5.000ns period=10.000ns})
  Destination:            ip_design_i/lms_pcore_0/U0/u_lms_pcore_axi_lite_inst/u_lms_pcore_axi_lite_module_inst/wdata_reg[3]/CLR
                            (removal check against rising-edge clock clk_fpga_0  {rise@0.000ns fall@5.000ns period=10.000ns})
  Path Group:             **async_default**
  Path Type:              Removal (Min at Fast Process Corner)
  Requirement:            0.000ns  (clk_fpga_0 rise@0.000ns - clk_fpga_0 rise@0.000ns)
  Data Path Delay:        0.869ns  (logic 0.185ns (21.290%)  route 0.684ns (78.710%))
  Logic Levels:           1  (LUT1=1)
  Clock Path Skew:        0.270ns (DCD - SCD - CPR)
    Destination Clock Delay (DCD):    1.203ns
    Source Clock Delay      (SCD):    0.899ns
    Clock Pessimism Removal (CPR):    0.034ns

    Location             Delay type                Incr(ns)  Path(ns)    Netlist Resource(s)
  -------------------------------------------------------------------    -------------------
                         (clock clk_fpga_0 rise edge)
                                                      0.000     0.000 r  
    PS7_X0Y0             PS7                          0.000     0.000 r  ip_design_i/processing_system7_0/inst/PS7_i/FCLKCLK[0]
                         net (fo=1, routed)           0.315     0.315    ip_design_i/processing_system7_0/inst/FCLK_CLK_unbuffered[0]
    BUFGCTRL_X0Y0        BUFG (Prop_bufg_I_O)         0.026     0.341 r  ip_design_i/processing_system7_0/inst/buffer_fclk_clk_0.FCLK_CLK_0_BUFG/O
                         net (fo=2376, routed)        0.558     0.899    ip_design_i/rst_ps7_0_100M/U0/slowest_sync_clk
    SLICE_X22Y55         FDRE                                         r  ip_design_i/rst_ps7_0_100M/U0/ACTIVE_LOW_PR_OUT_DFF[0].FDRE_PER_N/C
  -------------------------------------------------------------------    -------------------
    SLICE_X22Y55         FDRE (Prop_fdre_C_Q)         0.141     1.040 r  ip_design_i/rst_ps7_0_100M/U0/ACTIVE_LOW_PR_OUT_DFF[0].FDRE_PER_N/Q
                         net (fo=21, routed)          0.397     1.436    ip_design_i/lms_pcore_0/U0/u_lms_pcore_axi_lite_inst/u_lms_pcore_axi_lite_module_inst/AXI4_Lite_ARESETN
    SLICE_X16Y54         LUT1 (Prop_lut1_I0_O)        0.044     1.480 f  ip_design_i/lms_pcore_0/U0/u_lms_pcore_axi_lite_inst/u_lms_pcore_axi_lite_module_inst/FSM_onehot_axi_lite_wstate[0]_i_2/O
                         net (fo=52, routed)          0.287     1.768    ip_design_i/lms_pcore_0/U0/u_lms_pcore_axi_lite_inst/u_lms_pcore_axi_lite_module_inst/reset_0
    SLICE_X10Y54         FDCE                                         f  ip_design_i/lms_pcore_0/U0/u_lms_pcore_axi_lite_inst/u_lms_pcore_axi_lite_module_inst/wdata_reg[3]/CLR
  -------------------------------------------------------------------    -------------------

                         (clock clk_fpga_0 rise edge)
                                                      0.000     0.000 r  
    PS7_X0Y0             PS7                          0.000     0.000 r  ip_design_i/processing_system7_0/inst/PS7_i/FCLKCLK[0]
                         net (fo=1, routed)           0.341     0.341    ip_design_i/processing_system7_0/inst/FCLK_CLK_unbuffered[0]
    BUFGCTRL_X0Y0        BUFG (Prop_bufg_I_O)         0.029     0.370 r  ip_design_i/processing_system7_0/inst/buffer_fclk_clk_0.FCLK_CLK_0_BUFG/O
                         net (fo=2376, routed)        0.833     1.203    ip_design_i/lms_pcore_0/U0/u_lms_pcore_axi_lite_inst/u_lms_pcore_axi_lite_module_inst/AXI4_Lite_ACLK
    SLICE_X10Y54         FDCE                                         r  ip_design_i/lms_pcore_0/U0/u_lms_pcore_axi_lite_inst/u_lms_pcore_axi_lite_module_inst/wdata_reg[3]/C
                         clock pessimism             -0.034     1.169    
    SLICE_X10Y54         FDCE (Remov_fdce_C_CLR)     -0.133     1.036    ip_design_i/lms_pcore_0/U0/u_lms_pcore_axi_lite_inst/u_lms_pcore_axi_lite_module_inst/wdata_reg[3]
  -------------------------------------------------------------------
                         required time                         -1.036    
                         arrival time                           1.768    
  -------------------------------------------------------------------
                         slack                                  0.732    

Slack (MET) :             0.732ns  (arrival time - required time)
  Source:                 ip_design_i/rst_ps7_0_100M/U0/ACTIVE_LOW_PR_OUT_DFF[0].FDRE_PER_N/C
                            (rising edge-triggered cell FDRE clocked by clk_fpga_0  {rise@0.000ns fall@5.000ns period=10.000ns})
  Destination:            ip_design_i/lms_pcore_0/U0/u_lms_pcore_axi_lite_inst/u_lms_pcore_axi_lite_module_inst/wdata_reg[7]/CLR
                            (removal check against rising-edge clock clk_fpga_0  {rise@0.000ns fall@5.000ns period=10.000ns})
  Path Group:             **async_default**
  Path Type:              Removal (Min at Fast Process Corner)
  Requirement:            0.000ns  (clk_fpga_0 rise@0.000ns - clk_fpga_0 rise@0.000ns)
  Data Path Delay:        0.869ns  (logic 0.185ns (21.290%)  route 0.684ns (78.710%))
  Logic Levels:           1  (LUT1=1)
  Clock Path Skew:        0.270ns (DCD - SCD - CPR)
    Destination Clock Delay (DCD):    1.203ns
    Source Clock Delay      (SCD):    0.899ns
    Clock Pessimism Removal (CPR):    0.034ns

    Location             Delay type                Incr(ns)  Path(ns)    Netlist Resource(s)
  -------------------------------------------------------------------    -------------------
                         (clock clk_fpga_0 rise edge)
                                                      0.000     0.000 r  
    PS7_X0Y0             PS7                          0.000     0.000 r  ip_design_i/processing_system7_0/inst/PS7_i/FCLKCLK[0]
                         net (fo=1, routed)           0.315     0.315    ip_design_i/processing_system7_0/inst/FCLK_CLK_unbuffered[0]
    BUFGCTRL_X0Y0        BUFG (Prop_bufg_I_O)         0.026     0.341 r  ip_design_i/processing_system7_0/inst/buffer_fclk_clk_0.FCLK_CLK_0_BUFG/O
                         net (fo=2376, routed)        0.558     0.899    ip_design_i/rst_ps7_0_100M/U0/slowest_sync_clk
    SLICE_X22Y55         FDRE                                         r  ip_design_i/rst_ps7_0_100M/U0/ACTIVE_LOW_PR_OUT_DFF[0].FDRE_PER_N/C
  -------------------------------------------------------------------    -------------------
    SLICE_X22Y55         FDRE (Prop_fdre_C_Q)         0.141     1.040 r  ip_design_i/rst_ps7_0_100M/U0/ACTIVE_LOW_PR_OUT_DFF[0].FDRE_PER_N/Q
                         net (fo=21, routed)          0.397     1.436    ip_design_i/lms_pcore_0/U0/u_lms_pcore_axi_lite_inst/u_lms_pcore_axi_lite_module_inst/AXI4_Lite_ARESETN
    SLICE_X16Y54         LUT1 (Prop_lut1_I0_O)        0.044     1.480 f  ip_design_i/lms_pcore_0/U0/u_lms_pcore_axi_lite_inst/u_lms_pcore_axi_lite_module_inst/FSM_onehot_axi_lite_wstate[0]_i_2/O
                         net (fo=52, routed)          0.287     1.768    ip_design_i/lms_pcore_0/U0/u_lms_pcore_axi_lite_inst/u_lms_pcore_axi_lite_module_inst/reset_0
    SLICE_X10Y54         FDCE                                         f  ip_design_i/lms_pcore_0/U0/u_lms_pcore_axi_lite_inst/u_lms_pcore_axi_lite_module_inst/wdata_reg[7]/CLR
  -------------------------------------------------------------------    -------------------

                         (clock clk_fpga_0 rise edge)
                                                      0.000     0.000 r  
    PS7_X0Y0             PS7                          0.000     0.000 r  ip_design_i/processing_system7_0/inst/PS7_i/FCLKCLK[0]
                         net (fo=1, routed)           0.341     0.341    ip_design_i/processing_system7_0/inst/FCLK_CLK_unbuffered[0]
    BUFGCTRL_X0Y0        BUFG (Prop_bufg_I_O)         0.029     0.370 r  ip_design_i/processing_system7_0/inst/buffer_fclk_clk_0.FCLK_CLK_0_BUFG/O
                         net (fo=2376, routed)        0.833     1.203    ip_design_i/lms_pcore_0/U0/u_lms_pcore_axi_lite_inst/u_lms_pcore_axi_lite_module_inst/AXI4_Lite_ACLK
    SLICE_X10Y54         FDCE                                         r  ip_design_i/lms_pcore_0/U0/u_lms_pcore_axi_lite_inst/u_lms_pcore_axi_lite_module_inst/wdata_reg[7]/C
                         clock pessimism             -0.034     1.169    
    SLICE_X10Y54         FDCE (Remov_fdce_C_CLR)     -0.133     1.036    ip_design_i/lms_pcore_0/U0/u_lms_pcore_axi_lite_inst/u_lms_pcore_axi_lite_module_inst/wdata_reg[7]
  -------------------------------------------------------------------
                         required time                         -1.036    
                         arrival time                           1.768    
  -------------------------------------------------------------------
                         slack                                  0.732    

Slack (MET) :             0.732ns  (arrival time - required time)
  Source:                 ip_design_i/rst_ps7_0_100M/U0/ACTIVE_LOW_PR_OUT_DFF[0].FDRE_PER_N/C
                            (rising edge-triggered cell FDRE clocked by clk_fpga_0  {rise@0.000ns fall@5.000ns period=10.000ns})
  Destination:            ip_design_i/lms_pcore_0/U0/u_lms_pcore_axi_lite_inst/u_lms_pcore_axi_lite_module_inst/wdata_reg[9]/CLR
                            (removal check against rising-edge clock clk_fpga_0  {rise@0.000ns fall@5.000ns period=10.000ns})
  Path Group:             **async_default**
  Path Type:              Removal (Min at Fast Process Corner)
  Requirement:            0.000ns  (clk_fpga_0 rise@0.000ns - clk_fpga_0 rise@0.000ns)
  Data Path Delay:        0.869ns  (logic 0.185ns (21.290%)  route 0.684ns (78.710%))
  Logic Levels:           1  (LUT1=1)
  Clock Path Skew:        0.270ns (DCD - SCD - CPR)
    Destination Clock Delay (DCD):    1.203ns
    Source Clock Delay      (SCD):    0.899ns
    Clock Pessimism Removal (CPR):    0.034ns

    Location             Delay type                Incr(ns)  Path(ns)    Netlist Resource(s)
  -------------------------------------------------------------------    -------------------
                         (clock clk_fpga_0 rise edge)
                                                      0.000     0.000 r  
    PS7_X0Y0             PS7                          0.000     0.000 r  ip_design_i/processing_system7_0/inst/PS7_i/FCLKCLK[0]
                         net (fo=1, routed)           0.315     0.315    ip_design_i/processing_system7_0/inst/FCLK_CLK_unbuffered[0]
    BUFGCTRL_X0Y0        BUFG (Prop_bufg_I_O)         0.026     0.341 r  ip_design_i/processing_system7_0/inst/buffer_fclk_clk_0.FCLK_CLK_0_BUFG/O
                         net (fo=2376, routed)        0.558     0.899    ip_design_i/rst_ps7_0_100M/U0/slowest_sync_clk
    SLICE_X22Y55         FDRE                                         r  ip_design_i/rst_ps7_0_100M/U0/ACTIVE_LOW_PR_OUT_DFF[0].FDRE_PER_N/C
  -------------------------------------------------------------------    -------------------
    SLICE_X22Y55         FDRE (Prop_fdre_C_Q)         0.141     1.040 r  ip_design_i/rst_ps7_0_100M/U0/ACTIVE_LOW_PR_OUT_DFF[0].FDRE_PER_N/Q
                         net (fo=21, routed)          0.397     1.436    ip_design_i/lms_pcore_0/U0/u_lms_pcore_axi_lite_inst/u_lms_pcore_axi_lite_module_inst/AXI4_Lite_ARESETN
    SLICE_X16Y54         LUT1 (Prop_lut1_I0_O)        0.044     1.480 f  ip_design_i/lms_pcore_0/U0/u_lms_pcore_axi_lite_inst/u_lms_pcore_axi_lite_module_inst/FSM_onehot_axi_lite_wstate[0]_i_2/O
                         net (fo=52, routed)          0.287     1.768    ip_design_i/lms_pcore_0/U0/u_lms_pcore_axi_lite_inst/u_lms_pcore_axi_lite_module_inst/reset_0
    SLICE_X10Y54         FDCE                                         f  ip_design_i/lms_pcore_0/U0/u_lms_pcore_axi_lite_inst/u_lms_pcore_axi_lite_module_inst/wdata_reg[9]/CLR
  -------------------------------------------------------------------    -------------------

                         (clock clk_fpga_0 rise edge)
                                                      0.000     0.000 r  
    PS7_X0Y0             PS7                          0.000     0.000 r  ip_design_i/processing_system7_0/inst/PS7_i/FCLKCLK[0]
                         net (fo=1, routed)           0.341     0.341    ip_design_i/processing_system7_0/inst/FCLK_CLK_unbuffered[0]
    BUFGCTRL_X0Y0        BUFG (Prop_bufg_I_O)         0.029     0.370 r  ip_design_i/processing_system7_0/inst/buffer_fclk_clk_0.FCLK_CLK_0_BUFG/O
                         net (fo=2376, routed)        0.833     1.203    ip_design_i/lms_pcore_0/U0/u_lms_pcore_axi_lite_inst/u_lms_pcore_axi_lite_module_inst/AXI4_Lite_ACLK
    SLICE_X10Y54         FDCE                                         r  ip_design_i/lms_pcore_0/U0/u_lms_pcore_axi_lite_inst/u_lms_pcore_axi_lite_module_inst/wdata_reg[9]/C
                         clock pessimism             -0.034     1.169    
    SLICE_X10Y54         FDCE (Remov_fdce_C_CLR)     -0.133     1.036    ip_design_i/lms_pcore_0/U0/u_lms_pcore_axi_lite_inst/u_lms_pcore_axi_lite_module_inst/wdata_reg[9]
  -------------------------------------------------------------------
                         required time                         -1.036    
                         arrival time                           1.768    
  -------------------------------------------------------------------
                         slack                                  0.732    

Slack (MET) :             0.759ns  (arrival time - required time)
  Source:                 ip_design_i/rst_ps7_0_100M/U0/ACTIVE_LOW_PR_OUT_DFF[0].FDRE_PER_N/C
                            (rising edge-triggered cell FDRE clocked by clk_fpga_0  {rise@0.000ns fall@5.000ns period=10.000ns})
  Destination:            ip_design_i/lms_pcore_0/U0/u_lms_pcore_axi_lite_inst/u_lms_pcore_axi_lite_module_inst/wr_enb_1_reg/CLR
                            (removal check against rising-edge clock clk_fpga_0  {rise@0.000ns fall@5.000ns period=10.000ns})
  Path Group:             **async_default**
  Path Type:              Removal (Min at Fast Process Corner)
  Requirement:            0.000ns  (clk_fpga_0 rise@0.000ns - clk_fpga_0 rise@0.000ns)
  Data Path Delay:        0.903ns  (logic 0.185ns (20.478%)  route 0.718ns (79.522%))
  Logic Levels:           1  (LUT1=1)
  Clock Path Skew:        0.277ns (DCD - SCD - CPR)
    Destination Clock Delay (DCD):    1.205ns
    Source Clock Delay      (SCD):    0.899ns
    Clock Pessimism Removal (CPR):    0.029ns

    Location             Delay type                Incr(ns)  Path(ns)    Netlist Resource(s)
  -------------------------------------------------------------------    -------------------
                         (clock clk_fpga_0 rise edge)
                                                      0.000     0.000 r  
    PS7_X0Y0             PS7                          0.000     0.000 r  ip_design_i/processing_system7_0/inst/PS7_i/FCLKCLK[0]
                         net (fo=1, routed)           0.315     0.315    ip_design_i/processing_system7_0/inst/FCLK_CLK_unbuffered[0]
    BUFGCTRL_X0Y0        BUFG (Prop_bufg_I_O)         0.026     0.341 r  ip_design_i/processing_system7_0/inst/buffer_fclk_clk_0.FCLK_CLK_0_BUFG/O
                         net (fo=2376, routed)        0.558     0.899    ip_design_i/rst_ps7_0_100M/U0/slowest_sync_clk
    SLICE_X22Y55         FDRE                                         r  ip_design_i/rst_ps7_0_100M/U0/ACTIVE_LOW_PR_OUT_DFF[0].FDRE_PER_N/C
  -------------------------------------------------------------------    -------------------
    SLICE_X22Y55         FDRE (Prop_fdre_C_Q)         0.141     1.040 r  ip_design_i/rst_ps7_0_100M/U0/ACTIVE_LOW_PR_OUT_DFF[0].FDRE_PER_N/Q
                         net (fo=21, routed)          0.397     1.436    ip_design_i/lms_pcore_0/U0/u_lms_pcore_axi_lite_inst/u_lms_pcore_axi_lite_module_inst/AXI4_Lite_ARESETN
    SLICE_X16Y54         LUT1 (Prop_lut1_I0_O)        0.044     1.480 f  ip_design_i/lms_pcore_0/U0/u_lms_pcore_axi_lite_inst/u_lms_pcore_axi_lite_module_inst/FSM_onehot_axi_lite_wstate[0]_i_2/O
                         net (fo=52, routed)          0.322     1.802    ip_design_i/lms_pcore_0/U0/u_lms_pcore_axi_lite_inst/u_lms_pcore_axi_lite_module_inst/reset_0
    SLICE_X10Y48         FDCE                                         f  ip_design_i/lms_pcore_0/U0/u_lms_pcore_axi_lite_inst/u_lms_pcore_axi_lite_module_inst/wr_enb_1_reg/CLR
  -------------------------------------------------------------------    -------------------

                         (clock clk_fpga_0 rise edge)
                                                      0.000     0.000 r  
    PS7_X0Y0             PS7                          0.000     0.000 r  ip_design_i/processing_system7_0/inst/PS7_i/FCLKCLK[0]
                         net (fo=1, routed)           0.341     0.341    ip_design_i/processing_system7_0/inst/FCLK_CLK_unbuffered[0]
    BUFGCTRL_X0Y0        BUFG (Prop_bufg_I_O)         0.029     0.370 r  ip_design_i/processing_system7_0/inst/buffer_fclk_clk_0.FCLK_CLK_0_BUFG/O
                         net (fo=2376, routed)        0.835     1.205    ip_design_i/lms_pcore_0/U0/u_lms_pcore_axi_lite_inst/u_lms_pcore_axi_lite_module_inst/AXI4_Lite_ACLK
    SLICE_X10Y48         FDCE                                         r  ip_design_i/lms_pcore_0/U0/u_lms_pcore_axi_lite_inst/u_lms_pcore_axi_lite_module_inst/wr_enb_1_reg/C
                         clock pessimism             -0.029     1.176    
    SLICE_X10Y48         FDCE (Remov_fdce_C_CLR)     -0.133     1.043    ip_design_i/lms_pcore_0/U0/u_lms_pcore_axi_lite_inst/u_lms_pcore_axi_lite_module_inst/wr_enb_1_reg
  -------------------------------------------------------------------
                         required time                         -1.043    
                         arrival time                           1.802    
  -------------------------------------------------------------------
                         slack                                  0.759    

Slack (MET) :             0.769ns  (arrival time - required time)
  Source:                 ip_design_i/rst_ps7_0_100M/U0/ACTIVE_LOW_PR_OUT_DFF[0].FDRE_PER_N/C
                            (rising edge-triggered cell FDRE clocked by clk_fpga_0  {rise@0.000ns fall@5.000ns period=10.000ns})
  Destination:            ip_design_i/lms_pcore_0/U0/u_lms_pcore_axi_lite_inst/u_lms_pcore_axi_lite_module_inst/wdata_reg[13]/CLR
                            (removal check against rising-edge clock clk_fpga_0  {rise@0.000ns fall@5.000ns period=10.000ns})
  Path Group:             **async_default**
  Path Type:              Removal (Min at Fast Process Corner)
  Requirement:            0.000ns  (clk_fpga_0 rise@0.000ns - clk_fpga_0 rise@0.000ns)
  Data Path Delay:        0.906ns  (logic 0.185ns (20.414%)  route 0.721ns (79.586%))
  Logic Levels:           1  (LUT1=1)
  Clock Path Skew:        0.270ns (DCD - SCD - CPR)
    Destination Clock Delay (DCD):    1.203ns
    Source Clock Delay      (SCD):    0.899ns
    Clock Pessimism Removal (CPR):    0.034ns

    Location             Delay type                Incr(ns)  Path(ns)    Netlist Resource(s)
  -------------------------------------------------------------------    -------------------
                         (clock clk_fpga_0 rise edge)
                                                      0.000     0.000 r  
    PS7_X0Y0             PS7                          0.000     0.000 r  ip_design_i/processing_system7_0/inst/PS7_i/FCLKCLK[0]
                         net (fo=1, routed)           0.315     0.315    ip_design_i/processing_system7_0/inst/FCLK_CLK_unbuffered[0]
    BUFGCTRL_X0Y0        BUFG (Prop_bufg_I_O)         0.026     0.341 r  ip_design_i/processing_system7_0/inst/buffer_fclk_clk_0.FCLK_CLK_0_BUFG/O
                         net (fo=2376, routed)        0.558     0.899    ip_design_i/rst_ps7_0_100M/U0/slowest_sync_clk
    SLICE_X22Y55         FDRE                                         r  ip_design_i/rst_ps7_0_100M/U0/ACTIVE_LOW_PR_OUT_DFF[0].FDRE_PER_N/C
  -------------------------------------------------------------------    -------------------
    SLICE_X22Y55         FDRE (Prop_fdre_C_Q)         0.141     1.040 r  ip_design_i/rst_ps7_0_100M/U0/ACTIVE_LOW_PR_OUT_DFF[0].FDRE_PER_N/Q
                         net (fo=21, routed)          0.397     1.436    ip_design_i/lms_pcore_0/U0/u_lms_pcore_axi_lite_inst/u_lms_pcore_axi_lite_module_inst/AXI4_Lite_ARESETN
    SLICE_X16Y54         LUT1 (Prop_lut1_I0_O)        0.044     1.480 f  ip_design_i/lms_pcore_0/U0/u_lms_pcore_axi_lite_inst/u_lms_pcore_axi_lite_module_inst/FSM_onehot_axi_lite_wstate[0]_i_2/O
                         net (fo=52, routed)          0.325     1.805    ip_design_i/lms_pcore_0/U0/u_lms_pcore_axi_lite_inst/u_lms_pcore_axi_lite_module_inst/reset_0
    SLICE_X10Y53         FDCE                                         f  ip_design_i/lms_pcore_0/U0/u_lms_pcore_axi_lite_inst/u_lms_pcore_axi_lite_module_inst/wdata_reg[13]/CLR
  -------------------------------------------------------------------    -------------------

                         (clock clk_fpga_0 rise edge)
                                                      0.000     0.000 r  
    PS7_X0Y0             PS7                          0.000     0.000 r  ip_design_i/processing_system7_0/inst/PS7_i/FCLKCLK[0]
                         net (fo=1, routed)           0.341     0.341    ip_design_i/processing_system7_0/inst/FCLK_CLK_unbuffered[0]
    BUFGCTRL_X0Y0        BUFG (Prop_bufg_I_O)         0.029     0.370 r  ip_design_i/processing_system7_0/inst/buffer_fclk_clk_0.FCLK_CLK_0_BUFG/O
                         net (fo=2376, routed)        0.833     1.203    ip_design_i/lms_pcore_0/U0/u_lms_pcore_axi_lite_inst/u_lms_pcore_axi_lite_module_inst/AXI4_Lite_ACLK
    SLICE_X10Y53         FDCE                                         r  ip_design_i/lms_pcore_0/U0/u_lms_pcore_axi_lite_inst/u_lms_pcore_axi_lite_module_inst/wdata_reg[13]/C
                         clock pessimism             -0.034     1.169    
    SLICE_X10Y53         FDCE (Remov_fdce_C_CLR)     -0.133     1.036    ip_design_i/lms_pcore_0/U0/u_lms_pcore_axi_lite_inst/u_lms_pcore_axi_lite_module_inst/wdata_reg[13]
  -------------------------------------------------------------------
                         required time                         -1.036    
                         arrival time                           1.805    
  -------------------------------------------------------------------
                         slack                                  0.769    





