TRACE::2026-09-16.20:06:26::SCWPlatform::Trying to open the hw design at /home/user/Desktop/lab_2/zynq_interrupt_system_wrapper_1/hw/zynq_interrupt_system_wrapper.xsa
TRACE::2026-09-16.20:06:26::SCWPlatform::DSA given /home/user/Desktop/lab_2/zynq_interrupt_system_wrapper_1/hw/zynq_interrupt_system_wrapper.xsa
TRACE::2026-09-16.20:06:26::SCWPlatform::DSA absoulate path /home/user/Desktop/lab_2/zynq_interrupt_system_wrapper_1/hw/zynq_interrupt_system_wrapper.xsa
TRACE::2026-09-16.20:06:26::SCWPlatform::DSA directory /home/user/Desktop/lab_2/zynq_interrupt_system_wrapper_1/hw
TRACE::2026-09-16.20:06:26::SCWPlatform:: Platform Path /home/user/Desktop/lab_2/zynq_interrupt_system_wrapper_1/hw/zynq_interrupt_system_wrapper.xsa
TRACE::2026-09-16.20:06:26::SCWPlatform:: Unique name xilinx:zybo::0.0
TRACE::2026-09-16.20:06:26::SCWPlatform::Do not have an existing db opened. 
TRACE::2026-09-16.20:06:27::SCWPlatform::Opened new HwDB with name zynq_interrupt_system_wrapper_0
TRACE::2026-09-16.20:06:27::SCWWriter::formatted JSON is {
	"platformName":	"zynq_interrupt_system_wrapper_1",
	"sprVersion":	"2.0",
	"mode":	"gui",
	"dsaType":	"Fixed",
	"platformDesc":	"zynq_interrupt_system_wrapper_1",
	"platHandOff":	"/home/user/Desktop/lab_2/zynq_interrupt_system_wrapper.xsa",
	"platIntHandOff":	"<platformDir>/hw/zynq_interrupt_system_wrapper.xsa",
	"deviceType":	"zynq",
	"platIsPrebuiltAutogen":	"false",
	"platIsNoBootBsp":	"false",
	"hasFsblMakeHasChanges":	"false",
	"hasPmufwMakeHasChanges":	"false",
	"platPreBuiltFlag":	false,
	"platformSamplesDir":	""
}
TRACE::2026-09-16.20:06:27::SCWWriter::formatted JSON is {
	"platformName":	"zynq_interrupt_system_wrapper_1",
	"sprVersion":	"2.0",
	"mode":	"gui",
	"dsaType":	"Fixed",
	"platformDesc":	"zynq_interrupt_system_wrapper_1",
	"platHandOff":	"/home/user/Desktop/lab_2/zynq_interrupt_system_wrapper.xsa",
	"platIntHandOff":	"<platformDir>/hw/zynq_interrupt_system_wrapper.xsa",
	"deviceType":	"zynq",
	"platIsPrebuiltAutogen":	"false",
	"platIsNoBootBsp":	"false",
	"hasFsblMakeHasChanges":	"false",
	"hasPmufwMakeHasChanges":	"false",
	"platPreBuiltFlag":	false,
	"platformSamplesDir":	"",
	"platActiveSys":	"zynq_interrupt_system_wrapper_1",
	"systems":	[{
			"systemName":	"zynq_interrupt_system_wrapper_1",
			"systemDesc":	"zynq_interrupt_system_wrapper_1",
			"sysIsBootAutoGen":	"true",
			"systemDispName":	"zynq_interrupt_system_wrapper_1"
		}]
}
TRACE::2026-09-16.20:06:27::SCWPlatform::Boot application domains not present, creating them
TRACE::2026-09-16.20:06:27::SCWDomain::checking for install qemu data   : 
TRACE::2026-09-16.20:06:27::SCWDomain:: Using the QEMU Data from install at  : /home/software/Xilinx/Vitis/2021.1/data/emulation/platforms/zynq/sw/a9_standalone/qemu/
TRACE::2026-09-16.20:06:27::SCWDomain:: Using the QEMU args  from install at  : /home/software/Xilinx/Vitis/2021.1/data/emulation/platforms/zynq/sw/a9_standalone/qemu/qemu_args.txt
TRACE::2026-09-16.20:06:27::SCWPlatform::Trying to open the hw design at /home/user/Desktop/lab_2/zynq_interrupt_system_wrapper_1/hw/zynq_interrupt_system_wrapper.xsa
TRACE::2026-09-16.20:06:27::SCWPlatform::DSA given /home/user/Desktop/lab_2/zynq_interrupt_system_wrapper_1/hw/zynq_interrupt_system_wrapper.xsa
TRACE::2026-09-16.20:06:27::SCWPlatform::DSA absoulate path /home/user/Desktop/lab_2/zynq_interrupt_system_wrapper_1/hw/zynq_interrupt_system_wrapper.xsa
TRACE::2026-09-16.20:06:27::SCWPlatform::DSA directory /home/user/Desktop/lab_2/zynq_interrupt_system_wrapper_1/hw
TRACE::2026-09-16.20:06:27::SCWPlatform:: Platform Path /home/user/Desktop/lab_2/zynq_interrupt_system_wrapper_1/hw/zynq_interrupt_system_wrapper.xsa
TRACE::2026-09-16.20:06:27::SCWPlatform:: Unique name xilinx:zybo::0.0
TRACE::2026-09-16.20:06:27::SCWPlatform::Trying to set the existing hwdb with name zynq_interrupt_system_wrapper_0
TRACE::2026-09-16.20:06:27::SCWPlatform::Opened existing hwdb zynq_interrupt_system_wrapper_0
TRACE::2026-09-16.20:06:27::SCWPlatform::Found the Hw Db part of the input DSA
TRACE::2026-09-16.20:06:27::SCWPlatform::Trying to open the hw design at /home/user/Desktop/lab_2/zynq_interrupt_system_wrapper_1/hw/zynq_interrupt_system_wrapper.xsa
TRACE::2026-09-16.20:06:27::SCWPlatform::DSA given /home/user/Desktop/lab_2/zynq_interrupt_system_wrapper_1/hw/zynq_interrupt_system_wrapper.xsa
TRACE::2026-09-16.20:06:27::SCWPlatform::DSA absoulate path /home/user/Desktop/lab_2/zynq_interrupt_system_wrapper_1/hw/zynq_interrupt_system_wrapper.xsa
TRACE::2026-09-16.20:06:27::SCWPlatform::DSA directory /home/user/Desktop/lab_2/zynq_interrupt_system_wrapper_1/hw
TRACE::2026-09-16.20:06:27::SCWPlatform:: Platform Path /home/user/Desktop/lab_2/zynq_interrupt_system_wrapper_1/hw/zynq_interrupt_system_wrapper.xsa
TRACE::2026-09-16.20:06:27::SCWPlatform:: Unique name xilinx:zybo::0.0
TRACE::2026-09-16.20:06:27::SCWPlatform::Trying to set the existing hwdb with name zynq_interrupt_system_wrapper_0
TRACE::2026-09-16.20:06:27::SCWPlatform::Opened existing hwdb zynq_interrupt_system_wrapper_0
TRACE::2026-09-16.20:06:27::SCWPlatform::Found the Hw Db part of the input DSA
TRACE::2026-09-16.20:06:27::SCWPlatform::Trying to open the hw design at /home/user/Desktop/lab_2/zynq_interrupt_system_wrapper_1/hw/zynq_interrupt_system_wrapper.xsa
TRACE::2026-09-16.20:06:27::SCWPlatform::DSA given /home/user/Desktop/lab_2/zynq_interrupt_system_wrapper_1/hw/zynq_interrupt_system_wrapper.xsa
TRACE::2026-09-16.20:06:27::SCWPlatform::DSA absoulate path /home/user/Desktop/lab_2/zynq_interrupt_system_wrapper_1/hw/zynq_interrupt_system_wrapper.xsa
TRACE::2026-09-16.20:06:27::SCWPlatform::DSA directory /home/user/Desktop/lab_2/zynq_interrupt_system_wrapper_1/hw
TRACE::2026-09-16.20:06:27::SCWPlatform:: Platform Path /home/user/Desktop/lab_2/zynq_interrupt_system_wrapper_1/hw/zynq_interrupt_system_wrapper.xsa
TRACE::2026-09-16.20:06:27::SCWPlatform:: Unique name xilinx:zybo::0.0
TRACE::2026-09-16.20:06:27::SCWPlatform::Trying to set the existing hwdb with name zynq_interrupt_system_wrapper_0
TRACE::2026-09-16.20:06:27::SCWPlatform::Opened existing hwdb zynq_interrupt_system_wrapper_0
TRACE::2026-09-16.20:06:27::SCWPlatform::Found the Hw Db part of the input DSA
TRACE::2026-09-16.20:06:27::SCWPlatform::Boot application domain added for zynq_fsbl
TRACE::2026-09-16.20:06:27::SCWPlatform::Generating the sources  .
TRACE::2026-09-16.20:06:27::SCWBDomain::Generating boot domain sources.
TRACE::2026-09-16.20:06:27::SCWBDomain:: Generating the zynq_fsbl Application.
TRACE::2026-09-16.20:06:27::SCWPlatform::Trying to open the hw design at /home/user/Desktop/lab_2/zynq_interrupt_system_wrapper_1/hw/zynq_interrupt_system_wrapper.xsa
TRACE::2026-09-16.20:06:27::SCWPlatform::DSA given /home/user/Desktop/lab_2/zynq_interrupt_system_wrapper_1/hw/zynq_interrupt_system_wrapper.xsa
TRACE::2026-09-16.20:06:27::SCWPlatform::DSA absoulate path /home/user/Desktop/lab_2/zynq_interrupt_system_wrapper_1/hw/zynq_interrupt_system_wrapper.xsa
TRACE::2026-09-16.20:06:27::SCWPlatform::DSA directory /home/user/Desktop/lab_2/zynq_interrupt_system_wrapper_1/hw
TRACE::2026-09-16.20:06:27::SCWPlatform:: Platform Path /home/user/Desktop/lab_2/zynq_interrupt_system_wrapper_1/hw/zynq_interrupt_system_wrapper.xsa
TRACE::2026-09-16.20:06:27::SCWPlatform:: Unique name xilinx:zybo::0.0
TRACE::2026-09-16.20:06:27::SCWPlatform::Trying to set the existing hwdb with name zynq_interrupt_system_wrapper_0
TRACE::2026-09-16.20:06:27::SCWPlatform::Opened existing hwdb zynq_interrupt_system_wrapper_0
TRACE::2026-09-16.20:06:27::SCWPlatform::Found the Hw Db part of the input DSA
TRACE::2026-09-16.20:06:27::SCWMssOS::Checking the sw design at  /home/user/Desktop/lab_2/zynq_interrupt_system_wrapper_1/zynq_fsbl/zynq_fsbl_bsp/system.mss
TRACE::2026-09-16.20:06:27::SCWMssOS::DEBUG:  swdes dump  
TRACE::2026-09-16.20:06:27::SCWMssOS::No sw design opened at  /home/user/Desktop/lab_2/zynq_interrupt_system_wrapper_1/zynq_fsbl/zynq_fsbl_bsp/system.mss
TRACE::2026-09-16.20:06:27::SCWMssOS::mss does not exists at /home/user/Desktop/lab_2/zynq_interrupt_system_wrapper_1/zynq_fsbl/zynq_fsbl_bsp/system.mss
TRACE::2026-09-16.20:06:27::SCWMssOS::Creating sw design at  /home/user/Desktop/lab_2/zynq_interrupt_system_wrapper_1/zynq_fsbl/zynq_fsbl_bsp/system.mss
TRACE::2026-09-16.20:06:27::SCWMssOS::Adding the swdes entry, created swdb /home/user/Desktop/lab_2/zynq_interrupt_system_wrapper_1/zynq_fsbl/zynq_fsbl_bsp/system.mss with des name /home/user/Desktop/lab_2/zynq_interrupt_system_wrapper_1/zynq_fsbl/zynq_fsbl_bsp/system.mss
TRACE::2026-09-16.20:06:27::SCWMssOS::updating the scw layer changes to swdes at   /home/user/Desktop/lab_2/zynq_interrupt_system_wrapper_1/zynq_fsbl/zynq_fsbl_bsp/system.mss
TRACE::2026-09-16.20:06:27::SCWMssOS::Writing mss at /home/user/Desktop/lab_2/zynq_interrupt_system_wrapper_1/zynq_fsbl/zynq_fsbl_bsp/system.mss
TRACE::2026-09-16.20:06:27::SCWMssOS::Completed writing the mss file at /home/user/Desktop/lab_2/zynq_interrupt_system_wrapper_1/zynq_fsbl/zynq_fsbl_bsp
TRACE::2026-09-16.20:06:27::SCWMssOS::Picking up changes from newly written mss file into SCW Layer. 
TRACE::2026-09-16.20:06:27::SCWMssOS::Updated the changes from newly written mss file into SCW Layer. 
TRACE::2026-09-16.20:06:27::SCWBDomain::Completed writing the mss file at /home/user/Desktop/lab_2/zynq_interrupt_system_wrapper_1/zynq_fsbl/zynq_fsbl_bsp
TRACE::2026-09-16.20:06:31::SCWPlatform::Generating sources Done.
TRACE::2026-09-16.20:06:31::SCWPlatform::Trying to open the hw design at /home/user/Desktop/lab_2/zynq_interrupt_system_wrapper_1/hw/zynq_interrupt_system_wrapper.xsa
TRACE::2026-09-16.20:06:31::SCWPlatform::DSA given /home/user/Desktop/lab_2/zynq_interrupt_system_wrapper_1/hw/zynq_interrupt_system_wrapper.xsa
TRACE::2026-09-16.20:06:31::SCWPlatform::DSA absoulate path /home/user/Desktop/lab_2/zynq_interrupt_system_wrapper_1/hw/zynq_interrupt_system_wrapper.xsa
TRACE::2026-09-16.20:06:31::SCWPlatform::DSA directory /home/user/Desktop/lab_2/zynq_interrupt_system_wrapper_1/hw
TRACE::2026-09-16.20:06:31::SCWPlatform:: Platform Path /home/user/Desktop/lab_2/zynq_interrupt_system_wrapper_1/hw/zynq_interrupt_system_wrapper.xsa
TRACE::2026-09-16.20:06:31::SCWPlatform:: Unique name xilinx:zybo::0.0
TRACE::2026-09-16.20:06:31::SCWPlatform::Trying to set the existing hwdb with name zynq_interrupt_system_wrapper_0
TRACE::2026-09-16.20:06:31::SCWPlatform::Opened existing hwdb zynq_interrupt_system_wrapper_0
TRACE::2026-09-16.20:06:31::SCWPlatform::Found the Hw Db part of the input DSA
TRACE::2026-09-16.20:06:31::SCWMssOS::Checking the sw design at  /home/user/Desktop/lab_2/zynq_interrupt_system_wrapper_1/zynq_fsbl/zynq_fsbl_bsp/system.mss
TRACE::2026-09-16.20:06:31::SCWMssOS::DEBUG:  swdes dump  
TRACE::2026-09-16.20:06:31::SCWMssOS::No sw design opened at  /home/user/Desktop/lab_2/zynq_interrupt_system_wrapper_1/zynq_fsbl/zynq_fsbl_bsp/system.mss
TRACE::2026-09-16.20:06:31::SCWMssOS::mss exists loading the mss file  /home/user/Desktop/lab_2/zynq_interrupt_system_wrapper_1/zynq_fsbl/zynq_fsbl_bsp/system.mss
TRACE::2026-09-16.20:06:31::SCWMssOS::Opened the sw design from mss  /home/user/Desktop/lab_2/zynq_interrupt_system_wrapper_1/zynq_fsbl/zynq_fsbl_bsp/system.mss
TRACE::2026-09-16.20:06:31::SCWMssOS::Adding the swdes entry /home/user/Desktop/lab_2/zynq_interrupt_system_wrapper_1/zynq_fsbl/zynq_fsbl_bsp/system.mss with des name system
TRACE::2026-09-16.20:06:31::SCWMssOS::updating the scw layer about changes
TRACE::2026-09-16.20:06:31::SCWMssOS::Opened the sw design.  /home/user/Desktop/lab_2/zynq_interrupt_system_wrapper_1/zynq_fsbl/zynq_fsbl_bsp/system.mss
TRACE::2026-09-16.20:06:31::SCWMssOS::Saving the mss changes /home/user/Desktop/lab_2/zynq_interrupt_system_wrapper_1/zynq_fsbl/zynq_fsbl_bsp/system.mss
TRACE::2026-09-16.20:06:31::SCWMssOS::Found a swdesign opened with the mssfile.
TRACE::2026-09-16.20:06:31::SCWMssOS::Completed writemss as part of save.
TRACE::2026-09-16.20:06:31::SCWMssOS::Commit changes completed.
TRACE::2026-09-16.20:06:31::SCWPlatform::Trying to open the hw design at /home/user/Desktop/lab_2/zynq_interrupt_system_wrapper_1/hw/zynq_interrupt_system_wrapper.xsa
TRACE::2026-09-16.20:06:31::SCWPlatform::DSA given /home/user/Desktop/lab_2/zynq_interrupt_system_wrapper_1/hw/zynq_interrupt_system_wrapper.xsa
TRACE::2026-09-16.20:06:31::SCWPlatform::DSA absoulate path /home/user/Desktop/lab_2/zynq_interrupt_system_wrapper_1/hw/zynq_interrupt_system_wrapper.xsa
TRACE::2026-09-16.20:06:31::SCWPlatform::DSA directory /home/user/Desktop/lab_2/zynq_interrupt_system_wrapper_1/hw
TRACE::2026-09-16.20:06:31::SCWPlatform:: Platform Path /home/user/Desktop/lab_2/zynq_interrupt_system_wrapper_1/hw/zynq_interrupt_system_wrapper.xsa
TRACE::2026-09-16.20:06:31::SCWPlatform:: Unique name xilinx:zybo::0.0
TRACE::2026-09-16.20:06:31::SCWPlatform::Trying to set the existing hwdb with name zynq_interrupt_system_wrapper_0
TRACE::2026-09-16.20:06:31::SCWPlatform::Opened existing hwdb zynq_interrupt_system_wrapper_0
TRACE::2026-09-16.20:06:31::SCWPlatform::Found the Hw Db part of the input DSA
TRACE::2026-09-16.20:06:31::SCWMssOS::Checking the sw design at  /home/user/Desktop/lab_2/zynq_interrupt_system_wrapper_1/zynq_fsbl/zynq_fsbl_bsp/system.mss
TRACE::2026-09-16.20:06:31::SCWMssOS::DEBUG:  swdes dump  /home/user/Desktop/lab_2/zynq_interrupt_system_wrapper_1/zynq_fsbl/zynq_fsbl_bsp/system.mss|system||

TRACE::2026-09-16.20:06:31::SCWMssOS::Sw design exists and opened at  /home/user/Desktop/lab_2/zynq_interrupt_system_wrapper_1/zynq_fsbl/zynq_fsbl_bsp/system.mss
TRACE::2026-09-16.20:06:31::SCWPlatform::Trying to open the hw design at /home/user/Desktop/lab_2/zynq_interrupt_system_wrapper_1/hw/zynq_interrupt_system_wrapper.xsa
TRACE::2026-09-16.20:06:31::SCWPlatform::DSA given /home/user/Desktop/lab_2/zynq_interrupt_system_wrapper_1/hw/zynq_interrupt_system_wrapper.xsa
TRACE::2026-09-16.20:06:31::SCWPlatform::DSA absoulate path /home/user/Desktop/lab_2/zynq_interrupt_system_wrapper_1/hw/zynq_interrupt_system_wrapper.xsa
TRACE::2026-09-16.20:06:31::SCWPlatform::DSA directory /home/user/Desktop/lab_2/zynq_interrupt_system_wrapper_1/hw
TRACE::2026-09-16.20:06:31::SCWPlatform:: Platform Path /home/user/Desktop/lab_2/zynq_interrupt_system_wrapper_1/hw/zynq_interrupt_system_wrapper.xsa
TRACE::2026-09-16.20:06:31::SCWPlatform:: Unique name xilinx:zybo::0.0
TRACE::2026-09-16.20:06:31::SCWPlatform::Trying to set the existing hwdb with name zynq_interrupt_system_wrapper_0
TRACE::2026-09-16.20:06:31::SCWPlatform::Opened existing hwdb zynq_interrupt_system_wrapper_0
TRACE::2026-09-16.20:06:31::SCWPlatform::Found the Hw Db part of the input DSA
TRACE::2026-09-16.20:06:31::SCWMssOS::Checking the sw design at  /home/user/Desktop/lab_2/zynq_interrupt_system_wrapper_1/zynq_fsbl/zynq_fsbl_bsp/system.mss
TRACE::2026-09-16.20:06:31::SCWMssOS::DEBUG:  swdes dump  /home/user/Desktop/lab_2/zynq_interrupt_system_wrapper_1/zynq_fsbl/zynq_fsbl_bsp/system.mss|system||

TRACE::2026-09-16.20:06:31::SCWMssOS::Sw design exists and opened at  /home/user/Desktop/lab_2/zynq_interrupt_system_wrapper_1/zynq_fsbl/zynq_fsbl_bsp/system.mss
TRACE::2026-09-16.20:06:31::SCWPlatform::Trying to open the hw design at /home/user/Desktop/lab_2/zynq_interrupt_system_wrapper_1/hw/zynq_interrupt_system_wrapper.xsa
TRACE::2026-09-16.20:06:31::SCWPlatform::DSA given /home/user/Desktop/lab_2/zynq_interrupt_system_wrapper_1/hw/zynq_interrupt_system_wrapper.xsa
TRACE::2026-09-16.20:06:31::SCWPlatform::DSA absoulate path /home/user/Desktop/lab_2/zynq_interrupt_system_wrapper_1/hw/zynq_interrupt_system_wrapper.xsa
TRACE::2026-09-16.20:06:31::SCWPlatform::DSA directory /home/user/Desktop/lab_2/zynq_interrupt_system_wrapper_1/hw
TRACE::2026-09-16.20:06:31::SCWPlatform:: Platform Path /home/user/Desktop/lab_2/zynq_interrupt_system_wrapper_1/hw/zynq_interrupt_system_wrapper.xsa
TRACE::2026-09-16.20:06:31::SCWPlatform:: Unique name xilinx:zybo::0.0
TRACE::2026-09-16.20:06:31::SCWPlatform::Trying to set the existing hwdb with name zynq_interrupt_system_wrapper_0
TRACE::2026-09-16.20:06:31::SCWPlatform::Opened existing hwdb zynq_interrupt_system_wrapper_0
TRACE::2026-09-16.20:06:31::SCWPlatform::Found the Hw Db part of the input DSA
TRACE::2026-09-16.20:06:31::SCWMssOS::Checking the sw design at  /home/user/Desktop/lab_2/zynq_interrupt_system_wrapper_1/zynq_fsbl/zynq_fsbl_bsp/system.mss
TRACE::2026-09-16.20:06:31::SCWMssOS::DEBUG:  swdes dump  /home/user/Desktop/lab_2/zynq_interrupt_system_wrapper_1/zynq_fsbl/zynq_fsbl_bsp/system.mss|system||

TRACE::2026-09-16.20:06:31::SCWMssOS::Sw design exists and opened at  /home/user/Desktop/lab_2/zynq_interrupt_system_wrapper_1/zynq_fsbl/zynq_fsbl_bsp/system.mss
TRACE::2026-09-16.20:06:31::SCWWriter::formatted JSON is {
	"platformName":	"zynq_interrupt_system_wrapper_1",
	"sprVersion":	"2.0",
	"mode":	"gui",
	"dsaType":	"Fixed",
	"platformDesc":	"zynq_interrupt_system_wrapper_1",
	"platHandOff":	"/home/user/Desktop/lab_2/zynq_interrupt_system_wrapper.xsa",
	"platIntHandOff":	"<platformDir>/hw/zynq_interrupt_system_wrapper.xsa",
	"deviceType":	"zynq",
	"platIsPrebuiltAutogen":	"false",
	"platIsNoBootBsp":	"false",
	"platFsblTarget":	"ps7_cortexa9_0",
	"hasFsblMakeHasChanges":	"false",
	"hasPmufwMakeHasChanges":	"false",
	"fsblExtraCompilerFlags":	"-MMD -MP       -mcpu=cortex-a9 -mfpu=vfpv3 -mfloat-abi=hard ",
	"platPreBuiltFlag":	false,
	"platformSamplesDir":	"",
	"platActiveSys":	"zynq_interrupt_system_wrapper_1",
	"systems":	[{
			"systemName":	"zynq_interrupt_system_wrapper_1",
			"systemDesc":	"zynq_interrupt_system_wrapper_1",
			"sysIsBootAutoGen":	"true",
			"systemDispName":	"zynq_interrupt_system_wrapper_1",
			"sysActiveDom":	"zynq_fsbl",
			"sysDefaultDom":	"",
			"domains":	[{
					"domainName":	"zynq_fsbl",
					"domainDispName":	"zynq_fsbl",
					"domainDesc":	"FSBL Application BSP - Auto Generated.",
					"processors":	"ps7_cortexa9_0",
					"os":	"standalone",
					"sdxOs":	"standalone",
					"debugEnable":	"",
					"domRuntimes":	["cpp"],
					"swRepo":	"",
					"mssOsVer":	"7.5",
					"mssFile":	"",
					"md5Digest":	"209d6088c399e688016b2da3be5293e4",
					"compatibleApp":	"zynq_fsbl",
					"domType":	"bootDomain",
					"arch":	"32-bit",
					"appSettings":	{
						"appCompilerFlags":	"",
						"appLinkerFlags":	""
					},
					"addedLibs":	["xilffs:4.5", "xilrsa:1.6"],
					"libOptions":	{
						"libsContainingOptions":	[]
					},
					"prebuiltLibs":	{
						"prebuiltIncPath":	[],
						"prebuiltLibPath":	[]
					},
					"isolation":	{
					}
				}]
		}]
}
TRACE::2026-09-16.20:06:31::SCWMssOS::Saving the mss changes /home/user/Desktop/lab_2/zynq_interrupt_system_wrapper_1/zynq_fsbl/zynq_fsbl_bsp/system.mss
TRACE::2026-09-16.20:06:31::SCWMssOS::Found a swdesign opened with the mssfile.
TRACE::2026-09-16.20:06:31::SCWMssOS::Completed writemss as part of save.
TRACE::2026-09-16.20:06:31::SCWMssOS::Commit changes completed.
TRACE::2026-09-16.20:06:31::SCWPlatform::Trying to open the hw design at /home/user/Desktop/lab_2/zynq_interrupt_system_wrapper_1/hw/zynq_interrupt_system_wrapper.xsa
TRACE::2026-09-16.20:06:31::SCWPlatform::DSA given /home/user/Desktop/lab_2/zynq_interrupt_system_wrapper_1/hw/zynq_interrupt_system_wrapper.xsa
TRACE::2026-09-16.20:06:31::SCWPlatform::DSA absoulate path /home/user/Desktop/lab_2/zynq_interrupt_system_wrapper_1/hw/zynq_interrupt_system_wrapper.xsa
TRACE::2026-09-16.20:06:31::SCWPlatform::DSA directory /home/user/Desktop/lab_2/zynq_interrupt_system_wrapper_1/hw
TRACE::2026-09-16.20:06:31::SCWPlatform:: Platform Path /home/user/Desktop/lab_2/zynq_interrupt_system_wrapper_1/hw/zynq_interrupt_system_wrapper.xsa
TRACE::2026-09-16.20:06:31::SCWPlatform:: Unique name xilinx:zybo::0.0
TRACE::2026-09-16.20:06:31::SCWPlatform::Trying to set the existing hwdb with name zynq_interrupt_system_wrapper_0
TRACE::2026-09-16.20:06:31::SCWPlatform::Opened existing hwdb zynq_interrupt_system_wrapper_0
TRACE::2026-09-16.20:06:31::SCWPlatform::Found the Hw Db part of the input DSA
TRACE::2026-09-16.20:06:31::SCWMssOS::Checking the sw design at  /home/user/Desktop/lab_2/zynq_interrupt_system_wrapper_1/zynq_fsbl/zynq_fsbl_bsp/system.mss
TRACE::2026-09-16.20:06:31::SCWMssOS::DEBUG:  swdes dump  /home/user/Desktop/lab_2/zynq_interrupt_system_wrapper_1/zynq_fsbl/zynq_fsbl_bsp/system.mss|system||

TRACE::2026-09-16.20:06:31::SCWMssOS::Sw design exists and opened at  /home/user/Desktop/lab_2/zynq_interrupt_system_wrapper_1/zynq_fsbl/zynq_fsbl_bsp/system.mss
TRACE::2026-09-16.20:06:31::SCWPlatform::Trying to open the hw design at /home/user/Desktop/lab_2/zynq_interrupt_system_wrapper_1/hw/zynq_interrupt_system_wrapper.xsa
TRACE::2026-09-16.20:06:31::SCWPlatform::DSA given /home/user/Desktop/lab_2/zynq_interrupt_system_wrapper_1/hw/zynq_interrupt_system_wrapper.xsa
TRACE::2026-09-16.20:06:31::SCWPlatform::DSA absoulate path /home/user/Desktop/lab_2/zynq_interrupt_system_wrapper_1/hw/zynq_interrupt_system_wrapper.xsa
TRACE::2026-09-16.20:06:31::SCWPlatform::DSA directory /home/user/Desktop/lab_2/zynq_interrupt_system_wrapper_1/hw
TRACE::2026-09-16.20:06:31::SCWPlatform:: Platform Path /home/user/Desktop/lab_2/zynq_interrupt_system_wrapper_1/hw/zynq_interrupt_system_wrapper.xsa
TRACE::2026-09-16.20:06:31::SCWPlatform:: Unique name xilinx:zybo::0.0
TRACE::2026-09-16.20:06:31::SCWPlatform::Trying to set the existing hwdb with name zynq_interrupt_system_wrapper_0
TRACE::2026-09-16.20:06:31::SCWPlatform::Opened existing hwdb zynq_interrupt_system_wrapper_0
TRACE::2026-09-16.20:06:31::SCWPlatform::Found the Hw Db part of the input DSA
TRACE::2026-09-16.20:06:31::SCWMssOS::Checking the sw design at  /home/user/Desktop/lab_2/zynq_interrupt_system_wrapper_1/zynq_fsbl/zynq_fsbl_bsp/system.mss
TRACE::2026-09-16.20:06:31::SCWMssOS::DEBUG:  swdes dump  /home/user/Desktop/lab_2/zynq_interrupt_system_wrapper_1/zynq_fsbl/zynq_fsbl_bsp/system.mss|system||

TRACE::2026-09-16.20:06:31::SCWMssOS::Sw design exists and opened at  /home/user/Desktop/lab_2/zynq_interrupt_system_wrapper_1/zynq_fsbl/zynq_fsbl_bsp/system.mss
TRACE::2026-09-16.20:06:31::SCWPlatform::Trying to open the hw design at /home/user/Desktop/lab_2/zynq_interrupt_system_wrapper_1/hw/zynq_interrupt_system_wrapper.xsa
TRACE::2026-09-16.20:06:31::SCWPlatform::DSA given /home/user/Desktop/lab_2/zynq_interrupt_system_wrapper_1/hw/zynq_interrupt_system_wrapper.xsa
TRACE::2026-09-16.20:06:31::SCWPlatform::DSA absoulate path /home/user/Desktop/lab_2/zynq_interrupt_system_wrapper_1/hw/zynq_interrupt_system_wrapper.xsa
TRACE::2026-09-16.20:06:31::SCWPlatform::DSA directory /home/user/Desktop/lab_2/zynq_interrupt_system_wrapper_1/hw
TRACE::2026-09-16.20:06:31::SCWPlatform:: Platform Path /home/user/Desktop/lab_2/zynq_interrupt_system_wrapper_1/hw/zynq_interrupt_system_wrapper.xsa
TRACE::2026-09-16.20:06:31::SCWPlatform:: Unique name xilinx:zybo::0.0
TRACE::2026-09-16.20:06:31::SCWPlatform::Trying to set the existing hwdb with name zynq_interrupt_system_wrapper_0
TRACE::2026-09-16.20:06:31::SCWPlatform::Opened existing hwdb zynq_interrupt_system_wrapper_0
TRACE::2026-09-16.20:06:31::SCWPlatform::Found the Hw Db part of the input DSA
TRACE::2026-09-16.20:06:31::SCWMssOS::Checking the sw design at  /home/user/Desktop/lab_2/zynq_interrupt_system_wrapper_1/zynq_fsbl/zynq_fsbl_bsp/system.mss
TRACE::2026-09-16.20:06:31::SCWMssOS::DEBUG:  swdes dump  /home/user/Desktop/lab_2/zynq_interrupt_system_wrapper_1/zynq_fsbl/zynq_fsbl_bsp/system.mss|system||

TRACE::2026-09-16.20:06:31::SCWMssOS::Sw design exists and opened at  /home/user/Desktop/lab_2/zynq_interrupt_system_wrapper_1/zynq_fsbl/zynq_fsbl_bsp/system.mss
TRACE::2026-09-16.20:06:31::SCWWriter::formatted JSON is {
	"platformName":	"zynq_interrupt_system_wrapper_1",
	"sprVersion":	"2.0",
	"mode":	"gui",
	"dsaType":	"Fixed",
	"platformDesc":	"zynq_interrupt_system_wrapper_1",
	"platHandOff":	"/home/user/Desktop/lab_2/zynq_interrupt_system_wrapper.xsa",
	"platIntHandOff":	"<platformDir>/hw/zynq_interrupt_system_wrapper.xsa",
	"deviceType":	"zynq",
	"platIsPrebuiltAutogen":	"false",
	"platIsNoBootBsp":	"false",
	"platFsblTarget":	"ps7_cortexa9_0",
	"hasFsblMakeHasChanges":	"false",
	"hasPmufwMakeHasChanges":	"false",
	"fsblExtraCompilerFlags":	"-MMD -MP       -mcpu=cortex-a9 -mfpu=vfpv3 -mfloat-abi=hard ",
	"platPreBuiltFlag":	false,
	"platformSamplesDir":	"",
	"platActiveSys":	"zynq_interrupt_system_wrapper_1",
	"systems":	[{
			"systemName":	"zynq_interrupt_system_wrapper_1",
			"systemDesc":	"zynq_interrupt_system_wrapper_1",
			"sysIsBootAutoGen":	"true",
			"systemDispName":	"zynq_interrupt_system_wrapper_1",
			"sysActiveDom":	"zynq_fsbl",
			"sysDefaultDom":	"",
			"domains":	[{
					"domainName":	"zynq_fsbl",
					"domainDispName":	"zynq_fsbl",
					"domainDesc":	"FSBL Application BSP - Auto Generated.",
					"processors":	"ps7_cortexa9_0",
					"os":	"standalone",
					"sdxOs":	"standalone",
					"debugEnable":	"",
					"domRuntimes":	["cpp"],
					"swRepo":	"",
					"mssOsVer":	"7.5",
					"mssFile":	"",
					"md5Digest":	"209d6088c399e688016b2da3be5293e4",
					"compatibleApp":	"zynq_fsbl",
					"domType":	"bootDomain",
					"arch":	"32-bit",
					"appSettings":	{
						"appCompilerFlags":	"",
						"appLinkerFlags":	""
					},
					"addedLibs":	["xilffs:4.5", "xilrsa:1.6"],
					"libOptions":	{
						"libsContainingOptions":	[]
					},
					"prebuiltLibs":	{
						"prebuiltIncPath":	[],
						"prebuiltLibPath":	[]
					},
					"isolation":	{
					}
				}]
		}]
}
TRACE::2026-09-16.20:06:31::SCWPlatform::Trying to open the hw design at /home/user/Desktop/lab_2/zynq_interrupt_system_wrapper_1/hw/zynq_interrupt_system_wrapper.xsa
TRACE::2026-09-16.20:06:31::SCWPlatform::DSA given /home/user/Desktop/lab_2/zynq_interrupt_system_wrapper_1/hw/zynq_interrupt_system_wrapper.xsa
TRACE::2026-09-16.20:06:31::SCWPlatform::DSA absoulate path /home/user/Desktop/lab_2/zynq_interrupt_system_wrapper_1/hw/zynq_interrupt_system_wrapper.xsa
TRACE::2026-09-16.20:06:31::SCWPlatform::DSA directory /home/user/Desktop/lab_2/zynq_interrupt_system_wrapper_1/hw
TRACE::2026-09-16.20:06:31::SCWPlatform:: Platform Path /home/user/Desktop/lab_2/zynq_interrupt_system_wrapper_1/hw/zynq_interrupt_system_wrapper.xsa
TRACE::2026-09-16.20:06:31::SCWPlatform:: Unique name xilinx:zybo::0.0
TRACE::2026-09-16.20:06:31::SCWPlatform::Trying to set the existing hwdb with name zynq_interrupt_system_wrapper_0
TRACE::2026-09-16.20:06:31::SCWPlatform::Opened existing hwdb zynq_interrupt_system_wrapper_0
TRACE::2026-09-16.20:06:31::SCWPlatform::Found the Hw Db part of the input DSA
TRACE::2026-09-16.20:06:31::SCWDomain::checking for install qemu data   : 
TRACE::2026-09-16.20:06:31::SCWDomain:: Using the QEMU Data from install at  : /home/software/Xilinx/Vitis/2021.1/data/emulation/platforms/zynq/sw/a9_standalone/qemu/
TRACE::2026-09-16.20:06:31::SCWDomain:: Using the QEMU args  from install at  : /home/software/Xilinx/Vitis/2021.1/data/emulation/platforms/zynq/sw/a9_standalone/qemu/qemu_args.txt
TRACE::2026-09-16.20:06:31::SCWPlatform::Trying to open the hw design at /home/user/Desktop/lab_2/zynq_interrupt_system_wrapper_1/hw/zynq_interrupt_system_wrapper.xsa
TRACE::2026-09-16.20:06:31::SCWPlatform::DSA given /home/user/Desktop/lab_2/zynq_interrupt_system_wrapper_1/hw/zynq_interrupt_system_wrapper.xsa
TRACE::2026-09-16.20:06:31::SCWPlatform::DSA absoulate path /home/user/Desktop/lab_2/zynq_interrupt_system_wrapper_1/hw/zynq_interrupt_system_wrapper.xsa
TRACE::2026-09-16.20:06:31::SCWPlatform::DSA directory /home/user/Desktop/lab_2/zynq_interrupt_system_wrapper_1/hw
TRACE::2026-09-16.20:06:31::SCWPlatform:: Platform Path /home/user/Desktop/lab_2/zynq_interrupt_system_wrapper_1/hw/zynq_interrupt_system_wrapper.xsa
TRACE::2026-09-16.20:06:31::SCWPlatform:: Unique name xilinx:zybo::0.0
TRACE::2026-09-16.20:06:31::SCWPlatform::Trying to set the existing hwdb with name zynq_interrupt_system_wrapper_0
TRACE::2026-09-16.20:06:31::SCWPlatform::Opened existing hwdb zynq_interrupt_system_wrapper_0
TRACE::2026-09-16.20:06:31::SCWPlatform::Found the Hw Db part of the input DSA
TRACE::2026-09-16.20:06:31::SCWPlatform::Trying to open the hw design at /home/user/Desktop/lab_2/zynq_interrupt_system_wrapper_1/hw/zynq_interrupt_system_wrapper.xsa
TRACE::2026-09-16.20:06:31::SCWPlatform::DSA given /home/user/Desktop/lab_2/zynq_interrupt_system_wrapper_1/hw/zynq_interrupt_system_wrapper.xsa
TRACE::2026-09-16.20:06:31::SCWPlatform::DSA absoulate path /home/user/Desktop/lab_2/zynq_interrupt_system_wrapper_1/hw/zynq_interrupt_system_wrapper.xsa
TRACE::2026-09-16.20:06:31::SCWPlatform::DSA directory /home/user/Desktop/lab_2/zynq_interrupt_system_wrapper_1/hw
TRACE::2026-09-16.20:06:31::SCWPlatform:: Platform Path /home/user/Desktop/lab_2/zynq_interrupt_system_wrapper_1/hw/zynq_interrupt_system_wrapper.xsa
TRACE::2026-09-16.20:06:31::SCWPlatform:: Unique name xilinx:zybo::0.0
TRACE::2026-09-16.20:06:31::SCWPlatform::Trying to set the existing hwdb with name zynq_interrupt_system_wrapper_0
TRACE::2026-09-16.20:06:31::SCWPlatform::Opened existing hwdb zynq_interrupt_system_wrapper_0
TRACE::2026-09-16.20:06:31::SCWPlatform::Found the Hw Db part of the input DSA
TRACE::2026-09-16.20:06:31::SCWPlatform::Trying to open the hw design at /home/user/Desktop/lab_2/zynq_interrupt_system_wrapper_1/hw/zynq_interrupt_system_wrapper.xsa
TRACE::2026-09-16.20:06:31::SCWPlatform::DSA given /home/user/Desktop/lab_2/zynq_interrupt_system_wrapper_1/hw/zynq_interrupt_system_wrapper.xsa
TRACE::2026-09-16.20:06:31::SCWPlatform::DSA absoulate path /home/user/Desktop/lab_2/zynq_interrupt_system_wrapper_1/hw/zynq_interrupt_system_wrapper.xsa
TRACE::2026-09-16.20:06:31::SCWPlatform::DSA directory /home/user/Desktop/lab_2/zynq_interrupt_system_wrapper_1/hw
TRACE::2026-09-16.20:06:31::SCWPlatform:: Platform Path /home/user/Desktop/lab_2/zynq_interrupt_system_wrapper_1/hw/zynq_interrupt_system_wrapper.xsa
TRACE::2026-09-16.20:06:31::SCWPlatform:: Unique name xilinx:zybo::0.0
TRACE::2026-09-16.20:06:31::SCWPlatform::Trying to set the existing hwdb with name zynq_interrupt_system_wrapper_0
TRACE::2026-09-16.20:06:31::SCWPlatform::Opened existing hwdb zynq_interrupt_system_wrapper_0
TRACE::2026-09-16.20:06:31::SCWPlatform::Found the Hw Db part of the input DSA
TRACE::2026-09-16.20:06:31::SCWMssOS::Checking the sw design at  /home/user/Desktop/lab_2/zynq_interrupt_system_wrapper_1/ps7_cortexa9_0/standalone_ps7_cortexa9_0/bsp/system.mss
TRACE::2026-09-16.20:06:31::SCWMssOS::DEBUG:  swdes dump  /home/user/Desktop/lab_2/zynq_interrupt_system_wrapper_1/zynq_fsbl/zynq_fsbl_bsp/system.mss|system||

TRACE::2026-09-16.20:06:31::SCWMssOS::No sw design opened at  /home/user/Desktop/lab_2/zynq_interrupt_system_wrapper_1/ps7_cortexa9_0/standalone_ps7_cortexa9_0/bsp/system.mss
TRACE::2026-09-16.20:06:31::SCWMssOS::mss does not exists at /home/user/Desktop/lab_2/zynq_interrupt_system_wrapper_1/ps7_cortexa9_0/standalone_ps7_cortexa9_0/bsp/system.mss
TRACE::2026-09-16.20:06:31::SCWMssOS::Creating sw design at  /home/user/Desktop/lab_2/zynq_interrupt_system_wrapper_1/ps7_cortexa9_0/standalone_ps7_cortexa9_0/bsp/system.mss
TRACE::2026-09-16.20:06:31::SCWMssOS::Adding the swdes entry, created swdb /home/user/Desktop/lab_2/zynq_interrupt_system_wrapper_1/ps7_cortexa9_0/standalone_ps7_cortexa9_0/bsp/system.mss with des name /home/user/Desktop/lab_2/zynq_interrupt_system_wrapper_1/ps7_cortexa9_0/standalone_ps7_cortexa9_0/bsp/system.mss
TRACE::2026-09-16.20:06:31::SCWMssOS::updating the scw layer changes to swdes at   /home/user/Desktop/lab_2/zynq_interrupt_system_wrapper_1/ps7_cortexa9_0/standalone_ps7_cortexa9_0/bsp/system.mss
TRACE::2026-09-16.20:06:31::SCWMssOS::Writing mss at /home/user/Desktop/lab_2/zynq_interrupt_system_wrapper_1/ps7_cortexa9_0/standalone_ps7_cortexa9_0/bsp/system.mss
TRACE::2026-09-16.20:06:31::SCWMssOS::Completed writing the mss file at /home/user/Desktop/lab_2/zynq_interrupt_system_wrapper_1/ps7_cortexa9_0/standalone_ps7_cortexa9_0/bsp
TRACE::2026-09-16.20:06:31::SCWMssOS::Picking up changes from newly written mss file into SCW Layer. 
TRACE::2026-09-16.20:06:31::SCWMssOS::Updated the changes from newly written mss file into SCW Layer. 
TRACE::2026-09-16.20:06:31::SCWMssOS::Completed writing the mss file at /home/user/Desktop/lab_2/zynq_interrupt_system_wrapper_1/ps7_cortexa9_0/standalone_ps7_cortexa9_0/bsp
TRACE::2026-09-16.20:06:31::SCWMssOS::Forcing BSP Sources regeneration.
TRACE::2026-09-16.20:06:31::SCWMssOS::Saving the mss changes /home/user/Desktop/lab_2/zynq_interrupt_system_wrapper_1/zynq_fsbl/zynq_fsbl_bsp/system.mss
TRACE::2026-09-16.20:06:31::SCWMssOS::Found a swdesign opened with the mssfile.
TRACE::2026-09-16.20:06:31::SCWMssOS::Completed writemss as part of save.
TRACE::2026-09-16.20:06:31::SCWMssOS::Commit changes completed.
TRACE::2026-09-16.20:06:31::SCWMssOS::Saving the mss changes /home/user/Desktop/lab_2/zynq_interrupt_system_wrapper_1/ps7_cortexa9_0/standalone_ps7_cortexa9_0/bsp/system.mss
TRACE::2026-09-16.20:06:31::SCWMssOS::Adding the swdes entry, mss present, able to open swdb /home/user/Desktop/lab_2/zynq_interrupt_system_wrapper_1/ps7_cortexa9_0/standalone_ps7_cortexa9_0/bsp/system.mss with des name system_0
TRACE::2026-09-16.20:06:31::SCWMssOS::Writing the mss file completed /home/user/Desktop/lab_2/zynq_interrupt_system_wrapper_1/ps7_cortexa9_0/standalone_ps7_cortexa9_0/bsp/system.mss
TRACE::2026-09-16.20:06:31::SCWMssOS::Commit changes completed.
TRACE::2026-09-16.20:06:31::SCWPlatform::Trying to open the hw design at /home/user/Desktop/lab_2/zynq_interrupt_system_wrapper_1/hw/zynq_interrupt_system_wrapper.xsa
TRACE::2026-09-16.20:06:31::SCWPlatform::DSA given /home/user/Desktop/lab_2/zynq_interrupt_system_wrapper_1/hw/zynq_interrupt_system_wrapper.xsa
TRACE::2026-09-16.20:06:31::SCWPlatform::DSA absoulate path /home/user/Desktop/lab_2/zynq_interrupt_system_wrapper_1/hw/zynq_interrupt_system_wrapper.xsa
TRACE::2026-09-16.20:06:31::SCWPlatform::DSA directory /home/user/Desktop/lab_2/zynq_interrupt_system_wrapper_1/hw
TRACE::2026-09-16.20:06:31::SCWPlatform:: Platform Path /home/user/Desktop/lab_2/zynq_interrupt_system_wrapper_1/hw/zynq_interrupt_system_wrapper.xsa
TRACE::2026-09-16.20:06:31::SCWPlatform:: Unique name xilinx:zybo::0.0
TRACE::2026-09-16.20:06:31::SCWPlatform::Trying to set the existing hwdb with name zynq_interrupt_system_wrapper_0
TRACE::2026-09-16.20:06:31::SCWPlatform::Opened existing hwdb zynq_interrupt_system_wrapper_0
TRACE::2026-09-16.20:06:31::SCWPlatform::Found the Hw Db part of the input DSA
TRACE::2026-09-16.20:06:31::SCWMssOS::Checking the sw design at  /home/user/Desktop/lab_2/zynq_interrupt_system_wrapper_1/zynq_fsbl/zynq_fsbl_bsp/system.mss
TRACE::2026-09-16.20:06:31::SCWMssOS::DEBUG:  swdes dump  /home/user/Desktop/lab_2/zynq_interrupt_system_wrapper_1/ps7_cortexa9_0/standalone_ps7_cortexa9_0/bsp/system.mss|system_0||
/home/user/Desktop/lab_2/zynq_interrupt_system_wrapper_1/zynq_fsbl/zynq_fsbl_bsp/system.mss|system||

TRACE::2026-09-16.20:06:31::SCWMssOS::Sw design exists and opened at  /home/user/Desktop/lab_2/zynq_interrupt_system_wrapper_1/zynq_fsbl/zynq_fsbl_bsp/system.mss
TRACE::2026-09-16.20:06:31::SCWPlatform::Trying to open the hw design at /home/user/Desktop/lab_2/zynq_interrupt_system_wrapper_1/hw/zynq_interrupt_system_wrapper.xsa
TRACE::2026-09-16.20:06:31::SCWPlatform::DSA given /home/user/Desktop/lab_2/zynq_interrupt_system_wrapper_1/hw/zynq_interrupt_system_wrapper.xsa
TRACE::2026-09-16.20:06:31::SCWPlatform::DSA absoulate path /home/user/Desktop/lab_2/zynq_interrupt_system_wrapper_1/hw/zynq_interrupt_system_wrapper.xsa
TRACE::2026-09-16.20:06:31::SCWPlatform::DSA directory /home/user/Desktop/lab_2/zynq_interrupt_system_wrapper_1/hw
TRACE::2026-09-16.20:06:31::SCWPlatform:: Platform Path /home/user/Desktop/lab_2/zynq_interrupt_system_wrapper_1/hw/zynq_interrupt_system_wrapper.xsa
TRACE::2026-09-16.20:06:31::SCWPlatform:: Unique name xilinx:zybo::0.0
TRACE::2026-09-16.20:06:31::SCWPlatform::Trying to set the existing hwdb with name zynq_interrupt_system_wrapper_0
TRACE::2026-09-16.20:06:31::SCWPlatform::Opened existing hwdb zynq_interrupt_system_wrapper_0
TRACE::2026-09-16.20:06:31::SCWPlatform::Found the Hw Db part of the input DSA
TRACE::2026-09-16.20:06:31::SCWMssOS::Checking the sw design at  /home/user/Desktop/lab_2/zynq_interrupt_system_wrapper_1/zynq_fsbl/zynq_fsbl_bsp/system.mss
TRACE::2026-09-16.20:06:31::SCWMssOS::DEBUG:  swdes dump  /home/user/Desktop/lab_2/zynq_interrupt_system_wrapper_1/ps7_cortexa9_0/standalone_ps7_cortexa9_0/bsp/system.mss|system_0||
/home/user/Desktop/lab_2/zynq_interrupt_system_wrapper_1/zynq_fsbl/zynq_fsbl_bsp/system.mss|system||

TRACE::2026-09-16.20:06:31::SCWMssOS::Sw design exists and opened at  /home/user/Desktop/lab_2/zynq_interrupt_system_wrapper_1/zynq_fsbl/zynq_fsbl_bsp/system.mss
TRACE::2026-09-16.20:06:31::SCWPlatform::Trying to open the hw design at /home/user/Desktop/lab_2/zynq_interrupt_system_wrapper_1/hw/zynq_interrupt_system_wrapper.xsa
TRACE::2026-09-16.20:06:31::SCWPlatform::DSA given /home/user/Desktop/lab_2/zynq_interrupt_system_wrapper_1/hw/zynq_interrupt_system_wrapper.xsa
TRACE::2026-09-16.20:06:31::SCWPlatform::DSA absoulate path /home/user/Desktop/lab_2/zynq_interrupt_system_wrapper_1/hw/zynq_interrupt_system_wrapper.xsa
TRACE::2026-09-16.20:06:31::SCWPlatform::DSA directory /home/user/Desktop/lab_2/zynq_interrupt_system_wrapper_1/hw
TRACE::2026-09-16.20:06:31::SCWPlatform:: Platform Path /home/user/Desktop/lab_2/zynq_interrupt_system_wrapper_1/hw/zynq_interrupt_system_wrapper.xsa
TRACE::2026-09-16.20:06:31::SCWPlatform:: Unique name xilinx:zybo::0.0
TRACE::2026-09-16.20:06:31::SCWPlatform::Trying to set the existing hwdb with name zynq_interrupt_system_wrapper_0
TRACE::2026-09-16.20:06:31::SCWPlatform::Opened existing hwdb zynq_interrupt_system_wrapper_0
TRACE::2026-09-16.20:06:31::SCWPlatform::Found the Hw Db part of the input DSA
TRACE::2026-09-16.20:06:31::SCWMssOS::Checking the sw design at  /home/user/Desktop/lab_2/zynq_interrupt_system_wrapper_1/zynq_fsbl/zynq_fsbl_bsp/system.mss
TRACE::2026-09-16.20:06:31::SCWMssOS::DEBUG:  swdes dump  /home/user/Desktop/lab_2/zynq_interrupt_system_wrapper_1/ps7_cortexa9_0/standalone_ps7_cortexa9_0/bsp/system.mss|system_0||
/home/user/Desktop/lab_2/zynq_interrupt_system_wrapper_1/zynq_fsbl/zynq_fsbl_bsp/system.mss|system||

TRACE::2026-09-16.20:06:31::SCWMssOS::Sw design exists and opened at  /home/user/Desktop/lab_2/zynq_interrupt_system_wrapper_1/zynq_fsbl/zynq_fsbl_bsp/system.mss
TRACE::2026-09-16.20:06:31::SCWPlatform::Trying to open the hw design at /home/user/Desktop/lab_2/zynq_interrupt_system_wrapper_1/hw/zynq_interrupt_system_wrapper.xsa
TRACE::2026-09-16.20:06:31::SCWPlatform::DSA given /home/user/Desktop/lab_2/zynq_interrupt_system_wrapper_1/hw/zynq_interrupt_system_wrapper.xsa
TRACE::2026-09-16.20:06:31::SCWPlatform::DSA absoulate path /home/user/Desktop/lab_2/zynq_interrupt_system_wrapper_1/hw/zynq_interrupt_system_wrapper.xsa
TRACE::2026-09-16.20:06:31::SCWPlatform::DSA directory /home/user/Desktop/lab_2/zynq_interrupt_system_wrapper_1/hw
TRACE::2026-09-16.20:06:31::SCWPlatform:: Platform Path /home/user/Desktop/lab_2/zynq_interrupt_system_wrapper_1/hw/zynq_interrupt_system_wrapper.xsa
TRACE::2026-09-16.20:06:31::SCWPlatform:: Unique name xilinx:zybo::0.0
TRACE::2026-09-16.20:06:31::SCWPlatform::Trying to set the existing hwdb with name zynq_interrupt_system_wrapper_0
TRACE::2026-09-16.20:06:31::SCWPlatform::Opened existing hwdb zynq_interrupt_system_wrapper_0
TRACE::2026-09-16.20:06:31::SCWPlatform::Found the Hw Db part of the input DSA
TRACE::2026-09-16.20:06:31::SCWMssOS::Checking the sw design at  /home/user/Desktop/lab_2/zynq_interrupt_system_wrapper_1/ps7_cortexa9_0/standalone_ps7_cortexa9_0/bsp/system.mss
TRACE::2026-09-16.20:06:31::SCWMssOS::DEBUG:  swdes dump  /home/user/Desktop/lab_2/zynq_interrupt_system_wrapper_1/ps7_cortexa9_0/standalone_ps7_cortexa9_0/bsp/system.mss|system_0||
/home/user/Desktop/lab_2/zynq_interrupt_system_wrapper_1/zynq_fsbl/zynq_fsbl_bsp/system.mss|system||

TRACE::2026-09-16.20:06:31::SCWMssOS::Sw design exists and opened at  /home/user/Desktop/lab_2/zynq_interrupt_system_wrapper_1/ps7_cortexa9_0/standalone_ps7_cortexa9_0/bsp/system.mss
TRACE::2026-09-16.20:06:31::SCWPlatform::Trying to open the hw design at /home/user/Desktop/lab_2/zynq_interrupt_system_wrapper_1/hw/zynq_interrupt_system_wrapper.xsa
TRACE::2026-09-16.20:06:31::SCWPlatform::DSA given /home/user/Desktop/lab_2/zynq_interrupt_system_wrapper_1/hw/zynq_interrupt_system_wrapper.xsa
TRACE::2026-09-16.20:06:31::SCWPlatform::DSA absoulate path /home/user/Desktop/lab_2/zynq_interrupt_system_wrapper_1/hw/zynq_interrupt_system_wrapper.xsa
TRACE::2026-09-16.20:06:31::SCWPlatform::DSA directory /home/user/Desktop/lab_2/zynq_interrupt_system_wrapper_1/hw
TRACE::2026-09-16.20:06:31::SCWPlatform:: Platform Path /home/user/Desktop/lab_2/zynq_interrupt_system_wrapper_1/hw/zynq_interrupt_system_wrapper.xsa
TRACE::2026-09-16.20:06:31::SCWPlatform:: Unique name xilinx:zybo::0.0
TRACE::2026-09-16.20:06:31::SCWPlatform::Trying to set the existing hwdb with name zynq_interrupt_system_wrapper_0
TRACE::2026-09-16.20:06:31::SCWPlatform::Opened existing hwdb zynq_interrupt_system_wrapper_0
TRACE::2026-09-16.20:06:31::SCWPlatform::Found the Hw Db part of the input DSA
TRACE::2026-09-16.20:06:31::SCWMssOS::Checking the sw design at  /home/user/Desktop/lab_2/zynq_interrupt_system_wrapper_1/ps7_cortexa9_0/standalone_ps7_cortexa9_0/bsp/system.mss
TRACE::2026-09-16.20:06:31::SCWMssOS::DEBUG:  swdes dump  /home/user/Desktop/lab_2/zynq_interrupt_system_wrapper_1/ps7_cortexa9_0/standalone_ps7_cortexa9_0/bsp/system.mss|system_0||
/home/user/Desktop/lab_2/zynq_interrupt_system_wrapper_1/zynq_fsbl/zynq_fsbl_bsp/system.mss|system||

TRACE::2026-09-16.20:06:31::SCWMssOS::Sw design exists and opened at  /home/user/Desktop/lab_2/zynq_interrupt_system_wrapper_1/ps7_cortexa9_0/standalone_ps7_cortexa9_0/bsp/system.mss
TRACE::2026-09-16.20:06:31::SCWPlatform::Trying to open the hw design at /home/user/Desktop/lab_2/zynq_interrupt_system_wrapper_1/hw/zynq_interrupt_system_wrapper.xsa
TRACE::2026-09-16.20:06:31::SCWPlatform::DSA given /home/user/Desktop/lab_2/zynq_interrupt_system_wrapper_1/hw/zynq_interrupt_system_wrapper.xsa
TRACE::2026-09-16.20:06:31::SCWPlatform::DSA absoulate path /home/user/Desktop/lab_2/zynq_interrupt_system_wrapper_1/hw/zynq_interrupt_system_wrapper.xsa
TRACE::2026-09-16.20:06:31::SCWPlatform::DSA directory /home/user/Desktop/lab_2/zynq_interrupt_system_wrapper_1/hw
TRACE::2026-09-16.20:06:31::SCWPlatform:: Platform Path /home/user/Desktop/lab_2/zynq_interrupt_system_wrapper_1/hw/zynq_interrupt_system_wrapper.xsa
TRACE::2026-09-16.20:06:31::SCWPlatform:: Unique name xilinx:zybo::0.0
TRACE::2026-09-16.20:06:31::SCWPlatform::Trying to set the existing hwdb with name zynq_interrupt_system_wrapper_0
TRACE::2026-09-16.20:06:31::SCWPlatform::Opened existing hwdb zynq_interrupt_system_wrapper_0
TRACE::2026-09-16.20:06:31::SCWPlatform::Found the Hw Db part of the input DSA
TRACE::2026-09-16.20:06:31::SCWMssOS::Checking the sw design at  /home/user/Desktop/lab_2/zynq_interrupt_system_wrapper_1/ps7_cortexa9_0/standalone_ps7_cortexa9_0/bsp/system.mss
TRACE::2026-09-16.20:06:31::SCWMssOS::DEBUG:  swdes dump  /home/user/Desktop/lab_2/zynq_interrupt_system_wrapper_1/ps7_cortexa9_0/standalone_ps7_cortexa9_0/bsp/system.mss|system_0||
/home/user/Desktop/lab_2/zynq_interrupt_system_wrapper_1/zynq_fsbl/zynq_fsbl_bsp/system.mss|system||

TRACE::2026-09-16.20:06:31::SCWMssOS::Sw design exists and opened at  /home/user/Desktop/lab_2/zynq_interrupt_system_wrapper_1/ps7_cortexa9_0/standalone_ps7_cortexa9_0/bsp/system.mss
TRACE::2026-09-16.20:06:31::SCWWriter::formatted JSON is {
	"platformName":	"zynq_interrupt_system_wrapper_1",
	"sprVersion":	"2.0",
	"mode":	"gui",
	"dsaType":	"Fixed",
	"platformDesc":	"zynq_interrupt_system_wrapper_1",
	"platHandOff":	"/home/user/Desktop/lab_2/zynq_interrupt_system_wrapper.xsa",
	"platIntHandOff":	"<platformDir>/hw/zynq_interrupt_system_wrapper.xsa",
	"deviceType":	"zynq",
	"platIsPrebuiltAutogen":	"false",
	"platIsNoBootBsp":	"false",
	"platFsblTarget":	"ps7_cortexa9_0",
	"hasFsblMakeHasChanges":	"false",
	"hasPmufwMakeHasChanges":	"false",
	"fsblExtraCompilerFlags":	"-MMD -MP       -mcpu=cortex-a9 -mfpu=vfpv3 -mfloat-abi=hard ",
	"platPreBuiltFlag":	false,
	"platformSamplesDir":	"",
	"platActiveSys":	"zynq_interrupt_system_wrapper_1",
	"systems":	[{
			"systemName":	"zynq_interrupt_system_wrapper_1",
			"systemDesc":	"zynq_interrupt_system_wrapper_1",
			"sysIsBootAutoGen":	"true",
			"systemDispName":	"zynq_interrupt_system_wrapper_1",
			"sysActiveDom":	"standalone_ps7_cortexa9_0",
			"sysDefaultDom":	"standalone_ps7_cortexa9_0",
			"domains":	[{
					"domainName":	"zynq_fsbl",
					"domainDispName":	"zynq_fsbl",
					"domainDesc":	"FSBL Application BSP - Auto Generated.",
					"processors":	"ps7_cortexa9_0",
					"os":	"standalone",
					"sdxOs":	"standalone",
					"debugEnable":	"",
					"domRuntimes":	["cpp"],
					"swRepo":	"",
					"mssOsVer":	"7.5",
					"mssFile":	"",
					"md5Digest":	"209d6088c399e688016b2da3be5293e4",
					"compatibleApp":	"zynq_fsbl",
					"domType":	"bootDomain",
					"arch":	"32-bit",
					"appSettings":	{
						"appCompilerFlags":	"",
						"appLinkerFlags":	""
					},
					"addedLibs":	["xilffs:4.5", "xilrsa:1.6"],
					"libOptions":	{
						"libsContainingOptions":	[]
					},
					"prebuiltLibs":	{
						"prebuiltIncPath":	[],
						"prebuiltLibPath":	[]
					},
					"isolation":	{
					}
				}, {
					"domainName":	"standalone_ps7_cortexa9_0",
					"domainDispName":	"standalone_ps7_cortexa9_0",
					"domainDesc":	"standalone_ps7_cortexa9_0",
					"processors":	"ps7_cortexa9_0",
					"os":	"standalone",
					"sdxOs":	"standalone",
					"qemuArgs":	"/home/software/Xilinx/Vitis/2021.1/data/emulation/platforms/zynq/sw/a9_standalone/qemu/qemu_args.txt",
					"qemuData":	"/home/software/Xilinx/Vitis/2021.1/data/emulation/platforms/zynq/sw/a9_standalone/qemu/",
					"debugEnable":	"False",
					"domRuntimes":	["cpp"],
					"swRepo":	"",
					"mssOsVer":	"7.5",
					"mssFile":	"",
					"md5Digest":	"e4c5b2f9cd398cf8c81b48aff3622b30",
					"compatibleApp":	"empty_application",
					"domType":	"mssDomain",
					"arch":	"32-bit",
					"appSettings":	{
						"appCompilerFlags":	"",
						"appLinkerFlags":	""
					},
					"addedLibs":	[],
					"libOptions":	{
						"libsContainingOptions":	[]
					},
					"prebuiltLibs":	{
						"prebuiltIncPath":	[],
						"prebuiltLibPath":	[]
					},
					"isolation":	{
					}
				}]
		}]
}
LOG::2026-09-16.20:06:31::SCWPlatform::Started generating the artifacts platform zynq_interrupt_system_wrapper_1
TRACE::2026-09-16.20:06:31::SCWPlatform::Sanity checking of platform is completed
LOG::2026-09-16.20:06:31::SCWPlatform::Started generating the artifacts for system configuration zynq_interrupt_system_wrapper_1
LOG::2026-09-16.20:06:31::SCWSystem::Checking the domain zynq_fsbl
LOG::2026-09-16.20:06:31::SCWSystem::Doing application build for :  zynq_fsbl
TRACE::2026-09-16.20:06:31::SCWBDomain::Not a forced makefile updation, No changes are present. 
TRACE::2026-09-16.20:06:31::SCWDomain::Skipping the build for domain :  zynq_fsbl
LOG::2026-09-16.20:06:31::SCWSystem::Checking the domain standalone_ps7_cortexa9_0
LOG::2026-09-16.20:06:31::SCWSystem::Not a boot domain 
LOG::2026-09-16.20:06:31::SCWSystem::Started Processing the domain standalone_ps7_cortexa9_0
TRACE::2026-09-16.20:06:31::SCWDomain::Generating domain artifcats
TRACE::2026-09-16.20:06:31::SCWMssOS::Generating standalone artifcats
TRACE::2026-09-16.20:06:31::SCWMssOS::Copying the qemu file from  /home/software/Xilinx/Vitis/2021.1/data/emulation/platforms/zynq/sw/a9_standalone/qemu/qemu_args.txt To /home/user/Desktop/lab_2/zynq_interrupt_system_wrapper_1/export/zynq_interrupt_system_wrapper_1/sw/zynq_interrupt_system_wrapper_1/qemu/
TRACE::2026-09-16.20:06:31::SCWMssOS::Copying the qemu file from  /home/software/Xilinx/Vitis/2021.1/data/emulation/platforms/zynq/sw/a9_standalone/qemu/qemu_args.txt To /home/user/Desktop/lab_2/zynq_interrupt_system_wrapper_1/export/zynq_interrupt_system_wrapper_1/sw/zynq_interrupt_system_wrapper_1/standalone_ps7_cortexa9_0/qemu/
TRACE::2026-09-16.20:06:31::SCWMssOS:: Copying the user libraries. 
TRACE::2026-09-16.20:06:31::SCWPlatform::Trying to open the hw design at /home/user/Desktop/lab_2/zynq_interrupt_system_wrapper_1/hw/zynq_interrupt_system_wrapper.xsa
TRACE::2026-09-16.20:06:31::SCWPlatform::DSA given /home/user/Desktop/lab_2/zynq_interrupt_system_wrapper_1/hw/zynq_interrupt_system_wrapper.xsa
TRACE::2026-09-16.20:06:31::SCWPlatform::DSA absoulate path /home/user/Desktop/lab_2/zynq_interrupt_system_wrapper_1/hw/zynq_interrupt_system_wrapper.xsa
TRACE::2026-09-16.20:06:31::SCWPlatform::DSA directory /home/user/Desktop/lab_2/zynq_interrupt_system_wrapper_1/hw
TRACE::2026-09-16.20:06:31::SCWPlatform:: Platform Path /home/user/Desktop/lab_2/zynq_interrupt_system_wrapper_1/hw/zynq_interrupt_system_wrapper.xsa
TRACE::2026-09-16.20:06:31::SCWPlatform:: Unique name xilinx:zybo::0.0
TRACE::2026-09-16.20:06:31::SCWPlatform::Trying to set the existing hwdb with name zynq_interrupt_system_wrapper_0
TRACE::2026-09-16.20:06:31::SCWPlatform::Opened existing hwdb zynq_interrupt_system_wrapper_0
TRACE::2026-09-16.20:06:31::SCWPlatform::Found the Hw Db part of the input DSA
TRACE::2026-09-16.20:06:31::SCWMssOS::Checking the sw design at  /home/user/Desktop/lab_2/zynq_interrupt_system_wrapper_1/ps7_cortexa9_0/standalone_ps7_cortexa9_0/bsp/system.mss
TRACE::2026-09-16.20:06:31::SCWMssOS::DEBUG:  swdes dump  /home/user/Desktop/lab_2/zynq_interrupt_system_wrapper_1/ps7_cortexa9_0/standalone_ps7_cortexa9_0/bsp/system.mss|system_0||
/home/user/Desktop/lab_2/zynq_interrupt_system_wrapper_1/zynq_fsbl/zynq_fsbl_bsp/system.mss|system||

TRACE::2026-09-16.20:06:31::SCWMssOS::Sw design exists and opened at  /home/user/Desktop/lab_2/zynq_interrupt_system_wrapper_1/ps7_cortexa9_0/standalone_ps7_cortexa9_0/bsp/system.mss
TRACE::2026-09-16.20:06:31::SCWMssOS::Completed writing the mss file at /home/user/Desktop/lab_2/zynq_interrupt_system_wrapper_1/ps7_cortexa9_0/standalone_ps7_cortexa9_0/bsp
TRACE::2026-09-16.20:06:31::SCWMssOS::Mss edits present, copying mssfile into export location /home/user/Desktop/lab_2/zynq_interrupt_system_wrapper_1/ps7_cortexa9_0/standalone_ps7_cortexa9_0/bsp/system.mss
TRACE::2026-09-16.20:06:31::SCWMssOS::bsp generated is upto date with the mss file. Skipping bsp generation.
TRACE::2026-09-16.20:06:31::SCWMssOS::BSP is already built. skipping the bsp build ... 
TRACE::2026-09-16.20:06:31::SCWDomain::Skipping the build for domain :  standalone_ps7_cortexa9_0
TRACE::2026-09-16.20:06:31::SCWMssOS::skipping the bsp build ... 
TRACE::2026-09-16.20:06:31::SCWMssOS::Copying to export directory.
TRACE::2026-09-16.20:06:31::SCWMssOS:: Checking if to create the Supporting Applications
TRACE::2026-09-16.20:06:31::SCWMssOS:: No Linux domain exists, trying to generate FSBL 
TRACE::2026-09-16.20:06:31::SCWMssOS:: Completed Standalone Artifacts creation 
LOG::2026-09-16.20:06:31::SCWSystem::Completed Processing the domain standalone_ps7_cortexa9_0
LOG::2026-09-16.20:06:31::SCWSystem::Completed Processing the sysconfig zynq_interrupt_system_wrapper_1
LOG::2026-09-16.20:06:31::SCWPlatform::Completed generating the artifacts for system configuration zynq_interrupt_system_wrapper_1
TRACE::2026-09-16.20:06:31::SCWPlatform::Started preparing the platform 
TRACE::2026-09-16.20:06:31::SCWSystem::Writing the bif file for system config zynq_interrupt_system_wrapper_1
TRACE::2026-09-16.20:06:31::SCWSystem::dir created 
TRACE::2026-09-16.20:06:31::SCWSystem::Writing the bif 
TRACE::2026-09-16.20:06:31::SCWPlatform::Started writing the spfm file 
TRACE::2026-09-16.20:06:31::SCWPlatform::Started writing the xpfm file 
TRACE::2026-09-16.20:06:31::SCWPlatform::Completed generating the platform
TRACE::2026-09-16.20:06:31::SCWMssOS::Saving the mss changes /home/user/Desktop/lab_2/zynq_interrupt_system_wrapper_1/zynq_fsbl/zynq_fsbl_bsp/system.mss
TRACE::2026-09-16.20:06:31::SCWMssOS::Found a swdesign opened with the mssfile.
TRACE::2026-09-16.20:06:31::SCWMssOS::Completed writemss as part of save.
TRACE::2026-09-16.20:06:31::SCWMssOS::Commit changes completed.
TRACE::2026-09-16.20:06:31::SCWMssOS::Saving the mss changes /home/user/Desktop/lab_2/zynq_interrupt_system_wrapper_1/ps7_cortexa9_0/standalone_ps7_cortexa9_0/bsp/system.mss
TRACE::2026-09-16.20:06:31::SCWMssOS::Found a swdesign opened with the mssfile.
TRACE::2026-09-16.20:06:31::SCWMssOS::Completed writemss as part of save.
TRACE::2026-09-16.20:06:31::SCWMssOS::Commit changes completed.
TRACE::2026-09-16.20:06:31::SCWPlatform::Trying to open the hw design at /home/user/Desktop/lab_2/zynq_interrupt_system_wrapper_1/hw/zynq_interrupt_system_wrapper.xsa
TRACE::2026-09-16.20:06:31::SCWPlatform::DSA given /home/user/Desktop/lab_2/zynq_interrupt_system_wrapper_1/hw/zynq_interrupt_system_wrapper.xsa
TRACE::2026-09-16.20:06:31::SCWPlatform::DSA absoulate path /home/user/Desktop/lab_2/zynq_interrupt_system_wrapper_1/hw/zynq_interrupt_system_wrapper.xsa
TRACE::2026-09-16.20:06:31::SCWPlatform::DSA directory /home/user/Desktop/lab_2/zynq_interrupt_system_wrapper_1/hw
TRACE::2026-09-16.20:06:31::SCWPlatform:: Platform Path /home/user/Desktop/lab_2/zynq_interrupt_system_wrapper_1/hw/zynq_interrupt_system_wrapper.xsa
TRACE::2026-09-16.20:06:31::SCWPlatform:: Unique name xilinx:zybo::0.0
TRACE::2026-09-16.20:06:31::SCWPlatform::Trying to set the existing hwdb with name zynq_interrupt_system_wrapper_0
TRACE::2026-09-16.20:06:31::SCWPlatform::Opened existing hwdb zynq_interrupt_system_wrapper_0
TRACE::2026-09-16.20:06:31::SCWPlatform::Found the Hw Db part of the input DSA
TRACE::2026-09-16.20:06:31::SCWMssOS::Checking the sw design at  /home/user/Desktop/lab_2/zynq_interrupt_system_wrapper_1/zynq_fsbl/zynq_fsbl_bsp/system.mss
TRACE::2026-09-16.20:06:31::SCWMssOS::DEBUG:  swdes dump  /home/user/Desktop/lab_2/zynq_interrupt_system_wrapper_1/ps7_cortexa9_0/standalone_ps7_cortexa9_0/bsp/system.mss|system_0||
/home/user/Desktop/lab_2/zynq_interrupt_system_wrapper_1/zynq_fsbl/zynq_fsbl_bsp/system.mss|system||

TRACE::2026-09-16.20:06:31::SCWMssOS::Sw design exists and opened at  /home/user/Desktop/lab_2/zynq_interrupt_system_wrapper_1/zynq_fsbl/zynq_fsbl_bsp/system.mss
TRACE::2026-09-16.20:06:31::SCWPlatform::Trying to open the hw design at /home/user/Desktop/lab_2/zynq_interrupt_system_wrapper_1/hw/zynq_interrupt_system_wrapper.xsa
TRACE::2026-09-16.20:06:31::SCWPlatform::DSA given /home/user/Desktop/lab_2/zynq_interrupt_system_wrapper_1/hw/zynq_interrupt_system_wrapper.xsa
TRACE::2026-09-16.20:06:31::SCWPlatform::DSA absoulate path /home/user/Desktop/lab_2/zynq_interrupt_system_wrapper_1/hw/zynq_interrupt_system_wrapper.xsa
TRACE::2026-09-16.20:06:31::SCWPlatform::DSA directory /home/user/Desktop/lab_2/zynq_interrupt_system_wrapper_1/hw
TRACE::2026-09-16.20:06:31::SCWPlatform:: Platform Path /home/user/Desktop/lab_2/zynq_interrupt_system_wrapper_1/hw/zynq_interrupt_system_wrapper.xsa
TRACE::2026-09-16.20:06:31::SCWPlatform:: Unique name xilinx:zybo::0.0
TRACE::2026-09-16.20:06:31::SCWPlatform::Trying to set the existing hwdb with name zynq_interrupt_system_wrapper_0
TRACE::2026-09-16.20:06:31::SCWPlatform::Opened existing hwdb zynq_interrupt_system_wrapper_0
TRACE::2026-09-16.20:06:31::SCWPlatform::Found the Hw Db part of the input DSA
TRACE::2026-09-16.20:06:31::SCWMssOS::Checking the sw design at  /home/user/Desktop/lab_2/zynq_interrupt_system_wrapper_1/zynq_fsbl/zynq_fsbl_bsp/system.mss
TRACE::2026-09-16.20:06:31::SCWMssOS::DEBUG:  swdes dump  /home/user/Desktop/lab_2/zynq_interrupt_system_wrapper_1/ps7_cortexa9_0/standalone_ps7_cortexa9_0/bsp/system.mss|system_0||
/home/user/Desktop/lab_2/zynq_interrupt_system_wrapper_1/zynq_fsbl/zynq_fsbl_bsp/system.mss|system||

TRACE::2026-09-16.20:06:31::SCWMssOS::Sw design exists and opened at  /home/user/Desktop/lab_2/zynq_interrupt_system_wrapper_1/zynq_fsbl/zynq_fsbl_bsp/system.mss
TRACE::2026-09-16.20:06:31::SCWPlatform::Trying to open the hw design at /home/user/Desktop/lab_2/zynq_interrupt_system_wrapper_1/hw/zynq_interrupt_system_wrapper.xsa
TRACE::2026-09-16.20:06:31::SCWPlatform::DSA given /home/user/Desktop/lab_2/zynq_interrupt_system_wrapper_1/hw/zynq_interrupt_system_wrapper.xsa
TRACE::2026-09-16.20:06:31::SCWPlatform::DSA absoulate path /home/user/Desktop/lab_2/zynq_interrupt_system_wrapper_1/hw/zynq_interrupt_system_wrapper.xsa
TRACE::2026-09-16.20:06:31::SCWPlatform::DSA directory /home/user/Desktop/lab_2/zynq_interrupt_system_wrapper_1/hw
TRACE::2026-09-16.20:06:31::SCWPlatform:: Platform Path /home/user/Desktop/lab_2/zynq_interrupt_system_wrapper_1/hw/zynq_interrupt_system_wrapper.xsa
TRACE::2026-09-16.20:06:31::SCWPlatform:: Unique name xilinx:zybo::0.0
TRACE::2026-09-16.20:06:31::SCWPlatform::Trying to set the existing hwdb with name zynq_interrupt_system_wrapper_0
TRACE::2026-09-16.20:06:31::SCWPlatform::Opened existing hwdb zynq_interrupt_system_wrapper_0
TRACE::2026-09-16.20:06:31::SCWPlatform::Found the Hw Db part of the input DSA
TRACE::2026-09-16.20:06:31::SCWMssOS::Checking the sw design at  /home/user/Desktop/lab_2/zynq_interrupt_system_wrapper_1/zynq_fsbl/zynq_fsbl_bsp/system.mss
TRACE::2026-09-16.20:06:31::SCWMssOS::DEBUG:  swdes dump  /home/user/Desktop/lab_2/zynq_interrupt_system_wrapper_1/ps7_cortexa9_0/standalone_ps7_cortexa9_0/bsp/system.mss|system_0||
/home/user/Desktop/lab_2/zynq_interrupt_system_wrapper_1/zynq_fsbl/zynq_fsbl_bsp/system.mss|system||

TRACE::2026-09-16.20:06:31::SCWMssOS::Sw design exists and opened at  /home/user/Desktop/lab_2/zynq_interrupt_system_wrapper_1/zynq_fsbl/zynq_fsbl_bsp/system.mss
TRACE::2026-09-16.20:06:31::SCWPlatform::Trying to open the hw design at /home/user/Desktop/lab_2/zynq_interrupt_system_wrapper_1/hw/zynq_interrupt_system_wrapper.xsa
TRACE::2026-09-16.20:06:31::SCWPlatform::DSA given /home/user/Desktop/lab_2/zynq_interrupt_system_wrapper_1/hw/zynq_interrupt_system_wrapper.xsa
TRACE::2026-09-16.20:06:31::SCWPlatform::DSA absoulate path /home/user/Desktop/lab_2/zynq_interrupt_system_wrapper_1/hw/zynq_interrupt_system_wrapper.xsa
TRACE::2026-09-16.20:06:31::SCWPlatform::DSA directory /home/user/Desktop/lab_2/zynq_interrupt_system_wrapper_1/hw
TRACE::2026-09-16.20:06:31::SCWPlatform:: Platform Path /home/user/Desktop/lab_2/zynq_interrupt_system_wrapper_1/hw/zynq_interrupt_system_wrapper.xsa
TRACE::2026-09-16.20:06:31::SCWPlatform:: Unique name xilinx:zybo::0.0
TRACE::2026-09-16.20:06:31::SCWPlatform::Trying to set the existing hwdb with name zynq_interrupt_system_wrapper_0
TRACE::2026-09-16.20:06:31::SCWPlatform::Opened existing hwdb zynq_interrupt_system_wrapper_0
TRACE::2026-09-16.20:06:31::SCWPlatform::Found the Hw Db part of the input DSA
TRACE::2026-09-16.20:06:31::SCWMssOS::Checking the sw design at  /home/user/Desktop/lab_2/zynq_interrupt_system_wrapper_1/ps7_cortexa9_0/standalone_ps7_cortexa9_0/bsp/system.mss
TRACE::2026-09-16.20:06:31::SCWMssOS::DEBUG:  swdes dump  /home/user/Desktop/lab_2/zynq_interrupt_system_wrapper_1/ps7_cortexa9_0/standalone_ps7_cortexa9_0/bsp/system.mss|system_0||
/home/user/Desktop/lab_2/zynq_interrupt_system_wrapper_1/zynq_fsbl/zynq_fsbl_bsp/system.mss|system||

TRACE::2026-09-16.20:06:31::SCWMssOS::Sw design exists and opened at  /home/user/Desktop/lab_2/zynq_interrupt_system_wrapper_1/ps7_cortexa9_0/standalone_ps7_cortexa9_0/bsp/system.mss
TRACE::2026-09-16.20:06:31::SCWPlatform::Trying to open the hw design at /home/user/Desktop/lab_2/zynq_interrupt_system_wrapper_1/hw/zynq_interrupt_system_wrapper.xsa
TRACE::2026-09-16.20:06:31::SCWPlatform::DSA given /home/user/Desktop/lab_2/zynq_interrupt_system_wrapper_1/hw/zynq_interrupt_system_wrapper.xsa
TRACE::2026-09-16.20:06:31::SCWPlatform::DSA absoulate path /home/user/Desktop/lab_2/zynq_interrupt_system_wrapper_1/hw/zynq_interrupt_system_wrapper.xsa
TRACE::2026-09-16.20:06:31::SCWPlatform::DSA directory /home/user/Desktop/lab_2/zynq_interrupt_system_wrapper_1/hw
TRACE::2026-09-16.20:06:31::SCWPlatform:: Platform Path /home/user/Desktop/lab_2/zynq_interrupt_system_wrapper_1/hw/zynq_interrupt_system_wrapper.xsa
TRACE::2026-09-16.20:06:31::SCWPlatform:: Unique name xilinx:zybo::0.0
TRACE::2026-09-16.20:06:31::SCWPlatform::Trying to set the existing hwdb with name zynq_interrupt_system_wrapper_0
TRACE::2026-09-16.20:06:31::SCWPlatform::Opened existing hwdb zynq_interrupt_system_wrapper_0
TRACE::2026-09-16.20:06:31::SCWPlatform::Found the Hw Db part of the input DSA
TRACE::2026-09-16.20:06:31::SCWMssOS::Checking the sw design at  /home/user/Desktop/lab_2/zynq_interrupt_system_wrapper_1/ps7_cortexa9_0/standalone_ps7_cortexa9_0/bsp/system.mss
TRACE::2026-09-16.20:06:31::SCWMssOS::DEBUG:  swdes dump  /home/user/Desktop/lab_2/zynq_interrupt_system_wrapper_1/ps7_cortexa9_0/standalone_ps7_cortexa9_0/bsp/system.mss|system_0||
/home/user/Desktop/lab_2/zynq_interrupt_system_wrapper_1/zynq_fsbl/zynq_fsbl_bsp/system.mss|system||

TRACE::2026-09-16.20:06:31::SCWMssOS::Sw design exists and opened at  /home/user/Desktop/lab_2/zynq_interrupt_system_wrapper_1/ps7_cortexa9_0/standalone_ps7_cortexa9_0/bsp/system.mss
TRACE::2026-09-16.20:06:31::SCWPlatform::Trying to open the hw design at /home/user/Desktop/lab_2/zynq_interrupt_system_wrapper_1/hw/zynq_interrupt_system_wrapper.xsa
TRACE::2026-09-16.20:06:31::SCWPlatform::DSA given /home/user/Desktop/lab_2/zynq_interrupt_system_wrapper_1/hw/zynq_interrupt_system_wrapper.xsa
TRACE::2026-09-16.20:06:31::SCWPlatform::DSA absoulate path /home/user/Desktop/lab_2/zynq_interrupt_system_wrapper_1/hw/zynq_interrupt_system_wrapper.xsa
TRACE::2026-09-16.20:06:31::SCWPlatform::DSA directory /home/user/Desktop/lab_2/zynq_interrupt_system_wrapper_1/hw
TRACE::2026-09-16.20:06:31::SCWPlatform:: Platform Path /home/user/Desktop/lab_2/zynq_interrupt_system_wrapper_1/hw/zynq_interrupt_system_wrapper.xsa
TRACE::2026-09-16.20:06:31::SCWPlatform:: Unique name xilinx:zybo::0.0
TRACE::2026-09-16.20:06:31::SCWPlatform::Trying to set the existing hwdb with name zynq_interrupt_system_wrapper_0
TRACE::2026-09-16.20:06:31::SCWPlatform::Opened existing hwdb zynq_interrupt_system_wrapper_0
TRACE::2026-09-16.20:06:31::SCWPlatform::Found the Hw Db part of the input DSA
TRACE::2026-09-16.20:06:31::SCWMssOS::Checking the sw design at  /home/user/Desktop/lab_2/zynq_interrupt_system_wrapper_1/ps7_cortexa9_0/standalone_ps7_cortexa9_0/bsp/system.mss
TRACE::2026-09-16.20:06:31::SCWMssOS::DEBUG:  swdes dump  /home/user/Desktop/lab_2/zynq_interrupt_system_wrapper_1/ps7_cortexa9_0/standalone_ps7_cortexa9_0/bsp/system.mss|system_0||
/home/user/Desktop/lab_2/zynq_interrupt_system_wrapper_1/zynq_fsbl/zynq_fsbl_bsp/system.mss|system||

TRACE::2026-09-16.20:06:31::SCWMssOS::Sw design exists and opened at  /home/user/Desktop/lab_2/zynq_interrupt_system_wrapper_1/ps7_cortexa9_0/standalone_ps7_cortexa9_0/bsp/system.mss
TRACE::2026-09-16.20:06:31::SCWWriter::formatted JSON is {
	"platformName":	"zynq_interrupt_system_wrapper_1",
	"sprVersion":	"2.0",
	"mode":	"gui",
	"dsaType":	"Fixed",
	"platformDesc":	"zynq_interrupt_system_wrapper_1",
	"platHandOff":	"/home/user/Desktop/lab_2/zynq_interrupt_system_wrapper.xsa",
	"platIntHandOff":	"<platformDir>/hw/zynq_interrupt_system_wrapper.xsa",
	"deviceType":	"zynq",
	"platIsPrebuiltAutogen":	"false",
	"platIsNoBootBsp":	"false",
	"platFsblTarget":	"ps7_cortexa9_0",
	"hasFsblMakeHasChanges":	"false",
	"hasPmufwMakeHasChanges":	"false",
	"fsblExtraCompilerFlags":	"-MMD -MP       -mcpu=cortex-a9 -mfpu=vfpv3 -mfloat-abi=hard ",
	"platPreBuiltFlag":	false,
	"platformSamplesDir":	"",
	"platActiveSys":	"zynq_interrupt_system_wrapper_1",
	"systems":	[{
			"systemName":	"zynq_interrupt_system_wrapper_1",
			"systemDesc":	"zynq_interrupt_system_wrapper_1",
			"sysIsBootAutoGen":	"true",
			"systemDispName":	"zynq_interrupt_system_wrapper_1",
			"sysActiveDom":	"standalone_ps7_cortexa9_0",
			"sysDefaultDom":	"standalone_ps7_cortexa9_0",
			"domains":	[{
					"domainName":	"zynq_fsbl",
					"domainDispName":	"zynq_fsbl",
					"domainDesc":	"FSBL Application BSP - Auto Generated.",
					"processors":	"ps7_cortexa9_0",
					"os":	"standalone",
					"sdxOs":	"standalone",
					"debugEnable":	"",
					"domRuntimes":	["cpp"],
					"swRepo":	"",
					"mssOsVer":	"7.5",
					"mssFile":	"",
					"md5Digest":	"209d6088c399e688016b2da3be5293e4",
					"compatibleApp":	"zynq_fsbl",
					"domType":	"bootDomain",
					"arch":	"32-bit",
					"appSettings":	{
						"appCompilerFlags":	"",
						"appLinkerFlags":	""
					},
					"addedLibs":	["xilffs:4.5", "xilrsa:1.6"],
					"libOptions":	{
						"libsContainingOptions":	[]
					},
					"prebuiltLibs":	{
						"prebuiltIncPath":	[],
						"prebuiltLibPath":	[]
					},
					"isolation":	{
					}
				}, {
					"domainName":	"standalone_ps7_cortexa9_0",
					"domainDispName":	"standalone_ps7_cortexa9_0",
					"domainDesc":	"standalone_ps7_cortexa9_0",
					"processors":	"ps7_cortexa9_0",
					"os":	"standalone",
					"sdxOs":	"standalone",
					"qemuArgs":	"/home/software/Xilinx/Vitis/2021.1/data/emulation/platforms/zynq/sw/a9_standalone/qemu/qemu_args.txt",
					"qemuData":	"/home/software/Xilinx/Vitis/2021.1/data/emulation/platforms/zynq/sw/a9_standalone/qemu/",
					"debugEnable":	"False",
					"domRuntimes":	["cpp"],
					"swRepo":	"",
					"mssOsVer":	"7.5",
					"mssFile":	"",
					"md5Digest":	"e4c5b2f9cd398cf8c81b48aff3622b30",
					"compatibleApp":	"empty_application",
					"domType":	"mssDomain",
					"arch":	"32-bit",
					"appSettings":	{
						"appCompilerFlags":	"",
						"appLinkerFlags":	""
					},
					"addedLibs":	[],
					"libOptions":	{
						"libsContainingOptions":	[]
					},
					"prebuiltLibs":	{
						"prebuiltIncPath":	[],
						"prebuiltLibPath":	[]
					},
					"isolation":	{
					}
				}]
		}]
}
KEYINFO::2026-09-16.20:06:31::SCWPlatform::updated the xpfm file.
TRACE::2026-09-16.20:06:31::SCWPlatform::Trying to open the hw design at /home/user/Desktop/lab_2/zynq_interrupt_system_wrapper_1/hw/zynq_interrupt_system_wrapper.xsa
TRACE::2026-09-16.20:06:31::SCWPlatform::DSA given /home/user/Desktop/lab_2/zynq_interrupt_system_wrapper_1/hw/zynq_interrupt_system_wrapper.xsa
TRACE::2026-09-16.20:06:31::SCWPlatform::DSA absoulate path /home/user/Desktop/lab_2/zynq_interrupt_system_wrapper_1/hw/zynq_interrupt_system_wrapper.xsa
TRACE::2026-09-16.20:06:31::SCWPlatform::DSA directory /home/user/Desktop/lab_2/zynq_interrupt_system_wrapper_1/hw
TRACE::2026-09-16.20:06:31::SCWPlatform:: Platform Path /home/user/Desktop/lab_2/zynq_interrupt_system_wrapper_1/hw/zynq_interrupt_system_wrapper.xsa
TRACE::2026-09-16.20:06:31::SCWPlatform:: Unique name xilinx:zybo::0.0
TRACE::2026-09-16.20:06:31::SCWPlatform::Trying to set the existing hwdb with name zynq_interrupt_system_wrapper_0
TRACE::2026-09-16.20:06:31::SCWPlatform::Opened existing hwdb zynq_interrupt_system_wrapper_0
TRACE::2026-09-16.20:06:31::SCWPlatform::Found the Hw Db part of the input DSA
TRACE::2026-09-16.20:06:31::SCWMssOS::Checking the sw design at  /home/user/Desktop/lab_2/zynq_interrupt_system_wrapper_1/ps7_cortexa9_0/standalone_ps7_cortexa9_0/bsp/system.mss
TRACE::2026-09-16.20:06:31::SCWMssOS::DEBUG:  swdes dump  /home/user/Desktop/lab_2/zynq_interrupt_system_wrapper_1/ps7_cortexa9_0/standalone_ps7_cortexa9_0/bsp/system.mss|system_0||
/home/user/Desktop/lab_2/zynq_interrupt_system_wrapper_1/zynq_fsbl/zynq_fsbl_bsp/system.mss|system||

TRACE::2026-09-16.20:06:31::SCWMssOS::Sw design exists and opened at  /home/user/Desktop/lab_2/zynq_interrupt_system_wrapper_1/ps7_cortexa9_0/standalone_ps7_cortexa9_0/bsp/system.mss
TRACE::2026-09-16.20:06:31::SCWMssOS::Saving the mss changes /home/user/Desktop/lab_2/zynq_interrupt_system_wrapper_1/zynq_fsbl/zynq_fsbl_bsp/system.mss
TRACE::2026-09-16.20:06:31::SCWMssOS::Found a swdesign opened with the mssfile.
TRACE::2026-09-16.20:06:31::SCWMssOS::Completed writemss as part of save.
TRACE::2026-09-16.20:06:31::SCWMssOS::Commit changes completed.
TRACE::2026-09-16.20:06:31::SCWMssOS::Saving the mss changes /home/user/Desktop/lab_2/zynq_interrupt_system_wrapper_1/ps7_cortexa9_0/standalone_ps7_cortexa9_0/bsp/system.mss
TRACE::2026-09-16.20:06:31::SCWMssOS::Found a swdesign opened with the mssfile.
TRACE::2026-09-16.20:06:31::SCWMssOS::Completed writemss as part of save.
TRACE::2026-09-16.20:06:31::SCWMssOS::Commit changes completed.
TRACE::2026-09-16.20:06:31::SCWPlatform::Trying to open the hw design at /home/user/Desktop/lab_2/zynq_interrupt_system_wrapper_1/hw/zynq_interrupt_system_wrapper.xsa
TRACE::2026-09-16.20:06:31::SCWPlatform::DSA given /home/user/Desktop/lab_2/zynq_interrupt_system_wrapper_1/hw/zynq_interrupt_system_wrapper.xsa
TRACE::2026-09-16.20:06:31::SCWPlatform::DSA absoulate path /home/user/Desktop/lab_2/zynq_interrupt_system_wrapper_1/hw/zynq_interrupt_system_wrapper.xsa
TRACE::2026-09-16.20:06:31::SCWPlatform::DSA directory /home/user/Desktop/lab_2/zynq_interrupt_system_wrapper_1/hw
TRACE::2026-09-16.20:06:31::SCWPlatform:: Platform Path /home/user/Desktop/lab_2/zynq_interrupt_system_wrapper_1/hw/zynq_interrupt_system_wrapper.xsa
TRACE::2026-09-16.20:06:31::SCWPlatform:: Unique name xilinx:zybo::0.0
TRACE::2026-09-16.20:06:31::SCWPlatform::Trying to set the existing hwdb with name zynq_interrupt_system_wrapper_0
TRACE::2026-09-16.20:06:31::SCWPlatform::Opened existing hwdb zynq_interrupt_system_wrapper_0
TRACE::2026-09-16.20:06:31::SCWPlatform::Found the Hw Db part of the input DSA
TRACE::2026-09-16.20:06:31::SCWMssOS::Checking the sw design at  /home/user/Desktop/lab_2/zynq_interrupt_system_wrapper_1/zynq_fsbl/zynq_fsbl_bsp/system.mss
TRACE::2026-09-16.20:06:31::SCWMssOS::DEBUG:  swdes dump  /home/user/Desktop/lab_2/zynq_interrupt_system_wrapper_1/ps7_cortexa9_0/standalone_ps7_cortexa9_0/bsp/system.mss|system_0||
/home/user/Desktop/lab_2/zynq_interrupt_system_wrapper_1/zynq_fsbl/zynq_fsbl_bsp/system.mss|system||

TRACE::2026-09-16.20:06:31::SCWMssOS::Sw design exists and opened at  /home/user/Desktop/lab_2/zynq_interrupt_system_wrapper_1/zynq_fsbl/zynq_fsbl_bsp/system.mss
TRACE::2026-09-16.20:06:31::SCWPlatform::Trying to open the hw design at /home/user/Desktop/lab_2/zynq_interrupt_system_wrapper_1/hw/zynq_interrupt_system_wrapper.xsa
TRACE::2026-09-16.20:06:31::SCWPlatform::DSA given /home/user/Desktop/lab_2/zynq_interrupt_system_wrapper_1/hw/zynq_interrupt_system_wrapper.xsa
TRACE::2026-09-16.20:06:31::SCWPlatform::DSA absoulate path /home/user/Desktop/lab_2/zynq_interrupt_system_wrapper_1/hw/zynq_interrupt_system_wrapper.xsa
TRACE::2026-09-16.20:06:31::SCWPlatform::DSA directory /home/user/Desktop/lab_2/zynq_interrupt_system_wrapper_1/hw
TRACE::2026-09-16.20:06:31::SCWPlatform:: Platform Path /home/user/Desktop/lab_2/zynq_interrupt_system_wrapper_1/hw/zynq_interrupt_system_wrapper.xsa
TRACE::2026-09-16.20:06:31::SCWPlatform:: Unique name xilinx:zybo::0.0
TRACE::2026-09-16.20:06:31::SCWPlatform::Trying to set the existing hwdb with name zynq_interrupt_system_wrapper_0
TRACE::2026-09-16.20:06:31::SCWPlatform::Opened existing hwdb zynq_interrupt_system_wrapper_0
TRACE::2026-09-16.20:06:31::SCWPlatform::Found the Hw Db part of the input DSA
TRACE::2026-09-16.20:06:31::SCWMssOS::Checking the sw design at  /home/user/Desktop/lab_2/zynq_interrupt_system_wrapper_1/zynq_fsbl/zynq_fsbl_bsp/system.mss
TRACE::2026-09-16.20:06:31::SCWMssOS::DEBUG:  swdes dump  /home/user/Desktop/lab_2/zynq_interrupt_system_wrapper_1/ps7_cortexa9_0/standalone_ps7_cortexa9_0/bsp/system.mss|system_0||
/home/user/Desktop/lab_2/zynq_interrupt_system_wrapper_1/zynq_fsbl/zynq_fsbl_bsp/system.mss|system||

TRACE::2026-09-16.20:06:31::SCWMssOS::Sw design exists and opened at  /home/user/Desktop/lab_2/zynq_interrupt_system_wrapper_1/zynq_fsbl/zynq_fsbl_bsp/system.mss
TRACE::2026-09-16.20:06:31::SCWPlatform::Trying to open the hw design at /home/user/Desktop/lab_2/zynq_interrupt_system_wrapper_1/hw/zynq_interrupt_system_wrapper.xsa
TRACE::2026-09-16.20:06:31::SCWPlatform::DSA given /home/user/Desktop/lab_2/zynq_interrupt_system_wrapper_1/hw/zynq_interrupt_system_wrapper.xsa
TRACE::2026-09-16.20:06:31::SCWPlatform::DSA absoulate path /home/user/Desktop/lab_2/zynq_interrupt_system_wrapper_1/hw/zynq_interrupt_system_wrapper.xsa
TRACE::2026-09-16.20:06:31::SCWPlatform::DSA directory /home/user/Desktop/lab_2/zynq_interrupt_system_wrapper_1/hw
TRACE::2026-09-16.20:06:31::SCWPlatform:: Platform Path /home/user/Desktop/lab_2/zynq_interrupt_system_wrapper_1/hw/zynq_interrupt_system_wrapper.xsa
TRACE::2026-09-16.20:06:31::SCWPlatform:: Unique name xilinx:zybo::0.0
TRACE::2026-09-16.20:06:31::SCWPlatform::Trying to set the existing hwdb with name zynq_interrupt_system_wrapper_0
TRACE::2026-09-16.20:06:31::SCWPlatform::Opened existing hwdb zynq_interrupt_system_wrapper_0
TRACE::2026-09-16.20:06:31::SCWPlatform::Found the Hw Db part of the input DSA
TRACE::2026-09-16.20:06:31::SCWMssOS::Checking the sw design at  /home/user/Desktop/lab_2/zynq_interrupt_system_wrapper_1/zynq_fsbl/zynq_fsbl_bsp/system.mss
TRACE::2026-09-16.20:06:31::SCWMssOS::DEBUG:  swdes dump  /home/user/Desktop/lab_2/zynq_interrupt_system_wrapper_1/ps7_cortexa9_0/standalone_ps7_cortexa9_0/bsp/system.mss|system_0||
/home/user/Desktop/lab_2/zynq_interrupt_system_wrapper_1/zynq_fsbl/zynq_fsbl_bsp/system.mss|system||

TRACE::2026-09-16.20:06:31::SCWMssOS::Sw design exists and opened at  /home/user/Desktop/lab_2/zynq_interrupt_system_wrapper_1/zynq_fsbl/zynq_fsbl_bsp/system.mss
TRACE::2026-09-16.20:06:31::SCWPlatform::Trying to open the hw design at /home/user/Desktop/lab_2/zynq_interrupt_system_wrapper_1/hw/zynq_interrupt_system_wrapper.xsa
TRACE::2026-09-16.20:06:31::SCWPlatform::DSA given /home/user/Desktop/lab_2/zynq_interrupt_system_wrapper_1/hw/zynq_interrupt_system_wrapper.xsa
TRACE::2026-09-16.20:06:31::SCWPlatform::DSA absoulate path /home/user/Desktop/lab_2/zynq_interrupt_system_wrapper_1/hw/zynq_interrupt_system_wrapper.xsa
TRACE::2026-09-16.20:06:31::SCWPlatform::DSA directory /home/user/Desktop/lab_2/zynq_interrupt_system_wrapper_1/hw
TRACE::2026-09-16.20:06:31::SCWPlatform:: Platform Path /home/user/Desktop/lab_2/zynq_interrupt_system_wrapper_1/hw/zynq_interrupt_system_wrapper.xsa
TRACE::2026-09-16.20:06:31::SCWPlatform:: Unique name xilinx:zybo::0.0
TRACE::2026-09-16.20:06:31::SCWPlatform::Trying to set the existing hwdb with name zynq_interrupt_system_wrapper_0
TRACE::2026-09-16.20:06:31::SCWPlatform::Opened existing hwdb zynq_interrupt_system_wrapper_0
TRACE::2026-09-16.20:06:31::SCWPlatform::Found the Hw Db part of the input DSA
TRACE::2026-09-16.20:06:31::SCWMssOS::Checking the sw design at  /home/user/Desktop/lab_2/zynq_interrupt_system_wrapper_1/ps7_cortexa9_0/standalone_ps7_cortexa9_0/bsp/system.mss
TRACE::2026-09-16.20:06:31::SCWMssOS::DEBUG:  swdes dump  /home/user/Desktop/lab_2/zynq_interrupt_system_wrapper_1/ps7_cortexa9_0/standalone_ps7_cortexa9_0/bsp/system.mss|system_0||
/home/user/Desktop/lab_2/zynq_interrupt_system_wrapper_1/zynq_fsbl/zynq_fsbl_bsp/system.mss|system||

TRACE::2026-09-16.20:06:31::SCWMssOS::Sw design exists and opened at  /home/user/Desktop/lab_2/zynq_interrupt_system_wrapper_1/ps7_cortexa9_0/standalone_ps7_cortexa9_0/bsp/system.mss
TRACE::2026-09-16.20:06:31::SCWPlatform::Trying to open the hw design at /home/user/Desktop/lab_2/zynq_interrupt_system_wrapper_1/hw/zynq_interrupt_system_wrapper.xsa
TRACE::2026-09-16.20:06:31::SCWPlatform::DSA given /home/user/Desktop/lab_2/zynq_interrupt_system_wrapper_1/hw/zynq_interrupt_system_wrapper.xsa
TRACE::2026-09-16.20:06:31::SCWPlatform::DSA absoulate path /home/user/Desktop/lab_2/zynq_interrupt_system_wrapper_1/hw/zynq_interrupt_system_wrapper.xsa
TRACE::2026-09-16.20:06:31::SCWPlatform::DSA directory /home/user/Desktop/lab_2/zynq_interrupt_system_wrapper_1/hw
TRACE::2026-09-16.20:06:31::SCWPlatform:: Platform Path /home/user/Desktop/lab_2/zynq_interrupt_system_wrapper_1/hw/zynq_interrupt_system_wrapper.xsa
TRACE::2026-09-16.20:06:31::SCWPlatform:: Unique name xilinx:zybo::0.0
TRACE::2026-09-16.20:06:31::SCWPlatform::Trying to set the existing hwdb with name zynq_interrupt_system_wrapper_0
TRACE::2026-09-16.20:06:31::SCWPlatform::Opened existing hwdb zynq_interrupt_system_wrapper_0
TRACE::2026-09-16.20:06:31::SCWPlatform::Found the Hw Db part of the input DSA
TRACE::2026-09-16.20:06:31::SCWMssOS::Checking the sw design at  /home/user/Desktop/lab_2/zynq_interrupt_system_wrapper_1/ps7_cortexa9_0/standalone_ps7_cortexa9_0/bsp/system.mss
TRACE::2026-09-16.20:06:31::SCWMssOS::DEBUG:  swdes dump  /home/user/Desktop/lab_2/zynq_interrupt_system_wrapper_1/ps7_cortexa9_0/standalone_ps7_cortexa9_0/bsp/system.mss|system_0||
/home/user/Desktop/lab_2/zynq_interrupt_system_wrapper_1/zynq_fsbl/zynq_fsbl_bsp/system.mss|system||

TRACE::2026-09-16.20:06:31::SCWMssOS::Sw design exists and opened at  /home/user/Desktop/lab_2/zynq_interrupt_system_wrapper_1/ps7_cortexa9_0/standalone_ps7_cortexa9_0/bsp/system.mss
TRACE::2026-09-16.20:06:31::SCWPlatform::Trying to open the hw design at /home/user/Desktop/lab_2/zynq_interrupt_system_wrapper_1/hw/zynq_interrupt_system_wrapper.xsa
TRACE::2026-09-16.20:06:31::SCWPlatform::DSA given /home/user/Desktop/lab_2/zynq_interrupt_system_wrapper_1/hw/zynq_interrupt_system_wrapper.xsa
TRACE::2026-09-16.20:06:31::SCWPlatform::DSA absoulate path /home/user/Desktop/lab_2/zynq_interrupt_system_wrapper_1/hw/zynq_interrupt_system_wrapper.xsa
TRACE::2026-09-16.20:06:31::SCWPlatform::DSA directory /home/user/Desktop/lab_2/zynq_interrupt_system_wrapper_1/hw
TRACE::2026-09-16.20:06:31::SCWPlatform:: Platform Path /home/user/Desktop/lab_2/zynq_interrupt_system_wrapper_1/hw/zynq_interrupt_system_wrapper.xsa
TRACE::2026-09-16.20:06:31::SCWPlatform:: Unique name xilinx:zybo::0.0
TRACE::2026-09-16.20:06:31::SCWPlatform::Trying to set the existing hwdb with name zynq_interrupt_system_wrapper_0
TRACE::2026-09-16.20:06:31::SCWPlatform::Opened existing hwdb zynq_interrupt_system_wrapper_0
TRACE::2026-09-16.20:06:31::SCWPlatform::Found the Hw Db part of the input DSA
TRACE::2026-09-16.20:06:31::SCWMssOS::Checking the sw design at  /home/user/Desktop/lab_2/zynq_interrupt_system_wrapper_1/ps7_cortexa9_0/standalone_ps7_cortexa9_0/bsp/system.mss
TRACE::2026-09-16.20:06:31::SCWMssOS::DEBUG:  swdes dump  /home/user/Desktop/lab_2/zynq_interrupt_system_wrapper_1/ps7_cortexa9_0/standalone_ps7_cortexa9_0/bsp/system.mss|system_0||
/home/user/Desktop/lab_2/zynq_interrupt_system_wrapper_1/zynq_fsbl/zynq_fsbl_bsp/system.mss|system||

TRACE::2026-09-16.20:06:31::SCWMssOS::Sw design exists and opened at  /home/user/Desktop/lab_2/zynq_interrupt_system_wrapper_1/ps7_cortexa9_0/standalone_ps7_cortexa9_0/bsp/system.mss
TRACE::2026-09-16.20:06:31::SCWWriter::formatted JSON is {
	"platformName":	"zynq_interrupt_system_wrapper_1",
	"sprVersion":	"2.0",
	"mode":	"gui",
	"dsaType":	"Fixed",
	"platformDesc":	"zynq_interrupt_system_wrapper_1",
	"platHandOff":	"/home/user/Desktop/lab_2/zynq_interrupt_system_wrapper.xsa",
	"platIntHandOff":	"<platformDir>/hw/zynq_interrupt_system_wrapper.xsa",
	"deviceType":	"zynq",
	"platIsPrebuiltAutogen":	"false",
	"platIsNoBootBsp":	"false",
	"platFsblTarget":	"ps7_cortexa9_0",
	"hasFsblMakeHasChanges":	"false",
	"hasPmufwMakeHasChanges":	"false",
	"fsblExtraCompilerFlags":	"-MMD -MP       -mcpu=cortex-a9 -mfpu=vfpv3 -mfloat-abi=hard ",
	"platPreBuiltFlag":	false,
	"platformSamplesDir":	"",
	"platActiveSys":	"zynq_interrupt_system_wrapper_1",
	"systems":	[{
			"systemName":	"zynq_interrupt_system_wrapper_1",
			"systemDesc":	"zynq_interrupt_system_wrapper_1",
			"sysIsBootAutoGen":	"true",
			"systemDispName":	"zynq_interrupt_system_wrapper_1",
			"sysActiveDom":	"standalone_ps7_cortexa9_0",
			"sysDefaultDom":	"standalone_ps7_cortexa9_0",
			"domains":	[{
					"domainName":	"zynq_fsbl",
					"domainDispName":	"zynq_fsbl",
					"domainDesc":	"FSBL Application BSP - Auto Generated.",
					"processors":	"ps7_cortexa9_0",
					"os":	"standalone",
					"sdxOs":	"standalone",
					"debugEnable":	"",
					"domRuntimes":	["cpp"],
					"swRepo":	"",
					"mssOsVer":	"7.5",
					"mssFile":	"",
					"md5Digest":	"209d6088c399e688016b2da3be5293e4",
					"compatibleApp":	"zynq_fsbl",
					"domType":	"bootDomain",
					"arch":	"32-bit",
					"appSettings":	{
						"appCompilerFlags":	"",
						"appLinkerFlags":	""
					},
					"addedLibs":	["xilffs:4.5", "xilrsa:1.6"],
					"libOptions":	{
						"libsContainingOptions":	[]
					},
					"prebuiltLibs":	{
						"prebuiltIncPath":	[],
						"prebuiltLibPath":	[]
					},
					"isolation":	{
					}
				}, {
					"domainName":	"standalone_ps7_cortexa9_0",
					"domainDispName":	"standalone_ps7_cortexa9_0",
					"domainDesc":	"standalone_ps7_cortexa9_0",
					"processors":	"ps7_cortexa9_0",
					"os":	"standalone",
					"sdxOs":	"standalone",
					"qemuArgs":	"/home/software/Xilinx/Vitis/2021.1/data/emulation/platforms/zynq/sw/a9_standalone/qemu/qemu_args.txt",
					"qemuData":	"/home/software/Xilinx/Vitis/2021.1/data/emulation/platforms/zynq/sw/a9_standalone/qemu/",
					"debugEnable":	"False",
					"domRuntimes":	["cpp"],
					"swRepo":	"",
					"mssOsVer":	"7.5",
					"mssFile":	"",
					"md5Digest":	"e4c5b2f9cd398cf8c81b48aff3622b30",
					"compatibleApp":	"empty_application",
					"domType":	"mssDomain",
					"arch":	"32-bit",
					"appSettings":	{
						"appCompilerFlags":	"",
						"appLinkerFlags":	""
					},
					"addedLibs":	[],
					"libOptions":	{
						"libsContainingOptions":	[]
					},
					"prebuiltLibs":	{
						"prebuiltIncPath":	[],
						"prebuiltLibPath":	[]
					},
					"isolation":	{
					}
				}]
		}]
}
TRACE::2026-09-16.20:06:31::SCWPlatform::Trying to open the hw design at /home/user/Desktop/lab_2/zynq_interrupt_system_wrapper_1/hw/zynq_interrupt_system_wrapper.xsa
TRACE::2026-09-16.20:06:31::SCWPlatform::DSA given /home/user/Desktop/lab_2/zynq_interrupt_system_wrapper_1/hw/zynq_interrupt_system_wrapper.xsa
TRACE::2026-09-16.20:06:31::SCWPlatform::DSA absoulate path /home/user/Desktop/lab_2/zynq_interrupt_system_wrapper_1/hw/zynq_interrupt_system_wrapper.xsa
TRACE::2026-09-16.20:06:31::SCWPlatform::DSA directory /home/user/Desktop/lab_2/zynq_interrupt_system_wrapper_1/hw
TRACE::2026-09-16.20:06:31::SCWPlatform:: Platform Path /home/user/Desktop/lab_2/zynq_interrupt_system_wrapper_1/hw/zynq_interrupt_system_wrapper.xsa
TRACE::2026-09-16.20:06:31::SCWPlatform:: Unique name xilinx:zybo::0.0
TRACE::2026-09-16.20:06:31::SCWPlatform::Trying to set the existing hwdb with name zynq_interrupt_system_wrapper_0
TRACE::2026-09-16.20:06:31::SCWPlatform::Opened existing hwdb zynq_interrupt_system_wrapper_0
TRACE::2026-09-16.20:06:31::SCWPlatform::Found the Hw Db part of the input DSA
TRACE::2026-09-16.20:06:31::SCWMssOS::Checking the sw design at  /home/user/Desktop/lab_2/zynq_interrupt_system_wrapper_1/ps7_cortexa9_0/standalone_ps7_cortexa9_0/bsp/system.mss
TRACE::2026-09-16.20:06:31::SCWMssOS::DEBUG:  swdes dump  /home/user/Desktop/lab_2/zynq_interrupt_system_wrapper_1/ps7_cortexa9_0/standalone_ps7_cortexa9_0/bsp/system.mss|system_0||
/home/user/Desktop/lab_2/zynq_interrupt_system_wrapper_1/zynq_fsbl/zynq_fsbl_bsp/system.mss|system||

TRACE::2026-09-16.20:06:31::SCWMssOS::Sw design exists and opened at  /home/user/Desktop/lab_2/zynq_interrupt_system_wrapper_1/ps7_cortexa9_0/standalone_ps7_cortexa9_0/bsp/system.mss
TRACE::2026-09-16.20:06:31::SCWPlatform::Trying to open the hw design at /home/user/Desktop/lab_2/zynq_interrupt_system_wrapper_1/hw/zynq_interrupt_system_wrapper.xsa
TRACE::2026-09-16.20:06:31::SCWPlatform::DSA given /home/user/Desktop/lab_2/zynq_interrupt_system_wrapper_1/hw/zynq_interrupt_system_wrapper.xsa
TRACE::2026-09-16.20:06:31::SCWPlatform::DSA absoulate path /home/user/Desktop/lab_2/zynq_interrupt_system_wrapper_1/hw/zynq_interrupt_system_wrapper.xsa
TRACE::2026-09-16.20:06:31::SCWPlatform::DSA directory /home/user/Desktop/lab_2/zynq_interrupt_system_wrapper_1/hw
TRACE::2026-09-16.20:06:31::SCWPlatform:: Platform Path /home/user/Desktop/lab_2/zynq_interrupt_system_wrapper_1/hw/zynq_interrupt_system_wrapper.xsa
TRACE::2026-09-16.20:06:31::SCWPlatform:: Unique name xilinx:zybo::0.0
TRACE::2026-09-16.20:06:31::SCWPlatform::Trying to set the existing hwdb with name zynq_interrupt_system_wrapper_0
TRACE::2026-09-16.20:06:31::SCWPlatform::Opened existing hwdb zynq_interrupt_system_wrapper_0
TRACE::2026-09-16.20:06:31::SCWPlatform::Found the Hw Db part of the input DSA
TRACE::2026-09-16.20:06:31::SCWMssOS::Checking the sw design at  /home/user/Desktop/lab_2/zynq_interrupt_system_wrapper_1/ps7_cortexa9_0/standalone_ps7_cortexa9_0/bsp/system.mss
TRACE::2026-09-16.20:06:31::SCWMssOS::DEBUG:  swdes dump  /home/user/Desktop/lab_2/zynq_interrupt_system_wrapper_1/ps7_cortexa9_0/standalone_ps7_cortexa9_0/bsp/system.mss|system_0||
/home/user/Desktop/lab_2/zynq_interrupt_system_wrapper_1/zynq_fsbl/zynq_fsbl_bsp/system.mss|system||

TRACE::2026-09-16.20:06:31::SCWMssOS::Sw design exists and opened at  /home/user/Desktop/lab_2/zynq_interrupt_system_wrapper_1/ps7_cortexa9_0/standalone_ps7_cortexa9_0/bsp/system.mss
TRACE::2026-09-16.20:06:31::SCWMssOS::Saving the mss changes /home/user/Desktop/lab_2/zynq_interrupt_system_wrapper_1/zynq_fsbl/zynq_fsbl_bsp/system.mss
TRACE::2026-09-16.20:06:31::SCWMssOS::Found a swdesign opened with the mssfile.
TRACE::2026-09-16.20:06:31::SCWMssOS::Completed writemss as part of save.
TRACE::2026-09-16.20:06:31::SCWMssOS::Commit changes completed.
TRACE::2026-09-16.20:06:31::SCWMssOS::Saving the mss changes /home/user/Desktop/lab_2/zynq_interrupt_system_wrapper_1/ps7_cortexa9_0/standalone_ps7_cortexa9_0/bsp/system.mss
TRACE::2026-09-16.20:06:31::SCWMssOS::Found a swdesign opened with the mssfile.
TRACE::2026-09-16.20:06:31::SCWMssOS::Completed writemss as part of save.
TRACE::2026-09-16.20:06:31::SCWMssOS::Commit changes completed.
TRACE::2026-09-16.20:06:31::SCWPlatform::Trying to open the hw design at /home/user/Desktop/lab_2/zynq_interrupt_system_wrapper_1/hw/zynq_interrupt_system_wrapper.xsa
TRACE::2026-09-16.20:06:31::SCWPlatform::DSA given /home/user/Desktop/lab_2/zynq_interrupt_system_wrapper_1/hw/zynq_interrupt_system_wrapper.xsa
TRACE::2026-09-16.20:06:31::SCWPlatform::DSA absoulate path /home/user/Desktop/lab_2/zynq_interrupt_system_wrapper_1/hw/zynq_interrupt_system_wrapper.xsa
TRACE::2026-09-16.20:06:31::SCWPlatform::DSA directory /home/user/Desktop/lab_2/zynq_interrupt_system_wrapper_1/hw
TRACE::2026-09-16.20:06:31::SCWPlatform:: Platform Path /home/user/Desktop/lab_2/zynq_interrupt_system_wrapper_1/hw/zynq_interrupt_system_wrapper.xsa
TRACE::2026-09-16.20:06:31::SCWPlatform:: Unique name xilinx:zybo::0.0
TRACE::2026-09-16.20:06:31::SCWPlatform::Trying to set the existing hwdb with name zynq_interrupt_system_wrapper_0
TRACE::2026-09-16.20:06:31::SCWPlatform::Opened existing hwdb zynq_interrupt_system_wrapper_0
TRACE::2026-09-16.20:06:31::SCWPlatform::Found the Hw Db part of the input DSA
TRACE::2026-09-16.20:06:31::SCWMssOS::Checking the sw design at  /home/user/Desktop/lab_2/zynq_interrupt_system_wrapper_1/zynq_fsbl/zynq_fsbl_bsp/system.mss
TRACE::2026-09-16.20:06:31::SCWMssOS::DEBUG:  swdes dump  /home/user/Desktop/lab_2/zynq_interrupt_system_wrapper_1/ps7_cortexa9_0/standalone_ps7_cortexa9_0/bsp/system.mss|system_0||
/home/user/Desktop/lab_2/zynq_interrupt_system_wrapper_1/zynq_fsbl/zynq_fsbl_bsp/system.mss|system||

TRACE::2026-09-16.20:06:31::SCWMssOS::Sw design exists and opened at  /home/user/Desktop/lab_2/zynq_interrupt_system_wrapper_1/zynq_fsbl/zynq_fsbl_bsp/system.mss
TRACE::2026-09-16.20:06:31::SCWPlatform::Trying to open the hw design at /home/user/Desktop/lab_2/zynq_interrupt_system_wrapper_1/hw/zynq_interrupt_system_wrapper.xsa
TRACE::2026-09-16.20:06:31::SCWPlatform::DSA given /home/user/Desktop/lab_2/zynq_interrupt_system_wrapper_1/hw/zynq_interrupt_system_wrapper.xsa
TRACE::2026-09-16.20:06:31::SCWPlatform::DSA absoulate path /home/user/Desktop/lab_2/zynq_interrupt_system_wrapper_1/hw/zynq_interrupt_system_wrapper.xsa
TRACE::2026-09-16.20:06:31::SCWPlatform::DSA directory /home/user/Desktop/lab_2/zynq_interrupt_system_wrapper_1/hw
TRACE::2026-09-16.20:06:31::SCWPlatform:: Platform Path /home/user/Desktop/lab_2/zynq_interrupt_system_wrapper_1/hw/zynq_interrupt_system_wrapper.xsa
TRACE::2026-09-16.20:06:31::SCWPlatform:: Unique name xilinx:zybo::0.0
TRACE::2026-09-16.20:06:31::SCWPlatform::Trying to set the existing hwdb with name zynq_interrupt_system_wrapper_0
TRACE::2026-09-16.20:06:31::SCWPlatform::Opened existing hwdb zynq_interrupt_system_wrapper_0
TRACE::2026-09-16.20:06:31::SCWPlatform::Found the Hw Db part of the input DSA
TRACE::2026-09-16.20:06:31::SCWMssOS::Checking the sw design at  /home/user/Desktop/lab_2/zynq_interrupt_system_wrapper_1/zynq_fsbl/zynq_fsbl_bsp/system.mss
TRACE::2026-09-16.20:06:31::SCWMssOS::DEBUG:  swdes dump  /home/user/Desktop/lab_2/zynq_interrupt_system_wrapper_1/ps7_cortexa9_0/standalone_ps7_cortexa9_0/bsp/system.mss|system_0||
/home/user/Desktop/lab_2/zynq_interrupt_system_wrapper_1/zynq_fsbl/zynq_fsbl_bsp/system.mss|system||

TRACE::2026-09-16.20:06:31::SCWMssOS::Sw design exists and opened at  /home/user/Desktop/lab_2/zynq_interrupt_system_wrapper_1/zynq_fsbl/zynq_fsbl_bsp/system.mss
TRACE::2026-09-16.20:06:31::SCWPlatform::Trying to open the hw design at /home/user/Desktop/lab_2/zynq_interrupt_system_wrapper_1/hw/zynq_interrupt_system_wrapper.xsa
TRACE::2026-09-16.20:06:31::SCWPlatform::DSA given /home/user/Desktop/lab_2/zynq_interrupt_system_wrapper_1/hw/zynq_interrupt_system_wrapper.xsa
TRACE::2026-09-16.20:06:31::SCWPlatform::DSA absoulate path /home/user/Desktop/lab_2/zynq_interrupt_system_wrapper_1/hw/zynq_interrupt_system_wrapper.xsa
TRACE::2026-09-16.20:06:31::SCWPlatform::DSA directory /home/user/Desktop/lab_2/zynq_interrupt_system_wrapper_1/hw
TRACE::2026-09-16.20:06:31::SCWPlatform:: Platform Path /home/user/Desktop/lab_2/zynq_interrupt_system_wrapper_1/hw/zynq_interrupt_system_wrapper.xsa
TRACE::2026-09-16.20:06:31::SCWPlatform:: Unique name xilinx:zybo::0.0
TRACE::2026-09-16.20:06:31::SCWPlatform::Trying to set the existing hwdb with name zynq_interrupt_system_wrapper_0
TRACE::2026-09-16.20:06:31::SCWPlatform::Opened existing hwdb zynq_interrupt_system_wrapper_0
TRACE::2026-09-16.20:06:31::SCWPlatform::Found the Hw Db part of the input DSA
TRACE::2026-09-16.20:06:31::SCWMssOS::Checking the sw design at  /home/user/Desktop/lab_2/zynq_interrupt_system_wrapper_1/zynq_fsbl/zynq_fsbl_bsp/system.mss
TRACE::2026-09-16.20:06:31::SCWMssOS::DEBUG:  swdes dump  /home/user/Desktop/lab_2/zynq_interrupt_system_wrapper_1/ps7_cortexa9_0/standalone_ps7_cortexa9_0/bsp/system.mss|system_0||
/home/user/Desktop/lab_2/zynq_interrupt_system_wrapper_1/zynq_fsbl/zynq_fsbl_bsp/system.mss|system||

TRACE::2026-09-16.20:06:31::SCWMssOS::Sw design exists and opened at  /home/user/Desktop/lab_2/zynq_interrupt_system_wrapper_1/zynq_fsbl/zynq_fsbl_bsp/system.mss
TRACE::2026-09-16.20:06:31::SCWPlatform::Trying to open the hw design at /home/user/Desktop/lab_2/zynq_interrupt_system_wrapper_1/hw/zynq_interrupt_system_wrapper.xsa
TRACE::2026-09-16.20:06:31::SCWPlatform::DSA given /home/user/Desktop/lab_2/zynq_interrupt_system_wrapper_1/hw/zynq_interrupt_system_wrapper.xsa
TRACE::2026-09-16.20:06:31::SCWPlatform::DSA absoulate path /home/user/Desktop/lab_2/zynq_interrupt_system_wrapper_1/hw/zynq_interrupt_system_wrapper.xsa
TRACE::2026-09-16.20:06:31::SCWPlatform::DSA directory /home/user/Desktop/lab_2/zynq_interrupt_system_wrapper_1/hw
TRACE::2026-09-16.20:06:31::SCWPlatform:: Platform Path /home/user/Desktop/lab_2/zynq_interrupt_system_wrapper_1/hw/zynq_interrupt_system_wrapper.xsa
TRACE::2026-09-16.20:06:31::SCWPlatform:: Unique name xilinx:zybo::0.0
TRACE::2026-09-16.20:06:31::SCWPlatform::Trying to set the existing hwdb with name zynq_interrupt_system_wrapper_0
TRACE::2026-09-16.20:06:31::SCWPlatform::Opened existing hwdb zynq_interrupt_system_wrapper_0
TRACE::2026-09-16.20:06:31::SCWPlatform::Found the Hw Db part of the input DSA
TRACE::2026-09-16.20:06:31::SCWMssOS::Checking the sw design at  /home/user/Desktop/lab_2/zynq_interrupt_system_wrapper_1/ps7_cortexa9_0/standalone_ps7_cortexa9_0/bsp/system.mss
TRACE::2026-09-16.20:06:31::SCWMssOS::DEBUG:  swdes dump  /home/user/Desktop/lab_2/zynq_interrupt_system_wrapper_1/ps7_cortexa9_0/standalone_ps7_cortexa9_0/bsp/system.mss|system_0||
/home/user/Desktop/lab_2/zynq_interrupt_system_wrapper_1/zynq_fsbl/zynq_fsbl_bsp/system.mss|system||

TRACE::2026-09-16.20:06:31::SCWMssOS::Sw design exists and opened at  /home/user/Desktop/lab_2/zynq_interrupt_system_wrapper_1/ps7_cortexa9_0/standalone_ps7_cortexa9_0/bsp/system.mss
TRACE::2026-09-16.20:06:31::SCWPlatform::Trying to open the hw design at /home/user/Desktop/lab_2/zynq_interrupt_system_wrapper_1/hw/zynq_interrupt_system_wrapper.xsa
TRACE::2026-09-16.20:06:31::SCWPlatform::DSA given /home/user/Desktop/lab_2/zynq_interrupt_system_wrapper_1/hw/zynq_interrupt_system_wrapper.xsa
TRACE::2026-09-16.20:06:31::SCWPlatform::DSA absoulate path /home/user/Desktop/lab_2/zynq_interrupt_system_wrapper_1/hw/zynq_interrupt_system_wrapper.xsa
TRACE::2026-09-16.20:06:31::SCWPlatform::DSA directory /home/user/Desktop/lab_2/zynq_interrupt_system_wrapper_1/hw
TRACE::2026-09-16.20:06:31::SCWPlatform:: Platform Path /home/user/Desktop/lab_2/zynq_interrupt_system_wrapper_1/hw/zynq_interrupt_system_wrapper.xsa
TRACE::2026-09-16.20:06:31::SCWPlatform:: Unique name xilinx:zybo::0.0
TRACE::2026-09-16.20:06:31::SCWPlatform::Trying to set the existing hwdb with name zynq_interrupt_system_wrapper_0
TRACE::2026-09-16.20:06:31::SCWPlatform::Opened existing hwdb zynq_interrupt_system_wrapper_0
TRACE::2026-09-16.20:06:31::SCWPlatform::Found the Hw Db part of the input DSA
TRACE::2026-09-16.20:06:31::SCWMssOS::Checking the sw design at  /home/user/Desktop/lab_2/zynq_interrupt_system_wrapper_1/ps7_cortexa9_0/standalone_ps7_cortexa9_0/bsp/system.mss
TRACE::2026-09-16.20:06:31::SCWMssOS::DEBUG:  swdes dump  /home/user/Desktop/lab_2/zynq_interrupt_system_wrapper_1/ps7_cortexa9_0/standalone_ps7_cortexa9_0/bsp/system.mss|system_0||
/home/user/Desktop/lab_2/zynq_interrupt_system_wrapper_1/zynq_fsbl/zynq_fsbl_bsp/system.mss|system||

TRACE::2026-09-16.20:06:31::SCWMssOS::Sw design exists and opened at  /home/user/Desktop/lab_2/zynq_interrupt_system_wrapper_1/ps7_cortexa9_0/standalone_ps7_cortexa9_0/bsp/system.mss
TRACE::2026-09-16.20:06:31::SCWPlatform::Trying to open the hw design at /home/user/Desktop/lab_2/zynq_interrupt_system_wrapper_1/hw/zynq_interrupt_system_wrapper.xsa
TRACE::2026-09-16.20:06:31::SCWPlatform::DSA given /home/user/Desktop/lab_2/zynq_interrupt_system_wrapper_1/hw/zynq_interrupt_system_wrapper.xsa
TRACE::2026-09-16.20:06:31::SCWPlatform::DSA absoulate path /home/user/Desktop/lab_2/zynq_interrupt_system_wrapper_1/hw/zynq_interrupt_system_wrapper.xsa
TRACE::2026-09-16.20:06:31::SCWPlatform::DSA directory /home/user/Desktop/lab_2/zynq_interrupt_system_wrapper_1/hw
TRACE::2026-09-16.20:06:31::SCWPlatform:: Platform Path /home/user/Desktop/lab_2/zynq_interrupt_system_wrapper_1/hw/zynq_interrupt_system_wrapper.xsa
TRACE::2026-09-16.20:06:31::SCWPlatform:: Unique name xilinx:zybo::0.0
TRACE::2026-09-16.20:06:31::SCWPlatform::Trying to set the existing hwdb with name zynq_interrupt_system_wrapper_0
TRACE::2026-09-16.20:06:31::SCWPlatform::Opened existing hwdb zynq_interrupt_system_wrapper_0
TRACE::2026-09-16.20:06:31::SCWPlatform::Found the Hw Db part of the input DSA
TRACE::2026-09-16.20:06:31::SCWMssOS::Checking the sw design at  /home/user/Desktop/lab_2/zynq_interrupt_system_wrapper_1/ps7_cortexa9_0/standalone_ps7_cortexa9_0/bsp/system.mss
TRACE::2026-09-16.20:06:31::SCWMssOS::DEBUG:  swdes dump  /home/user/Desktop/lab_2/zynq_interrupt_system_wrapper_1/ps7_cortexa9_0/standalone_ps7_cortexa9_0/bsp/system.mss|system_0||
/home/user/Desktop/lab_2/zynq_interrupt_system_wrapper_1/zynq_fsbl/zynq_fsbl_bsp/system.mss|system||

TRACE::2026-09-16.20:06:31::SCWMssOS::Sw design exists and opened at  /home/user/Desktop/lab_2/zynq_interrupt_system_wrapper_1/ps7_cortexa9_0/standalone_ps7_cortexa9_0/bsp/system.mss
TRACE::2026-09-16.20:06:31::SCWWriter::formatted JSON is {
	"platformName":	"zynq_interrupt_system_wrapper_1",
	"sprVersion":	"2.0",
	"mode":	"gui",
	"dsaType":	"Fixed",
	"platformDesc":	"zynq_interrupt_system_wrapper_1",
	"platHandOff":	"/home/user/Desktop/lab_2/zynq_interrupt_system_wrapper.xsa",
	"platIntHandOff":	"<platformDir>/hw/zynq_interrupt_system_wrapper.xsa",
	"deviceType":	"zynq",
	"platIsPrebuiltAutogen":	"false",
	"platIsNoBootBsp":	"false",
	"platFsblTarget":	"ps7_cortexa9_0",
	"hasFsblMakeHasChanges":	"false",
	"hasPmufwMakeHasChanges":	"false",
	"fsblExtraCompilerFlags":	"-MMD -MP       -mcpu=cortex-a9 -mfpu=vfpv3 -mfloat-abi=hard ",
	"platPreBuiltFlag":	false,
	"platformSamplesDir":	"",
	"platActiveSys":	"zynq_interrupt_system_wrapper_1",
	"systems":	[{
			"systemName":	"zynq_interrupt_system_wrapper_1",
			"systemDesc":	"zynq_interrupt_system_wrapper_1",
			"sysIsBootAutoGen":	"true",
			"systemDispName":	"zynq_interrupt_system_wrapper_1",
			"sysActiveDom":	"standalone_ps7_cortexa9_0",
			"sysDefaultDom":	"standalone_ps7_cortexa9_0",
			"domains":	[{
					"domainName":	"zynq_fsbl",
					"domainDispName":	"zynq_fsbl",
					"domainDesc":	"FSBL Application BSP - Auto Generated.",
					"processors":	"ps7_cortexa9_0",
					"os":	"standalone",
					"sdxOs":	"standalone",
					"debugEnable":	"",
					"domRuntimes":	["cpp"],
					"swRepo":	"",
					"mssOsVer":	"7.5",
					"mssFile":	"",
					"md5Digest":	"209d6088c399e688016b2da3be5293e4",
					"compatibleApp":	"zynq_fsbl",
					"domType":	"bootDomain",
					"arch":	"32-bit",
					"appSettings":	{
						"appCompilerFlags":	"",
						"appLinkerFlags":	""
					},
					"addedLibs":	["xilffs:4.5", "xilrsa:1.6"],
					"libOptions":	{
						"libsContainingOptions":	[]
					},
					"prebuiltLibs":	{
						"prebuiltIncPath":	[],
						"prebuiltLibPath":	[]
					},
					"isolation":	{
					}
				}, {
					"domainName":	"standalone_ps7_cortexa9_0",
					"domainDispName":	"standalone_ps7_cortexa9_0",
					"domainDesc":	"standalone_ps7_cortexa9_0",
					"processors":	"ps7_cortexa9_0",
					"os":	"standalone",
					"sdxOs":	"standalone",
					"qemuArgs":	"/home/software/Xilinx/Vitis/2021.1/data/emulation/platforms/zynq/sw/a9_standalone/qemu/qemu_args.txt",
					"qemuData":	"/home/software/Xilinx/Vitis/2021.1/data/emulation/platforms/zynq/sw/a9_standalone/qemu/",
					"debugEnable":	"False",
					"domRuntimes":	["cpp"],
					"swRepo":	"",
					"mssOsVer":	"7.5",
					"mssFile":	"",
					"md5Digest":	"e4c5b2f9cd398cf8c81b48aff3622b30",
					"compatibleApp":	"empty_application",
					"domType":	"mssDomain",
					"arch":	"32-bit",
					"appSettings":	{
						"appCompilerFlags":	"",
						"appLinkerFlags":	""
					},
					"addedLibs":	[],
					"libOptions":	{
						"libsContainingOptions":	[]
					},
					"prebuiltLibs":	{
						"prebuiltIncPath":	[],
						"prebuiltLibPath":	[]
					},
					"isolation":	{
					}
				}]
		}]
}
LOG::2026-09-16.20:06:31::SCWPlatform::Started generating the artifacts platform zynq_interrupt_system_wrapper_1
TRACE::2026-09-16.20:06:31::SCWPlatform::Sanity checking of platform is completed
LOG::2026-09-16.20:06:31::SCWPlatform::Started generating the artifacts for system configuration zynq_interrupt_system_wrapper_1
LOG::2026-09-16.20:06:31::SCWSystem::Started Processing the domain standalone_ps7_cortexa9_0
TRACE::2026-09-16.20:06:31::SCWDomain::Generating domain artifcats
TRACE::2026-09-16.20:06:31::SCWMssOS::Generating standalone artifcats
TRACE::2026-09-16.20:06:31::SCWMssOS::Copying the qemu file from  /home/software/Xilinx/Vitis/2021.1/data/emulation/platforms/zynq/sw/a9_standalone/qemu/qemu_args.txt To /home/user/Desktop/lab_2/zynq_interrupt_system_wrapper_1/export/zynq_interrupt_system_wrapper_1/sw/zynq_interrupt_system_wrapper_1/qemu/
TRACE::2026-09-16.20:06:31::SCWMssOS::Copying the qemu file from  /home/software/Xilinx/Vitis/2021.1/data/emulation/platforms/zynq/sw/a9_standalone/qemu/qemu_args.txt To /home/user/Desktop/lab_2/zynq_interrupt_system_wrapper_1/export/zynq_interrupt_system_wrapper_1/sw/zynq_interrupt_system_wrapper_1/standalone_ps7_cortexa9_0/qemu/
TRACE::2026-09-16.20:06:31::SCWMssOS:: Copying the user libraries. 
TRACE::2026-09-16.20:06:31::SCWPlatform::Trying to open the hw design at /home/user/Desktop/lab_2/zynq_interrupt_system_wrapper_1/hw/zynq_interrupt_system_wrapper.xsa
TRACE::2026-09-16.20:06:31::SCWPlatform::DSA given /home/user/Desktop/lab_2/zynq_interrupt_system_wrapper_1/hw/zynq_interrupt_system_wrapper.xsa
TRACE::2026-09-16.20:06:31::SCWPlatform::DSA absoulate path /home/user/Desktop/lab_2/zynq_interrupt_system_wrapper_1/hw/zynq_interrupt_system_wrapper.xsa
TRACE::2026-09-16.20:06:31::SCWPlatform::DSA directory /home/user/Desktop/lab_2/zynq_interrupt_system_wrapper_1/hw
TRACE::2026-09-16.20:06:31::SCWPlatform:: Platform Path /home/user/Desktop/lab_2/zynq_interrupt_system_wrapper_1/hw/zynq_interrupt_system_wrapper.xsa
TRACE::2026-09-16.20:06:31::SCWPlatform:: Unique name xilinx:zybo::0.0
TRACE::2026-09-16.20:06:31::SCWPlatform::Trying to set the existing hwdb with name zynq_interrupt_system_wrapper_0
TRACE::2026-09-16.20:06:31::SCWPlatform::Opened existing hwdb zynq_interrupt_system_wrapper_0
TRACE::2026-09-16.20:06:31::SCWPlatform::Found the Hw Db part of the input DSA
TRACE::2026-09-16.20:06:31::SCWMssOS::Checking the sw design at  /home/user/Desktop/lab_2/zynq_interrupt_system_wrapper_1/ps7_cortexa9_0/standalone_ps7_cortexa9_0/bsp/system.mss
TRACE::2026-09-16.20:06:31::SCWMssOS::DEBUG:  swdes dump  /home/user/Desktop/lab_2/zynq_interrupt_system_wrapper_1/ps7_cortexa9_0/standalone_ps7_cortexa9_0/bsp/system.mss|system_0||
/home/user/Desktop/lab_2/zynq_interrupt_system_wrapper_1/zynq_fsbl/zynq_fsbl_bsp/system.mss|system||

TRACE::2026-09-16.20:06:31::SCWMssOS::Sw design exists and opened at  /home/user/Desktop/lab_2/zynq_interrupt_system_wrapper_1/ps7_cortexa9_0/standalone_ps7_cortexa9_0/bsp/system.mss
TRACE::2026-09-16.20:06:31::SCWMssOS::Completed writing the mss file at /home/user/Desktop/lab_2/zynq_interrupt_system_wrapper_1/ps7_cortexa9_0/standalone_ps7_cortexa9_0/bsp
TRACE::2026-09-16.20:06:31::SCWMssOS::Mss edits present, copying mssfile into export location /home/user/Desktop/lab_2/zynq_interrupt_system_wrapper_1/ps7_cortexa9_0/standalone_ps7_cortexa9_0/bsp/system.mss
TRACE::2026-09-16.20:06:31::SCWMssOS::bsp generated is upto date with the mss file. Skipping bsp generation.
TRACE::2026-09-16.20:06:31::SCWMssOS::BSP is already built. skipping the bsp build ... 
TRACE::2026-09-16.20:06:31::SCWDomain::Building the domain as part of full build :  standalone_ps7_cortexa9_0
TRACE::2026-09-16.20:06:31::SCWMssOS::skipping the bsp build ... 
TRACE::2026-09-16.20:06:31::SCWMssOS::Copying to export directory.
TRACE::2026-09-16.20:06:31::SCWMssOS:: Checking if to create the Supporting Applications
TRACE::2026-09-16.20:06:31::SCWMssOS:: No Linux domain exists, trying to generate FSBL 
TRACE::2026-09-16.20:06:31::SCWMssOS:: Completed Standalone Artifacts creation 
LOG::2026-09-16.20:06:31::SCWSystem::Completed Processing the domain standalone_ps7_cortexa9_0
LOG::2026-09-16.20:06:31::SCWSystem::Completed Processing the sysconfig zynq_interrupt_system_wrapper_1
LOG::2026-09-16.20:06:31::SCWPlatform::Completed generating the artifacts for system configuration zynq_interrupt_system_wrapper_1
TRACE::2026-09-16.20:06:31::SCWPlatform::Started preparing the platform 
TRACE::2026-09-16.20:06:31::SCWSystem::Writing the bif file for system config zynq_interrupt_system_wrapper_1
TRACE::2026-09-16.20:06:31::SCWSystem::dir created 
TRACE::2026-09-16.20:06:31::SCWSystem::Writing the bif 
TRACE::2026-09-16.20:06:31::SCWPlatform::Started writing the spfm file 
TRACE::2026-09-16.20:06:31::SCWPlatform::Started writing the xpfm file 
TRACE::2026-09-16.20:06:31::SCWPlatform::Completed generating the platform
TRACE::2026-09-16.20:06:31::SCWMssOS::Saving the mss changes /home/user/Desktop/lab_2/zynq_interrupt_system_wrapper_1/zynq_fsbl/zynq_fsbl_bsp/system.mss
TRACE::2026-09-16.20:06:31::SCWMssOS::Found a swdesign opened with the mssfile.
TRACE::2026-09-16.20:06:31::SCWMssOS::Completed writemss as part of save.
TRACE::2026-09-16.20:06:31::SCWMssOS::Commit changes completed.
TRACE::2026-09-16.20:06:31::SCWMssOS::Saving the mss changes /home/user/Desktop/lab_2/zynq_interrupt_system_wrapper_1/ps7_cortexa9_0/standalone_ps7_cortexa9_0/bsp/system.mss
TRACE::2026-09-16.20:06:31::SCWMssOS::Found a swdesign opened with the mssfile.
TRACE::2026-09-16.20:06:31::SCWMssOS::Completed writemss as part of save.
TRACE::2026-09-16.20:06:31::SCWMssOS::Commit changes completed.
TRACE::2026-09-16.20:06:31::SCWPlatform::Trying to open the hw design at /home/user/Desktop/lab_2/zynq_interrupt_system_wrapper_1/hw/zynq_interrupt_system_wrapper.xsa
TRACE::2026-09-16.20:06:31::SCWPlatform::DSA given /home/user/Desktop/lab_2/zynq_interrupt_system_wrapper_1/hw/zynq_interrupt_system_wrapper.xsa
TRACE::2026-09-16.20:06:31::SCWPlatform::DSA absoulate path /home/user/Desktop/lab_2/zynq_interrupt_system_wrapper_1/hw/zynq_interrupt_system_wrapper.xsa
TRACE::2026-09-16.20:06:31::SCWPlatform::DSA directory /home/user/Desktop/lab_2/zynq_interrupt_system_wrapper_1/hw
TRACE::2026-09-16.20:06:31::SCWPlatform:: Platform Path /home/user/Desktop/lab_2/zynq_interrupt_system_wrapper_1/hw/zynq_interrupt_system_wrapper.xsa
TRACE::2026-09-16.20:06:31::SCWPlatform:: Unique name xilinx:zybo::0.0
TRACE::2026-09-16.20:06:31::SCWPlatform::Trying to set the existing hwdb with name zynq_interrupt_system_wrapper_0
TRACE::2026-09-16.20:06:31::SCWPlatform::Opened existing hwdb zynq_interrupt_system_wrapper_0
TRACE::2026-09-16.20:06:31::SCWPlatform::Found the Hw Db part of the input DSA
TRACE::2026-09-16.20:06:31::SCWMssOS::Checking the sw design at  /home/user/Desktop/lab_2/zynq_interrupt_system_wrapper_1/zynq_fsbl/zynq_fsbl_bsp/system.mss
TRACE::2026-09-16.20:06:31::SCWMssOS::DEBUG:  swdes dump  /home/user/Desktop/lab_2/zynq_interrupt_system_wrapper_1/ps7_cortexa9_0/standalone_ps7_cortexa9_0/bsp/system.mss|system_0||
/home/user/Desktop/lab_2/zynq_interrupt_system_wrapper_1/zynq_fsbl/zynq_fsbl_bsp/system.mss|system||

TRACE::2026-09-16.20:06:31::SCWMssOS::Sw design exists and opened at  /home/user/Desktop/lab_2/zynq_interrupt_system_wrapper_1/zynq_fsbl/zynq_fsbl_bsp/system.mss
TRACE::2026-09-16.20:06:31::SCWPlatform::Trying to open the hw design at /home/user/Desktop/lab_2/zynq_interrupt_system_wrapper_1/hw/zynq_interrupt_system_wrapper.xsa
TRACE::2026-09-16.20:06:31::SCWPlatform::DSA given /home/user/Desktop/lab_2/zynq_interrupt_system_wrapper_1/hw/zynq_interrupt_system_wrapper.xsa
TRACE::2026-09-16.20:06:31::SCWPlatform::DSA absoulate path /home/user/Desktop/lab_2/zynq_interrupt_system_wrapper_1/hw/zynq_interrupt_system_wrapper.xsa
TRACE::2026-09-16.20:06:31::SCWPlatform::DSA directory /home/user/Desktop/lab_2/zynq_interrupt_system_wrapper_1/hw
TRACE::2026-09-16.20:06:31::SCWPlatform:: Platform Path /home/user/Desktop/lab_2/zynq_interrupt_system_wrapper_1/hw/zynq_interrupt_system_wrapper.xsa
TRACE::2026-09-16.20:06:31::SCWPlatform:: Unique name xilinx:zybo::0.0
TRACE::2026-09-16.20:06:31::SCWPlatform::Trying to set the existing hwdb with name zynq_interrupt_system_wrapper_0
TRACE::2026-09-16.20:06:31::SCWPlatform::Opened existing hwdb zynq_interrupt_system_wrapper_0
TRACE::2026-09-16.20:06:31::SCWPlatform::Found the Hw Db part of the input DSA
TRACE::2026-09-16.20:06:31::SCWMssOS::Checking the sw design at  /home/user/Desktop/lab_2/zynq_interrupt_system_wrapper_1/zynq_fsbl/zynq_fsbl_bsp/system.mss
TRACE::2026-09-16.20:06:31::SCWMssOS::DEBUG:  swdes dump  /home/user/Desktop/lab_2/zynq_interrupt_system_wrapper_1/ps7_cortexa9_0/standalone_ps7_cortexa9_0/bsp/system.mss|system_0||
/home/user/Desktop/lab_2/zynq_interrupt_system_wrapper_1/zynq_fsbl/zynq_fsbl_bsp/system.mss|system||

TRACE::2026-09-16.20:06:31::SCWMssOS::Sw design exists and opened at  /home/user/Desktop/lab_2/zynq_interrupt_system_wrapper_1/zynq_fsbl/zynq_fsbl_bsp/system.mss
TRACE::2026-09-16.20:06:31::SCWPlatform::Trying to open the hw design at /home/user/Desktop/lab_2/zynq_interrupt_system_wrapper_1/hw/zynq_interrupt_system_wrapper.xsa
TRACE::2026-09-16.20:06:31::SCWPlatform::DSA given /home/user/Desktop/lab_2/zynq_interrupt_system_wrapper_1/hw/zynq_interrupt_system_wrapper.xsa
TRACE::2026-09-16.20:06:31::SCWPlatform::DSA absoulate path /home/user/Desktop/lab_2/zynq_interrupt_system_wrapper_1/hw/zynq_interrupt_system_wrapper.xsa
TRACE::2026-09-16.20:06:31::SCWPlatform::DSA directory /home/user/Desktop/lab_2/zynq_interrupt_system_wrapper_1/hw
TRACE::2026-09-16.20:06:31::SCWPlatform:: Platform Path /home/user/Desktop/lab_2/zynq_interrupt_system_wrapper_1/hw/zynq_interrupt_system_wrapper.xsa
TRACE::2026-09-16.20:06:31::SCWPlatform:: Unique name xilinx:zybo::0.0
TRACE::2026-09-16.20:06:31::SCWPlatform::Trying to set the existing hwdb with name zynq_interrupt_system_wrapper_0
TRACE::2026-09-16.20:06:31::SCWPlatform::Opened existing hwdb zynq_interrupt_system_wrapper_0
TRACE::2026-09-16.20:06:31::SCWPlatform::Found the Hw Db part of the input DSA
TRACE::2026-09-16.20:06:31::SCWMssOS::Checking the sw design at  /home/user/Desktop/lab_2/zynq_interrupt_system_wrapper_1/zynq_fsbl/zynq_fsbl_bsp/system.mss
TRACE::2026-09-16.20:06:31::SCWMssOS::DEBUG:  swdes dump  /home/user/Desktop/lab_2/zynq_interrupt_system_wrapper_1/ps7_cortexa9_0/standalone_ps7_cortexa9_0/bsp/system.mss|system_0||
/home/user/Desktop/lab_2/zynq_interrupt_system_wrapper_1/zynq_fsbl/zynq_fsbl_bsp/system.mss|system||

TRACE::2026-09-16.20:06:31::SCWMssOS::Sw design exists and opened at  /home/user/Desktop/lab_2/zynq_interrupt_system_wrapper_1/zynq_fsbl/zynq_fsbl_bsp/system.mss
TRACE::2026-09-16.20:06:31::SCWPlatform::Trying to open the hw design at /home/user/Desktop/lab_2/zynq_interrupt_system_wrapper_1/hw/zynq_interrupt_system_wrapper.xsa
TRACE::2026-09-16.20:06:31::SCWPlatform::DSA given /home/user/Desktop/lab_2/zynq_interrupt_system_wrapper_1/hw/zynq_interrupt_system_wrapper.xsa
TRACE::2026-09-16.20:06:31::SCWPlatform::DSA absoulate path /home/user/Desktop/lab_2/zynq_interrupt_system_wrapper_1/hw/zynq_interrupt_system_wrapper.xsa
TRACE::2026-09-16.20:06:31::SCWPlatform::DSA directory /home/user/Desktop/lab_2/zynq_interrupt_system_wrapper_1/hw
TRACE::2026-09-16.20:06:31::SCWPlatform:: Platform Path /home/user/Desktop/lab_2/zynq_interrupt_system_wrapper_1/hw/zynq_interrupt_system_wrapper.xsa
TRACE::2026-09-16.20:06:31::SCWPlatform:: Unique name xilinx:zybo::0.0
TRACE::2026-09-16.20:06:31::SCWPlatform::Trying to set the existing hwdb with name zynq_interrupt_system_wrapper_0
TRACE::2026-09-16.20:06:31::SCWPlatform::Opened existing hwdb zynq_interrupt_system_wrapper_0
TRACE::2026-09-16.20:06:31::SCWPlatform::Found the Hw Db part of the input DSA
TRACE::2026-09-16.20:06:31::SCWMssOS::Checking the sw design at  /home/user/Desktop/lab_2/zynq_interrupt_system_wrapper_1/ps7_cortexa9_0/standalone_ps7_cortexa9_0/bsp/system.mss
TRACE::2026-09-16.20:06:31::SCWMssOS::DEBUG:  swdes dump  /home/user/Desktop/lab_2/zynq_interrupt_system_wrapper_1/ps7_cortexa9_0/standalone_ps7_cortexa9_0/bsp/system.mss|system_0||
/home/user/Desktop/lab_2/zynq_interrupt_system_wrapper_1/zynq_fsbl/zynq_fsbl_bsp/system.mss|system||

TRACE::2026-09-16.20:06:31::SCWMssOS::Sw design exists and opened at  /home/user/Desktop/lab_2/zynq_interrupt_system_wrapper_1/ps7_cortexa9_0/standalone_ps7_cortexa9_0/bsp/system.mss
TRACE::2026-09-16.20:06:31::SCWPlatform::Trying to open the hw design at /home/user/Desktop/lab_2/zynq_interrupt_system_wrapper_1/hw/zynq_interrupt_system_wrapper.xsa
TRACE::2026-09-16.20:06:31::SCWPlatform::DSA given /home/user/Desktop/lab_2/zynq_interrupt_system_wrapper_1/hw/zynq_interrupt_system_wrapper.xsa
TRACE::2026-09-16.20:06:31::SCWPlatform::DSA absoulate path /home/user/Desktop/lab_2/zynq_interrupt_system_wrapper_1/hw/zynq_interrupt_system_wrapper.xsa
TRACE::2026-09-16.20:06:31::SCWPlatform::DSA directory /home/user/Desktop/lab_2/zynq_interrupt_system_wrapper_1/hw
TRACE::2026-09-16.20:06:31::SCWPlatform:: Platform Path /home/user/Desktop/lab_2/zynq_interrupt_system_wrapper_1/hw/zynq_interrupt_system_wrapper.xsa
TRACE::2026-09-16.20:06:31::SCWPlatform:: Unique name xilinx:zybo::0.0
TRACE::2026-09-16.20:06:31::SCWPlatform::Trying to set the existing hwdb with name zynq_interrupt_system_wrapper_0
TRACE::2026-09-16.20:06:31::SCWPlatform::Opened existing hwdb zynq_interrupt_system_wrapper_0
TRACE::2026-09-16.20:06:31::SCWPlatform::Found the Hw Db part of the input DSA
TRACE::2026-09-16.20:06:31::SCWMssOS::Checking the sw design at  /home/user/Desktop/lab_2/zynq_interrupt_system_wrapper_1/ps7_cortexa9_0/standalone_ps7_cortexa9_0/bsp/system.mss
TRACE::2026-09-16.20:06:31::SCWMssOS::DEBUG:  swdes dump  /home/user/Desktop/lab_2/zynq_interrupt_system_wrapper_1/ps7_cortexa9_0/standalone_ps7_cortexa9_0/bsp/system.mss|system_0||
/home/user/Desktop/lab_2/zynq_interrupt_system_wrapper_1/zynq_fsbl/zynq_fsbl_bsp/system.mss|system||

TRACE::2026-09-16.20:06:31::SCWMssOS::Sw design exists and opened at  /home/user/Desktop/lab_2/zynq_interrupt_system_wrapper_1/ps7_cortexa9_0/standalone_ps7_cortexa9_0/bsp/system.mss
TRACE::2026-09-16.20:06:31::SCWPlatform::Trying to open the hw design at /home/user/Desktop/lab_2/zynq_interrupt_system_wrapper_1/hw/zynq_interrupt_system_wrapper.xsa
TRACE::2026-09-16.20:06:31::SCWPlatform::DSA given /home/user/Desktop/lab_2/zynq_interrupt_system_wrapper_1/hw/zynq_interrupt_system_wrapper.xsa
TRACE::2026-09-16.20:06:31::SCWPlatform::DSA absoulate path /home/user/Desktop/lab_2/zynq_interrupt_system_wrapper_1/hw/zynq_interrupt_system_wrapper.xsa
TRACE::2026-09-16.20:06:31::SCWPlatform::DSA directory /home/user/Desktop/lab_2/zynq_interrupt_system_wrapper_1/hw
TRACE::2026-09-16.20:06:31::SCWPlatform:: Platform Path /home/user/Desktop/lab_2/zynq_interrupt_system_wrapper_1/hw/zynq_interrupt_system_wrapper.xsa
TRACE::2026-09-16.20:06:31::SCWPlatform:: Unique name xilinx:zybo::0.0
TRACE::2026-09-16.20:06:31::SCWPlatform::Trying to set the existing hwdb with name zynq_interrupt_system_wrapper_0
TRACE::2026-09-16.20:06:31::SCWPlatform::Opened existing hwdb zynq_interrupt_system_wrapper_0
TRACE::2026-09-16.20:06:31::SCWPlatform::Found the Hw Db part of the input DSA
TRACE::2026-09-16.20:06:31::SCWMssOS::Checking the sw design at  /home/user/Desktop/lab_2/zynq_interrupt_system_wrapper_1/ps7_cortexa9_0/standalone_ps7_cortexa9_0/bsp/system.mss
TRACE::2026-09-16.20:06:31::SCWMssOS::DEBUG:  swdes dump  /home/user/Desktop/lab_2/zynq_interrupt_system_wrapper_1/ps7_cortexa9_0/standalone_ps7_cortexa9_0/bsp/system.mss|system_0||
/home/user/Desktop/lab_2/zynq_interrupt_system_wrapper_1/zynq_fsbl/zynq_fsbl_bsp/system.mss|system||

TRACE::2026-09-16.20:06:31::SCWMssOS::Sw design exists and opened at  /home/user/Desktop/lab_2/zynq_interrupt_system_wrapper_1/ps7_cortexa9_0/standalone_ps7_cortexa9_0/bsp/system.mss
TRACE::2026-09-16.20:06:31::SCWWriter::formatted JSON is {
	"platformName":	"zynq_interrupt_system_wrapper_1",
	"sprVersion":	"2.0",
	"mode":	"gui",
	"dsaType":	"Fixed",
	"platformDesc":	"zynq_interrupt_system_wrapper_1",
	"platHandOff":	"/home/user/Desktop/lab_2/zynq_interrupt_system_wrapper.xsa",
	"platIntHandOff":	"<platformDir>/hw/zynq_interrupt_system_wrapper.xsa",
	"deviceType":	"zynq",
	"platIsPrebuiltAutogen":	"false",
	"platIsNoBootBsp":	"false",
	"platFsblTarget":	"ps7_cortexa9_0",
	"hasFsblMakeHasChanges":	"false",
	"hasPmufwMakeHasChanges":	"false",
	"fsblExtraCompilerFlags":	"-MMD -MP       -mcpu=cortex-a9 -mfpu=vfpv3 -mfloat-abi=hard ",
	"platPreBuiltFlag":	false,
	"platformSamplesDir":	"",
	"platActiveSys":	"zynq_interrupt_system_wrapper_1",
	"systems":	[{
			"systemName":	"zynq_interrupt_system_wrapper_1",
			"systemDesc":	"zynq_interrupt_system_wrapper_1",
			"sysIsBootAutoGen":	"true",
			"systemDispName":	"zynq_interrupt_system_wrapper_1",
			"sysActiveDom":	"standalone_ps7_cortexa9_0",
			"sysDefaultDom":	"standalone_ps7_cortexa9_0",
			"domains":	[{
					"domainName":	"zynq_fsbl",
					"domainDispName":	"zynq_fsbl",
					"domainDesc":	"FSBL Application BSP - Auto Generated.",
					"processors":	"ps7_cortexa9_0",
					"os":	"standalone",
					"sdxOs":	"standalone",
					"debugEnable":	"",
					"domRuntimes":	["cpp"],
					"swRepo":	"",
					"mssOsVer":	"7.5",
					"mssFile":	"",
					"md5Digest":	"209d6088c399e688016b2da3be5293e4",
					"compatibleApp":	"zynq_fsbl",
					"domType":	"bootDomain",
					"arch":	"32-bit",
					"appSettings":	{
						"appCompilerFlags":	"",
						"appLinkerFlags":	""
					},
					"addedLibs":	["xilffs:4.5", "xilrsa:1.6"],
					"libOptions":	{
						"libsContainingOptions":	[]
					},
					"prebuiltLibs":	{
						"prebuiltIncPath":	[],
						"prebuiltLibPath":	[]
					},
					"isolation":	{
					}
				}, {
					"domainName":	"standalone_ps7_cortexa9_0",
					"domainDispName":	"standalone_ps7_cortexa9_0",
					"domainDesc":	"standalone_ps7_cortexa9_0",
					"processors":	"ps7_cortexa9_0",
					"os":	"standalone",
					"sdxOs":	"standalone",
					"qemuArgs":	"/home/software/Xilinx/Vitis/2021.1/data/emulation/platforms/zynq/sw/a9_standalone/qemu/qemu_args.txt",
					"qemuData":	"/home/software/Xilinx/Vitis/2021.1/data/emulation/platforms/zynq/sw/a9_standalone/qemu/",
					"debugEnable":	"False",
					"domRuntimes":	["cpp"],
					"swRepo":	"",
					"mssOsVer":	"7.5",
					"mssFile":	"",
					"md5Digest":	"e4c5b2f9cd398cf8c81b48aff3622b30",
					"compatibleApp":	"empty_application",
					"domType":	"mssDomain",
					"arch":	"32-bit",
					"appSettings":	{
						"appCompilerFlags":	"",
						"appLinkerFlags":	""
					},
					"addedLibs":	[],
					"libOptions":	{
						"libsContainingOptions":	[]
					},
					"prebuiltLibs":	{
						"prebuiltIncPath":	[],
						"prebuiltLibPath":	[]
					},
					"isolation":	{
					}
				}]
		}]
}
KEYINFO::2026-09-16.20:06:31::SCWPlatform::updated the xpfm file.
TRACE::2026-09-16.20:07:23::SCWBDomain::System Command Ran  cd  /home/user/Desktop/lab_2/zynq_interrupt_system_wrapper_1/zynq_fsbl ; bash -c "make  clean" 
TRACE::2026-09-16.20:07:23::SCWBDomain::rm -rf  pcap.o  ps7_init.o  qspi.o  rsa.o  main.o  md5.o  image_mover.o  nor.o  nand.o  fsbl_hooks.o  sd.o  fsbl_handoff.o  zyn
TRACE::2026-09-16.20:07:23::SCWBDomain::q_fsbl_bsp/ps7_cortexa9_0/lib/libxil.a fsbl.elf *.o

TRACE::2026-09-16.20:07:23::SCWBDomain::System Command Ran  cd  /home/user/Desktop/lab_2/zynq_interrupt_system_wrapper_1/zynq_fsbl/zynq_fsbl_bsp ; bash -c "make  clean" 
TRACE::2026-09-16.20:07:23::SCWBDomain::make -C ps7_cortexa9_0/libsrc/gpiops_v3_9/src -s clean 

TRACE::2026-09-16.20:07:23::SCWBDomain::make -C ps7_cortexa9_0/libsrc/scugic_v4_5/src -s clean 

TRACE::2026-09-16.20:07:23::SCWBDomain::make -C ps7_cortexa9_0/libsrc/xilffs_v4_5/src -s clean 

TRACE::2026-09-16.20:07:23::SCWBDomain::make -C ps7_cortexa9_0/libsrc/scuwdt_v2_4/src -s clean 

TRACE::2026-09-16.20:07:23::SCWBDomain::make -C ps7_cortexa9_0/libsrc/devcfg_v3_7/src -s clean 

TRACE::2026-09-16.20:07:23::SCWBDomain::make -C ps7_cortexa9_0/libsrc/standalone_v7_5/src -s clean 

TRACE::2026-09-16.20:07:23::SCWBDomain::make -C ps7_cortexa9_0/libsrc/xilrsa_v1_6/src -s clean 

TRACE::2026-09-16.20:07:23::SCWBDomain::make -C ps7_cortexa9_0/libsrc/uartps_v3_11/src -s clean 

TRACE::2026-09-16.20:07:23::SCWBDomain::make -C ps7_cortexa9_0/libsrc/gpio_v4_8/src -s clean 

TRACE::2026-09-16.20:07:23::SCWBDomain::make -C ps7_cortexa9_0/libsrc/sdps_v3_12/src -s clean 

TRACE::2026-09-16.20:07:23::SCWBDomain::make -C ps7_cortexa9_0/libsrc/emacps_v3_14/src -s clean 

TRACE::2026-09-16.20:07:23::SCWBDomain::make -C ps7_cortexa9_0/libsrc/ttcps_v3_14/src -s clean 

TRACE::2026-09-16.20:07:23::SCWBDomain::make -C ps7_cortexa9_0/libsrc/usbps_v2_7/src -s clean 

TRACE::2026-09-16.20:07:23::SCWBDomain::make -C ps7_cortexa9_0/libsrc/coresightps_dcc_v1_8/src -s clean 

TRACE::2026-09-16.20:07:23::SCWBDomain::make -C ps7_cortexa9_0/libsrc/ddrps_v1_2/src -s clean 

TRACE::2026-09-16.20:07:23::SCWBDomain::make -C ps7_cortexa9_0/libsrc/tmrctr_v4_8/src -s clean 

TRACE::2026-09-16.20:07:23::SCWBDomain::make -C ps7_cortexa9_0/libsrc/xadcps_v2_6/src -s clean 

TRACE::2026-09-16.20:07:23::SCWBDomain::make -C ps7_cortexa9_0/libsrc/cpu_cortexa9_v2_11/src -s clean 

TRACE::2026-09-16.20:07:23::SCWBDomain::make -C ps7_cortexa9_0/libsrc/qspips_v3_9/src -s clean 

TRACE::2026-09-16.20:07:23::SCWBDomain::make -C ps7_cortexa9_0/libsrc/dmaps_v2_8/src -s clean 

TRACE::2026-09-16.20:07:23::SCWBDomain::make -C ps7_cortexa9_0/libsrc/scutimer_v2_3/src -s clean 

TRACE::2026-09-16.20:07:23::SCWBDomain::rm -f ps7_cortexa9_0/lib/libxil.a

TRACE::2026-09-16.20:07:23::SCWMssOS::cleaning the bsp 
TRACE::2026-09-16.20:07:23::SCWMssOS::System Command Ran  cd  /home/user/Desktop/lab_2/zynq_interrupt_system_wrapper_1/ps7_cortexa9_0/standalone_ps7_cortexa9_0/bsp ; bash -c "make  clean " 
TRACE::2026-09-16.20:07:23::SCWMssOS::make -C ps7_cortexa9_0/libsrc/gpiops_v3_9/src -s clean 

TRACE::2026-09-16.20:07:23::SCWMssOS::make -C ps7_cortexa9_0/libsrc/scugic_v4_5/src -s clean 

TRACE::2026-09-16.20:07:23::SCWMssOS::make -C ps7_cortexa9_0/libsrc/scuwdt_v2_4/src -s clean 

TRACE::2026-09-16.20:07:23::SCWMssOS::make -C ps7_cortexa9_0/libsrc/devcfg_v3_7/src -s clean 

TRACE::2026-09-16.20:07:23::SCWMssOS::make -C ps7_cortexa9_0/libsrc/standalone_v7_5/src -s clean 

TRACE::2026-09-16.20:07:23::SCWMssOS::make -C ps7_cortexa9_0/libsrc/uartps_v3_11/src -s clean 

TRACE::2026-09-16.20:07:23::SCWMssOS::make -C ps7_cortexa9_0/libsrc/gpio_v4_8/src -s clean 

TRACE::2026-09-16.20:07:23::SCWMssOS::make -C ps7_cortexa9_0/libsrc/ddrps_v1_2/src -s clean 

TRACE::2026-09-16.20:07:23::SCWMssOS::make -C ps7_cortexa9_0/libsrc/sdps_v3_12/src -s clean 

TRACE::2026-09-16.20:07:23::SCWMssOS::make -C ps7_cortexa9_0/libsrc/emacps_v3_14/src -s clean 

TRACE::2026-09-16.20:07:23::SCWMssOS::make -C ps7_cortexa9_0/libsrc/ttcps_v3_14/src -s clean 

TRACE::2026-09-16.20:07:23::SCWMssOS::make -C ps7_cortexa9_0/libsrc/usbps_v2_7/src -s clean 

TRACE::2026-09-16.20:07:23::SCWMssOS::make -C ps7_cortexa9_0/libsrc/coresightps_dcc_v1_8/src -s clean 

TRACE::2026-09-16.20:07:23::SCWMssOS::make -C ps7_cortexa9_0/libsrc/tmrctr_v4_8/src -s clean 

TRACE::2026-09-16.20:07:23::SCWMssOS::make -C ps7_cortexa9_0/libsrc/xadcps_v2_6/src -s clean 

TRACE::2026-09-16.20:07:23::SCWMssOS::make -C ps7_cortexa9_0/libsrc/cpu_cortexa9_v2_11/src -s clean 

TRACE::2026-09-16.20:07:23::SCWMssOS::make -C ps7_cortexa9_0/libsrc/qspips_v3_9/src -s clean 

TRACE::2026-09-16.20:07:23::SCWMssOS::make -C ps7_cortexa9_0/libsrc/dmaps_v2_8/src -s clean 

TRACE::2026-09-16.20:07:23::SCWMssOS::make -C ps7_cortexa9_0/libsrc/scutimer_v2_3/src -s clean 

TRACE::2026-09-16.20:07:23::SCWMssOS::rm -f ps7_cortexa9_0/lib/libxil.a

LOG::2026-09-16.20:07:39::SCWPlatform::Started generating the artifacts platform zynq_interrupt_system_wrapper_1
TRACE::2026-09-16.20:07:39::SCWPlatform::Sanity checking of platform is completed
LOG::2026-09-16.20:07:39::SCWPlatform::Started generating the artifacts for system configuration zynq_interrupt_system_wrapper_1
LOG::2026-09-16.20:07:39::SCWSystem::Checking the domain zynq_fsbl
LOG::2026-09-16.20:07:39::SCWSystem::Doing application build for :  zynq_fsbl
TRACE::2026-09-16.20:07:39::SCWBDomain::Not a forced makefile updation, No changes are present. 
TRACE::2026-09-16.20:07:39::SCWDomain::Building the domain as part of full build :  zynq_fsbl
TRACE::2026-09-16.20:07:39::SCWPlatform::Trying to open the hw design at /home/user/Desktop/lab_2/zynq_interrupt_system_wrapper_1/hw/zynq_interrupt_system_wrapper.xsa
TRACE::2026-09-16.20:07:39::SCWPlatform::DSA given /home/user/Desktop/lab_2/zynq_interrupt_system_wrapper_1/hw/zynq_interrupt_system_wrapper.xsa
TRACE::2026-09-16.20:07:39::SCWPlatform::DSA absoulate path /home/user/Desktop/lab_2/zynq_interrupt_system_wrapper_1/hw/zynq_interrupt_system_wrapper.xsa
TRACE::2026-09-16.20:07:39::SCWPlatform::DSA directory /home/user/Desktop/lab_2/zynq_interrupt_system_wrapper_1/hw
TRACE::2026-09-16.20:07:39::SCWPlatform:: Platform Path /home/user/Desktop/lab_2/zynq_interrupt_system_wrapper_1/hw/zynq_interrupt_system_wrapper.xsa
TRACE::2026-09-16.20:07:39::SCWPlatform:: Unique name xilinx:zybo::0.0
TRACE::2026-09-16.20:07:39::SCWPlatform::Trying to set the existing hwdb with name zynq_interrupt_system_wrapper_0
TRACE::2026-09-16.20:07:39::SCWPlatform::Opened existing hwdb zynq_interrupt_system_wrapper_0
TRACE::2026-09-16.20:07:39::SCWPlatform::Found the Hw Db part of the input DSA
TRACE::2026-09-16.20:07:39::SCWMssOS::Checking the sw design at  /home/user/Desktop/lab_2/zynq_interrupt_system_wrapper_1/zynq_fsbl/zynq_fsbl_bsp/system.mss
TRACE::2026-09-16.20:07:39::SCWMssOS::DEBUG:  swdes dump  /home/user/Desktop/lab_2/zynq_interrupt_system_wrapper_1/ps7_cortexa9_0/standalone_ps7_cortexa9_0/bsp/system.mss|system_0||
/home/user/Desktop/lab_2/zynq_interrupt_system_wrapper_1/zynq_fsbl/zynq_fsbl_bsp/system.mss|system||

TRACE::2026-09-16.20:07:39::SCWMssOS::Sw design exists and opened at  /home/user/Desktop/lab_2/zynq_interrupt_system_wrapper_1/zynq_fsbl/zynq_fsbl_bsp/system.mss
TRACE::2026-09-16.20:07:39::SCWBDomain::Completed writing the mss file at /home/user/Desktop/lab_2/zynq_interrupt_system_wrapper_1/zynq_fsbl/zynq_fsbl_bsp
TRACE::2026-09-16.20:07:39::SCWBDomain::bsp generated is upto date with the mss file. Skipping bsp generation.
TRACE::2026-09-16.20:07:39::SCWBDomain::Not a forced makefile updation, No changes are present. 
TRACE::2026-09-16.20:07:39::SCWBDomain::System Command Ran  cd  /home/user/Desktop/lab_2/zynq_interrupt_system_wrapper_1/zynq_fsbl ; bash -c " make -C zynq_fsbl_bsp ; make  " 
TRACE::2026-09-16.20:07:39::SCWBDomain::make: Entering directory '/home/user/Desktop/lab_2/zynq_interrupt_system_wrapper_1/zynq_fsbl/zynq_fsbl_bsp'

TRACE::2026-09-16.20:07:39::SCWBDomain::make --no-print-directory seq_libs

TRACE::2026-09-16.20:07:39::SCWBDomain::Running Make include in ps7_cortexa9_0/libsrc/gpiops_v3_9/src

TRACE::2026-09-16.20:07:39::SCWBDomain::make -C ps7_cortexa9_0/libsrc/gpiops_v3_9/src -s include  "SHELL=/bin/sh" "COMPILER=arm-none-eabi-gcc" "ASSEMBLER=arm-none-eabi
TRACE::2026-09-16.20:07:39::SCWBDomain::-as" "ARCHIVER=arm-none-eabi-ar" "COMPILER_FLAGS=  -O2 -c" "EXTRA_COMPILER_FLAGS=-mcpu=cortex-a9 -mfpu=vfpv3 -mfloat-abi=hard -
TRACE::2026-09-16.20:07:39::SCWBDomain::nostartfiles -g -Wall -Wextra -fno-tree-loop-distribute-patterns"

TRACE::2026-09-16.20:07:39::SCWBDomain::Running Make include in ps7_cortexa9_0/libsrc/scugic_v4_5/src

TRACE::2026-09-16.20:07:39::SCWBDomain::make -C ps7_cortexa9_0/libsrc/scugic_v4_5/src -s include  "SHELL=/bin/sh" "COMPILER=arm-none-eabi-gcc" "ASSEMBLER=arm-none-eabi
TRACE::2026-09-16.20:07:39::SCWBDomain::-as" "ARCHIVER=arm-none-eabi-ar" "COMPILER_FLAGS=  -O2 -c" "EXTRA_COMPILER_FLAGS=-mcpu=cortex-a9 -mfpu=vfpv3 -mfloat-abi=hard -
TRACE::2026-09-16.20:07:39::SCWBDomain::nostartfiles -g -Wall -Wextra -fno-tree-loop-distribute-patterns"

TRACE::2026-09-16.20:07:39::SCWBDomain::Running Make include in ps7_cortexa9_0/libsrc/xilffs_v4_5/src

TRACE::2026-09-16.20:07:39::SCWBDomain::make -C ps7_cortexa9_0/libsrc/xilffs_v4_5/src -s include  "SHELL=/bin/sh" "COMPILER=arm-none-eabi-gcc" "ASSEMBLER=arm-none-eabi
TRACE::2026-09-16.20:07:39::SCWBDomain::-as" "ARCHIVER=arm-none-eabi-ar" "COMPILER_FLAGS=  -O2 -c" "EXTRA_COMPILER_FLAGS=-mcpu=cortex-a9 -mfpu=vfpv3 -mfloat-abi=hard -
TRACE::2026-09-16.20:07:39::SCWBDomain::nostartfiles -g -Wall -Wextra -fno-tree-loop-distribute-patterns"

TRACE::2026-09-16.20:07:39::SCWBDomain::Running Make include in ps7_cortexa9_0/libsrc/scuwdt_v2_4/src

TRACE::2026-09-16.20:07:39::SCWBDomain::make -C ps7_cortexa9_0/libsrc/scuwdt_v2_4/src -s include  "SHELL=/bin/sh" "COMPILER=arm-none-eabi-gcc" "ASSEMBLER=arm-none-eabi
TRACE::2026-09-16.20:07:39::SCWBDomain::-as" "ARCHIVER=arm-none-eabi-ar" "COMPILER_FLAGS=  -O2 -c" "EXTRA_COMPILER_FLAGS=-mcpu=cortex-a9 -mfpu=vfpv3 -mfloat-abi=hard -
TRACE::2026-09-16.20:07:39::SCWBDomain::nostartfiles -g -Wall -Wextra -fno-tree-loop-distribute-patterns"

TRACE::2026-09-16.20:07:39::SCWBDomain::Running Make include in ps7_cortexa9_0/libsrc/devcfg_v3_7/src

TRACE::2026-09-16.20:07:39::SCWBDomain::make -C ps7_cortexa9_0/libsrc/devcfg_v3_7/src -s include  "SHELL=/bin/sh" "COMPILER=arm-none-eabi-gcc" "ASSEMBLER=arm-none-eabi
TRACE::2026-09-16.20:07:39::SCWBDomain::-as" "ARCHIVER=arm-none-eabi-ar" "COMPILER_FLAGS=  -O2 -c" "EXTRA_COMPILER_FLAGS=-mcpu=cortex-a9 -mfpu=vfpv3 -mfloat-abi=hard -
TRACE::2026-09-16.20:07:39::SCWBDomain::nostartfiles -g -Wall -Wextra -fno-tree-loop-distribute-patterns"

TRACE::2026-09-16.20:07:39::SCWBDomain::Running Make include in ps7_cortexa9_0/libsrc/standalone_v7_5/src

TRACE::2026-09-16.20:07:39::SCWBDomain::make -C ps7_cortexa9_0/libsrc/standalone_v7_5/src -s include  "SHELL=/bin/sh" "COMPILER=arm-none-eabi-gcc" "ASSEMBLER=arm-none-
TRACE::2026-09-16.20:07:39::SCWBDomain::eabi-as" "ARCHIVER=arm-none-eabi-ar" "COMPILER_FLAGS=  -O2 -c" "EXTRA_COMPILER_FLAGS=-mcpu=cortex-a9 -mfpu=vfpv3 -mfloat-abi=ha
TRACE::2026-09-16.20:07:39::SCWBDomain::rd -nostartfiles -g -Wall -Wextra -fno-tree-loop-distribute-patterns"

TRACE::2026-09-16.20:07:39::SCWBDomain::Running Make include in ps7_cortexa9_0/libsrc/xilrsa_v1_6/src

TRACE::2026-09-16.20:07:39::SCWBDomain::make -C ps7_cortexa9_0/libsrc/xilrsa_v1_6/src -s include  "SHELL=/bin/sh" "COMPILER=arm-none-eabi-gcc" "ASSEMBLER=arm-none-eabi
TRACE::2026-09-16.20:07:39::SCWBDomain::-as" "ARCHIVER=arm-none-eabi-ar" "COMPILER_FLAGS=  -O2 -c" "EXTRA_COMPILER_FLAGS=-mcpu=cortex-a9 -mfpu=vfpv3 -mfloat-abi=hard -
TRACE::2026-09-16.20:07:39::SCWBDomain::nostartfiles -g -Wall -Wextra -fno-tree-loop-distribute-patterns"

TRACE::2026-09-16.20:07:39::SCWBDomain::Running Make include in ps7_cortexa9_0/libsrc/uartps_v3_11/src

TRACE::2026-09-16.20:07:39::SCWBDomain::make -C ps7_cortexa9_0/libsrc/uartps_v3_11/src -s include  "SHELL=/bin/sh" "COMPILER=arm-none-eabi-gcc" "ASSEMBLER=arm-none-eab
TRACE::2026-09-16.20:07:39::SCWBDomain::i-as" "ARCHIVER=arm-none-eabi-ar" "COMPILER_FLAGS=  -O2 -c" "EXTRA_COMPILER_FLAGS=-mcpu=cortex-a9 -mfpu=vfpv3 -mfloat-abi=hard 
TRACE::2026-09-16.20:07:39::SCWBDomain::-nostartfiles -g -Wall -Wextra -fno-tree-loop-distribute-patterns"

TRACE::2026-09-16.20:07:39::SCWBDomain::Running Make include in ps7_cortexa9_0/libsrc/gpio_v4_8/src

TRACE::2026-09-16.20:07:39::SCWBDomain::make -C ps7_cortexa9_0/libsrc/gpio_v4_8/src -s include  "SHELL=/bin/sh" "COMPILER=arm-none-eabi-gcc" "ASSEMBLER=arm-none-eabi-a
TRACE::2026-09-16.20:07:39::SCWBDomain::s" "ARCHIVER=arm-none-eabi-ar" "COMPILER_FLAGS=  -O2 -c" "EXTRA_COMPILER_FLAGS=-mcpu=cortex-a9 -mfpu=vfpv3 -mfloat-abi=hard -no
TRACE::2026-09-16.20:07:39::SCWBDomain::startfiles -g -Wall -Wextra -fno-tree-loop-distribute-patterns"

TRACE::2026-09-16.20:07:39::SCWBDomain::Running Make include in ps7_cortexa9_0/libsrc/sdps_v3_12/src

TRACE::2026-09-16.20:07:39::SCWBDomain::make -C ps7_cortexa9_0/libsrc/sdps_v3_12/src -s include  "SHELL=/bin/sh" "COMPILER=arm-none-eabi-gcc" "ASSEMBLER=arm-none-eabi-
TRACE::2026-09-16.20:07:39::SCWBDomain::as" "ARCHIVER=arm-none-eabi-ar" "COMPILER_FLAGS=  -O2 -c" "EXTRA_COMPILER_FLAGS=-mcpu=cortex-a9 -mfpu=vfpv3 -mfloat-abi=hard -n
TRACE::2026-09-16.20:07:39::SCWBDomain::ostartfiles -g -Wall -Wextra -fno-tree-loop-distribute-patterns"

TRACE::2026-09-16.20:07:39::SCWBDomain::Running Make include in ps7_cortexa9_0/libsrc/emacps_v3_14/src

TRACE::2026-09-16.20:07:39::SCWBDomain::make -C ps7_cortexa9_0/libsrc/emacps_v3_14/src -s include  "SHELL=/bin/sh" "COMPILER=arm-none-eabi-gcc" "ASSEMBLER=arm-none-eab
TRACE::2026-09-16.20:07:39::SCWBDomain::i-as" "ARCHIVER=arm-none-eabi-ar" "COMPILER_FLAGS=  -O2 -c" "EXTRA_COMPILER_FLAGS=-mcpu=cortex-a9 -mfpu=vfpv3 -mfloat-abi=hard 
TRACE::2026-09-16.20:07:39::SCWBDomain::-nostartfiles -g -Wall -Wextra -fno-tree-loop-distribute-patterns"

TRACE::2026-09-16.20:07:39::SCWBDomain::Running Make include in ps7_cortexa9_0/libsrc/ttcps_v3_14/src

TRACE::2026-09-16.20:07:39::SCWBDomain::make -C ps7_cortexa9_0/libsrc/ttcps_v3_14/src -s include  "SHELL=/bin/sh" "COMPILER=arm-none-eabi-gcc" "ASSEMBLER=arm-none-eabi
TRACE::2026-09-16.20:07:39::SCWBDomain::-as" "ARCHIVER=arm-none-eabi-ar" "COMPILER_FLAGS=  -O2 -c" "EXTRA_COMPILER_FLAGS=-mcpu=cortex-a9 -mfpu=vfpv3 -mfloat-abi=hard -
TRACE::2026-09-16.20:07:39::SCWBDomain::nostartfiles -g -Wall -Wextra -fno-tree-loop-distribute-patterns"

TRACE::2026-09-16.20:07:39::SCWBDomain::Running Make include in ps7_cortexa9_0/libsrc/usbps_v2_7/src

TRACE::2026-09-16.20:07:39::SCWBDomain::make -C ps7_cortexa9_0/libsrc/usbps_v2_7/src -s include  "SHELL=/bin/sh" "COMPILER=arm-none-eabi-gcc" "ASSEMBLER=arm-none-eabi-
TRACE::2026-09-16.20:07:39::SCWBDomain::as" "ARCHIVER=arm-none-eabi-ar" "COMPILER_FLAGS=  -O2 -c" "EXTRA_COMPILER_FLAGS=-mcpu=cortex-a9 -mfpu=vfpv3 -mfloat-abi=hard -n
TRACE::2026-09-16.20:07:39::SCWBDomain::ostartfiles -g -Wall -Wextra -fno-tree-loop-distribute-patterns"

TRACE::2026-09-16.20:07:39::SCWBDomain::Running Make include in ps7_cortexa9_0/libsrc/coresightps_dcc_v1_8/src

TRACE::2026-09-16.20:07:39::SCWBDomain::make -C ps7_cortexa9_0/libsrc/coresightps_dcc_v1_8/src -s include  "SHELL=/bin/sh" "COMPILER=arm-none-eabi-gcc" "ASSEMBLER=arm-
TRACE::2026-09-16.20:07:39::SCWBDomain::none-eabi-as" "ARCHIVER=arm-none-eabi-ar" "COMPILER_FLAGS=  -O2 -c" "EXTRA_COMPILER_FLAGS=-mcpu=cortex-a9 -mfpu=vfpv3 -mfloat-a
TRACE::2026-09-16.20:07:39::SCWBDomain::bi=hard -nostartfiles -g -Wall -Wextra -fno-tree-loop-distribute-patterns"

TRACE::2026-09-16.20:07:39::SCWBDomain::Running Make include in ps7_cortexa9_0/libsrc/ddrps_v1_2/src

TRACE::2026-09-16.20:07:39::SCWBDomain::make -C ps7_cortexa9_0/libsrc/ddrps_v1_2/src -s include  "SHELL=/bin/sh" "COMPILER=arm-none-eabi-gcc" "ASSEMBLER=arm-none-eabi-
TRACE::2026-09-16.20:07:39::SCWBDomain::as" "ARCHIVER=arm-none-eabi-ar" "COMPILER_FLAGS=  -O2 -c" "EXTRA_COMPILER_FLAGS=-mcpu=cortex-a9 -mfpu=vfpv3 -mfloat-abi=hard -n
TRACE::2026-09-16.20:07:39::SCWBDomain::ostartfiles -g -Wall -Wextra -fno-tree-loop-distribute-patterns"

TRACE::2026-09-16.20:07:39::SCWBDomain::Running Make include in ps7_cortexa9_0/libsrc/tmrctr_v4_8/src

TRACE::2026-09-16.20:07:39::SCWBDomain::make -C ps7_cortexa9_0/libsrc/tmrctr_v4_8/src -s include  "SHELL=/bin/sh" "COMPILER=arm-none-eabi-gcc" "ASSEMBLER=arm-none-eabi
TRACE::2026-09-16.20:07:39::SCWBDomain::-as" "ARCHIVER=arm-none-eabi-ar" "COMPILER_FLAGS=  -O2 -c" "EXTRA_COMPILER_FLAGS=-mcpu=cortex-a9 -mfpu=vfpv3 -mfloat-abi=hard -
TRACE::2026-09-16.20:07:39::SCWBDomain::nostartfiles -g -Wall -Wextra -fno-tree-loop-distribute-patterns"

TRACE::2026-09-16.20:07:39::SCWBDomain::Running Make include in ps7_cortexa9_0/libsrc/xadcps_v2_6/src

TRACE::2026-09-16.20:07:39::SCWBDomain::make -C ps7_cortexa9_0/libsrc/xadcps_v2_6/src -s include  "SHELL=/bin/sh" "COMPILER=arm-none-eabi-gcc" "ASSEMBLER=arm-none-eabi
TRACE::2026-09-16.20:07:39::SCWBDomain::-as" "ARCHIVER=arm-none-eabi-ar" "COMPILER_FLAGS=  -O2 -c" "EXTRA_COMPILER_FLAGS=-mcpu=cortex-a9 -mfpu=vfpv3 -mfloat-abi=hard -
TRACE::2026-09-16.20:07:39::SCWBDomain::nostartfiles -g -Wall -Wextra -fno-tree-loop-distribute-patterns"

TRACE::2026-09-16.20:07:39::SCWBDomain::Running Make include in ps7_cortexa9_0/libsrc/cpu_cortexa9_v2_11/src

TRACE::2026-09-16.20:07:39::SCWBDomain::make -C ps7_cortexa9_0/libsrc/cpu_cortexa9_v2_11/src -s include  "SHELL=/bin/sh" "COMPILER=arm-none-eabi-gcc" "ASSEMBLER=arm-no
TRACE::2026-09-16.20:07:39::SCWBDomain::ne-eabi-as" "ARCHIVER=arm-none-eabi-ar" "COMPILER_FLAGS=  -O2 -c" "EXTRA_COMPILER_FLAGS=-mcpu=cortex-a9 -mfpu=vfpv3 -mfloat-abi
TRACE::2026-09-16.20:07:39::SCWBDomain::=hard -nostartfiles -g -Wall -Wextra -fno-tree-loop-distribute-patterns"

TRACE::2026-09-16.20:07:39::SCWBDomain::Running Make include in ps7_cortexa9_0/libsrc/qspips_v3_9/src

TRACE::2026-09-16.20:07:39::SCWBDomain::make -C ps7_cortexa9_0/libsrc/qspips_v3_9/src -s include  "SHELL=/bin/sh" "COMPILER=arm-none-eabi-gcc" "ASSEMBLER=arm-none-eabi
TRACE::2026-09-16.20:07:39::SCWBDomain::-as" "ARCHIVER=arm-none-eabi-ar" "COMPILER_FLAGS=  -O2 -c" "EXTRA_COMPILER_FLAGS=-mcpu=cortex-a9 -mfpu=vfpv3 -mfloat-abi=hard -
TRACE::2026-09-16.20:07:39::SCWBDomain::nostartfiles -g -Wall -Wextra -fno-tree-loop-distribute-patterns"

TRACE::2026-09-16.20:07:39::SCWBDomain::Running Make include in ps7_cortexa9_0/libsrc/dmaps_v2_8/src

TRACE::2026-09-16.20:07:39::SCWBDomain::make -C ps7_cortexa9_0/libsrc/dmaps_v2_8/src -s include  "SHELL=/bin/sh" "COMPILER=arm-none-eabi-gcc" "ASSEMBLER=arm-none-eabi-
TRACE::2026-09-16.20:07:39::SCWBDomain::as" "ARCHIVER=arm-none-eabi-ar" "COMPILER_FLAGS=  -O2 -c" "EXTRA_COMPILER_FLAGS=-mcpu=cortex-a9 -mfpu=vfpv3 -mfloat-abi=hard -n
TRACE::2026-09-16.20:07:39::SCWBDomain::ostartfiles -g -Wall -Wextra -fno-tree-loop-distribute-patterns"

TRACE::2026-09-16.20:07:39::SCWBDomain::Running Make include in ps7_cortexa9_0/libsrc/scutimer_v2_3/src

TRACE::2026-09-16.20:07:39::SCWBDomain::make -C ps7_cortexa9_0/libsrc/scutimer_v2_3/src -s include  "SHELL=/bin/sh" "COMPILER=arm-none-eabi-gcc" "ASSEMBLER=arm-none-ea
TRACE::2026-09-16.20:07:39::SCWBDomain::bi-as" "ARCHIVER=arm-none-eabi-ar" "COMPILER_FLAGS=  -O2 -c" "EXTRA_COMPILER_FLAGS=-mcpu=cortex-a9 -mfpu=vfpv3 -mfloat-abi=hard
TRACE::2026-09-16.20:07:39::SCWBDomain:: -nostartfiles -g -Wall -Wextra -fno-tree-loop-distribute-patterns"

TRACE::2026-09-16.20:07:39::SCWBDomain::Running Make libs in ps7_cortexa9_0/libsrc/xilrsa_v1_6/src

TRACE::2026-09-16.20:07:39::SCWBDomain::make -C ps7_cortexa9_0/libsrc/xilrsa_v1_6/src -s libs  "SHELL=/bin/sh" "COMPILER=arm-none-eabi-gcc" "ASSEMBLER=arm-none-eabi-as
TRACE::2026-09-16.20:07:39::SCWBDomain::" "ARCHIVER=arm-none-eabi-ar" "COMPILER_FLAGS=  -O2 -c" "EXTRA_COMPILER_FLAGS=-mcpu=cortex-a9 -mfpu=vfpv3 -mfloat-abi=hard -nos
TRACE::2026-09-16.20:07:39::SCWBDomain::tartfiles -g -Wall -Wextra -fno-tree-loop-distribute-patterns"

TRACE::2026-09-16.20:07:39::SCWBDomain::Finished building libraries sequentially.

TRACE::2026-09-16.20:07:39::SCWBDomain::make -j 6 --no-print-directory par_libs

TRACE::2026-09-16.20:07:39::SCWBDomain::Running Make include in ps7_cortexa9_0/libsrc/gpiops_v3_9/src

TRACE::2026-09-16.20:07:39::SCWBDomain::Running Make include in ps7_cortexa9_0/libsrc/scugic_v4_5/src

TRACE::2026-09-16.20:07:39::SCWBDomain::Running Make include in ps7_cortexa9_0/libsrc/xilffs_v4_5/src

TRACE::2026-09-16.20:07:39::SCWBDomain::make -C ps7_cortexa9_0/libsrc/scugic_v4_5/src -s include  "SHELL=/bin/sh" "COMPILER=arm-none-eabi-gcc" "ASSEMBLER=arm-none-eabi
TRACE::2026-09-16.20:07:39::SCWBDomain::-as" "ARCHIVER=arm-none-eabi-ar" "COMPILER_FLAGS=  -O2 -c" "EXTRA_COMPILER_FLAGS=-mcpu=cortex-a9 -mfpu=vfpv3 -mfloat-abi=hard -
TRACE::2026-09-16.20:07:39::SCWBDomain::nostartfiles -g -Wall -Wextra -fno-tree-loop-distribute-patterns"

TRACE::2026-09-16.20:07:39::SCWBDomain::Running Make include in ps7_cortexa9_0/libsrc/scuwdt_v2_4/src

TRACE::2026-09-16.20:07:39::SCWBDomain::make -C ps7_cortexa9_0/libsrc/gpiops_v3_9/src -s include  "SHELL=/bin/sh" "COMPILER=arm-none-eabi-gcc" "ASSEMBLER=arm-none-eabi
TRACE::2026-09-16.20:07:39::SCWBDomain::-as" "ARCHIVER=arm-none-eabi-ar" "COMPILER_FLAGS=  -O2 -c" "EXTRA_COMPILER_FLAGS=-mcpu=cortex-a9 -mfpu=vfpv3 -mfloat-abi=hard -
TRACE::2026-09-16.20:07:39::SCWBDomain::nostartfiles -g -Wall -Wextra -fno-tree-loop-distribute-patterns"

TRACE::2026-09-16.20:07:39::SCWBDomain::make -C ps7_cortexa9_0/libsrc/xilffs_v4_5/src -s include  "SHELL=/bin/sh" "COMPILER=arm-none-eabi-gcc" "ASSEMBLER=arm-none-eabi
TRACE::2026-09-16.20:07:39::SCWBDomain::-as" "ARCHIVER=arm-none-eabi-ar" "COMPILER_FLAGS=  -O2 -c" "EXTRA_COMPILER_FLAGS=-mcpu=cortex-a9 -mfpu=vfpv3 -mfloat-abi=hard -
TRACE::2026-09-16.20:07:39::SCWBDomain::nostartfiles -g -Wall -Wextra -fno-tree-loop-distribute-patterns"

TRACE::2026-09-16.20:07:39::SCWBDomain::Running Make include in ps7_cortexa9_0/libsrc/devcfg_v3_7/src

TRACE::2026-09-16.20:07:39::SCWBDomain::make -C ps7_cortexa9_0/libsrc/scuwdt_v2_4/src -s include  "SHELL=/bin/sh" "COMPILER=arm-none-eabi-gcc" "ASSEMBLER=arm-none-eabi
TRACE::2026-09-16.20:07:39::SCWBDomain::-as" "ARCHIVER=arm-none-eabi-ar" "COMPILER_FLAGS=  -O2 -c" "EXTRA_COMPILER_FLAGS=-mcpu=cortex-a9 -mfpu=vfpv3 -mfloat-abi=hard -
TRACE::2026-09-16.20:07:39::SCWBDomain::nostartfiles -g -Wall -Wextra -fno-tree-loop-distribute-patterns"

TRACE::2026-09-16.20:07:39::SCWBDomain::make -C ps7_cortexa9_0/libsrc/devcfg_v3_7/src -s include  "SHELL=/bin/sh" "COMPILER=arm-none-eabi-gcc" "ASSEMBLER=arm-none-eabi
TRACE::2026-09-16.20:07:39::SCWBDomain::-as" "ARCHIVER=arm-none-eabi-ar" "COMPILER_FLAGS=  -O2 -c" "EXTRA_COMPILER_FLAGS=-mcpu=cortex-a9 -mfpu=vfpv3 -mfloat-abi=hard -
TRACE::2026-09-16.20:07:39::SCWBDomain::nostartfiles -g -Wall -Wextra -fno-tree-loop-distribute-patterns"

TRACE::2026-09-16.20:07:39::SCWBDomain::Running Make include in ps7_cortexa9_0/libsrc/standalone_v7_5/src

TRACE::2026-09-16.20:07:39::SCWBDomain::make -C ps7_cortexa9_0/libsrc/standalone_v7_5/src -s include  "SHELL=/bin/sh" "COMPILER=arm-none-eabi-gcc" "ASSEMBLER=arm-none-
TRACE::2026-09-16.20:07:39::SCWBDomain::eabi-as" "ARCHIVER=arm-none-eabi-ar" "COMPILER_FLAGS=  -O2 -c" "EXTRA_COMPILER_FLAGS=-mcpu=cortex-a9 -mfpu=vfpv3 -mfloat-abi=ha
TRACE::2026-09-16.20:07:39::SCWBDomain::rd -nostartfiles -g -Wall -Wextra -fno-tree-loop-distribute-patterns"

TRACE::2026-09-16.20:07:39::SCWBDomain::Running Make include in ps7_cortexa9_0/libsrc/xilrsa_v1_6/src

TRACE::2026-09-16.20:07:39::SCWBDomain::Running Make include in ps7_cortexa9_0/libsrc/uartps_v3_11/src

TRACE::2026-09-16.20:07:39::SCWBDomain::make -C ps7_cortexa9_0/libsrc/xilrsa_v1_6/src -s include  "SHELL=/bin/sh" "COMPILER=arm-none-eabi-gcc" "ASSEMBLER=arm-none-eabi
TRACE::2026-09-16.20:07:39::SCWBDomain::-as" "ARCHIVER=arm-none-eabi-ar" "COMPILER_FLAGS=  -O2 -c" "EXTRA_COMPILER_FLAGS=-mcpu=cortex-a9 -mfpu=vfpv3 -mfloat-abi=hard -
TRACE::2026-09-16.20:07:39::SCWBDomain::nostartfiles -g -Wall -Wextra -fno-tree-loop-distribute-patterns"

TRACE::2026-09-16.20:07:39::SCWBDomain::Running Make include in ps7_cortexa9_0/libsrc/gpio_v4_8/src

TRACE::2026-09-16.20:07:39::SCWBDomain::make -C ps7_cortexa9_0/libsrc/uartps_v3_11/src -s include  "SHELL=/bin/sh" "COMPILER=arm-none-eabi-gcc" "ASSEMBLER=arm-none-eab
TRACE::2026-09-16.20:07:39::SCWBDomain::i-as" "ARCHIVER=arm-none-eabi-ar" "COMPILER_FLAGS=  -O2 -c" "EXTRA_COMPILER_FLAGS=-mcpu=cortex-a9 -mfpu=vfpv3 -mfloat-abi=hard 
TRACE::2026-09-16.20:07:39::SCWBDomain::-nostartfiles -g -Wall -Wextra -fno-tree-loop-distribute-patterns"

TRACE::2026-09-16.20:07:39::SCWBDomain::make -C ps7_cortexa9_0/libsrc/gpio_v4_8/src -s include  "SHELL=/bin/sh" "COMPILER=arm-none-eabi-gcc" "ASSEMBLER=arm-none-eabi-a
TRACE::2026-09-16.20:07:39::SCWBDomain::s" "ARCHIVER=arm-none-eabi-ar" "COMPILER_FLAGS=  -O2 -c" "EXTRA_COMPILER_FLAGS=-mcpu=cortex-a9 -mfpu=vfpv3 -mfloat-abi=hard -no
TRACE::2026-09-16.20:07:39::SCWBDomain::startfiles -g -Wall -Wextra -fno-tree-loop-distribute-patterns"

TRACE::2026-09-16.20:07:39::SCWBDomain::Running Make include in ps7_cortexa9_0/libsrc/sdps_v3_12/src

TRACE::2026-09-16.20:07:39::SCWBDomain::make -C ps7_cortexa9_0/libsrc/sdps_v3_12/src -s include  "SHELL=/bin/sh" "COMPILER=arm-none-eabi-gcc" "ASSEMBLER=arm-none-eabi-
TRACE::2026-09-16.20:07:39::SCWBDomain::as" "ARCHIVER=arm-none-eabi-ar" "COMPILER_FLAGS=  -O2 -c" "EXTRA_COMPILER_FLAGS=-mcpu=cortex-a9 -mfpu=vfpv3 -mfloat-abi=hard -n
TRACE::2026-09-16.20:07:39::SCWBDomain::ostartfiles -g -Wall -Wextra -fno-tree-loop-distribute-patterns"

TRACE::2026-09-16.20:07:39::SCWBDomain::Running Make include in ps7_cortexa9_0/libsrc/emacps_v3_14/src

TRACE::2026-09-16.20:07:39::SCWBDomain::make -C ps7_cortexa9_0/libsrc/emacps_v3_14/src -s include  "SHELL=/bin/sh" "COMPILER=arm-none-eabi-gcc" "ASSEMBLER=arm-none-eab
TRACE::2026-09-16.20:07:39::SCWBDomain::i-as" "ARCHIVER=arm-none-eabi-ar" "COMPILER_FLAGS=  -O2 -c" "EXTRA_COMPILER_FLAGS=-mcpu=cortex-a9 -mfpu=vfpv3 -mfloat-abi=hard 
TRACE::2026-09-16.20:07:39::SCWBDomain::-nostartfiles -g -Wall -Wextra -fno-tree-loop-distribute-patterns"

TRACE::2026-09-16.20:07:39::SCWBDomain::Running Make include in ps7_cortexa9_0/libsrc/ttcps_v3_14/src

TRACE::2026-09-16.20:07:39::SCWBDomain::make -C ps7_cortexa9_0/libsrc/ttcps_v3_14/src -s include  "SHELL=/bin/sh" "COMPILER=arm-none-eabi-gcc" "ASSEMBLER=arm-none-eabi
TRACE::2026-09-16.20:07:39::SCWBDomain::-as" "ARCHIVER=arm-none-eabi-ar" "COMPILER_FLAGS=  -O2 -c" "EXTRA_COMPILER_FLAGS=-mcpu=cortex-a9 -mfpu=vfpv3 -mfloat-abi=hard -
TRACE::2026-09-16.20:07:39::SCWBDomain::nostartfiles -g -Wall -Wextra -fno-tree-loop-distribute-patterns"

TRACE::2026-09-16.20:07:39::SCWBDomain::Running Make include in ps7_cortexa9_0/libsrc/usbps_v2_7/src

TRACE::2026-09-16.20:07:39::SCWBDomain::make -C ps7_cortexa9_0/libsrc/usbps_v2_7/src -s include  "SHELL=/bin/sh" "COMPILER=arm-none-eabi-gcc" "ASSEMBLER=arm-none-eabi-
TRACE::2026-09-16.20:07:39::SCWBDomain::as" "ARCHIVER=arm-none-eabi-ar" "COMPILER_FLAGS=  -O2 -c" "EXTRA_COMPILER_FLAGS=-mcpu=cortex-a9 -mfpu=vfpv3 -mfloat-abi=hard -n
TRACE::2026-09-16.20:07:39::SCWBDomain::ostartfiles -g -Wall -Wextra -fno-tree-loop-distribute-patterns"

TRACE::2026-09-16.20:07:39::SCWBDomain::Running Make include in ps7_cortexa9_0/libsrc/coresightps_dcc_v1_8/src

TRACE::2026-09-16.20:07:39::SCWBDomain::make -C ps7_cortexa9_0/libsrc/coresightps_dcc_v1_8/src -s include  "SHELL=/bin/sh" "COMPILER=arm-none-eabi-gcc" "ASSEMBLER=arm-
TRACE::2026-09-16.20:07:39::SCWBDomain::none-eabi-as" "ARCHIVER=arm-none-eabi-ar" "COMPILER_FLAGS=  -O2 -c" "EXTRA_COMPILER_FLAGS=-mcpu=cortex-a9 -mfpu=vfpv3 -mfloat-a
TRACE::2026-09-16.20:07:39::SCWBDomain::bi=hard -nostartfiles -g -Wall -Wextra -fno-tree-loop-distribute-patterns"

TRACE::2026-09-16.20:07:39::SCWBDomain::Running Make include in ps7_cortexa9_0/libsrc/ddrps_v1_2/src

TRACE::2026-09-16.20:07:39::SCWBDomain::make -C ps7_cortexa9_0/libsrc/ddrps_v1_2/src -s include  "SHELL=/bin/sh" "COMPILER=arm-none-eabi-gcc" "ASSEMBLER=arm-none-eabi-
TRACE::2026-09-16.20:07:39::SCWBDomain::as" "ARCHIVER=arm-none-eabi-ar" "COMPILER_FLAGS=  -O2 -c" "EXTRA_COMPILER_FLAGS=-mcpu=cortex-a9 -mfpu=vfpv3 -mfloat-abi=hard -n
TRACE::2026-09-16.20:07:39::SCWBDomain::ostartfiles -g -Wall -Wextra -fno-tree-loop-distribute-patterns"

TRACE::2026-09-16.20:07:39::SCWBDomain::Running Make include in ps7_cortexa9_0/libsrc/xadcps_v2_6/src

TRACE::2026-09-16.20:07:39::SCWBDomain::Running Make include in ps7_cortexa9_0/libsrc/tmrctr_v4_8/src

TRACE::2026-09-16.20:07:39::SCWBDomain::make -C ps7_cortexa9_0/libsrc/xadcps_v2_6/src -s include  "SHELL=/bin/sh" "COMPILER=arm-none-eabi-gcc" "ASSEMBLER=arm-none-eabi
TRACE::2026-09-16.20:07:39::SCWBDomain::-as" "ARCHIVER=arm-none-eabi-ar" "COMPILER_FLAGS=  -O2 -c" "EXTRA_COMPILER_FLAGS=-mcpu=cortex-a9 -mfpu=vfpv3 -mfloat-abi=hard -
TRACE::2026-09-16.20:07:39::SCWBDomain::nostartfiles -g -Wall -Wextra -fno-tree-loop-distribute-patterns"

TRACE::2026-09-16.20:07:39::SCWBDomain::Running Make include in ps7_cortexa9_0/libsrc/cpu_cortexa9_v2_11/src

TRACE::2026-09-16.20:07:39::SCWBDomain::make -C ps7_cortexa9_0/libsrc/tmrctr_v4_8/src -s include  "SHELL=/bin/sh" "COMPILER=arm-none-eabi-gcc" "ASSEMBLER=arm-none-eabi
TRACE::2026-09-16.20:07:39::SCWBDomain::-as" "ARCHIVER=arm-none-eabi-ar" "COMPILER_FLAGS=  -O2 -c" "EXTRA_COMPILER_FLAGS=-mcpu=cortex-a9 -mfpu=vfpv3 -mfloat-abi=hard -
TRACE::2026-09-16.20:07:39::SCWBDomain::nostartfiles -g -Wall -Wextra -fno-tree-loop-distribute-patterns"

TRACE::2026-09-16.20:07:39::SCWBDomain::Running Make include in ps7_cortexa9_0/libsrc/qspips_v3_9/src

TRACE::2026-09-16.20:07:39::SCWBDomain::make -C ps7_cortexa9_0/libsrc/cpu_cortexa9_v2_11/src -s include  "SHELL=/bin/sh" "COMPILER=arm-none-eabi-gcc" "ASSEMBLER=arm-no
TRACE::2026-09-16.20:07:39::SCWBDomain::ne-eabi-as" "ARCHIVER=arm-none-eabi-ar" "COMPILER_FLAGS=  -O2 -c" "EXTRA_COMPILER_FLAGS=-mcpu=cortex-a9 -mfpu=vfpv3 -mfloat-abi
TRACE::2026-09-16.20:07:39::SCWBDomain::=hard -nostartfiles -g -Wall -Wextra -fno-tree-loop-distribute-patterns"

TRACE::2026-09-16.20:07:39::SCWBDomain::make -C ps7_cortexa9_0/libsrc/qspips_v3_9/src -s include  "SHELL=/bin/sh" "COMPILER=arm-none-eabi-gcc" "ASSEMBLER=arm-none-eabi
TRACE::2026-09-16.20:07:39::SCWBDomain::-as" "ARCHIVER=arm-none-eabi-ar" "COMPILER_FLAGS=  -O2 -c" "EXTRA_COMPILER_FLAGS=-mcpu=cortex-a9 -mfpu=vfpv3 -mfloat-abi=hard -
TRACE::2026-09-16.20:07:39::SCWBDomain::nostartfiles -g -Wall -Wextra -fno-tree-loop-distribute-patterns"

TRACE::2026-09-16.20:07:39::SCWBDomain::Running Make include in ps7_cortexa9_0/libsrc/dmaps_v2_8/src

TRACE::2026-09-16.20:07:39::SCWBDomain::make -C ps7_cortexa9_0/libsrc/dmaps_v2_8/src -s include  "SHELL=/bin/sh" "COMPILER=arm-none-eabi-gcc" "ASSEMBLER=arm-none-eabi-
TRACE::2026-09-16.20:07:39::SCWBDomain::as" "ARCHIVER=arm-none-eabi-ar" "COMPILER_FLAGS=  -O2 -c" "EXTRA_COMPILER_FLAGS=-mcpu=cortex-a9 -mfpu=vfpv3 -mfloat-abi=hard -n
TRACE::2026-09-16.20:07:39::SCWBDomain::ostartfiles -g -Wall -Wextra -fno-tree-loop-distribute-patterns"

TRACE::2026-09-16.20:07:39::SCWBDomain::Running Make include in ps7_cortexa9_0/libsrc/scutimer_v2_3/src

TRACE::2026-09-16.20:07:39::SCWBDomain::make -C ps7_cortexa9_0/libsrc/scutimer_v2_3/src -s include  "SHELL=/bin/sh" "COMPILER=arm-none-eabi-gcc" "ASSEMBLER=arm-none-ea
TRACE::2026-09-16.20:07:39::SCWBDomain::bi-as" "ARCHIVER=arm-none-eabi-ar" "COMPILER_FLAGS=  -O2 -c" "EXTRA_COMPILER_FLAGS=-mcpu=cortex-a9 -mfpu=vfpv3 -mfloat-abi=hard
TRACE::2026-09-16.20:07:39::SCWBDomain:: -nostartfiles -g -Wall -Wextra -fno-tree-loop-distribute-patterns"

TRACE::2026-09-16.20:07:39::SCWBDomain::Running Make libs in ps7_cortexa9_0/libsrc/scugic_v4_5/src

TRACE::2026-09-16.20:07:39::SCWBDomain::Running Make libs in ps7_cortexa9_0/libsrc/gpiops_v3_9/src

TRACE::2026-09-16.20:07:39::SCWBDomain::Running Make libs in ps7_cortexa9_0/libsrc/xilffs_v4_5/src

TRACE::2026-09-16.20:07:39::SCWBDomain::Running Make libs in ps7_cortexa9_0/libsrc/scuwdt_v2_4/src

TRACE::2026-09-16.20:07:39::SCWBDomain::make -C ps7_cortexa9_0/libsrc/gpiops_v3_9/src -s libs  "SHELL=/bin/sh" "COMPILER=arm-none-eabi-gcc" "ASSEMBLER=arm-none-eabi-as
TRACE::2026-09-16.20:07:39::SCWBDomain::" "ARCHIVER=arm-none-eabi-ar" "COMPILER_FLAGS=  -O2 -c" "EXTRA_COMPILER_FLAGS=-mcpu=cortex-a9 -mfpu=vfpv3 -mfloat-abi=hard -nos
TRACE::2026-09-16.20:07:39::SCWBDomain::tartfiles -g -Wall -Wextra -fno-tree-loop-distribute-patterns"

TRACE::2026-09-16.20:07:39::SCWBDomain::make -C ps7_cortexa9_0/libsrc/scugic_v4_5/src -s libs  "SHELL=/bin/sh" "COMPILER=arm-none-eabi-gcc" "ASSEMBLER=arm-none-eabi-as
TRACE::2026-09-16.20:07:39::SCWBDomain::" "ARCHIVER=arm-none-eabi-ar" "COMPILER_FLAGS=  -O2 -c" "EXTRA_COMPILER_FLAGS=-mcpu=cortex-a9 -mfpu=vfpv3 -mfloat-abi=hard -nos
TRACE::2026-09-16.20:07:39::SCWBDomain::tartfiles -g -Wall -Wextra -fno-tree-loop-distribute-patterns"

TRACE::2026-09-16.20:07:39::SCWBDomain::Running Make libs in ps7_cortexa9_0/libsrc/devcfg_v3_7/src

TRACE::2026-09-16.20:07:39::SCWBDomain::make -C ps7_cortexa9_0/libsrc/xilffs_v4_5/src -s libs  "SHELL=/bin/sh" "COMPILER=arm-none-eabi-gcc" "ASSEMBLER=arm-none-eabi-as
TRACE::2026-09-16.20:07:39::SCWBDomain::" "ARCHIVER=arm-none-eabi-ar" "COMPILER_FLAGS=  -O2 -c" "EXTRA_COMPILER_FLAGS=-mcpu=cortex-a9 -mfpu=vfpv3 -mfloat-abi=hard -nos
TRACE::2026-09-16.20:07:39::SCWBDomain::tartfiles -g -Wall -Wextra -fno-tree-loop-distribute-patterns"

TRACE::2026-09-16.20:07:39::SCWBDomain::make -C ps7_cortexa9_0/libsrc/scuwdt_v2_4/src -s libs  "SHELL=/bin/sh" "COMPILER=arm-none-eabi-gcc" "ASSEMBLER=arm-none-eabi-as
TRACE::2026-09-16.20:07:39::SCWBDomain::" "ARCHIVER=arm-none-eabi-ar" "COMPILER_FLAGS=  -O2 -c" "EXTRA_COMPILER_FLAGS=-mcpu=cortex-a9 -mfpu=vfpv3 -mfloat-abi=hard -nos
TRACE::2026-09-16.20:07:39::SCWBDomain::tartfiles -g -Wall -Wextra -fno-tree-loop-distribute-patterns"

TRACE::2026-09-16.20:07:39::SCWBDomain::Running Make libs in ps7_cortexa9_0/libsrc/standalone_v7_5/src

TRACE::2026-09-16.20:07:39::SCWBDomain::make -C ps7_cortexa9_0/libsrc/devcfg_v3_7/src -s libs  "SHELL=/bin/sh" "COMPILER=arm-none-eabi-gcc" "ASSEMBLER=arm-none-eabi-as
TRACE::2026-09-16.20:07:39::SCWBDomain::" "ARCHIVER=arm-none-eabi-ar" "COMPILER_FLAGS=  -O2 -c" "EXTRA_COMPILER_FLAGS=-mcpu=cortex-a9 -mfpu=vfpv3 -mfloat-abi=hard -nos
TRACE::2026-09-16.20:07:39::SCWBDomain::tartfiles -g -Wall -Wextra -fno-tree-loop-distribute-patterns"

TRACE::2026-09-16.20:07:39::SCWBDomain::make -C ps7_cortexa9_0/libsrc/standalone_v7_5/src -s libs  "SHELL=/bin/sh" "COMPILER=arm-none-eabi-gcc" "ASSEMBLER=arm-none-eab
TRACE::2026-09-16.20:07:39::SCWBDomain::i-as" "ARCHIVER=arm-none-eabi-ar" "COMPILER_FLAGS=  -O2 -c" "EXTRA_COMPILER_FLAGS=-mcpu=cortex-a9 -mfpu=vfpv3 -mfloat-abi=hard 
TRACE::2026-09-16.20:07:39::SCWBDomain::-nostartfiles -g -Wall -Wextra -fno-tree-loop-distribute-patterns"

TRACE::2026-09-16.20:07:40::SCWBDomain::Running Make libs in ps7_cortexa9_0/libsrc/uartps_v3_11/src

TRACE::2026-09-16.20:07:40::SCWBDomain::make -C ps7_cortexa9_0/libsrc/uartps_v3_11/src -s libs  "SHELL=/bin/sh" "COMPILER=arm-none-eabi-gcc" "ASSEMBLER=arm-none-eabi-a
TRACE::2026-09-16.20:07:40::SCWBDomain::s" "ARCHIVER=arm-none-eabi-ar" "COMPILER_FLAGS=  -O2 -c" "EXTRA_COMPILER_FLAGS=-mcpu=cortex-a9 -mfpu=vfpv3 -mfloat-abi=hard -no
TRACE::2026-09-16.20:07:40::SCWBDomain::startfiles -g -Wall -Wextra -fno-tree-loop-distribute-patterns"

TRACE::2026-09-16.20:07:40::SCWBDomain::Running Make libs in ps7_cortexa9_0/libsrc/gpio_v4_8/src

TRACE::2026-09-16.20:07:40::SCWBDomain::make -C ps7_cortexa9_0/libsrc/gpio_v4_8/src -s libs  "SHELL=/bin/sh" "COMPILER=arm-none-eabi-gcc" "ASSEMBLER=arm-none-eabi-as" 
TRACE::2026-09-16.20:07:40::SCWBDomain::"ARCHIVER=arm-none-eabi-ar" "COMPILER_FLAGS=  -O2 -c" "EXTRA_COMPILER_FLAGS=-mcpu=cortex-a9 -mfpu=vfpv3 -mfloat-abi=hard -nosta
TRACE::2026-09-16.20:07:40::SCWBDomain::rtfiles -g -Wall -Wextra -fno-tree-loop-distribute-patterns"

TRACE::2026-09-16.20:07:40::SCWBDomain::Running Make libs in ps7_cortexa9_0/libsrc/sdps_v3_12/src

TRACE::2026-09-16.20:07:40::SCWBDomain::make -C ps7_cortexa9_0/libsrc/sdps_v3_12/src -s libs  "SHELL=/bin/sh" "COMPILER=arm-none-eabi-gcc" "ASSEMBLER=arm-none-eabi-as"
TRACE::2026-09-16.20:07:40::SCWBDomain:: "ARCHIVER=arm-none-eabi-ar" "COMPILER_FLAGS=  -O2 -c" "EXTRA_COMPILER_FLAGS=-mcpu=cortex-a9 -mfpu=vfpv3 -mfloat-abi=hard -nost
TRACE::2026-09-16.20:07:40::SCWBDomain::artfiles -g -Wall -Wextra -fno-tree-loop-distribute-patterns"

TRACE::2026-09-16.20:07:40::SCWBDomain::Running Make libs in ps7_cortexa9_0/libsrc/emacps_v3_14/src

TRACE::2026-09-16.20:07:40::SCWBDomain::make -C ps7_cortexa9_0/libsrc/emacps_v3_14/src -s libs  "SHELL=/bin/sh" "COMPILER=arm-none-eabi-gcc" "ASSEMBLER=arm-none-eabi-a
TRACE::2026-09-16.20:07:40::SCWBDomain::s" "ARCHIVER=arm-none-eabi-ar" "COMPILER_FLAGS=  -O2 -c" "EXTRA_COMPILER_FLAGS=-mcpu=cortex-a9 -mfpu=vfpv3 -mfloat-abi=hard -no
TRACE::2026-09-16.20:07:40::SCWBDomain::startfiles -g -Wall -Wextra -fno-tree-loop-distribute-patterns"

TRACE::2026-09-16.20:07:40::SCWBDomain::Running Make libs in ps7_cortexa9_0/libsrc/ttcps_v3_14/src

TRACE::2026-09-16.20:07:40::SCWBDomain::make -C ps7_cortexa9_0/libsrc/ttcps_v3_14/src -s libs  "SHELL=/bin/sh" "COMPILER=arm-none-eabi-gcc" "ASSEMBLER=arm-none-eabi-as
TRACE::2026-09-16.20:07:40::SCWBDomain::" "ARCHIVER=arm-none-eabi-ar" "COMPILER_FLAGS=  -O2 -c" "EXTRA_COMPILER_FLAGS=-mcpu=cortex-a9 -mfpu=vfpv3 -mfloat-abi=hard -nos
TRACE::2026-09-16.20:07:40::SCWBDomain::tartfiles -g -Wall -Wextra -fno-tree-loop-distribute-patterns"

TRACE::2026-09-16.20:07:41::SCWBDomain::Running Make libs in ps7_cortexa9_0/libsrc/usbps_v2_7/src

TRACE::2026-09-16.20:07:41::SCWBDomain::make -C ps7_cortexa9_0/libsrc/usbps_v2_7/src -s libs  "SHELL=/bin/sh" "COMPILER=arm-none-eabi-gcc" "ASSEMBLER=arm-none-eabi-as"
TRACE::2026-09-16.20:07:41::SCWBDomain:: "ARCHIVER=arm-none-eabi-ar" "COMPILER_FLAGS=  -O2 -c" "EXTRA_COMPILER_FLAGS=-mcpu=cortex-a9 -mfpu=vfpv3 -mfloat-abi=hard -nost
TRACE::2026-09-16.20:07:41::SCWBDomain::artfiles -g -Wall -Wextra -fno-tree-loop-distribute-patterns"

TRACE::2026-09-16.20:07:41::SCWBDomain::Running Make libs in ps7_cortexa9_0/libsrc/coresightps_dcc_v1_8/src

TRACE::2026-09-16.20:07:41::SCWBDomain::make -C ps7_cortexa9_0/libsrc/coresightps_dcc_v1_8/src -s libs  "SHELL=/bin/sh" "COMPILER=arm-none-eabi-gcc" "ASSEMBLER=arm-non
TRACE::2026-09-16.20:07:41::SCWBDomain::e-eabi-as" "ARCHIVER=arm-none-eabi-ar" "COMPILER_FLAGS=  -O2 -c" "EXTRA_COMPILER_FLAGS=-mcpu=cortex-a9 -mfpu=vfpv3 -mfloat-abi=
TRACE::2026-09-16.20:07:41::SCWBDomain::hard -nostartfiles -g -Wall -Wextra -fno-tree-loop-distribute-patterns"

TRACE::2026-09-16.20:07:41::SCWBDomain::Running Make libs in ps7_cortexa9_0/libsrc/ddrps_v1_2/src

TRACE::2026-09-16.20:07:41::SCWBDomain::make -C ps7_cortexa9_0/libsrc/ddrps_v1_2/src -s libs  "SHELL=/bin/sh" "COMPILER=arm-none-eabi-gcc" "ASSEMBLER=arm-none-eabi-as"
TRACE::2026-09-16.20:07:41::SCWBDomain:: "ARCHIVER=arm-none-eabi-ar" "COMPILER_FLAGS=  -O2 -c" "EXTRA_COMPILER_FLAGS=-mcpu=cortex-a9 -mfpu=vfpv3 -mfloat-abi=hard -nost
TRACE::2026-09-16.20:07:41::SCWBDomain::artfiles -g -Wall -Wextra -fno-tree-loop-distribute-patterns"

TRACE::2026-09-16.20:07:41::SCWBDomain::Running Make libs in ps7_cortexa9_0/libsrc/tmrctr_v4_8/src

TRACE::2026-09-16.20:07:41::SCWBDomain::make -C ps7_cortexa9_0/libsrc/tmrctr_v4_8/src -s libs  "SHELL=/bin/sh" "COMPILER=arm-none-eabi-gcc" "ASSEMBLER=arm-none-eabi-as
TRACE::2026-09-16.20:07:41::SCWBDomain::" "ARCHIVER=arm-none-eabi-ar" "COMPILER_FLAGS=  -O2 -c" "EXTRA_COMPILER_FLAGS=-mcpu=cortex-a9 -mfpu=vfpv3 -mfloat-abi=hard -nos
TRACE::2026-09-16.20:07:41::SCWBDomain::tartfiles -g -Wall -Wextra -fno-tree-loop-distribute-patterns"

TRACE::2026-09-16.20:07:41::SCWBDomain::Running Make libs in ps7_cortexa9_0/libsrc/xadcps_v2_6/src

TRACE::2026-09-16.20:07:41::SCWBDomain::make -C ps7_cortexa9_0/libsrc/xadcps_v2_6/src -s libs  "SHELL=/bin/sh" "COMPILER=arm-none-eabi-gcc" "ASSEMBLER=arm-none-eabi-as
TRACE::2026-09-16.20:07:41::SCWBDomain::" "ARCHIVER=arm-none-eabi-ar" "COMPILER_FLAGS=  -O2 -c" "EXTRA_COMPILER_FLAGS=-mcpu=cortex-a9 -mfpu=vfpv3 -mfloat-abi=hard -nos
TRACE::2026-09-16.20:07:41::SCWBDomain::tartfiles -g -Wall -Wextra -fno-tree-loop-distribute-patterns"

TRACE::2026-09-16.20:07:41::SCWBDomain::Running Make libs in ps7_cortexa9_0/libsrc/cpu_cortexa9_v2_11/src

TRACE::2026-09-16.20:07:41::SCWBDomain::make -C ps7_cortexa9_0/libsrc/cpu_cortexa9_v2_11/src -s libs  "SHELL=/bin/sh" "COMPILER=arm-none-eabi-gcc" "ASSEMBLER=arm-none-
TRACE::2026-09-16.20:07:41::SCWBDomain::eabi-as" "ARCHIVER=arm-none-eabi-ar" "COMPILER_FLAGS=  -O2 -c" "EXTRA_COMPILER_FLAGS=-mcpu=cortex-a9 -mfpu=vfpv3 -mfloat-abi=ha
TRACE::2026-09-16.20:07:41::SCWBDomain::rd -nostartfiles -g -Wall -Wextra -fno-tree-loop-distribute-patterns"

TRACE::2026-09-16.20:07:41::SCWBDomain::Running Make libs in ps7_cortexa9_0/libsrc/qspips_v3_9/src

TRACE::2026-09-16.20:07:41::SCWBDomain::make -C ps7_cortexa9_0/libsrc/qspips_v3_9/src -s libs  "SHELL=/bin/sh" "COMPILER=arm-none-eabi-gcc" "ASSEMBLER=arm-none-eabi-as
TRACE::2026-09-16.20:07:41::SCWBDomain::" "ARCHIVER=arm-none-eabi-ar" "COMPILER_FLAGS=  -O2 -c" "EXTRA_COMPILER_FLAGS=-mcpu=cortex-a9 -mfpu=vfpv3 -mfloat-abi=hard -nos
TRACE::2026-09-16.20:07:41::SCWBDomain::tartfiles -g -Wall -Wextra -fno-tree-loop-distribute-patterns"

TRACE::2026-09-16.20:07:41::SCWBDomain::Running Make libs in ps7_cortexa9_0/libsrc/dmaps_v2_8/src

TRACE::2026-09-16.20:07:41::SCWBDomain::make -C ps7_cortexa9_0/libsrc/dmaps_v2_8/src -s libs  "SHELL=/bin/sh" "COMPILER=arm-none-eabi-gcc" "ASSEMBLER=arm-none-eabi-as"
TRACE::2026-09-16.20:07:41::SCWBDomain:: "ARCHIVER=arm-none-eabi-ar" "COMPILER_FLAGS=  -O2 -c" "EXTRA_COMPILER_FLAGS=-mcpu=cortex-a9 -mfpu=vfpv3 -mfloat-abi=hard -nost
TRACE::2026-09-16.20:07:41::SCWBDomain::artfiles -g -Wall -Wextra -fno-tree-loop-distribute-patterns"

TRACE::2026-09-16.20:07:42::SCWBDomain::Running Make libs in ps7_cortexa9_0/libsrc/scutimer_v2_3/src

TRACE::2026-09-16.20:07:42::SCWBDomain::make -C ps7_cortexa9_0/libsrc/scutimer_v2_3/src -s libs  "SHELL=/bin/sh" "COMPILER=arm-none-eabi-gcc" "ASSEMBLER=arm-none-eabi-
TRACE::2026-09-16.20:07:42::SCWBDomain::as" "ARCHIVER=arm-none-eabi-ar" "COMPILER_FLAGS=  -O2 -c" "EXTRA_COMPILER_FLAGS=-mcpu=cortex-a9 -mfpu=vfpv3 -mfloat-abi=hard -n
TRACE::2026-09-16.20:07:42::SCWBDomain::ostartfiles -g -Wall -Wextra -fno-tree-loop-distribute-patterns"

TRACE::2026-09-16.20:07:42::SCWBDomain::Finished building libraries parallelly.

TRACE::2026-09-16.20:07:42::SCWBDomain::make --no-print-directory archive

TRACE::2026-09-16.20:07:42::SCWBDomain::arm-none-eabi-ar -r  ps7_cortexa9_0/lib/libxil.a ps7_cortexa9_0/lib/xusbps.o ps7_cortexa9_0/lib/xgpio.o ps7_cortexa9_0/lib/xil_
TRACE::2026-09-16.20:07:42::SCWBDomain::exception.o ps7_cortexa9_0/lib/xqspips_selftest.o ps7_cortexa9_0/lib/xsdps_sinit.o ps7_cortexa9_0/lib/xgpiops.o ps7_cortexa9_0/
TRACE::2026-09-16.20:07:42::SCWBDomain::lib/xtmrctr_selftest.o ps7_cortexa9_0/lib/xemacps_sinit.o ps7_cortexa9_0/lib/_sbrk.o ps7_cortexa9_0/lib/xpm_counter.o ps7_corte
TRACE::2026-09-16.20:07:42::SCWBDomain::xa9_0/lib/xttcps.o ps7_cortexa9_0/lib/xdevcfg_selftest.o ps7_cortexa9_0/lib/xscutimer.o ps7_cortexa9_0/lib/xdmaps.o ps7_cortexa
TRACE::2026-09-16.20:07:42::SCWBDomain::9_0/lib/xdevcfg_sinit.o ps7_cortexa9_0/lib/xqspips_g.o ps7_cortexa9_0/lib/getpid.o ps7_cortexa9_0/lib/xdevcfg_g.o ps7_cortexa9_
TRACE::2026-09-16.20:07:42::SCWBDomain::0/lib/abort.o ps7_cortexa9_0/lib/usleep.o ps7_cortexa9_0/lib/asm_vectors.o ps7_cortexa9_0/lib/xl2cc_counter.o ps7_cortexa9_0/li
TRACE::2026-09-16.20:07:42::SCWBDomain::b/xil_testmem.o ps7_cortexa9_0/lib/xgpiops_hw.o ps7_cortexa9_0/lib/lseek.o ps7_cortexa9_0/lib/xuartps_selftest.o ps7_cortexa9_0
TRACE::2026-09-16.20:07:42::SCWBDomain::/lib/fcntl.o ps7_cortexa9_0/lib/xuartps_sinit.o ps7_cortexa9_0/lib/xadcps.o ps7_cortexa9_0/lib/xuartps_g.o ps7_cortexa9_0/lib/u
TRACE::2026-09-16.20:07:42::SCWBDomain::nlink.o ps7_cortexa9_0/lib/xil_printf.o ps7_cortexa9_0/lib/xemacps_intr.o ps7_cortexa9_0/lib/xgpio_sinit.o ps7_cortexa9_0/lib/x
TRACE::2026-09-16.20:07:42::SCWBDomain::scuwdt.o ps7_cortexa9_0/lib/xgpio_g.o ps7_cortexa9_0/lib/xgpiops_selftest.o ps7_cortexa9_0/lib/xusbps_sinit.o ps7_cortexa9_0/li
TRACE::2026-09-16.20:07:42::SCWBDomain::b/xscugic_intr.o ps7_cortexa9_0/lib/xemacps_g.o ps7_cortexa9_0/lib/xgpiops_intr.o ps7_cortexa9_0/lib/close.o ps7_cortexa9_0/lib
TRACE::2026-09-16.20:07:42::SCWBDomain::/xsdps.o ps7_cortexa9_0/lib/xusbps_g.o ps7_cortexa9_0/lib/xqspips_hw.o ps7_cortexa9_0/lib/xttcps_selftest.o ps7_cortexa9_0/lib/
TRACE::2026-09-16.20:07:42::SCWBDomain::xscutimer_selftest.o ps7_cortexa9_0/lib/xdmaps_selftest.o ps7_cortexa9_0/lib/inbyte.o ps7_cortexa9_0/lib/xemacps_hw.o ps7_corte
TRACE::2026-09-16.20:07:42::SCWBDomain::xa9_0/lib/xscutimer_sinit.o ps7_cortexa9_0/lib/xdmaps_sinit.o ps7_cortexa9_0/lib/xil_misc_psreset_api.o ps7_cortexa9_0/lib/xscu
TRACE::2026-09-16.20:07:42::SCWBDomain::timer_g.o ps7_cortexa9_0/lib/xdmaps_g.o ps7_cortexa9_0/lib/xsdps_options.o ps7_cortexa9_0/lib/xil_sleeptimer.o ps7_cortexa9_0/l
TRACE::2026-09-16.20:07:42::SCWBDomain::ib/xdevcfg_hw.o ps7_cortexa9_0/lib/_exit.o ps7_cortexa9_0/lib/xtmrctr_options.o ps7_cortexa9_0/lib/time.o ps7_cortexa9_0/lib/xp
TRACE::2026-09-16.20:07:42::SCWBDomain::latform_info.o ps7_cortexa9_0/lib/xadcps_selftest.o ps7_cortexa9_0/lib/xil_testcache.o ps7_cortexa9_0/lib/xgpio_selftest.o ps7_
TRACE::2026-09-16.20:07:42::SCWBDomain::cortexa9_0/lib/xadcps_sinit.o ps7_cortexa9_0/lib/xqspips_sinit.o ps7_cortexa9_0/lib/xttcps_sinit.o ps7_cortexa9_0/lib/xgpiops_g
TRACE::2026-09-16.20:07:42::SCWBDomain::.o ps7_cortexa9_0/lib/xtmrctr_stats.o ps7_cortexa9_0/lib/xadcps_g.o ps7_cortexa9_0/lib/xuartps_hw.o ps7_cortexa9_0/lib/xscugic.
TRACE::2026-09-16.20:07:42::SCWBDomain::o ps7_cortexa9_0/lib/xil-crt0.o ps7_cortexa9_0/lib/isatty.o ps7_cortexa9_0/lib/xgpio_extra.o ps7_cortexa9_0/lib/xscuwdt_selftes
TRACE::2026-09-16.20:07:42::SCWBDomain::t.o ps7_cortexa9_0/lib/xtmrctr_intr.o ps7_cortexa9_0/lib/xil_clocking.o ps7_cortexa9_0/lib/xgpiops_sinit.o ps7_cortexa9_0/lib/x
TRACE::2026-09-16.20:07:42::SCWBDomain::scuwdt_g.o ps7_cortexa9_0/lib/xtmrctr_l.o ps7_cortexa9_0/lib/xsdps_g.o ps7_cortexa9_0/lib/xuartps_options.o ps7_cortexa9_0/lib/
TRACE::2026-09-16.20:07:42::SCWBDomain::xdevcfg_intr.o ps7_cortexa9_0/lib/errno.o ps7_cortexa9_0/lib/fstat.o ps7_cortexa9_0/lib/xusbps_hw.o ps7_cortexa9_0/lib/sbrk.o p
TRACE::2026-09-16.20:07:42::SCWBDomain::s7_cortexa9_0/lib/xscuwdt_sinit.o ps7_cortexa9_0/lib/xdmaps_hw.o ps7_cortexa9_0/lib/xtmrctr_g.o ps7_cortexa9_0/lib/xsdps_card.o
TRACE::2026-09-16.20:07:42::SCWBDomain:: ps7_cortexa9_0/lib/xuartps_intr.o ps7_cortexa9_0/lib/xil_util.o ps7_cortexa9_0/lib/xscugic_selftest.o ps7_cortexa9_0/lib/xtmrc
TRACE::2026-09-16.20:07:42::SCWBDomain::tr.o ps7_cortexa9_0/lib/xttcps_options.o ps7_cortexa9_0/lib/xtime_l.o ps7_cortexa9_0/lib/xgpio_intr.o ps7_cortexa9_0/lib/outbyt
TRACE::2026-09-16.20:07:42::SCWBDomain::e.o ps7_cortexa9_0/lib/open.o ps7_cortexa9_0/lib/xscugic_sinit.o ps7_cortexa9_0/lib/xusbps_endpoint.o ps7_cortexa9_0/lib/xscugi
TRACE::2026-09-16.20:07:42::SCWBDomain::c_g.o ps7_cortexa9_0/lib/xil_sleepcommon.o ps7_cortexa9_0/lib/vectors.o ps7_cortexa9_0/lib/cpu_init.o ps7_cortexa9_0/lib/xemacp
TRACE::2026-09-16.20:07:42::SCWBDomain::s_bdring.o ps7_cortexa9_0/lib/boot.o ps7_cortexa9_0/lib/xil_mmu.o ps7_cortexa9_0/lib/write.o ps7_cortexa9_0/lib/translation_tab
TRACE::2026-09-16.20:07:42::SCWBDomain::le.o ps7_cortexa9_0/lib/xil_spinlock.o ps7_cortexa9_0/lib/print.o ps7_cortexa9_0/lib/xil_testio.o ps7_cortexa9_0/lib/xil_cache.
TRACE::2026-09-16.20:07:42::SCWBDomain::o ps7_cortexa9_0/lib/xemacps.o ps7_cortexa9_0/lib/xcoresightpsdcc.o ps7_cortexa9_0/lib/xqspips.o ps7_cortexa9_0/lib/xadcps_intr
TRACE::2026-09-16.20:07:42::SCWBDomain::.o ps7_cortexa9_0/lib/xdevcfg.o ps7_cortexa9_0/lib/xttcps_g.o ps7_cortexa9_0/lib/read.o ps7_cortexa9_0/lib/xqspips_options.o ps
TRACE::2026-09-16.20:07:42::SCWBDomain::7_cortexa9_0/lib/kill.o ps7_cortexa9_0/lib/_open.o ps7_cortexa9_0/lib/xil_mem.o ps7_cortexa9_0/lib/cpputest_time.o ps7_cortexa9
TRACE::2026-09-16.20:07:42::SCWBDomain::_0/lib/xtmrctr_sinit.o ps7_cortexa9_0/lib/sleep.o ps7_cortexa9_0/lib/xuartps.o ps7_cortexa9_0/lib/xscugic_hw.o ps7_cortexa9_0/l
TRACE::2026-09-16.20:07:42::SCWBDomain::ib/xsdps_host.o ps7_cortexa9_0/lib/xusbps_intr.o ps7_cortexa9_0/lib/xil_assert.o ps7_cortexa9_0/lib/putnum.o ps7_cortexa9_0/lib
TRACE::2026-09-16.20:07:42::SCWBDomain::/xemacps_control.o

TRACE::2026-09-16.20:07:42::SCWBDomain::Finished building libraries

TRACE::2026-09-16.20:07:42::SCWBDomain::make: Leaving directory '/home/user/Desktop/lab_2/zynq_interrupt_system_wrapper_1/zynq_fsbl/zynq_fsbl_bsp'

TRACE::2026-09-16.20:07:42::SCWBDomain::arm-none-eabi-gcc -MMD -MP       -mcpu=cortex-a9 -mfpu=vfpv3 -mfloat-abi=hard   -O2 -c -c pcap.c -o pcap.o -Izynq_fsbl_bsp/ps7_
TRACE::2026-09-16.20:07:42::SCWBDomain::cortexa9_0/include -I.

TRACE::2026-09-16.20:07:42::SCWBDomain::arm-none-eabi-gcc -MMD -MP       -mcpu=cortex-a9 -mfpu=vfpv3 -mfloat-abi=hard   -O2 -c -c ps7_init.c -o ps7_init.o -Izynq_fsbl_
TRACE::2026-09-16.20:07:42::SCWBDomain::bsp/ps7_cortexa9_0/include -I.

TRACE::2026-09-16.20:07:42::SCWBDomain::arm-none-eabi-gcc -MMD -MP       -mcpu=cortex-a9 -mfpu=vfpv3 -mfloat-abi=hard   -O2 -c -c qspi.c -o qspi.o -Izynq_fsbl_bsp/ps7_
TRACE::2026-09-16.20:07:42::SCWBDomain::cortexa9_0/include -I.

TRACE::2026-09-16.20:07:42::SCWBDomain::arm-none-eabi-gcc -MMD -MP       -mcpu=cortex-a9 -mfpu=vfpv3 -mfloat-abi=hard   -O2 -c -c rsa.c -o rsa.o -Izynq_fsbl_bsp/ps7_co
TRACE::2026-09-16.20:07:42::SCWBDomain::rtexa9_0/include -I.

TRACE::2026-09-16.20:07:42::SCWBDomain::arm-none-eabi-gcc -MMD -MP       -mcpu=cortex-a9 -mfpu=vfpv3 -mfloat-abi=hard   -O2 -c -c main.c -o main.o -Izynq_fsbl_bsp/ps7_
TRACE::2026-09-16.20:07:42::SCWBDomain::cortexa9_0/include -I.

TRACE::2026-09-16.20:07:42::SCWBDomain::arm-none-eabi-gcc -MMD -MP       -mcpu=cortex-a9 -mfpu=vfpv3 -mfloat-abi=hard   -O2 -c -c md5.c -o md5.o -Izynq_fsbl_bsp/ps7_co
TRACE::2026-09-16.20:07:42::SCWBDomain::rtexa9_0/include -I.

TRACE::2026-09-16.20:07:42::SCWBDomain::arm-none-eabi-gcc -MMD -MP       -mcpu=cortex-a9 -mfpu=vfpv3 -mfloat-abi=hard   -O2 -c -c image_mover.c -o image_mover.o -Izynq
TRACE::2026-09-16.20:07:42::SCWBDomain::_fsbl_bsp/ps7_cortexa9_0/include -I.

TRACE::2026-09-16.20:07:43::SCWBDomain::arm-none-eabi-gcc -MMD -MP       -mcpu=cortex-a9 -mfpu=vfpv3 -mfloat-abi=hard   -O2 -c -c nor.c -o nor.o -Izynq_fsbl_bsp/ps7_co
TRACE::2026-09-16.20:07:43::SCWBDomain::rtexa9_0/include -I.

TRACE::2026-09-16.20:07:43::SCWBDomain::arm-none-eabi-gcc -MMD -MP       -mcpu=cortex-a9 -mfpu=vfpv3 -mfloat-abi=hard   -O2 -c -c nand.c -o nand.o -Izynq_fsbl_bsp/ps7_
TRACE::2026-09-16.20:07:43::SCWBDomain::cortexa9_0/include -I.

TRACE::2026-09-16.20:07:43::SCWBDomain::arm-none-eabi-gcc -MMD -MP       -mcpu=cortex-a9 -mfpu=vfpv3 -mfloat-abi=hard   -O2 -c -c fsbl_hooks.c -o fsbl_hooks.o -Izynq_f
TRACE::2026-09-16.20:07:43::SCWBDomain::sbl_bsp/ps7_cortexa9_0/include -I.

TRACE::2026-09-16.20:07:43::SCWBDomain::arm-none-eabi-gcc -MMD -MP       -mcpu=cortex-a9 -mfpu=vfpv3 -mfloat-abi=hard   -O2 -c -c sd.c -o sd.o -Izynq_fsbl_bsp/ps7_cort
TRACE::2026-09-16.20:07:43::SCWBDomain::exa9_0/include -I.

TRACE::2026-09-16.20:07:43::SCWBDomain::arm-none-eabi-gcc -MMD -MP       -mcpu=cortex-a9 -mfpu=vfpv3 -mfloat-abi=hard   -O2 -c -c fsbl_handoff.S -o fsbl_handoff.o -Izy
TRACE::2026-09-16.20:07:43::SCWBDomain::nq_fsbl_bsp/ps7_cortexa9_0/include -I.

TRACE::2026-09-16.20:07:43::SCWBDomain::arm-none-eabi-gcc -o fsbl.elf  pcap.o  ps7_init.o  qspi.o  rsa.o  main.o  md5.o  image_mover.o  nor.o  nand.o  fsbl_hooks.o  sd
TRACE::2026-09-16.20:07:43::SCWBDomain::.o  fsbl_handoff.o  -MMD -MP       -mcpu=cortex-a9 -mfpu=vfpv3 -mfloat-abi=hard   -mcpu=cortex-a9 -mfpu=vfpv3 -mfloat-abi=hard 
TRACE::2026-09-16.20:07:43::SCWBDomain::-Wl,-build-id=none -specs=Xilinx.spec  -lrsa -Wl,--start-group,-lxil,-lgcc,-lc,--end-group -Wl,--start-group,-lxilffs,-lxil,-lg
TRACE::2026-09-16.20:07:43::SCWBDomain::cc,-lc,--end-group -Wl,--start-group,-lrsa,-lxil,-lgcc,-lc,--end-group                                       -Wl,--gc-sections 
TRACE::2026-09-16.20:07:43::SCWBDomain::-Lzynq_fsbl_bsp/ps7_cortexa9_0/lib -L./ -Tlscript.ld

LOG::2026-09-16.20:07:43::SCWSystem::Checking the domain standalone_ps7_cortexa9_0
LOG::2026-09-16.20:07:43::SCWSystem::Not a boot domain 
LOG::2026-09-16.20:07:43::SCWSystem::Started Processing the domain standalone_ps7_cortexa9_0
TRACE::2026-09-16.20:07:43::SCWDomain::Generating domain artifcats
TRACE::2026-09-16.20:07:43::SCWMssOS::Generating standalone artifcats
TRACE::2026-09-16.20:07:43::SCWMssOS::Copying the qemu file from  /home/software/Xilinx/Vitis/2021.1/data/emulation/platforms/zynq/sw/a9_standalone/qemu/qemu_args.txt To /home/user/Desktop/lab_2/zynq_interrupt_system_wrapper_1/export/zynq_interrupt_system_wrapper_1/sw/zynq_interrupt_system_wrapper_1/qemu/
TRACE::2026-09-16.20:07:43::SCWMssOS::Copying the qemu file from  /home/software/Xilinx/Vitis/2021.1/data/emulation/platforms/zynq/sw/a9_standalone/qemu/qemu_args.txt To /home/user/Desktop/lab_2/zynq_interrupt_system_wrapper_1/export/zynq_interrupt_system_wrapper_1/sw/zynq_interrupt_system_wrapper_1/standalone_ps7_cortexa9_0/qemu/
TRACE::2026-09-16.20:07:43::SCWMssOS:: Copying the user libraries. 
TRACE::2026-09-16.20:07:43::SCWPlatform::Trying to open the hw design at /home/user/Desktop/lab_2/zynq_interrupt_system_wrapper_1/hw/zynq_interrupt_system_wrapper.xsa
TRACE::2026-09-16.20:07:43::SCWPlatform::DSA given /home/user/Desktop/lab_2/zynq_interrupt_system_wrapper_1/hw/zynq_interrupt_system_wrapper.xsa
TRACE::2026-09-16.20:07:43::SCWPlatform::DSA absoulate path /home/user/Desktop/lab_2/zynq_interrupt_system_wrapper_1/hw/zynq_interrupt_system_wrapper.xsa
TRACE::2026-09-16.20:07:43::SCWPlatform::DSA directory /home/user/Desktop/lab_2/zynq_interrupt_system_wrapper_1/hw
TRACE::2026-09-16.20:07:43::SCWPlatform:: Platform Path /home/user/Desktop/lab_2/zynq_interrupt_system_wrapper_1/hw/zynq_interrupt_system_wrapper.xsa
TRACE::2026-09-16.20:07:43::SCWPlatform:: Unique name xilinx:zybo::0.0
TRACE::2026-09-16.20:07:43::SCWPlatform::Trying to set the existing hwdb with name zynq_interrupt_system_wrapper_0
TRACE::2026-09-16.20:07:43::SCWPlatform::Opened existing hwdb zynq_interrupt_system_wrapper_0
TRACE::2026-09-16.20:07:43::SCWPlatform::Found the Hw Db part of the input DSA
TRACE::2026-09-16.20:07:43::SCWMssOS::Checking the sw design at  /home/user/Desktop/lab_2/zynq_interrupt_system_wrapper_1/ps7_cortexa9_0/standalone_ps7_cortexa9_0/bsp/system.mss
TRACE::2026-09-16.20:07:43::SCWMssOS::DEBUG:  swdes dump  /home/user/Desktop/lab_2/zynq_interrupt_system_wrapper_1/ps7_cortexa9_0/standalone_ps7_cortexa9_0/bsp/system.mss|system_0||
/home/user/Desktop/lab_2/zynq_interrupt_system_wrapper_1/zynq_fsbl/zynq_fsbl_bsp/system.mss|system||

TRACE::2026-09-16.20:07:43::SCWMssOS::Sw design exists and opened at  /home/user/Desktop/lab_2/zynq_interrupt_system_wrapper_1/ps7_cortexa9_0/standalone_ps7_cortexa9_0/bsp/system.mss
TRACE::2026-09-16.20:07:43::SCWMssOS::Completed writing the mss file at /home/user/Desktop/lab_2/zynq_interrupt_system_wrapper_1/ps7_cortexa9_0/standalone_ps7_cortexa9_0/bsp
TRACE::2026-09-16.20:07:43::SCWMssOS::Mss edits present, copying mssfile into export location /home/user/Desktop/lab_2/zynq_interrupt_system_wrapper_1/ps7_cortexa9_0/standalone_ps7_cortexa9_0/bsp/system.mss
TRACE::2026-09-16.20:07:43::SCWMssOS::bsp generated is upto date with the mss file. Skipping bsp generation.
TRACE::2026-09-16.20:07:43::SCWMssOS::BSP is already built. skipping the bsp build ... 
TRACE::2026-09-16.20:07:43::SCWDomain::Building the domain as part of full build :  standalone_ps7_cortexa9_0
TRACE::2026-09-16.20:07:43::SCWMssOS::doing bsp build ... 
TRACE::2026-09-16.20:07:43::SCWMssOS::System Command Ran  cd  /home/user/Desktop/lab_2/zynq_interrupt_system_wrapper_1/ps7_cortexa9_0/standalone_ps7_cortexa9_0/bsp ; bash -c "make  " 
TRACE::2026-09-16.20:07:43::SCWMssOS::make --no-print-directory seq_libs

TRACE::2026-09-16.20:07:43::SCWMssOS::Finished building libraries sequentially.

TRACE::2026-09-16.20:07:43::SCWMssOS::make -j 6 --no-print-directory par_libs

TRACE::2026-09-16.20:07:43::SCWMssOS::Running Make include in ps7_cortexa9_0/libsrc/gpiops_v3_9/src

TRACE::2026-09-16.20:07:43::SCWMssOS::Running Make include in ps7_cortexa9_0/libsrc/scugic_v4_5/src

TRACE::2026-09-16.20:07:43::SCWMssOS::make -C ps7_cortexa9_0/libsrc/gpiops_v3_9/src -s include  "SHELL=/bin/sh" "COMPILER=arm-none-eabi-gcc" "ASSEMBLER=arm-none-eabi
TRACE::2026-09-16.20:07:43::SCWMssOS::-as" "ARCHIVER=arm-none-eabi-ar" "COMPILER_FLAGS=  -O2 -c" "EXTRA_COMPILER_FLAGS=-mcpu=cortex-a9 -mfpu=vfpv3 -mfloat-abi=hard -
TRACE::2026-09-16.20:07:43::SCWMssOS::nostartfiles -g -Wall -Wextra -fno-tree-loop-distribute-patterns"

TRACE::2026-09-16.20:07:43::SCWMssOS::make -C ps7_cortexa9_0/libsrc/scugic_v4_5/src -s include  "SHELL=/bin/sh" "COMPILER=arm-none-eabi-gcc" "ASSEMBLER=arm-none-eabi
TRACE::2026-09-16.20:07:43::SCWMssOS::-as" "ARCHIVER=arm-none-eabi-ar" "COMPILER_FLAGS=  -O2 -c" "EXTRA_COMPILER_FLAGS=-mcpu=cortex-a9 -mfpu=vfpv3 -mfloat-abi=hard -
TRACE::2026-09-16.20:07:43::SCWMssOS::nostartfiles -g -Wall -Wextra -fno-tree-loop-distribute-patterns"

TRACE::2026-09-16.20:07:43::SCWMssOS::Running Make include in ps7_cortexa9_0/libsrc/scuwdt_v2_4/src

TRACE::2026-09-16.20:07:43::SCWMssOS::Running Make include in ps7_cortexa9_0/libsrc/devcfg_v3_7/src

TRACE::2026-09-16.20:07:43::SCWMssOS::make -C ps7_cortexa9_0/libsrc/scuwdt_v2_4/src -s include  "SHELL=/bin/sh" "COMPILER=arm-none-eabi-gcc" "ASSEMBLER=arm-none-eabi
TRACE::2026-09-16.20:07:43::SCWMssOS::-as" "ARCHIVER=arm-none-eabi-ar" "COMPILER_FLAGS=  -O2 -c" "EXTRA_COMPILER_FLAGS=-mcpu=cortex-a9 -mfpu=vfpv3 -mfloat-abi=hard -
TRACE::2026-09-16.20:07:43::SCWMssOS::nostartfiles -g -Wall -Wextra -fno-tree-loop-distribute-patterns"

TRACE::2026-09-16.20:07:43::SCWMssOS::make -C ps7_cortexa9_0/libsrc/devcfg_v3_7/src -s include  "SHELL=/bin/sh" "COMPILER=arm-none-eabi-gcc" "ASSEMBLER=arm-none-eabi
TRACE::2026-09-16.20:07:43::SCWMssOS::-as" "ARCHIVER=arm-none-eabi-ar" "COMPILER_FLAGS=  -O2 -c" "EXTRA_COMPILER_FLAGS=-mcpu=cortex-a9 -mfpu=vfpv3 -mfloat-abi=hard -
TRACE::2026-09-16.20:07:43::SCWMssOS::nostartfiles -g -Wall -Wextra -fno-tree-loop-distribute-patterns"

TRACE::2026-09-16.20:07:43::SCWMssOS::Running Make include in ps7_cortexa9_0/libsrc/standalone_v7_5/src

TRACE::2026-09-16.20:07:43::SCWMssOS::make -C ps7_cortexa9_0/libsrc/standalone_v7_5/src -s include  "SHELL=/bin/sh" "COMPILER=arm-none-eabi-gcc" "ASSEMBLER=arm-none-
TRACE::2026-09-16.20:07:43::SCWMssOS::eabi-as" "ARCHIVER=arm-none-eabi-ar" "COMPILER_FLAGS=  -O2 -c" "EXTRA_COMPILER_FLAGS=-mcpu=cortex-a9 -mfpu=vfpv3 -mfloat-abi=ha
TRACE::2026-09-16.20:07:43::SCWMssOS::rd -nostartfiles -g -Wall -Wextra -fno-tree-loop-distribute-patterns"

TRACE::2026-09-16.20:07:43::SCWMssOS::Running Make include in ps7_cortexa9_0/libsrc/uartps_v3_11/src

TRACE::2026-09-16.20:07:43::SCWMssOS::make -C ps7_cortexa9_0/libsrc/uartps_v3_11/src -s include  "SHELL=/bin/sh" "COMPILER=arm-none-eabi-gcc" "ASSEMBLER=arm-none-eab
TRACE::2026-09-16.20:07:43::SCWMssOS::i-as" "ARCHIVER=arm-none-eabi-ar" "COMPILER_FLAGS=  -O2 -c" "EXTRA_COMPILER_FLAGS=-mcpu=cortex-a9 -mfpu=vfpv3 -mfloat-abi=hard 
TRACE::2026-09-16.20:07:43::SCWMssOS::-nostartfiles -g -Wall -Wextra -fno-tree-loop-distribute-patterns"

TRACE::2026-09-16.20:07:43::SCWMssOS::Running Make include in ps7_cortexa9_0/libsrc/gpio_v4_8/src

TRACE::2026-09-16.20:07:43::SCWMssOS::make -C ps7_cortexa9_0/libsrc/gpio_v4_8/src -s include  "SHELL=/bin/sh" "COMPILER=arm-none-eabi-gcc" "ASSEMBLER=arm-none-eabi-a
TRACE::2026-09-16.20:07:43::SCWMssOS::s" "ARCHIVER=arm-none-eabi-ar" "COMPILER_FLAGS=  -O2 -c" "EXTRA_COMPILER_FLAGS=-mcpu=cortex-a9 -mfpu=vfpv3 -mfloat-abi=hard -no
TRACE::2026-09-16.20:07:43::SCWMssOS::startfiles -g -Wall -Wextra -fno-tree-loop-distribute-patterns"

TRACE::2026-09-16.20:07:43::SCWMssOS::Running Make include in ps7_cortexa9_0/libsrc/ddrps_v1_2/src

TRACE::2026-09-16.20:07:43::SCWMssOS::make -C ps7_cortexa9_0/libsrc/ddrps_v1_2/src -s include  "SHELL=/bin/sh" "COMPILER=arm-none-eabi-gcc" "ASSEMBLER=arm-none-eabi-
TRACE::2026-09-16.20:07:43::SCWMssOS::as" "ARCHIVER=arm-none-eabi-ar" "COMPILER_FLAGS=  -O2 -c" "EXTRA_COMPILER_FLAGS=-mcpu=cortex-a9 -mfpu=vfpv3 -mfloat-abi=hard -n
TRACE::2026-09-16.20:07:43::SCWMssOS::ostartfiles -g -Wall -Wextra -fno-tree-loop-distribute-patterns"

TRACE::2026-09-16.20:07:43::SCWMssOS::Running Make include in ps7_cortexa9_0/libsrc/sdps_v3_12/src

TRACE::2026-09-16.20:07:43::SCWMssOS::make -C ps7_cortexa9_0/libsrc/sdps_v3_12/src -s include  "SHELL=/bin/sh" "COMPILER=arm-none-eabi-gcc" "ASSEMBLER=arm-none-eabi-
TRACE::2026-09-16.20:07:43::SCWMssOS::as" "ARCHIVER=arm-none-eabi-ar" "COMPILER_FLAGS=  -O2 -c" "EXTRA_COMPILER_FLAGS=-mcpu=cortex-a9 -mfpu=vfpv3 -mfloat-abi=hard -n
TRACE::2026-09-16.20:07:43::SCWMssOS::ostartfiles -g -Wall -Wextra -fno-tree-loop-distribute-patterns"

TRACE::2026-09-16.20:07:43::SCWMssOS::Running Make include in ps7_cortexa9_0/libsrc/emacps_v3_14/src

TRACE::2026-09-16.20:07:43::SCWMssOS::make -C ps7_cortexa9_0/libsrc/emacps_v3_14/src -s include  "SHELL=/bin/sh" "COMPILER=arm-none-eabi-gcc" "ASSEMBLER=arm-none-eab
TRACE::2026-09-16.20:07:43::SCWMssOS::i-as" "ARCHIVER=arm-none-eabi-ar" "COMPILER_FLAGS=  -O2 -c" "EXTRA_COMPILER_FLAGS=-mcpu=cortex-a9 -mfpu=vfpv3 -mfloat-abi=hard 
TRACE::2026-09-16.20:07:43::SCWMssOS::-nostartfiles -g -Wall -Wextra -fno-tree-loop-distribute-patterns"

TRACE::2026-09-16.20:07:43::SCWMssOS::Running Make include in ps7_cortexa9_0/libsrc/ttcps_v3_14/src

TRACE::2026-09-16.20:07:43::SCWMssOS::make -C ps7_cortexa9_0/libsrc/ttcps_v3_14/src -s include  "SHELL=/bin/sh" "COMPILER=arm-none-eabi-gcc" "ASSEMBLER=arm-none-eabi
TRACE::2026-09-16.20:07:43::SCWMssOS::-as" "ARCHIVER=arm-none-eabi-ar" "COMPILER_FLAGS=  -O2 -c" "EXTRA_COMPILER_FLAGS=-mcpu=cortex-a9 -mfpu=vfpv3 -mfloat-abi=hard -
TRACE::2026-09-16.20:07:43::SCWMssOS::nostartfiles -g -Wall -Wextra -fno-tree-loop-distribute-patterns"

TRACE::2026-09-16.20:07:43::SCWMssOS::Running Make include in ps7_cortexa9_0/libsrc/usbps_v2_7/src

TRACE::2026-09-16.20:07:43::SCWMssOS::Running Make include in ps7_cortexa9_0/libsrc/coresightps_dcc_v1_8/src

TRACE::2026-09-16.20:07:43::SCWMssOS::make -C ps7_cortexa9_0/libsrc/usbps_v2_7/src -s include  "SHELL=/bin/sh" "COMPILER=arm-none-eabi-gcc" "ASSEMBLER=arm-none-eabi-
TRACE::2026-09-16.20:07:43::SCWMssOS::as" "ARCHIVER=arm-none-eabi-ar" "COMPILER_FLAGS=  -O2 -c" "EXTRA_COMPILER_FLAGS=-mcpu=cortex-a9 -mfpu=vfpv3 -mfloat-abi=hard -n
TRACE::2026-09-16.20:07:43::SCWMssOS::ostartfiles -g -Wall -Wextra -fno-tree-loop-distribute-patterns"

TRACE::2026-09-16.20:07:43::SCWMssOS::make -C ps7_cortexa9_0/libsrc/coresightps_dcc_v1_8/src -s include  "SHELL=/bin/sh" "COMPILER=arm-none-eabi-gcc" "ASSEMBLER=arm-
TRACE::2026-09-16.20:07:43::SCWMssOS::none-eabi-as" "ARCHIVER=arm-none-eabi-ar" "COMPILER_FLAGS=  -O2 -c" "EXTRA_COMPILER_FLAGS=-mcpu=cortex-a9 -mfpu=vfpv3 -mfloat-a
TRACE::2026-09-16.20:07:43::SCWMssOS::bi=hard -nostartfiles -g -Wall -Wextra -fno-tree-loop-distribute-patterns"

TRACE::2026-09-16.20:07:43::SCWMssOS::Running Make include in ps7_cortexa9_0/libsrc/tmrctr_v4_8/src

TRACE::2026-09-16.20:07:43::SCWMssOS::make -C ps7_cortexa9_0/libsrc/tmrctr_v4_8/src -s include  "SHELL=/bin/sh" "COMPILER=arm-none-eabi-gcc" "ASSEMBLER=arm-none-eabi
TRACE::2026-09-16.20:07:43::SCWMssOS::-as" "ARCHIVER=arm-none-eabi-ar" "COMPILER_FLAGS=  -O2 -c" "EXTRA_COMPILER_FLAGS=-mcpu=cortex-a9 -mfpu=vfpv3 -mfloat-abi=hard -
TRACE::2026-09-16.20:07:43::SCWMssOS::nostartfiles -g -Wall -Wextra -fno-tree-loop-distribute-patterns"

TRACE::2026-09-16.20:07:43::SCWMssOS::Running Make include in ps7_cortexa9_0/libsrc/xadcps_v2_6/src

TRACE::2026-09-16.20:07:43::SCWMssOS::make -C ps7_cortexa9_0/libsrc/xadcps_v2_6/src -s include  "SHELL=/bin/sh" "COMPILER=arm-none-eabi-gcc" "ASSEMBLER=arm-none-eabi
TRACE::2026-09-16.20:07:43::SCWMssOS::-as" "ARCHIVER=arm-none-eabi-ar" "COMPILER_FLAGS=  -O2 -c" "EXTRA_COMPILER_FLAGS=-mcpu=cortex-a9 -mfpu=vfpv3 -mfloat-abi=hard -
TRACE::2026-09-16.20:07:43::SCWMssOS::nostartfiles -g -Wall -Wextra -fno-tree-loop-distribute-patterns"

TRACE::2026-09-16.20:07:43::SCWMssOS::Running Make include in ps7_cortexa9_0/libsrc/cpu_cortexa9_v2_11/src

TRACE::2026-09-16.20:07:43::SCWMssOS::make -C ps7_cortexa9_0/libsrc/cpu_cortexa9_v2_11/src -s include  "SHELL=/bin/sh" "COMPILER=arm-none-eabi-gcc" "ASSEMBLER=arm-no
TRACE::2026-09-16.20:07:43::SCWMssOS::ne-eabi-as" "ARCHIVER=arm-none-eabi-ar" "COMPILER_FLAGS=  -O2 -c" "EXTRA_COMPILER_FLAGS=-mcpu=cortex-a9 -mfpu=vfpv3 -mfloat-abi
TRACE::2026-09-16.20:07:43::SCWMssOS::=hard -nostartfiles -g -Wall -Wextra -fno-tree-loop-distribute-patterns"

TRACE::2026-09-16.20:07:43::SCWMssOS::Running Make include in ps7_cortexa9_0/libsrc/qspips_v3_9/src

TRACE::2026-09-16.20:07:43::SCWMssOS::make -C ps7_cortexa9_0/libsrc/qspips_v3_9/src -s include  "SHELL=/bin/sh" "COMPILER=arm-none-eabi-gcc" "ASSEMBLER=arm-none-eabi
TRACE::2026-09-16.20:07:43::SCWMssOS::-as" "ARCHIVER=arm-none-eabi-ar" "COMPILER_FLAGS=  -O2 -c" "EXTRA_COMPILER_FLAGS=-mcpu=cortex-a9 -mfpu=vfpv3 -mfloat-abi=hard -
TRACE::2026-09-16.20:07:43::SCWMssOS::nostartfiles -g -Wall -Wextra -fno-tree-loop-distribute-patterns"

TRACE::2026-09-16.20:07:43::SCWMssOS::Running Make include in ps7_cortexa9_0/libsrc/dmaps_v2_8/src

TRACE::2026-09-16.20:07:43::SCWMssOS::make -C ps7_cortexa9_0/libsrc/dmaps_v2_8/src -s include  "SHELL=/bin/sh" "COMPILER=arm-none-eabi-gcc" "ASSEMBLER=arm-none-eabi-
TRACE::2026-09-16.20:07:43::SCWMssOS::as" "ARCHIVER=arm-none-eabi-ar" "COMPILER_FLAGS=  -O2 -c" "EXTRA_COMPILER_FLAGS=-mcpu=cortex-a9 -mfpu=vfpv3 -mfloat-abi=hard -n
TRACE::2026-09-16.20:07:43::SCWMssOS::ostartfiles -g -Wall -Wextra -fno-tree-loop-distribute-patterns"

TRACE::2026-09-16.20:07:43::SCWMssOS::Running Make include in ps7_cortexa9_0/libsrc/scutimer_v2_3/src

TRACE::2026-09-16.20:07:43::SCWMssOS::make -C ps7_cortexa9_0/libsrc/scutimer_v2_3/src -s include  "SHELL=/bin/sh" "COMPILER=arm-none-eabi-gcc" "ASSEMBLER=arm-none-ea
TRACE::2026-09-16.20:07:43::SCWMssOS::bi-as" "ARCHIVER=arm-none-eabi-ar" "COMPILER_FLAGS=  -O2 -c" "EXTRA_COMPILER_FLAGS=-mcpu=cortex-a9 -mfpu=vfpv3 -mfloat-abi=hard
TRACE::2026-09-16.20:07:43::SCWMssOS:: -nostartfiles -g -Wall -Wextra -fno-tree-loop-distribute-patterns"

TRACE::2026-09-16.20:07:43::SCWMssOS::Running Make libs in ps7_cortexa9_0/libsrc/scuwdt_v2_4/src

TRACE::2026-09-16.20:07:43::SCWMssOS::Running Make libs in ps7_cortexa9_0/libsrc/scugic_v4_5/src

TRACE::2026-09-16.20:07:43::SCWMssOS::make -C ps7_cortexa9_0/libsrc/scugic_v4_5/src -s libs  "SHELL=/bin/sh" "COMPILER=arm-none-eabi-gcc" "ASSEMBLER=arm-none-eabi-as
TRACE::2026-09-16.20:07:43::SCWMssOS::" "ARCHIVER=arm-none-eabi-ar" "COMPILER_FLAGS=  -O2 -c" "EXTRA_COMPILER_FLAGS=-mcpu=cortex-a9 -mfpu=vfpv3 -mfloat-abi=hard -nos
TRACE::2026-09-16.20:07:43::SCWMssOS::tartfiles -g -Wall -Wextra -fno-tree-loop-distribute-patterns"

TRACE::2026-09-16.20:07:43::SCWMssOS::make -C ps7_cortexa9_0/libsrc/scuwdt_v2_4/src -s libs  "SHELL=/bin/sh" "COMPILER=arm-none-eabi-gcc" "ASSEMBLER=arm-none-eabi-as
TRACE::2026-09-16.20:07:43::SCWMssOS::" "ARCHIVER=arm-none-eabi-ar" "COMPILER_FLAGS=  -O2 -c" "EXTRA_COMPILER_FLAGS=-mcpu=cortex-a9 -mfpu=vfpv3 -mfloat-abi=hard -nos
TRACE::2026-09-16.20:07:43::SCWMssOS::tartfiles -g -Wall -Wextra -fno-tree-loop-distribute-patterns"

TRACE::2026-09-16.20:07:43::SCWMssOS::Running Make libs in ps7_cortexa9_0/libsrc/devcfg_v3_7/src

TRACE::2026-09-16.20:07:43::SCWMssOS::Running Make libs in ps7_cortexa9_0/libsrc/gpiops_v3_9/src

TRACE::2026-09-16.20:07:43::SCWMssOS::make -C ps7_cortexa9_0/libsrc/devcfg_v3_7/src -s libs  "SHELL=/bin/sh" "COMPILER=arm-none-eabi-gcc" "ASSEMBLER=arm-none-eabi-as
TRACE::2026-09-16.20:07:43::SCWMssOS::" "ARCHIVER=arm-none-eabi-ar" "COMPILER_FLAGS=  -O2 -c" "EXTRA_COMPILER_FLAGS=-mcpu=cortex-a9 -mfpu=vfpv3 -mfloat-abi=hard -nos
TRACE::2026-09-16.20:07:43::SCWMssOS::tartfiles -g -Wall -Wextra -fno-tree-loop-distribute-patterns"

TRACE::2026-09-16.20:07:43::SCWMssOS::Running Make libs in ps7_cortexa9_0/libsrc/standalone_v7_5/src

TRACE::2026-09-16.20:07:43::SCWMssOS::Running Make libs in ps7_cortexa9_0/libsrc/uartps_v3_11/src

TRACE::2026-09-16.20:07:43::SCWMssOS::make -C ps7_cortexa9_0/libsrc/gpiops_v3_9/src -s libs  "SHELL=/bin/sh" "COMPILER=arm-none-eabi-gcc" "ASSEMBLER=arm-none-eabi-as
TRACE::2026-09-16.20:07:43::SCWMssOS::" "ARCHIVER=arm-none-eabi-ar" "COMPILER_FLAGS=  -O2 -c" "EXTRA_COMPILER_FLAGS=-mcpu=cortex-a9 -mfpu=vfpv3 -mfloat-abi=hard -nos
TRACE::2026-09-16.20:07:43::SCWMssOS::tartfiles -g -Wall -Wextra -fno-tree-loop-distribute-patterns"

TRACE::2026-09-16.20:07:43::SCWMssOS::make -C ps7_cortexa9_0/libsrc/standalone_v7_5/src -s libs  "SHELL=/bin/sh" "COMPILER=arm-none-eabi-gcc" "ASSEMBLER=arm-none-eab
TRACE::2026-09-16.20:07:43::SCWMssOS::i-as" "ARCHIVER=arm-none-eabi-ar" "COMPILER_FLAGS=  -O2 -c" "EXTRA_COMPILER_FLAGS=-mcpu=cortex-a9 -mfpu=vfpv3 -mfloat-abi=hard 
TRACE::2026-09-16.20:07:43::SCWMssOS::-nostartfiles -g -Wall -Wextra -fno-tree-loop-distribute-patterns"

TRACE::2026-09-16.20:07:43::SCWMssOS::make -C ps7_cortexa9_0/libsrc/uartps_v3_11/src -s libs  "SHELL=/bin/sh" "COMPILER=arm-none-eabi-gcc" "ASSEMBLER=arm-none-eabi-a
TRACE::2026-09-16.20:07:43::SCWMssOS::s" "ARCHIVER=arm-none-eabi-ar" "COMPILER_FLAGS=  -O2 -c" "EXTRA_COMPILER_FLAGS=-mcpu=cortex-a9 -mfpu=vfpv3 -mfloat-abi=hard -no
TRACE::2026-09-16.20:07:43::SCWMssOS::startfiles -g -Wall -Wextra -fno-tree-loop-distribute-patterns"

TRACE::2026-09-16.20:07:43::SCWMssOS::Running Make libs in ps7_cortexa9_0/libsrc/gpio_v4_8/src

TRACE::2026-09-16.20:07:43::SCWMssOS::make -C ps7_cortexa9_0/libsrc/gpio_v4_8/src -s libs  "SHELL=/bin/sh" "COMPILER=arm-none-eabi-gcc" "ASSEMBLER=arm-none-eabi-as" 
TRACE::2026-09-16.20:07:43::SCWMssOS::"ARCHIVER=arm-none-eabi-ar" "COMPILER_FLAGS=  -O2 -c" "EXTRA_COMPILER_FLAGS=-mcpu=cortex-a9 -mfpu=vfpv3 -mfloat-abi=hard -nosta
TRACE::2026-09-16.20:07:43::SCWMssOS::rtfiles -g -Wall -Wextra -fno-tree-loop-distribute-patterns"

TRACE::2026-09-16.20:07:44::SCWMssOS::Running Make libs in ps7_cortexa9_0/libsrc/ddrps_v1_2/src

TRACE::2026-09-16.20:07:44::SCWMssOS::make -C ps7_cortexa9_0/libsrc/ddrps_v1_2/src -s libs  "SHELL=/bin/sh" "COMPILER=arm-none-eabi-gcc" "ASSEMBLER=arm-none-eabi-as"
TRACE::2026-09-16.20:07:44::SCWMssOS:: "ARCHIVER=arm-none-eabi-ar" "COMPILER_FLAGS=  -O2 -c" "EXTRA_COMPILER_FLAGS=-mcpu=cortex-a9 -mfpu=vfpv3 -mfloat-abi=hard -nost
TRACE::2026-09-16.20:07:44::SCWMssOS::artfiles -g -Wall -Wextra -fno-tree-loop-distribute-patterns"

TRACE::2026-09-16.20:07:44::SCWMssOS::Running Make libs in ps7_cortexa9_0/libsrc/sdps_v3_12/src

TRACE::2026-09-16.20:07:44::SCWMssOS::make -C ps7_cortexa9_0/libsrc/sdps_v3_12/src -s libs  "SHELL=/bin/sh" "COMPILER=arm-none-eabi-gcc" "ASSEMBLER=arm-none-eabi-as"
TRACE::2026-09-16.20:07:44::SCWMssOS:: "ARCHIVER=arm-none-eabi-ar" "COMPILER_FLAGS=  -O2 -c" "EXTRA_COMPILER_FLAGS=-mcpu=cortex-a9 -mfpu=vfpv3 -mfloat-abi=hard -nost
TRACE::2026-09-16.20:07:44::SCWMssOS::artfiles -g -Wall -Wextra -fno-tree-loop-distribute-patterns"

TRACE::2026-09-16.20:07:44::SCWMssOS::Running Make libs in ps7_cortexa9_0/libsrc/emacps_v3_14/src

TRACE::2026-09-16.20:07:44::SCWMssOS::make -C ps7_cortexa9_0/libsrc/emacps_v3_14/src -s libs  "SHELL=/bin/sh" "COMPILER=arm-none-eabi-gcc" "ASSEMBLER=arm-none-eabi-a
TRACE::2026-09-16.20:07:44::SCWMssOS::s" "ARCHIVER=arm-none-eabi-ar" "COMPILER_FLAGS=  -O2 -c" "EXTRA_COMPILER_FLAGS=-mcpu=cortex-a9 -mfpu=vfpv3 -mfloat-abi=hard -no
TRACE::2026-09-16.20:07:44::SCWMssOS::startfiles -g -Wall -Wextra -fno-tree-loop-distribute-patterns"

TRACE::2026-09-16.20:07:44::SCWMssOS::Running Make libs in ps7_cortexa9_0/libsrc/ttcps_v3_14/src

TRACE::2026-09-16.20:07:44::SCWMssOS::make -C ps7_cortexa9_0/libsrc/ttcps_v3_14/src -s libs  "SHELL=/bin/sh" "COMPILER=arm-none-eabi-gcc" "ASSEMBLER=arm-none-eabi-as
TRACE::2026-09-16.20:07:44::SCWMssOS::" "ARCHIVER=arm-none-eabi-ar" "COMPILER_FLAGS=  -O2 -c" "EXTRA_COMPILER_FLAGS=-mcpu=cortex-a9 -mfpu=vfpv3 -mfloat-abi=hard -nos
TRACE::2026-09-16.20:07:44::SCWMssOS::tartfiles -g -Wall -Wextra -fno-tree-loop-distribute-patterns"

TRACE::2026-09-16.20:07:44::SCWMssOS::Running Make libs in ps7_cortexa9_0/libsrc/usbps_v2_7/src

TRACE::2026-09-16.20:07:44::SCWMssOS::make -C ps7_cortexa9_0/libsrc/usbps_v2_7/src -s libs  "SHELL=/bin/sh" "COMPILER=arm-none-eabi-gcc" "ASSEMBLER=arm-none-eabi-as"
TRACE::2026-09-16.20:07:44::SCWMssOS:: "ARCHIVER=arm-none-eabi-ar" "COMPILER_FLAGS=  -O2 -c" "EXTRA_COMPILER_FLAGS=-mcpu=cortex-a9 -mfpu=vfpv3 -mfloat-abi=hard -nost
TRACE::2026-09-16.20:07:44::SCWMssOS::artfiles -g -Wall -Wextra -fno-tree-loop-distribute-patterns"

TRACE::2026-09-16.20:07:44::SCWMssOS::Running Make libs in ps7_cortexa9_0/libsrc/coresightps_dcc_v1_8/src

TRACE::2026-09-16.20:07:44::SCWMssOS::make -C ps7_cortexa9_0/libsrc/coresightps_dcc_v1_8/src -s libs  "SHELL=/bin/sh" "COMPILER=arm-none-eabi-gcc" "ASSEMBLER=arm-non
TRACE::2026-09-16.20:07:44::SCWMssOS::e-eabi-as" "ARCHIVER=arm-none-eabi-ar" "COMPILER_FLAGS=  -O2 -c" "EXTRA_COMPILER_FLAGS=-mcpu=cortex-a9 -mfpu=vfpv3 -mfloat-abi=
TRACE::2026-09-16.20:07:44::SCWMssOS::hard -nostartfiles -g -Wall -Wextra -fno-tree-loop-distribute-patterns"

TRACE::2026-09-16.20:07:44::SCWMssOS::Running Make libs in ps7_cortexa9_0/libsrc/tmrctr_v4_8/src

TRACE::2026-09-16.20:07:44::SCWMssOS::make -C ps7_cortexa9_0/libsrc/tmrctr_v4_8/src -s libs  "SHELL=/bin/sh" "COMPILER=arm-none-eabi-gcc" "ASSEMBLER=arm-none-eabi-as
TRACE::2026-09-16.20:07:44::SCWMssOS::" "ARCHIVER=arm-none-eabi-ar" "COMPILER_FLAGS=  -O2 -c" "EXTRA_COMPILER_FLAGS=-mcpu=cortex-a9 -mfpu=vfpv3 -mfloat-abi=hard -nos
TRACE::2026-09-16.20:07:44::SCWMssOS::tartfiles -g -Wall -Wextra -fno-tree-loop-distribute-patterns"

TRACE::2026-09-16.20:07:45::SCWMssOS::Running Make libs in ps7_cortexa9_0/libsrc/xadcps_v2_6/src

TRACE::2026-09-16.20:07:45::SCWMssOS::make -C ps7_cortexa9_0/libsrc/xadcps_v2_6/src -s libs  "SHELL=/bin/sh" "COMPILER=arm-none-eabi-gcc" "ASSEMBLER=arm-none-eabi-as
TRACE::2026-09-16.20:07:45::SCWMssOS::" "ARCHIVER=arm-none-eabi-ar" "COMPILER_FLAGS=  -O2 -c" "EXTRA_COMPILER_FLAGS=-mcpu=cortex-a9 -mfpu=vfpv3 -mfloat-abi=hard -nos
TRACE::2026-09-16.20:07:45::SCWMssOS::tartfiles -g -Wall -Wextra -fno-tree-loop-distribute-patterns"

TRACE::2026-09-16.20:07:45::SCWMssOS::Running Make libs in ps7_cortexa9_0/libsrc/cpu_cortexa9_v2_11/src

TRACE::2026-09-16.20:07:45::SCWMssOS::make -C ps7_cortexa9_0/libsrc/cpu_cortexa9_v2_11/src -s libs  "SHELL=/bin/sh" "COMPILER=arm-none-eabi-gcc" "ASSEMBLER=arm-none-
TRACE::2026-09-16.20:07:45::SCWMssOS::eabi-as" "ARCHIVER=arm-none-eabi-ar" "COMPILER_FLAGS=  -O2 -c" "EXTRA_COMPILER_FLAGS=-mcpu=cortex-a9 -mfpu=vfpv3 -mfloat-abi=ha
TRACE::2026-09-16.20:07:45::SCWMssOS::rd -nostartfiles -g -Wall -Wextra -fno-tree-loop-distribute-patterns"

TRACE::2026-09-16.20:07:45::SCWMssOS::Running Make libs in ps7_cortexa9_0/libsrc/qspips_v3_9/src

TRACE::2026-09-16.20:07:45::SCWMssOS::make -C ps7_cortexa9_0/libsrc/qspips_v3_9/src -s libs  "SHELL=/bin/sh" "COMPILER=arm-none-eabi-gcc" "ASSEMBLER=arm-none-eabi-as
TRACE::2026-09-16.20:07:45::SCWMssOS::" "ARCHIVER=arm-none-eabi-ar" "COMPILER_FLAGS=  -O2 -c" "EXTRA_COMPILER_FLAGS=-mcpu=cortex-a9 -mfpu=vfpv3 -mfloat-abi=hard -nos
TRACE::2026-09-16.20:07:45::SCWMssOS::tartfiles -g -Wall -Wextra -fno-tree-loop-distribute-patterns"

TRACE::2026-09-16.20:07:45::SCWMssOS::Running Make libs in ps7_cortexa9_0/libsrc/dmaps_v2_8/src

TRACE::2026-09-16.20:07:45::SCWMssOS::make -C ps7_cortexa9_0/libsrc/dmaps_v2_8/src -s libs  "SHELL=/bin/sh" "COMPILER=arm-none-eabi-gcc" "ASSEMBLER=arm-none-eabi-as"
TRACE::2026-09-16.20:07:45::SCWMssOS:: "ARCHIVER=arm-none-eabi-ar" "COMPILER_FLAGS=  -O2 -c" "EXTRA_COMPILER_FLAGS=-mcpu=cortex-a9 -mfpu=vfpv3 -mfloat-abi=hard -nost
TRACE::2026-09-16.20:07:45::SCWMssOS::artfiles -g -Wall -Wextra -fno-tree-loop-distribute-patterns"

TRACE::2026-09-16.20:07:45::SCWMssOS::Running Make libs in ps7_cortexa9_0/libsrc/scutimer_v2_3/src

TRACE::2026-09-16.20:07:45::SCWMssOS::make -C ps7_cortexa9_0/libsrc/scutimer_v2_3/src -s libs  "SHELL=/bin/sh" "COMPILER=arm-none-eabi-gcc" "ASSEMBLER=arm-none-eabi-
TRACE::2026-09-16.20:07:45::SCWMssOS::as" "ARCHIVER=arm-none-eabi-ar" "COMPILER_FLAGS=  -O2 -c" "EXTRA_COMPILER_FLAGS=-mcpu=cortex-a9 -mfpu=vfpv3 -mfloat-abi=hard -n
TRACE::2026-09-16.20:07:45::SCWMssOS::ostartfiles -g -Wall -Wextra -fno-tree-loop-distribute-patterns"

TRACE::2026-09-16.20:07:45::SCWMssOS::Finished building libraries parallelly.

TRACE::2026-09-16.20:07:45::SCWMssOS::make --no-print-directory archive

TRACE::2026-09-16.20:07:45::SCWMssOS::arm-none-eabi-ar -r  ps7_cortexa9_0/lib/libxil.a ps7_cortexa9_0/lib/_sbrk.o ps7_cortexa9_0/lib/xsdps_sinit.o ps7_cortexa9_0/lib
TRACE::2026-09-16.20:07:45::SCWMssOS::/xusbps_g.o ps7_cortexa9_0/lib/xusbps_endpoint.o ps7_cortexa9_0/lib/xgpiops.o ps7_cortexa9_0/lib/xtmrctr_selftest.o ps7_cortexa
TRACE::2026-09-16.20:07:45::SCWMssOS::9_0/lib/xemacps_sinit.o ps7_cortexa9_0/lib/xtmrctr_sinit.o ps7_cortexa9_0/lib/xpm_counter.o ps7_cortexa9_0/lib/xttcps.o ps7_cor
TRACE::2026-09-16.20:07:45::SCWMssOS::texa9_0/lib/xdevcfg_selftest.o ps7_cortexa9_0/lib/xscutimer.o ps7_cortexa9_0/lib/xdmaps.o ps7_cortexa9_0/lib/xdevcfg_sinit.o ps
TRACE::2026-09-16.20:07:45::SCWMssOS::7_cortexa9_0/lib/xqspips_g.o ps7_cortexa9_0/lib/getpid.o ps7_cortexa9_0/lib/xdevcfg_g.o ps7_cortexa9_0/lib/abort.o ps7_cortexa9
TRACE::2026-09-16.20:07:45::SCWMssOS::_0/lib/usleep.o ps7_cortexa9_0/lib/asm_vectors.o ps7_cortexa9_0/lib/xtmrctr_g.o ps7_cortexa9_0/lib/xl2cc_counter.o ps7_cortexa9
TRACE::2026-09-16.20:07:45::SCWMssOS::_0/lib/xusbps_hw.o ps7_cortexa9_0/lib/xil_testmem.o ps7_cortexa9_0/lib/lseek.o ps7_cortexa9_0/lib/outbyte.o ps7_cortexa9_0/lib/
TRACE::2026-09-16.20:07:45::SCWMssOS::xuartps_g.o ps7_cortexa9_0/lib/xuartps_selftest.o ps7_cortexa9_0/lib/xuartps_sinit.o ps7_cortexa9_0/lib/xadcps.o ps7_cortexa9_0
TRACE::2026-09-16.20:07:45::SCWMssOS::/lib/kill.o ps7_cortexa9_0/lib/xil_testcache.o ps7_cortexa9_0/lib/xdmaps_sinit.o ps7_cortexa9_0/lib/xtmrctr.o ps7_cortexa9_0/li
TRACE::2026-09-16.20:07:45::SCWMssOS::b/xgpio_sinit.o ps7_cortexa9_0/lib/xscuwdt.o ps7_cortexa9_0/lib/xgpio_g.o ps7_cortexa9_0/lib/xgpiops_selftest.o ps7_cortexa9_0/
TRACE::2026-09-16.20:07:45::SCWMssOS::lib/xusbps_sinit.o ps7_cortexa9_0/lib/xemacps_g.o ps7_cortexa9_0/lib/close.o ps7_cortexa9_0/lib/xsdps.o ps7_cortexa9_0/lib/xgpi
TRACE::2026-09-16.20:07:45::SCWMssOS::ops_g.o ps7_cortexa9_0/lib/xqspips_hw.o ps7_cortexa9_0/lib/xttcps_selftest.o ps7_cortexa9_0/lib/putnum.o ps7_cortexa9_0/lib/xil
TRACE::2026-09-16.20:07:45::SCWMssOS::_misc_psreset_api.o ps7_cortexa9_0/lib/xscutimer_selftest.o ps7_cortexa9_0/lib/xttcps_sinit.o ps7_cortexa9_0/lib/xscutimer_sini
TRACE::2026-09-16.20:07:45::SCWMssOS::t.o ps7_cortexa9_0/lib/xttcps_g.o ps7_cortexa9_0/lib/xsdps_options.o ps7_cortexa9_0/lib/xscutimer_g.o ps7_cortexa9_0/lib/xdmaps
TRACE::2026-09-16.20:07:45::SCWMssOS::_g.o ps7_cortexa9_0/lib/xqspips_options.o ps7_cortexa9_0/lib/xil_sleeptimer.o ps7_cortexa9_0/lib/xdevcfg_hw.o ps7_cortexa9_0/li
TRACE::2026-09-16.20:07:45::SCWMssOS::b/unlink.o ps7_cortexa9_0/lib/_exit.o ps7_cortexa9_0/lib/xtmrctr_options.o ps7_cortexa9_0/lib/time.o ps7_cortexa9_0/lib/xplatfo
TRACE::2026-09-16.20:07:45::SCWMssOS::rm_info.o ps7_cortexa9_0/lib/xadcps_selftest.o ps7_cortexa9_0/lib/xil_printf.o ps7_cortexa9_0/lib/xgpio_selftest.o ps7_cortexa9
TRACE::2026-09-16.20:07:45::SCWMssOS::_0/lib/xadcps_sinit.o ps7_cortexa9_0/lib/xqspips_sinit.o ps7_cortexa9_0/lib/xtmrctr_stats.o ps7_cortexa9_0/lib/xadcps_g.o ps7_c
TRACE::2026-09-16.20:07:45::SCWMssOS::ortexa9_0/lib/xuartps_hw.o ps7_cortexa9_0/lib/xscugic.o ps7_cortexa9_0/lib/xil-crt0.o ps7_cortexa9_0/lib/isatty.o ps7_cortexa9_
TRACE::2026-09-16.20:07:45::SCWMssOS::0/lib/xgpio_extra.o ps7_cortexa9_0/lib/xscuwdt_selftest.o ps7_cortexa9_0/lib/xemacps_intr.o ps7_cortexa9_0/lib/xtmrctr_intr.o p
TRACE::2026-09-16.20:07:45::SCWMssOS::s7_cortexa9_0/lib/xil_clocking.o ps7_cortexa9_0/lib/xscuwdt_g.o ps7_cortexa9_0/lib/xsdps_g.o ps7_cortexa9_0/lib/xuartps_options
TRACE::2026-09-16.20:07:45::SCWMssOS::.o ps7_cortexa9_0/lib/xdevcfg_intr.o ps7_cortexa9_0/lib/errno.o ps7_cortexa9_0/lib/fstat.o ps7_cortexa9_0/lib/xgpiops_hw.o ps7_
TRACE::2026-09-16.20:07:45::SCWMssOS::cortexa9_0/lib/sbrk.o ps7_cortexa9_0/lib/xscuwdt_sinit.o ps7_cortexa9_0/lib/inbyte.o ps7_cortexa9_0/lib/xdmaps_hw.o ps7_cortexa
TRACE::2026-09-16.20:07:45::SCWMssOS::9_0/lib/xsdps_card.o ps7_cortexa9_0/lib/xuartps_intr.o ps7_cortexa9_0/lib/xil_util.o ps7_cortexa9_0/lib/xscugic_selftest.o ps7_
TRACE::2026-09-16.20:07:45::SCWMssOS::cortexa9_0/lib/xttcps_options.o ps7_cortexa9_0/lib/xtime_l.o ps7_cortexa9_0/lib/xemacps_hw.o ps7_cortexa9_0/lib/read.o ps7_cort
TRACE::2026-09-16.20:07:45::SCWMssOS::exa9_0/lib/xgpio_intr.o ps7_cortexa9_0/lib/xgpiops_sinit.o ps7_cortexa9_0/lib/xscugic_sinit.o ps7_cortexa9_0/lib/xgpiops_intr.o
TRACE::2026-09-16.20:07:45::SCWMssOS:: ps7_cortexa9_0/lib/xscugic_g.o ps7_cortexa9_0/lib/xil_sleepcommon.o ps7_cortexa9_0/lib/vectors.o ps7_cortexa9_0/lib/xadcps_int
TRACE::2026-09-16.20:07:45::SCWMssOS::r.o ps7_cortexa9_0/lib/cpu_init.o ps7_cortexa9_0/lib/xemacps_bdring.o ps7_cortexa9_0/lib/boot.o ps7_cortexa9_0/lib/xil_mmu.o ps
TRACE::2026-09-16.20:07:45::SCWMssOS::7_cortexa9_0/lib/write.o ps7_cortexa9_0/lib/translation_table.o ps7_cortexa9_0/lib/xil_spinlock.o ps7_cortexa9_0/lib/xdmaps_sel
TRACE::2026-09-16.20:07:45::SCWMssOS::ftest.o ps7_cortexa9_0/lib/xusbps.o ps7_cortexa9_0/lib/xil_testio.o ps7_cortexa9_0/lib/xil_cache.o ps7_cortexa9_0/lib/xemacps.o
TRACE::2026-09-16.20:07:45::SCWMssOS:: ps7_cortexa9_0/lib/xtmrctr_l.o ps7_cortexa9_0/lib/xqspips.o ps7_cortexa9_0/lib/xdevcfg.o ps7_cortexa9_0/lib/print.o ps7_cortex
TRACE::2026-09-16.20:07:45::SCWMssOS::a9_0/lib/fcntl.o ps7_cortexa9_0/lib/_open.o ps7_cortexa9_0/lib/xil_mem.o ps7_cortexa9_0/lib/cpputest_time.o ps7_cortexa9_0/lib/
TRACE::2026-09-16.20:07:45::SCWMssOS::sleep.o ps7_cortexa9_0/lib/xuartps.o ps7_cortexa9_0/lib/xscugic_hw.o ps7_cortexa9_0/lib/xcoresightpsdcc.o ps7_cortexa9_0/lib/xs
TRACE::2026-09-16.20:07:45::SCWMssOS::dps_host.o ps7_cortexa9_0/lib/xusbps_intr.o ps7_cortexa9_0/lib/xil_assert.o ps7_cortexa9_0/lib/xscugic_intr.o ps7_cortexa9_0/li
TRACE::2026-09-16.20:07:45::SCWMssOS::b/open.o ps7_cortexa9_0/lib/xemacps_control.o ps7_cortexa9_0/lib/xgpio.o ps7_cortexa9_0/lib/xil_exception.o ps7_cortexa9_0/lib/
TRACE::2026-09-16.20:07:45::SCWMssOS::xqspips_selftest.o

TRACE::2026-09-16.20:07:45::SCWMssOS::Finished building libraries

TRACE::2026-09-16.20:07:45::SCWMssOS::Copying to export directory.
TRACE::2026-09-16.20:07:45::SCWMssOS:: Checking if to create the Supporting Applications
TRACE::2026-09-16.20:07:45::SCWMssOS:: No Linux domain exists, trying to generate FSBL 
LOG::2026-09-16.20:07:45::SCWSystem::Completed Processing the domain standalone_ps7_cortexa9_0
LOG::2026-09-16.20:07:45::SCWSystem::Completed Processing the sysconfig zynq_interrupt_system_wrapper_1
LOG::2026-09-16.20:07:45::SCWPlatform::Completed generating the artifacts for system configuration zynq_interrupt_system_wrapper_1
TRACE::2026-09-16.20:07:45::SCWPlatform::Started preparing the platform 
TRACE::2026-09-16.20:07:45::SCWSystem::Writing the bif file for system config zynq_interrupt_system_wrapper_1
TRACE::2026-09-16.20:07:45::SCWSystem::dir created 
TRACE::2026-09-16.20:07:45::SCWSystem::Writing the bif 
TRACE::2026-09-16.20:07:45::SCWPlatform::Started writing the spfm file 
TRACE::2026-09-16.20:07:45::SCWPlatform::Started writing the xpfm file 
TRACE::2026-09-16.20:07:45::SCWPlatform::Completed generating the platform
TRACE::2026-09-16.20:07:45::SCWMssOS::Saving the mss changes /home/user/Desktop/lab_2/zynq_interrupt_system_wrapper_1/zynq_fsbl/zynq_fsbl_bsp/system.mss
TRACE::2026-09-16.20:07:45::SCWMssOS::Found a swdesign opened with the mssfile.
TRACE::2026-09-16.20:07:45::SCWMssOS::Completed writemss as part of save.
TRACE::2026-09-16.20:07:45::SCWMssOS::Commit changes completed.
TRACE::2026-09-16.20:07:45::SCWMssOS::Saving the mss changes /home/user/Desktop/lab_2/zynq_interrupt_system_wrapper_1/ps7_cortexa9_0/standalone_ps7_cortexa9_0/bsp/system.mss
TRACE::2026-09-16.20:07:45::SCWMssOS::Found a swdesign opened with the mssfile.
TRACE::2026-09-16.20:07:45::SCWMssOS::Completed writemss as part of save.
TRACE::2026-09-16.20:07:45::SCWMssOS::Commit changes completed.
TRACE::2026-09-16.20:07:45::SCWPlatform::Trying to open the hw design at /home/user/Desktop/lab_2/zynq_interrupt_system_wrapper_1/hw/zynq_interrupt_system_wrapper.xsa
TRACE::2026-09-16.20:07:45::SCWPlatform::DSA given /home/user/Desktop/lab_2/zynq_interrupt_system_wrapper_1/hw/zynq_interrupt_system_wrapper.xsa
TRACE::2026-09-16.20:07:45::SCWPlatform::DSA absoulate path /home/user/Desktop/lab_2/zynq_interrupt_system_wrapper_1/hw/zynq_interrupt_system_wrapper.xsa
TRACE::2026-09-16.20:07:45::SCWPlatform::DSA directory /home/user/Desktop/lab_2/zynq_interrupt_system_wrapper_1/hw
TRACE::2026-09-16.20:07:45::SCWPlatform:: Platform Path /home/user/Desktop/lab_2/zynq_interrupt_system_wrapper_1/hw/zynq_interrupt_system_wrapper.xsa
TRACE::2026-09-16.20:07:45::SCWPlatform:: Unique name xilinx:zybo::0.0
TRACE::2026-09-16.20:07:45::SCWPlatform::Trying to set the existing hwdb with name zynq_interrupt_system_wrapper_0
TRACE::2026-09-16.20:07:45::SCWPlatform::Opened existing hwdb zynq_interrupt_system_wrapper_0
TRACE::2026-09-16.20:07:45::SCWPlatform::Found the Hw Db part of the input DSA
TRACE::2026-09-16.20:07:45::SCWMssOS::Checking the sw design at  /home/user/Desktop/lab_2/zynq_interrupt_system_wrapper_1/zynq_fsbl/zynq_fsbl_bsp/system.mss
TRACE::2026-09-16.20:07:45::SCWMssOS::DEBUG:  swdes dump  /home/user/Desktop/lab_2/zynq_interrupt_system_wrapper_1/ps7_cortexa9_0/standalone_ps7_cortexa9_0/bsp/system.mss|system_0||
/home/user/Desktop/lab_2/zynq_interrupt_system_wrapper_1/zynq_fsbl/zynq_fsbl_bsp/system.mss|system||

TRACE::2026-09-16.20:07:45::SCWMssOS::Sw design exists and opened at  /home/user/Desktop/lab_2/zynq_interrupt_system_wrapper_1/zynq_fsbl/zynq_fsbl_bsp/system.mss
TRACE::2026-09-16.20:07:45::SCWPlatform::Trying to open the hw design at /home/user/Desktop/lab_2/zynq_interrupt_system_wrapper_1/hw/zynq_interrupt_system_wrapper.xsa
TRACE::2026-09-16.20:07:45::SCWPlatform::DSA given /home/user/Desktop/lab_2/zynq_interrupt_system_wrapper_1/hw/zynq_interrupt_system_wrapper.xsa
TRACE::2026-09-16.20:07:45::SCWPlatform::DSA absoulate path /home/user/Desktop/lab_2/zynq_interrupt_system_wrapper_1/hw/zynq_interrupt_system_wrapper.xsa
TRACE::2026-09-16.20:07:45::SCWPlatform::DSA directory /home/user/Desktop/lab_2/zynq_interrupt_system_wrapper_1/hw
TRACE::2026-09-16.20:07:45::SCWPlatform:: Platform Path /home/user/Desktop/lab_2/zynq_interrupt_system_wrapper_1/hw/zynq_interrupt_system_wrapper.xsa
TRACE::2026-09-16.20:07:45::SCWPlatform:: Unique name xilinx:zybo::0.0
TRACE::2026-09-16.20:07:45::SCWPlatform::Trying to set the existing hwdb with name zynq_interrupt_system_wrapper_0
TRACE::2026-09-16.20:07:45::SCWPlatform::Opened existing hwdb zynq_interrupt_system_wrapper_0
TRACE::2026-09-16.20:07:45::SCWPlatform::Found the Hw Db part of the input DSA
TRACE::2026-09-16.20:07:45::SCWMssOS::Checking the sw design at  /home/user/Desktop/lab_2/zynq_interrupt_system_wrapper_1/zynq_fsbl/zynq_fsbl_bsp/system.mss
TRACE::2026-09-16.20:07:45::SCWMssOS::DEBUG:  swdes dump  /home/user/Desktop/lab_2/zynq_interrupt_system_wrapper_1/ps7_cortexa9_0/standalone_ps7_cortexa9_0/bsp/system.mss|system_0||
/home/user/Desktop/lab_2/zynq_interrupt_system_wrapper_1/zynq_fsbl/zynq_fsbl_bsp/system.mss|system||

TRACE::2026-09-16.20:07:45::SCWMssOS::Sw design exists and opened at  /home/user/Desktop/lab_2/zynq_interrupt_system_wrapper_1/zynq_fsbl/zynq_fsbl_bsp/system.mss
TRACE::2026-09-16.20:07:45::SCWPlatform::Trying to open the hw design at /home/user/Desktop/lab_2/zynq_interrupt_system_wrapper_1/hw/zynq_interrupt_system_wrapper.xsa
TRACE::2026-09-16.20:07:45::SCWPlatform::DSA given /home/user/Desktop/lab_2/zynq_interrupt_system_wrapper_1/hw/zynq_interrupt_system_wrapper.xsa
TRACE::2026-09-16.20:07:45::SCWPlatform::DSA absoulate path /home/user/Desktop/lab_2/zynq_interrupt_system_wrapper_1/hw/zynq_interrupt_system_wrapper.xsa
TRACE::2026-09-16.20:07:45::SCWPlatform::DSA directory /home/user/Desktop/lab_2/zynq_interrupt_system_wrapper_1/hw
TRACE::2026-09-16.20:07:45::SCWPlatform:: Platform Path /home/user/Desktop/lab_2/zynq_interrupt_system_wrapper_1/hw/zynq_interrupt_system_wrapper.xsa
TRACE::2026-09-16.20:07:45::SCWPlatform:: Unique name xilinx:zybo::0.0
TRACE::2026-09-16.20:07:45::SCWPlatform::Trying to set the existing hwdb with name zynq_interrupt_system_wrapper_0
TRACE::2026-09-16.20:07:45::SCWPlatform::Opened existing hwdb zynq_interrupt_system_wrapper_0
TRACE::2026-09-16.20:07:45::SCWPlatform::Found the Hw Db part of the input DSA
TRACE::2026-09-16.20:07:45::SCWMssOS::Checking the sw design at  /home/user/Desktop/lab_2/zynq_interrupt_system_wrapper_1/zynq_fsbl/zynq_fsbl_bsp/system.mss
TRACE::2026-09-16.20:07:45::SCWMssOS::DEBUG:  swdes dump  /home/user/Desktop/lab_2/zynq_interrupt_system_wrapper_1/ps7_cortexa9_0/standalone_ps7_cortexa9_0/bsp/system.mss|system_0||
/home/user/Desktop/lab_2/zynq_interrupt_system_wrapper_1/zynq_fsbl/zynq_fsbl_bsp/system.mss|system||

TRACE::2026-09-16.20:07:45::SCWMssOS::Sw design exists and opened at  /home/user/Desktop/lab_2/zynq_interrupt_system_wrapper_1/zynq_fsbl/zynq_fsbl_bsp/system.mss
TRACE::2026-09-16.20:07:45::SCWPlatform::Trying to open the hw design at /home/user/Desktop/lab_2/zynq_interrupt_system_wrapper_1/hw/zynq_interrupt_system_wrapper.xsa
TRACE::2026-09-16.20:07:45::SCWPlatform::DSA given /home/user/Desktop/lab_2/zynq_interrupt_system_wrapper_1/hw/zynq_interrupt_system_wrapper.xsa
TRACE::2026-09-16.20:07:45::SCWPlatform::DSA absoulate path /home/user/Desktop/lab_2/zynq_interrupt_system_wrapper_1/hw/zynq_interrupt_system_wrapper.xsa
TRACE::2026-09-16.20:07:45::SCWPlatform::DSA directory /home/user/Desktop/lab_2/zynq_interrupt_system_wrapper_1/hw
TRACE::2026-09-16.20:07:45::SCWPlatform:: Platform Path /home/user/Desktop/lab_2/zynq_interrupt_system_wrapper_1/hw/zynq_interrupt_system_wrapper.xsa
TRACE::2026-09-16.20:07:45::SCWPlatform:: Unique name xilinx:zybo::0.0
TRACE::2026-09-16.20:07:45::SCWPlatform::Trying to set the existing hwdb with name zynq_interrupt_system_wrapper_0
TRACE::2026-09-16.20:07:45::SCWPlatform::Opened existing hwdb zynq_interrupt_system_wrapper_0
TRACE::2026-09-16.20:07:45::SCWPlatform::Found the Hw Db part of the input DSA
TRACE::2026-09-16.20:07:45::SCWMssOS::Checking the sw design at  /home/user/Desktop/lab_2/zynq_interrupt_system_wrapper_1/ps7_cortexa9_0/standalone_ps7_cortexa9_0/bsp/system.mss
TRACE::2026-09-16.20:07:45::SCWMssOS::DEBUG:  swdes dump  /home/user/Desktop/lab_2/zynq_interrupt_system_wrapper_1/ps7_cortexa9_0/standalone_ps7_cortexa9_0/bsp/system.mss|system_0||
/home/user/Desktop/lab_2/zynq_interrupt_system_wrapper_1/zynq_fsbl/zynq_fsbl_bsp/system.mss|system||

TRACE::2026-09-16.20:07:45::SCWMssOS::Sw design exists and opened at  /home/user/Desktop/lab_2/zynq_interrupt_system_wrapper_1/ps7_cortexa9_0/standalone_ps7_cortexa9_0/bsp/system.mss
TRACE::2026-09-16.20:07:45::SCWPlatform::Trying to open the hw design at /home/user/Desktop/lab_2/zynq_interrupt_system_wrapper_1/hw/zynq_interrupt_system_wrapper.xsa
TRACE::2026-09-16.20:07:45::SCWPlatform::DSA given /home/user/Desktop/lab_2/zynq_interrupt_system_wrapper_1/hw/zynq_interrupt_system_wrapper.xsa
TRACE::2026-09-16.20:07:45::SCWPlatform::DSA absoulate path /home/user/Desktop/lab_2/zynq_interrupt_system_wrapper_1/hw/zynq_interrupt_system_wrapper.xsa
TRACE::2026-09-16.20:07:45::SCWPlatform::DSA directory /home/user/Desktop/lab_2/zynq_interrupt_system_wrapper_1/hw
TRACE::2026-09-16.20:07:45::SCWPlatform:: Platform Path /home/user/Desktop/lab_2/zynq_interrupt_system_wrapper_1/hw/zynq_interrupt_system_wrapper.xsa
TRACE::2026-09-16.20:07:45::SCWPlatform:: Unique name xilinx:zybo::0.0
TRACE::2026-09-16.20:07:45::SCWPlatform::Trying to set the existing hwdb with name zynq_interrupt_system_wrapper_0
TRACE::2026-09-16.20:07:45::SCWPlatform::Opened existing hwdb zynq_interrupt_system_wrapper_0
TRACE::2026-09-16.20:07:45::SCWPlatform::Found the Hw Db part of the input DSA
TRACE::2026-09-16.20:07:45::SCWMssOS::Checking the sw design at  /home/user/Desktop/lab_2/zynq_interrupt_system_wrapper_1/ps7_cortexa9_0/standalone_ps7_cortexa9_0/bsp/system.mss
TRACE::2026-09-16.20:07:45::SCWMssOS::DEBUG:  swdes dump  /home/user/Desktop/lab_2/zynq_interrupt_system_wrapper_1/ps7_cortexa9_0/standalone_ps7_cortexa9_0/bsp/system.mss|system_0||
/home/user/Desktop/lab_2/zynq_interrupt_system_wrapper_1/zynq_fsbl/zynq_fsbl_bsp/system.mss|system||

TRACE::2026-09-16.20:07:45::SCWMssOS::Sw design exists and opened at  /home/user/Desktop/lab_2/zynq_interrupt_system_wrapper_1/ps7_cortexa9_0/standalone_ps7_cortexa9_0/bsp/system.mss
TRACE::2026-09-16.20:07:45::SCWPlatform::Trying to open the hw design at /home/user/Desktop/lab_2/zynq_interrupt_system_wrapper_1/hw/zynq_interrupt_system_wrapper.xsa
TRACE::2026-09-16.20:07:45::SCWPlatform::DSA given /home/user/Desktop/lab_2/zynq_interrupt_system_wrapper_1/hw/zynq_interrupt_system_wrapper.xsa
TRACE::2026-09-16.20:07:45::SCWPlatform::DSA absoulate path /home/user/Desktop/lab_2/zynq_interrupt_system_wrapper_1/hw/zynq_interrupt_system_wrapper.xsa
TRACE::2026-09-16.20:07:45::SCWPlatform::DSA directory /home/user/Desktop/lab_2/zynq_interrupt_system_wrapper_1/hw
TRACE::2026-09-16.20:07:45::SCWPlatform:: Platform Path /home/user/Desktop/lab_2/zynq_interrupt_system_wrapper_1/hw/zynq_interrupt_system_wrapper.xsa
TRACE::2026-09-16.20:07:45::SCWPlatform:: Unique name xilinx:zybo::0.0
TRACE::2026-09-16.20:07:45::SCWPlatform::Trying to set the existing hwdb with name zynq_interrupt_system_wrapper_0
TRACE::2026-09-16.20:07:45::SCWPlatform::Opened existing hwdb zynq_interrupt_system_wrapper_0
TRACE::2026-09-16.20:07:45::SCWPlatform::Found the Hw Db part of the input DSA
TRACE::2026-09-16.20:07:45::SCWMssOS::Checking the sw design at  /home/user/Desktop/lab_2/zynq_interrupt_system_wrapper_1/ps7_cortexa9_0/standalone_ps7_cortexa9_0/bsp/system.mss
TRACE::2026-09-16.20:07:45::SCWMssOS::DEBUG:  swdes dump  /home/user/Desktop/lab_2/zynq_interrupt_system_wrapper_1/ps7_cortexa9_0/standalone_ps7_cortexa9_0/bsp/system.mss|system_0||
/home/user/Desktop/lab_2/zynq_interrupt_system_wrapper_1/zynq_fsbl/zynq_fsbl_bsp/system.mss|system||

TRACE::2026-09-16.20:07:45::SCWMssOS::Sw design exists and opened at  /home/user/Desktop/lab_2/zynq_interrupt_system_wrapper_1/ps7_cortexa9_0/standalone_ps7_cortexa9_0/bsp/system.mss
TRACE::2026-09-16.20:07:45::SCWWriter::formatted JSON is {
	"platformName":	"zynq_interrupt_system_wrapper_1",
	"sprVersion":	"2.0",
	"mode":	"gui",
	"dsaType":	"Fixed",
	"platformDesc":	"zynq_interrupt_system_wrapper_1",
	"platHandOff":	"/home/user/Desktop/lab_2/zynq_interrupt_system_wrapper.xsa",
	"platIntHandOff":	"<platformDir>/hw/zynq_interrupt_system_wrapper.xsa",
	"deviceType":	"zynq",
	"platIsPrebuiltAutogen":	"false",
	"platIsNoBootBsp":	"false",
	"platFsblTarget":	"ps7_cortexa9_0",
	"hasFsblMakeHasChanges":	"false",
	"hasPmufwMakeHasChanges":	"false",
	"fsblExtraCompilerFlags":	"-MMD -MP       -mcpu=cortex-a9 -mfpu=vfpv3 -mfloat-abi=hard ",
	"platPreBuiltFlag":	false,
	"platformSamplesDir":	"",
	"platActiveSys":	"zynq_interrupt_system_wrapper_1",
	"systems":	[{
			"systemName":	"zynq_interrupt_system_wrapper_1",
			"systemDesc":	"zynq_interrupt_system_wrapper_1",
			"sysIsBootAutoGen":	"true",
			"systemDispName":	"zynq_interrupt_system_wrapper_1",
			"sysActiveDom":	"standalone_ps7_cortexa9_0",
			"sysDefaultDom":	"standalone_ps7_cortexa9_0",
			"domains":	[{
					"domainName":	"zynq_fsbl",
					"domainDispName":	"zynq_fsbl",
					"domainDesc":	"FSBL Application BSP - Auto Generated.",
					"processors":	"ps7_cortexa9_0",
					"os":	"standalone",
					"sdxOs":	"standalone",
					"debugEnable":	"",
					"domRuntimes":	["cpp"],
					"swRepo":	"",
					"mssOsVer":	"7.5",
					"mssFile":	"",
					"md5Digest":	"209d6088c399e688016b2da3be5293e4",
					"compatibleApp":	"zynq_fsbl",
					"domType":	"bootDomain",
					"arch":	"32-bit",
					"appSettings":	{
						"appCompilerFlags":	"",
						"appLinkerFlags":	""
					},
					"addedLibs":	["xilffs:4.5", "xilrsa:1.6"],
					"libOptions":	{
						"libsContainingOptions":	[]
					},
					"prebuiltLibs":	{
						"prebuiltIncPath":	[],
						"prebuiltLibPath":	[]
					},
					"isolation":	{
					}
				}, {
					"domainName":	"standalone_ps7_cortexa9_0",
					"domainDispName":	"standalone_ps7_cortexa9_0",
					"domainDesc":	"standalone_ps7_cortexa9_0",
					"processors":	"ps7_cortexa9_0",
					"os":	"standalone",
					"sdxOs":	"standalone",
					"qemuArgs":	"/home/software/Xilinx/Vitis/2021.1/data/emulation/platforms/zynq/sw/a9_standalone/qemu/qemu_args.txt",
					"qemuData":	"/home/software/Xilinx/Vitis/2021.1/data/emulation/platforms/zynq/sw/a9_standalone/qemu/",
					"debugEnable":	"False",
					"domRuntimes":	["cpp"],
					"swRepo":	"",
					"mssOsVer":	"7.5",
					"mssFile":	"",
					"md5Digest":	"e4c5b2f9cd398cf8c81b48aff3622b30",
					"compatibleApp":	"empty_application",
					"domType":	"mssDomain",
					"arch":	"32-bit",
					"appSettings":	{
						"appCompilerFlags":	"",
						"appLinkerFlags":	""
					},
					"addedLibs":	[],
					"libOptions":	{
						"libsContainingOptions":	[]
					},
					"prebuiltLibs":	{
						"prebuiltIncPath":	[],
						"prebuiltLibPath":	[]
					},
					"isolation":	{
					}
				}]
		}]
}
KEYINFO::2026-09-16.20:07:45::SCWPlatform::updated the xpfm file.
TRACE::2026-09-16.20:07:46::SCWPlatform::Trying to open the hw design at /home/user/Desktop/lab_2/zynq_interrupt_system_wrapper_1/hw/zynq_interrupt_system_wrapper.xsa
TRACE::2026-09-16.20:07:46::SCWPlatform::DSA given /home/user/Desktop/lab_2/zynq_interrupt_system_wrapper_1/hw/zynq_interrupt_system_wrapper.xsa
TRACE::2026-09-16.20:07:46::SCWPlatform::DSA absoulate path /home/user/Desktop/lab_2/zynq_interrupt_system_wrapper_1/hw/zynq_interrupt_system_wrapper.xsa
TRACE::2026-09-16.20:07:46::SCWPlatform::DSA directory /home/user/Desktop/lab_2/zynq_interrupt_system_wrapper_1/hw
TRACE::2026-09-16.20:07:46::SCWPlatform:: Platform Path /home/user/Desktop/lab_2/zynq_interrupt_system_wrapper_1/hw/zynq_interrupt_system_wrapper.xsa
TRACE::2026-09-16.20:07:46::SCWPlatform:: Unique name xilinx:zybo::0.0
TRACE::2026-09-16.20:07:46::SCWPlatform::Trying to set the existing hwdb with name zynq_interrupt_system_wrapper_0
TRACE::2026-09-16.20:07:46::SCWPlatform::Opened existing hwdb zynq_interrupt_system_wrapper_0
TRACE::2026-09-16.20:07:46::SCWPlatform::Found the Hw Db part of the input DSA
TRACE::2026-09-16.20:07:46::SCWMssOS::Checking the sw design at  /home/user/Desktop/lab_2/zynq_interrupt_system_wrapper_1/ps7_cortexa9_0/standalone_ps7_cortexa9_0/bsp/system.mss
TRACE::2026-09-16.20:07:46::SCWMssOS::DEBUG:  swdes dump  /home/user/Desktop/lab_2/zynq_interrupt_system_wrapper_1/ps7_cortexa9_0/standalone_ps7_cortexa9_0/bsp/system.mss|system_0||
/home/user/Desktop/lab_2/zynq_interrupt_system_wrapper_1/zynq_fsbl/zynq_fsbl_bsp/system.mss|system||

TRACE::2026-09-16.20:07:46::SCWMssOS::Sw design exists and opened at  /home/user/Desktop/lab_2/zynq_interrupt_system_wrapper_1/ps7_cortexa9_0/standalone_ps7_cortexa9_0/bsp/system.mss
