Copyright 1986-2021 Xilinx, Inc. All Rights Reserved.
--------------------------------------------------------------------------------------------------------------------------------------------------------------------------------------------------------------------------------------------------------------
| Tool Version : Vivado v.2021.1 (lin64) Build 3247384 Thu Jun 10 19:36:07 MDT 2021
| Date         : Wed Sep 16 19:53:54 2026
| Host         : ece13 running 64-bit Ubuntu 20.04.2 LTS
| Command      : report_timing_summary -max_paths 10 -file zynq_interrupt_system_wrapper_timing_summary_routed.rpt -pb zynq_interrupt_system_wrapper_timing_summary_routed.pb -rpx zynq_interrupt_system_wrapper_timing_summary_routed.rpx -warn_on_violation
| Design       : zynq_interrupt_system_wrapper
| Device       : 7z010-clg400
| Speed File   : -1  PRODUCTION 1.12 2019-11-22
--------------------------------------------------------------------------------------------------------------------------------------------------------------------------------------------------------------------------------------------------------------

Timing Summary Report

------------------------------------------------------------------------------------------------
| Timer Settings
| --------------
------------------------------------------------------------------------------------------------

  Enable Multi Corner Analysis               :  Yes
  Enable Pessimism Removal                   :  Yes
  Pessimism Removal Resolution               :  Nearest Common Node
  Enable Input Delay Default Clock           :  No
  Enable Preset / Clear Arcs                 :  No
  Disable Flight Delays                      :  No
  Ignore I/O Paths                           :  No
  Timing Early Launch at Borrowing Latches   :  No
  Borrow Time for Max Delay Exceptions       :  Yes
  Merge Timing Exceptions                    :  Yes

  Corner  Analyze    Analyze    
  Name    Max Paths  Min Paths  
  ------  ---------  ---------  
  Slow    Yes        Yes        
  Fast    Yes        Yes        


------------------------------------------------------------------------------------------------
| Report Methodology
| ------------------
------------------------------------------------------------------------------------------------

Rule       Severity  Description                    Violations  
---------  --------  -----------------------------  ----------  
TIMING-18  Warning   Missing input or output delay  8           

Note: This report is based on the most recent report_methodology run and may not be up-to-date. Run report_methodology on the current design for the latest report.



check_timing report

Table of Contents
-----------------
1. checking no_clock (0)
2. checking constant_clock (0)
3. checking pulse_width_clock (0)
4. checking unconstrained_internal_endpoints (0)
5. checking no_input_delay (4)
6. checking no_output_delay (4)
7. checking multiple_clock (0)
8. checking generated_clocks (0)
9. checking loops (0)
10. checking partial_input_delay (0)
11. checking partial_output_delay (0)
12. checking latch_loops (0)

1. checking no_clock (0)
------------------------
 There are 0 register/latch pins with no clock.


2. checking constant_clock (0)
------------------------------
 There are 0 register/latch pins with constant_clock.


3. checking pulse_width_clock (0)
---------------------------------
 There are 0 register/latch pins which need pulse_width check


4. checking unconstrained_internal_endpoints (0)
------------------------------------------------
 There are 0 pins that are not constrained for maximum delay.

 There are 0 pins that are not constrained for maximum delay due to constant clock.


5. checking no_input_delay (4)
------------------------------
 There are 4 input ports with no input delay specified. (HIGH)

 There are 0 input ports with no input delay but user has a false path constraint.


6. checking no_output_delay (4)
-------------------------------
 There are 4 ports with no output delay specified. (HIGH)

 There are 0 ports with no output delay but user has a false path constraint

 There are 0 ports with no output delay but with a timing clock defined on it or propagating through it


7. checking multiple_clock (0)
------------------------------
 There are 0 register/latch pins with multiple clocks.


8. checking generated_clocks (0)
--------------------------------
 There are 0 generated clocks that are not connected to a clock source.


9. checking loops (0)
---------------------
 There are 0 combinational loops in the design.


10. checking partial_input_delay (0)
------------------------------------
 There are 0 input ports with partial input delay specified.


11. checking partial_output_delay (0)
-------------------------------------
 There are 0 ports with partial output delay specified.


12. checking latch_loops (0)
----------------------------
 There are 0 combinational latch loops in the design through latch input



------------------------------------------------------------------------------------------------
| Design Timing Summary
| ---------------------
------------------------------------------------------------------------------------------------

    WNS(ns)      TNS(ns)  TNS Failing Endpoints  TNS Total Endpoints      WHS(ns)      THS(ns)  THS Failing Endpoints  THS Total Endpoints     WPWS(ns)     TPWS(ns)  TPWS Failing Endpoints  TPWS Total Endpoints  
    -------      -------  ---------------------  -------------------      -------      -------  ---------------------  -------------------     --------     --------  ----------------------  --------------------  
      3.003        0.000                      0                 2482        0.037        0.000                      0                 2482        4.020        0.000                       0                  1155  


All user specified timing constraints are met.


------------------------------------------------------------------------------------------------
| Clock Summary
| -------------
------------------------------------------------------------------------------------------------

Clock       Waveform(ns)       Period(ns)      Frequency(MHz)
-----       ------------       ----------      --------------
clk_fpga_0  {0.000 5.000}      10.000          100.000         


------------------------------------------------------------------------------------------------
| Intra Clock Table
| -----------------
------------------------------------------------------------------------------------------------

Clock             WNS(ns)      TNS(ns)  TNS Failing Endpoints  TNS Total Endpoints      WHS(ns)      THS(ns)  THS Failing Endpoints  THS Total Endpoints     WPWS(ns)     TPWS(ns)  TPWS Failing Endpoints  TPWS Total Endpoints  
-----             -------      -------  ---------------------  -------------------      -------      -------  ---------------------  -------------------     --------     --------  ----------------------  --------------------  
clk_fpga_0          3.003        0.000                      0                 2482        0.037        0.000                      0                 2482        4.020        0.000                       0                  1155  


------------------------------------------------------------------------------------------------
| Inter Clock Table
| -----------------
------------------------------------------------------------------------------------------------

From Clock    To Clock          WNS(ns)      TNS(ns)  TNS Failing Endpoints  TNS Total Endpoints      WHS(ns)      THS(ns)  THS Failing Endpoints  THS Total Endpoints  
----------    --------          -------      -------  ---------------------  -------------------      -------      -------  ---------------------  -------------------  


------------------------------------------------------------------------------------------------
| Other Path Groups Table
| -----------------------
------------------------------------------------------------------------------------------------

Path Group    From Clock    To Clock          WNS(ns)      TNS(ns)  TNS Failing Endpoints  TNS Total Endpoints      WHS(ns)      THS(ns)  THS Failing Endpoints  THS Total Endpoints  
----------    ----------    --------          -------      -------  ---------------------  -------------------      -------      -------  ---------------------  -------------------  


------------------------------------------------------------------------------------------------
| Timing Details
| --------------
------------------------------------------------------------------------------------------------


---------------------------------------------------------------------------------------------------
From Clock:  clk_fpga_0
  To Clock:  clk_fpga_0

Setup :            0  Failing Endpoints,  Worst Slack        3.003ns,  Total Violation        0.000ns
Hold  :            0  Failing Endpoints,  Worst Slack        0.037ns,  Total Violation        0.000ns
PW    :            0  Failing Endpoints,  Worst Slack        4.020ns,  Total Violation        0.000ns
---------------------------------------------------------------------------------------------------


Max Delay Paths
--------------------------------------------------------------------------------------
Slack (MET) :             3.003ns  (required time - arrival time)
  Source:                 zynq_interrupt_system_i/axi_timer_0/U0/TC_CORE_I/TIMER_CONTROL_I/TCSR0_GENERATE[31].TCSR0_FF_I/C
                            (rising edge-triggered cell FDRE clocked by clk_fpga_0  {rise@0.000ns fall@5.000ns period=10.000ns})
  Destination:            zynq_interrupt_system_i/axi_timer_0/U0/TC_CORE_I/COUNTER_0_I/COUNTER_I/INFERRED_GEN.icount_out_reg[25]/D
                            (rising edge-triggered cell FDRE clocked by clk_fpga_0  {rise@0.000ns fall@5.000ns period=10.000ns})
  Path Group:             clk_fpga_0
  Path Type:              Setup (Max at Slow Process Corner)
  Requirement:            10.000ns  (clk_fpga_0 rise@10.000ns - clk_fpga_0 rise@0.000ns)
  Data Path Delay:        6.780ns  (logic 3.133ns (46.211%)  route 3.647ns (53.789%))
  Logic Levels:           11  (CARRY4=7 LUT3=2 LUT4=1 LUT5=1)
  Clock Path Skew:        -0.181ns (DCD - SCD + CPR)
    Destination Clock Delay (DCD):    2.690ns = ( 12.690 - 10.000 ) 
    Source Clock Delay      (SCD):    2.987ns
    Clock Pessimism Removal (CPR):    0.116ns
  Clock Uncertainty:      0.154ns  ((TSJ^2 + TIJ^2)^1/2 + DJ) / 2 + PE
    Total System Jitter     (TSJ):    0.071ns
    Total Input Jitter      (TIJ):    0.300ns
    Discrete Jitter          (DJ):    0.000ns
    Phase Error              (PE):    0.000ns

    Location             Delay type                Incr(ns)  Path(ns)    Netlist Resource(s)
  -------------------------------------------------------------------    -------------------
                         (clock clk_fpga_0 rise edge)
                                                      0.000     0.000 r  
    PS7_X0Y0             PS7                          0.000     0.000 r  zynq_interrupt_system_i/processing_system7_0/inst/PS7_i/FCLKCLK[0]
                         net (fo=1, routed)           1.207     1.207    zynq_interrupt_system_i/processing_system7_0/inst/FCLK_CLK_unbuffered[0]
    BUFGCTRL_X0Y0        BUFG (Prop_bufg_I_O)         0.101     1.308 r  zynq_interrupt_system_i/processing_system7_0/inst/buffer_fclk_clk_0.FCLK_CLK_0_BUFG/O
                         net (fo=1155, routed)        1.679     2.987    zynq_interrupt_system_i/axi_timer_0/U0/TC_CORE_I/TIMER_CONTROL_I/s_axi_aclk
    SLICE_X12Y39         FDRE                                         r  zynq_interrupt_system_i/axi_timer_0/U0/TC_CORE_I/TIMER_CONTROL_I/TCSR0_GENERATE[31].TCSR0_FF_I/C
  -------------------------------------------------------------------    -------------------
    SLICE_X12Y39         FDRE (Prop_fdre_C_Q)         0.478     3.465 r  zynq_interrupt_system_i/axi_timer_0/U0/TC_CORE_I/TIMER_CONTROL_I/TCSR0_GENERATE[31].TCSR0_FF_I/Q
                         net (fo=11, routed)          1.048     4.513    zynq_interrupt_system_i/axi_timer_0/U0/TC_CORE_I/TIMER_CONTROL_I/tCSR0_Reg[31]
    SLICE_X14Y40         LUT4 (Prop_lut4_I3_O)        0.322     4.835 r  zynq_interrupt_system_i/axi_timer_0/U0/TC_CORE_I/TIMER_CONTROL_I/icount_out0_carry_i_7/O
                         net (fo=1, routed)           0.682     5.517    zynq_interrupt_system_i/axi_timer_0/U0/TC_CORE_I/TIMER_CONTROL_I/icount_out0_carry_i_7_n_0
    SLICE_X14Y40         LUT5 (Prop_lut5_I4_O)        0.360     5.877 r  zynq_interrupt_system_i/axi_timer_0/U0/TC_CORE_I/TIMER_CONTROL_I/icount_out0_carry_i_6/O
                         net (fo=1, routed)           0.821     6.698    zynq_interrupt_system_i/axi_timer_0/U0/TC_CORE_I/TIMER_CONTROL_I/icount_out0_carry_i_6_n_0
    SLICE_X13Y42         LUT3 (Prop_lut3_I1_O)        0.326     7.024 r  zynq_interrupt_system_i/axi_timer_0/U0/TC_CORE_I/TIMER_CONTROL_I/icount_out0_carry_i_5__0/O
                         net (fo=1, routed)           0.000     7.024    zynq_interrupt_system_i/axi_timer_0/U0/TC_CORE_I/COUNTER_0_I/COUNTER_I/S[0]
    SLICE_X13Y42         CARRY4 (Prop_carry4_S[0]_CO[3])
                                                      0.532     7.556 r  zynq_interrupt_system_i/axi_timer_0/U0/TC_CORE_I/COUNTER_0_I/COUNTER_I/icount_out0_carry/CO[3]
                         net (fo=1, routed)           0.000     7.556    zynq_interrupt_system_i/axi_timer_0/U0/TC_CORE_I/COUNTER_0_I/COUNTER_I/icount_out0_carry_n_0
    SLICE_X13Y43         CARRY4 (Prop_carry4_CI_CO[3])
                                                      0.114     7.670 r  zynq_interrupt_system_i/axi_timer_0/U0/TC_CORE_I/COUNTER_0_I/COUNTER_I/icount_out0_carry__0/CO[3]
                         net (fo=1, routed)           0.000     7.670    zynq_interrupt_system_i/axi_timer_0/U0/TC_CORE_I/COUNTER_0_I/COUNTER_I/icount_out0_carry__0_n_0
    SLICE_X13Y44         CARRY4 (Prop_carry4_CI_CO[3])
                                                      0.114     7.784 r  zynq_interrupt_system_i/axi_timer_0/U0/TC_CORE_I/COUNTER_0_I/COUNTER_I/icount_out0_carry__1/CO[3]
                         net (fo=1, routed)           0.000     7.784    zynq_interrupt_system_i/axi_timer_0/U0/TC_CORE_I/COUNTER_0_I/COUNTER_I/icount_out0_carry__1_n_0
    SLICE_X13Y45         CARRY4 (Prop_carry4_CI_CO[3])
                                                      0.114     7.898 r  zynq_interrupt_system_i/axi_timer_0/U0/TC_CORE_I/COUNTER_0_I/COUNTER_I/icount_out0_carry__2/CO[3]
                         net (fo=1, routed)           0.000     7.898    zynq_interrupt_system_i/axi_timer_0/U0/TC_CORE_I/COUNTER_0_I/COUNTER_I/icount_out0_carry__2_n_0
    SLICE_X13Y46         CARRY4 (Prop_carry4_CI_CO[3])
                                                      0.114     8.012 r  zynq_interrupt_system_i/axi_timer_0/U0/TC_CORE_I/COUNTER_0_I/COUNTER_I/icount_out0_carry__3/CO[3]
                         net (fo=1, routed)           0.000     8.012    zynq_interrupt_system_i/axi_timer_0/U0/TC_CORE_I/COUNTER_0_I/COUNTER_I/icount_out0_carry__3_n_0
    SLICE_X13Y47         CARRY4 (Prop_carry4_CI_CO[3])
                                                      0.114     8.126 r  zynq_interrupt_system_i/axi_timer_0/U0/TC_CORE_I/COUNTER_0_I/COUNTER_I/icount_out0_carry__4/CO[3]
                         net (fo=1, routed)           0.000     8.126    zynq_interrupt_system_i/axi_timer_0/U0/TC_CORE_I/COUNTER_0_I/COUNTER_I/icount_out0_carry__4_n_0
    SLICE_X13Y48         CARRY4 (Prop_carry4_CI_O[0])
                                                      0.222     8.348 r  zynq_interrupt_system_i/axi_timer_0/U0/TC_CORE_I/COUNTER_0_I/COUNTER_I/icount_out0_carry__5/O[0]
                         net (fo=1, routed)           1.096     9.444    zynq_interrupt_system_i/axi_timer_0/U0/TC_CORE_I/COUNTER_0_I/COUNTER_I/icount_out0_carry__5_n_7
    SLICE_X12Y50         LUT3 (Prop_lut3_I0_O)        0.323     9.767 r  zynq_interrupt_system_i/axi_timer_0/U0/TC_CORE_I/COUNTER_0_I/COUNTER_I/INFERRED_GEN.icount_out[25]_i_1/O
                         net (fo=1, routed)           0.000     9.767    zynq_interrupt_system_i/axi_timer_0/U0/TC_CORE_I/COUNTER_0_I/COUNTER_I/p_1_in[25]
    SLICE_X12Y50         FDRE                                         r  zynq_interrupt_system_i/axi_timer_0/U0/TC_CORE_I/COUNTER_0_I/COUNTER_I/INFERRED_GEN.icount_out_reg[25]/D
  -------------------------------------------------------------------    -------------------

                         (clock clk_fpga_0 rise edge)
                                                     10.000    10.000 r  
    PS7_X0Y0             PS7                          0.000    10.000 r  zynq_interrupt_system_i/processing_system7_0/inst/PS7_i/FCLKCLK[0]
                         net (fo=1, routed)           1.101    11.101    zynq_interrupt_system_i/processing_system7_0/inst/FCLK_CLK_unbuffered[0]
    BUFGCTRL_X0Y0        BUFG (Prop_bufg_I_O)         0.091    11.192 r  zynq_interrupt_system_i/processing_system7_0/inst/buffer_fclk_clk_0.FCLK_CLK_0_BUFG/O
                         net (fo=1155, routed)        1.498    12.690    zynq_interrupt_system_i/axi_timer_0/U0/TC_CORE_I/COUNTER_0_I/COUNTER_I/s_axi_aclk
    SLICE_X12Y50         FDRE                                         r  zynq_interrupt_system_i/axi_timer_0/U0/TC_CORE_I/COUNTER_0_I/COUNTER_I/INFERRED_GEN.icount_out_reg[25]/C
                         clock pessimism              0.116    12.806    
                         clock uncertainty           -0.154    12.652    
    SLICE_X12Y50         FDRE (Setup_fdre_C_D)        0.118    12.770    zynq_interrupt_system_i/axi_timer_0/U0/TC_CORE_I/COUNTER_0_I/COUNTER_I/INFERRED_GEN.icount_out_reg[25]
  -------------------------------------------------------------------
                         required time                         12.770    
                         arrival time                          -9.767    
  -------------------------------------------------------------------
                         slack                                  3.003    

Slack (MET) :             3.106ns  (required time - arrival time)
  Source:                 zynq_interrupt_system_i/axi_timer_0/U0/TC_CORE_I/TIMER_CONTROL_I/TCSR0_GENERATE[31].TCSR0_FF_I/C
                            (rising edge-triggered cell FDRE clocked by clk_fpga_0  {rise@0.000ns fall@5.000ns period=10.000ns})
  Destination:            zynq_interrupt_system_i/axi_timer_0/U0/TC_CORE_I/COUNTER_0_I/COUNTER_I/INFERRED_GEN.icount_out_reg[31]/D
                            (rising edge-triggered cell FDRE clocked by clk_fpga_0  {rise@0.000ns fall@5.000ns period=10.000ns})
  Path Group:             clk_fpga_0
  Path Type:              Setup (Max at Slow Process Corner)
  Requirement:            10.000ns  (clk_fpga_0 rise@10.000ns - clk_fpga_0 rise@0.000ns)
  Data Path Delay:        6.676ns  (logic 3.272ns (49.010%)  route 3.404ns (50.990%))
  Logic Levels:           12  (CARRY4=8 LUT3=2 LUT4=1 LUT5=1)
  Clock Path Skew:        -0.181ns (DCD - SCD + CPR)
    Destination Clock Delay (DCD):    2.690ns = ( 12.690 - 10.000 ) 
    Source Clock Delay      (SCD):    2.987ns
    Clock Pessimism Removal (CPR):    0.116ns
  Clock Uncertainty:      0.154ns  ((TSJ^2 + TIJ^2)^1/2 + DJ) / 2 + PE
    Total System Jitter     (TSJ):    0.071ns
    Total Input Jitter      (TIJ):    0.300ns
    Discrete Jitter          (DJ):    0.000ns
    Phase Error              (PE):    0.000ns

    Location             Delay type                Incr(ns)  Path(ns)    Netlist Resource(s)
  -------------------------------------------------------------------    -------------------
                         (clock clk_fpga_0 rise edge)
                                                      0.000     0.000 r  
    PS7_X0Y0             PS7                          0.000     0.000 r  zynq_interrupt_system_i/processing_system7_0/inst/PS7_i/FCLKCLK[0]
                         net (fo=1, routed)           1.207     1.207    zynq_interrupt_system_i/processing_system7_0/inst/FCLK_CLK_unbuffered[0]
    BUFGCTRL_X0Y0        BUFG (Prop_bufg_I_O)         0.101     1.308 r  zynq_interrupt_system_i/processing_system7_0/inst/buffer_fclk_clk_0.FCLK_CLK_0_BUFG/O
                         net (fo=1155, routed)        1.679     2.987    zynq_interrupt_system_i/axi_timer_0/U0/TC_CORE_I/TIMER_CONTROL_I/s_axi_aclk
    SLICE_X12Y39         FDRE                                         r  zynq_interrupt_system_i/axi_timer_0/U0/TC_CORE_I/TIMER_CONTROL_I/TCSR0_GENERATE[31].TCSR0_FF_I/C
  -------------------------------------------------------------------    -------------------
    SLICE_X12Y39         FDRE (Prop_fdre_C_Q)         0.478     3.465 r  zynq_interrupt_system_i/axi_timer_0/U0/TC_CORE_I/TIMER_CONTROL_I/TCSR0_GENERATE[31].TCSR0_FF_I/Q
                         net (fo=11, routed)          1.048     4.513    zynq_interrupt_system_i/axi_timer_0/U0/TC_CORE_I/TIMER_CONTROL_I/tCSR0_Reg[31]
    SLICE_X14Y40         LUT4 (Prop_lut4_I3_O)        0.322     4.835 r  zynq_interrupt_system_i/axi_timer_0/U0/TC_CORE_I/TIMER_CONTROL_I/icount_out0_carry_i_7/O
                         net (fo=1, routed)           0.682     5.517    zynq_interrupt_system_i/axi_timer_0/U0/TC_CORE_I/TIMER_CONTROL_I/icount_out0_carry_i_7_n_0
    SLICE_X14Y40         LUT5 (Prop_lut5_I4_O)        0.360     5.877 r  zynq_interrupt_system_i/axi_timer_0/U0/TC_CORE_I/TIMER_CONTROL_I/icount_out0_carry_i_6/O
                         net (fo=1, routed)           0.821     6.698    zynq_interrupt_system_i/axi_timer_0/U0/TC_CORE_I/TIMER_CONTROL_I/icount_out0_carry_i_6_n_0
    SLICE_X13Y42         LUT3 (Prop_lut3_I1_O)        0.326     7.024 r  zynq_interrupt_system_i/axi_timer_0/U0/TC_CORE_I/TIMER_CONTROL_I/icount_out0_carry_i_5__0/O
                         net (fo=1, routed)           0.000     7.024    zynq_interrupt_system_i/axi_timer_0/U0/TC_CORE_I/COUNTER_0_I/COUNTER_I/S[0]
    SLICE_X13Y42         CARRY4 (Prop_carry4_S[0]_CO[3])
                                                      0.532     7.556 r  zynq_interrupt_system_i/axi_timer_0/U0/TC_CORE_I/COUNTER_0_I/COUNTER_I/icount_out0_carry/CO[3]
                         net (fo=1, routed)           0.000     7.556    zynq_interrupt_system_i/axi_timer_0/U0/TC_CORE_I/COUNTER_0_I/COUNTER_I/icount_out0_carry_n_0
    SLICE_X13Y43         CARRY4 (Prop_carry4_CI_CO[3])
                                                      0.114     7.670 r  zynq_interrupt_system_i/axi_timer_0/U0/TC_CORE_I/COUNTER_0_I/COUNTER_I/icount_out0_carry__0/CO[3]
                         net (fo=1, routed)           0.000     7.670    zynq_interrupt_system_i/axi_timer_0/U0/TC_CORE_I/COUNTER_0_I/COUNTER_I/icount_out0_carry__0_n_0
    SLICE_X13Y44         CARRY4 (Prop_carry4_CI_CO[3])
                                                      0.114     7.784 r  zynq_interrupt_system_i/axi_timer_0/U0/TC_CORE_I/COUNTER_0_I/COUNTER_I/icount_out0_carry__1/CO[3]
                         net (fo=1, routed)           0.000     7.784    zynq_interrupt_system_i/axi_timer_0/U0/TC_CORE_I/COUNTER_0_I/COUNTER_I/icount_out0_carry__1_n_0
    SLICE_X13Y45         CARRY4 (Prop_carry4_CI_CO[3])
                                                      0.114     7.898 r  zynq_interrupt_system_i/axi_timer_0/U0/TC_CORE_I/COUNTER_0_I/COUNTER_I/icount_out0_carry__2/CO[3]
                         net (fo=1, routed)           0.000     7.898    zynq_interrupt_system_i/axi_timer_0/U0/TC_CORE_I/COUNTER_0_I/COUNTER_I/icount_out0_carry__2_n_0
    SLICE_X13Y46         CARRY4 (Prop_carry4_CI_CO[3])
                                                      0.114     8.012 r  zynq_interrupt_system_i/axi_timer_0/U0/TC_CORE_I/COUNTER_0_I/COUNTER_I/icount_out0_carry__3/CO[3]
                         net (fo=1, routed)           0.000     8.012    zynq_interrupt_system_i/axi_timer_0/U0/TC_CORE_I/COUNTER_0_I/COUNTER_I/icount_out0_carry__3_n_0
    SLICE_X13Y47         CARRY4 (Prop_carry4_CI_CO[3])
                                                      0.114     8.126 r  zynq_interrupt_system_i/axi_timer_0/U0/TC_CORE_I/COUNTER_0_I/COUNTER_I/icount_out0_carry__4/CO[3]
                         net (fo=1, routed)           0.000     8.126    zynq_interrupt_system_i/axi_timer_0/U0/TC_CORE_I/COUNTER_0_I/COUNTER_I/icount_out0_carry__4_n_0
    SLICE_X13Y48         CARRY4 (Prop_carry4_CI_CO[3])
                                                      0.114     8.240 r  zynq_interrupt_system_i/axi_timer_0/U0/TC_CORE_I/COUNTER_0_I/COUNTER_I/icount_out0_carry__5/CO[3]
                         net (fo=1, routed)           0.000     8.240    zynq_interrupt_system_i/axi_timer_0/U0/TC_CORE_I/COUNTER_0_I/COUNTER_I/icount_out0_carry__5_n_0
    SLICE_X13Y49         CARRY4 (Prop_carry4_CI_O[2])
                                                      0.239     8.479 r  zynq_interrupt_system_i/axi_timer_0/U0/TC_CORE_I/COUNTER_0_I/COUNTER_I/icount_out0_carry__6/O[2]
                         net (fo=1, routed)           0.853     9.332    zynq_interrupt_system_i/axi_timer_0/U0/TC_CORE_I/COUNTER_0_I/COUNTER_I/icount_out0_carry__6_n_5
    SLICE_X12Y50         LUT3 (Prop_lut3_I0_O)        0.331     9.663 r  zynq_interrupt_system_i/axi_timer_0/U0/TC_CORE_I/COUNTER_0_I/COUNTER_I/INFERRED_GEN.icount_out[31]_i_2/O
                         net (fo=1, routed)           0.000     9.663    zynq_interrupt_system_i/axi_timer_0/U0/TC_CORE_I/COUNTER_0_I/COUNTER_I/p_1_in[31]
    SLICE_X12Y50         FDRE                                         r  zynq_interrupt_system_i/axi_timer_0/U0/TC_CORE_I/COUNTER_0_I/COUNTER_I/INFERRED_GEN.icount_out_reg[31]/D
  -------------------------------------------------------------------    -------------------

                         (clock clk_fpga_0 rise edge)
                                                     10.000    10.000 r  
    PS7_X0Y0             PS7                          0.000    10.000 r  zynq_interrupt_system_i/processing_system7_0/inst/PS7_i/FCLKCLK[0]
                         net (fo=1, routed)           1.101    11.101    zynq_interrupt_system_i/processing_system7_0/inst/FCLK_CLK_unbuffered[0]
    BUFGCTRL_X0Y0        BUFG (Prop_bufg_I_O)         0.091    11.192 r  zynq_interrupt_system_i/processing_system7_0/inst/buffer_fclk_clk_0.FCLK_CLK_0_BUFG/O
                         net (fo=1155, routed)        1.498    12.690    zynq_interrupt_system_i/axi_timer_0/U0/TC_CORE_I/COUNTER_0_I/COUNTER_I/s_axi_aclk
    SLICE_X12Y50         FDRE                                         r  zynq_interrupt_system_i/axi_timer_0/U0/TC_CORE_I/COUNTER_0_I/COUNTER_I/INFERRED_GEN.icount_out_reg[31]/C
                         clock pessimism              0.116    12.806    
                         clock uncertainty           -0.154    12.652    
    SLICE_X12Y50         FDRE (Setup_fdre_C_D)        0.118    12.770    zynq_interrupt_system_i/axi_timer_0/U0/TC_CORE_I/COUNTER_0_I/COUNTER_I/INFERRED_GEN.icount_out_reg[31]
  -------------------------------------------------------------------
                         required time                         12.770    
                         arrival time                          -9.663    
  -------------------------------------------------------------------
                         slack                                  3.106    

Slack (MET) :             3.197ns  (required time - arrival time)
  Source:                 zynq_interrupt_system_i/axi_timer_0/U0/TC_CORE_I/TIMER_CONTROL_I/TCSR0_GENERATE[31].TCSR0_FF_I/C
                            (rising edge-triggered cell FDRE clocked by clk_fpga_0  {rise@0.000ns fall@5.000ns period=10.000ns})
  Destination:            zynq_interrupt_system_i/axi_timer_0/U0/TC_CORE_I/COUNTER_0_I/COUNTER_I/INFERRED_GEN.icount_out_reg[28]/D
                            (rising edge-triggered cell FDRE clocked by clk_fpga_0  {rise@0.000ns fall@5.000ns period=10.000ns})
  Path Group:             clk_fpga_0
  Path Type:              Setup (Max at Slow Process Corner)
  Requirement:            10.000ns  (clk_fpga_0 rise@10.000ns - clk_fpga_0 rise@0.000ns)
  Data Path Delay:        6.586ns  (logic 3.235ns (49.120%)  route 3.351ns (50.880%))
  Logic Levels:           11  (CARRY4=7 LUT3=2 LUT4=1 LUT5=1)
  Clock Path Skew:        -0.181ns (DCD - SCD + CPR)
    Destination Clock Delay (DCD):    2.690ns = ( 12.690 - 10.000 ) 
    Source Clock Delay      (SCD):    2.987ns
    Clock Pessimism Removal (CPR):    0.116ns
  Clock Uncertainty:      0.154ns  ((TSJ^2 + TIJ^2)^1/2 + DJ) / 2 + PE
    Total System Jitter     (TSJ):    0.071ns
    Total Input Jitter      (TIJ):    0.300ns
    Discrete Jitter          (DJ):    0.000ns
    Phase Error              (PE):    0.000ns

    Location             Delay type                Incr(ns)  Path(ns)    Netlist Resource(s)
  -------------------------------------------------------------------    -------------------
                         (clock clk_fpga_0 rise edge)
                                                      0.000     0.000 r  
    PS7_X0Y0             PS7                          0.000     0.000 r  zynq_interrupt_system_i/processing_system7_0/inst/PS7_i/FCLKCLK[0]
                         net (fo=1, routed)           1.207     1.207    zynq_interrupt_system_i/processing_system7_0/inst/FCLK_CLK_unbuffered[0]
    BUFGCTRL_X0Y0        BUFG (Prop_bufg_I_O)         0.101     1.308 r  zynq_interrupt_system_i/processing_system7_0/inst/buffer_fclk_clk_0.FCLK_CLK_0_BUFG/O
                         net (fo=1155, routed)        1.679     2.987    zynq_interrupt_system_i/axi_timer_0/U0/TC_CORE_I/TIMER_CONTROL_I/s_axi_aclk
    SLICE_X12Y39         FDRE                                         r  zynq_interrupt_system_i/axi_timer_0/U0/TC_CORE_I/TIMER_CONTROL_I/TCSR0_GENERATE[31].TCSR0_FF_I/C
  -------------------------------------------------------------------    -------------------
    SLICE_X12Y39         FDRE (Prop_fdre_C_Q)         0.478     3.465 r  zynq_interrupt_system_i/axi_timer_0/U0/TC_CORE_I/TIMER_CONTROL_I/TCSR0_GENERATE[31].TCSR0_FF_I/Q
                         net (fo=11, routed)          1.048     4.513    zynq_interrupt_system_i/axi_timer_0/U0/TC_CORE_I/TIMER_CONTROL_I/tCSR0_Reg[31]
    SLICE_X14Y40         LUT4 (Prop_lut4_I3_O)        0.322     4.835 r  zynq_interrupt_system_i/axi_timer_0/U0/TC_CORE_I/TIMER_CONTROL_I/icount_out0_carry_i_7/O
                         net (fo=1, routed)           0.682     5.517    zynq_interrupt_system_i/axi_timer_0/U0/TC_CORE_I/TIMER_CONTROL_I/icount_out0_carry_i_7_n_0
    SLICE_X14Y40         LUT5 (Prop_lut5_I4_O)        0.360     5.877 r  zynq_interrupt_system_i/axi_timer_0/U0/TC_CORE_I/TIMER_CONTROL_I/icount_out0_carry_i_6/O
                         net (fo=1, routed)           0.821     6.698    zynq_interrupt_system_i/axi_timer_0/U0/TC_CORE_I/TIMER_CONTROL_I/icount_out0_carry_i_6_n_0
    SLICE_X13Y42         LUT3 (Prop_lut3_I1_O)        0.326     7.024 r  zynq_interrupt_system_i/axi_timer_0/U0/TC_CORE_I/TIMER_CONTROL_I/icount_out0_carry_i_5__0/O
                         net (fo=1, routed)           0.000     7.024    zynq_interrupt_system_i/axi_timer_0/U0/TC_CORE_I/COUNTER_0_I/COUNTER_I/S[0]
    SLICE_X13Y42         CARRY4 (Prop_carry4_S[0]_CO[3])
                                                      0.532     7.556 r  zynq_interrupt_system_i/axi_timer_0/U0/TC_CORE_I/COUNTER_0_I/COUNTER_I/icount_out0_carry/CO[3]
                         net (fo=1, routed)           0.000     7.556    zynq_interrupt_system_i/axi_timer_0/U0/TC_CORE_I/COUNTER_0_I/COUNTER_I/icount_out0_carry_n_0
    SLICE_X13Y43         CARRY4 (Prop_carry4_CI_CO[3])
                                                      0.114     7.670 r  zynq_interrupt_system_i/axi_timer_0/U0/TC_CORE_I/COUNTER_0_I/COUNTER_I/icount_out0_carry__0/CO[3]
                         net (fo=1, routed)           0.000     7.670    zynq_interrupt_system_i/axi_timer_0/U0/TC_CORE_I/COUNTER_0_I/COUNTER_I/icount_out0_carry__0_n_0
    SLICE_X13Y44         CARRY4 (Prop_carry4_CI_CO[3])
                                                      0.114     7.784 r  zynq_interrupt_system_i/axi_timer_0/U0/TC_CORE_I/COUNTER_0_I/COUNTER_I/icount_out0_carry__1/CO[3]
                         net (fo=1, routed)           0.000     7.784    zynq_interrupt_system_i/axi_timer_0/U0/TC_CORE_I/COUNTER_0_I/COUNTER_I/icount_out0_carry__1_n_0
    SLICE_X13Y45         CARRY4 (Prop_carry4_CI_CO[3])
                                                      0.114     7.898 r  zynq_interrupt_system_i/axi_timer_0/U0/TC_CORE_I/COUNTER_0_I/COUNTER_I/icount_out0_carry__2/CO[3]
                         net (fo=1, routed)           0.000     7.898    zynq_interrupt_system_i/axi_timer_0/U0/TC_CORE_I/COUNTER_0_I/COUNTER_I/icount_out0_carry__2_n_0
    SLICE_X13Y46         CARRY4 (Prop_carry4_CI_CO[3])
                                                      0.114     8.012 r  zynq_interrupt_system_i/axi_timer_0/U0/TC_CORE_I/COUNTER_0_I/COUNTER_I/icount_out0_carry__3/CO[3]
                         net (fo=1, routed)           0.000     8.012    zynq_interrupt_system_i/axi_timer_0/U0/TC_CORE_I/COUNTER_0_I/COUNTER_I/icount_out0_carry__3_n_0
    SLICE_X13Y47         CARRY4 (Prop_carry4_CI_CO[3])
                                                      0.114     8.126 r  zynq_interrupt_system_i/axi_timer_0/U0/TC_CORE_I/COUNTER_0_I/COUNTER_I/icount_out0_carry__4/CO[3]
                         net (fo=1, routed)           0.000     8.126    zynq_interrupt_system_i/axi_timer_0/U0/TC_CORE_I/COUNTER_0_I/COUNTER_I/icount_out0_carry__4_n_0
    SLICE_X13Y48         CARRY4 (Prop_carry4_CI_O[3])
                                                      0.313     8.439 r  zynq_interrupt_system_i/axi_timer_0/U0/TC_CORE_I/COUNTER_0_I/COUNTER_I/icount_out0_carry__5/O[3]
                         net (fo=1, routed)           0.800     9.239    zynq_interrupt_system_i/axi_timer_0/U0/TC_CORE_I/COUNTER_0_I/COUNTER_I/icount_out0_carry__5_n_4
    SLICE_X12Y50         LUT3 (Prop_lut3_I0_O)        0.334     9.573 r  zynq_interrupt_system_i/axi_timer_0/U0/TC_CORE_I/COUNTER_0_I/COUNTER_I/INFERRED_GEN.icount_out[28]_i_1/O
                         net (fo=1, routed)           0.000     9.573    zynq_interrupt_system_i/axi_timer_0/U0/TC_CORE_I/COUNTER_0_I/COUNTER_I/p_1_in[28]
    SLICE_X12Y50         FDRE                                         r  zynq_interrupt_system_i/axi_timer_0/U0/TC_CORE_I/COUNTER_0_I/COUNTER_I/INFERRED_GEN.icount_out_reg[28]/D
  -------------------------------------------------------------------    -------------------

                         (clock clk_fpga_0 rise edge)
                                                     10.000    10.000 r  
    PS7_X0Y0             PS7                          0.000    10.000 r  zynq_interrupt_system_i/processing_system7_0/inst/PS7_i/FCLKCLK[0]
                         net (fo=1, routed)           1.101    11.101    zynq_interrupt_system_i/processing_system7_0/inst/FCLK_CLK_unbuffered[0]
    BUFGCTRL_X0Y0        BUFG (Prop_bufg_I_O)         0.091    11.192 r  zynq_interrupt_system_i/processing_system7_0/inst/buffer_fclk_clk_0.FCLK_CLK_0_BUFG/O
                         net (fo=1155, routed)        1.498    12.690    zynq_interrupt_system_i/axi_timer_0/U0/TC_CORE_I/COUNTER_0_I/COUNTER_I/s_axi_aclk
    SLICE_X12Y50         FDRE                                         r  zynq_interrupt_system_i/axi_timer_0/U0/TC_CORE_I/COUNTER_0_I/COUNTER_I/INFERRED_GEN.icount_out_reg[28]/C
                         clock pessimism              0.116    12.806    
                         clock uncertainty           -0.154    12.652    
    SLICE_X12Y50         FDRE (Setup_fdre_C_D)        0.118    12.770    zynq_interrupt_system_i/axi_timer_0/U0/TC_CORE_I/COUNTER_0_I/COUNTER_I/INFERRED_GEN.icount_out_reg[28]
  -------------------------------------------------------------------
                         required time                         12.770    
                         arrival time                          -9.573    
  -------------------------------------------------------------------
                         slack                                  3.197    

Slack (MET) :             3.213ns  (required time - arrival time)
  Source:                 zynq_interrupt_system_i/axi_timer_0/U0/TC_CORE_I/TIMER_CONTROL_I/TCSR0_GENERATE[31].TCSR0_FF_I/C
                            (rising edge-triggered cell FDRE clocked by clk_fpga_0  {rise@0.000ns fall@5.000ns period=10.000ns})
  Destination:            zynq_interrupt_system_i/axi_timer_0/U0/TC_CORE_I/COUNTER_0_I/COUNTER_I/INFERRED_GEN.icount_out_reg[29]/D
                            (rising edge-triggered cell FDRE clocked by clk_fpga_0  {rise@0.000ns fall@5.000ns period=10.000ns})
  Path Group:             clk_fpga_0
  Path Type:              Setup (Max at Slow Process Corner)
  Requirement:            10.000ns  (clk_fpga_0 rise@10.000ns - clk_fpga_0 rise@0.000ns)
  Data Path Delay:        6.646ns  (logic 3.248ns (48.871%)  route 3.398ns (51.129%))
  Logic Levels:           12  (CARRY4=8 LUT3=2 LUT4=1 LUT5=1)
  Clock Path Skew:        -0.062ns (DCD - SCD + CPR)
    Destination Clock Delay (DCD):    2.694ns = ( 12.694 - 10.000 ) 
    Source Clock Delay      (SCD):    2.987ns
    Clock Pessimism Removal (CPR):    0.230ns
  Clock Uncertainty:      0.154ns  ((TSJ^2 + TIJ^2)^1/2 + DJ) / 2 + PE
    Total System Jitter     (TSJ):    0.071ns
    Total Input Jitter      (TIJ):    0.300ns
    Discrete Jitter          (DJ):    0.000ns
    Phase Error              (PE):    0.000ns

    Location             Delay type                Incr(ns)  Path(ns)    Netlist Resource(s)
  -------------------------------------------------------------------    -------------------
                         (clock clk_fpga_0 rise edge)
                                                      0.000     0.000 r  
    PS7_X0Y0             PS7                          0.000     0.000 r  zynq_interrupt_system_i/processing_system7_0/inst/PS7_i/FCLKCLK[0]
                         net (fo=1, routed)           1.207     1.207    zynq_interrupt_system_i/processing_system7_0/inst/FCLK_CLK_unbuffered[0]
    BUFGCTRL_X0Y0        BUFG (Prop_bufg_I_O)         0.101     1.308 r  zynq_interrupt_system_i/processing_system7_0/inst/buffer_fclk_clk_0.FCLK_CLK_0_BUFG/O
                         net (fo=1155, routed)        1.679     2.987    zynq_interrupt_system_i/axi_timer_0/U0/TC_CORE_I/TIMER_CONTROL_I/s_axi_aclk
    SLICE_X12Y39         FDRE                                         r  zynq_interrupt_system_i/axi_timer_0/U0/TC_CORE_I/TIMER_CONTROL_I/TCSR0_GENERATE[31].TCSR0_FF_I/C
  -------------------------------------------------------------------    -------------------
    SLICE_X12Y39         FDRE (Prop_fdre_C_Q)         0.478     3.465 r  zynq_interrupt_system_i/axi_timer_0/U0/TC_CORE_I/TIMER_CONTROL_I/TCSR0_GENERATE[31].TCSR0_FF_I/Q
                         net (fo=11, routed)          1.048     4.513    zynq_interrupt_system_i/axi_timer_0/U0/TC_CORE_I/TIMER_CONTROL_I/tCSR0_Reg[31]
    SLICE_X14Y40         LUT4 (Prop_lut4_I3_O)        0.322     4.835 r  zynq_interrupt_system_i/axi_timer_0/U0/TC_CORE_I/TIMER_CONTROL_I/icount_out0_carry_i_7/O
                         net (fo=1, routed)           0.682     5.517    zynq_interrupt_system_i/axi_timer_0/U0/TC_CORE_I/TIMER_CONTROL_I/icount_out0_carry_i_7_n_0
    SLICE_X14Y40         LUT5 (Prop_lut5_I4_O)        0.360     5.877 r  zynq_interrupt_system_i/axi_timer_0/U0/TC_CORE_I/TIMER_CONTROL_I/icount_out0_carry_i_6/O
                         net (fo=1, routed)           0.821     6.698    zynq_interrupt_system_i/axi_timer_0/U0/TC_CORE_I/TIMER_CONTROL_I/icount_out0_carry_i_6_n_0
    SLICE_X13Y42         LUT3 (Prop_lut3_I1_O)        0.326     7.024 r  zynq_interrupt_system_i/axi_timer_0/U0/TC_CORE_I/TIMER_CONTROL_I/icount_out0_carry_i_5__0/O
                         net (fo=1, routed)           0.000     7.024    zynq_interrupt_system_i/axi_timer_0/U0/TC_CORE_I/COUNTER_0_I/COUNTER_I/S[0]
    SLICE_X13Y42         CARRY4 (Prop_carry4_S[0]_CO[3])
                                                      0.532     7.556 r  zynq_interrupt_system_i/axi_timer_0/U0/TC_CORE_I/COUNTER_0_I/COUNTER_I/icount_out0_carry/CO[3]
                         net (fo=1, routed)           0.000     7.556    zynq_interrupt_system_i/axi_timer_0/U0/TC_CORE_I/COUNTER_0_I/COUNTER_I/icount_out0_carry_n_0
    SLICE_X13Y43         CARRY4 (Prop_carry4_CI_CO[3])
                                                      0.114     7.670 r  zynq_interrupt_system_i/axi_timer_0/U0/TC_CORE_I/COUNTER_0_I/COUNTER_I/icount_out0_carry__0/CO[3]
                         net (fo=1, routed)           0.000     7.670    zynq_interrupt_system_i/axi_timer_0/U0/TC_CORE_I/COUNTER_0_I/COUNTER_I/icount_out0_carry__0_n_0
    SLICE_X13Y44         CARRY4 (Prop_carry4_CI_CO[3])
                                                      0.114     7.784 r  zynq_interrupt_system_i/axi_timer_0/U0/TC_CORE_I/COUNTER_0_I/COUNTER_I/icount_out0_carry__1/CO[3]
                         net (fo=1, routed)           0.000     7.784    zynq_interrupt_system_i/axi_timer_0/U0/TC_CORE_I/COUNTER_0_I/COUNTER_I/icount_out0_carry__1_n_0
    SLICE_X13Y45         CARRY4 (Prop_carry4_CI_CO[3])
                                                      0.114     7.898 r  zynq_interrupt_system_i/axi_timer_0/U0/TC_CORE_I/COUNTER_0_I/COUNTER_I/icount_out0_carry__2/CO[3]
                         net (fo=1, routed)           0.000     7.898    zynq_interrupt_system_i/axi_timer_0/U0/TC_CORE_I/COUNTER_0_I/COUNTER_I/icount_out0_carry__2_n_0
    SLICE_X13Y46         CARRY4 (Prop_carry4_CI_CO[3])
                                                      0.114     8.012 r  zynq_interrupt_system_i/axi_timer_0/U0/TC_CORE_I/COUNTER_0_I/COUNTER_I/icount_out0_carry__3/CO[3]
                         net (fo=1, routed)           0.000     8.012    zynq_interrupt_system_i/axi_timer_0/U0/TC_CORE_I/COUNTER_0_I/COUNTER_I/icount_out0_carry__3_n_0
    SLICE_X13Y47         CARRY4 (Prop_carry4_CI_CO[3])
                                                      0.114     8.126 r  zynq_interrupt_system_i/axi_timer_0/U0/TC_CORE_I/COUNTER_0_I/COUNTER_I/icount_out0_carry__4/CO[3]
                         net (fo=1, routed)           0.000     8.126    zynq_interrupt_system_i/axi_timer_0/U0/TC_CORE_I/COUNTER_0_I/COUNTER_I/icount_out0_carry__4_n_0
    SLICE_X13Y48         CARRY4 (Prop_carry4_CI_CO[3])
                                                      0.114     8.240 r  zynq_interrupt_system_i/axi_timer_0/U0/TC_CORE_I/COUNTER_0_I/COUNTER_I/icount_out0_carry__5/CO[3]
                         net (fo=1, routed)           0.000     8.240    zynq_interrupt_system_i/axi_timer_0/U0/TC_CORE_I/COUNTER_0_I/COUNTER_I/icount_out0_carry__5_n_0
    SLICE_X13Y49         CARRY4 (Prop_carry4_CI_O[0])
                                                      0.222     8.462 r  zynq_interrupt_system_i/axi_timer_0/U0/TC_CORE_I/COUNTER_0_I/COUNTER_I/icount_out0_carry__6/O[0]
                         net (fo=1, routed)           0.847     9.309    zynq_interrupt_system_i/axi_timer_0/U0/TC_CORE_I/COUNTER_0_I/COUNTER_I/icount_out0_carry__6_n_7
    SLICE_X14Y48         LUT3 (Prop_lut3_I0_O)        0.324     9.633 r  zynq_interrupt_system_i/axi_timer_0/U0/TC_CORE_I/COUNTER_0_I/COUNTER_I/INFERRED_GEN.icount_out[29]_i_1/O
                         net (fo=1, routed)           0.000     9.633    zynq_interrupt_system_i/axi_timer_0/U0/TC_CORE_I/COUNTER_0_I/COUNTER_I/p_1_in[29]
    SLICE_X14Y48         FDRE                                         r  zynq_interrupt_system_i/axi_timer_0/U0/TC_CORE_I/COUNTER_0_I/COUNTER_I/INFERRED_GEN.icount_out_reg[29]/D
  -------------------------------------------------------------------    -------------------

                         (clock clk_fpga_0 rise edge)
                                                     10.000    10.000 r  
    PS7_X0Y0             PS7                          0.000    10.000 r  zynq_interrupt_system_i/processing_system7_0/inst/PS7_i/FCLKCLK[0]
                         net (fo=1, routed)           1.101    11.101    zynq_interrupt_system_i/processing_system7_0/inst/FCLK_CLK_unbuffered[0]
    BUFGCTRL_X0Y0        BUFG (Prop_bufg_I_O)         0.091    11.192 r  zynq_interrupt_system_i/processing_system7_0/inst/buffer_fclk_clk_0.FCLK_CLK_0_BUFG/O
                         net (fo=1155, routed)        1.502    12.694    zynq_interrupt_system_i/axi_timer_0/U0/TC_CORE_I/COUNTER_0_I/COUNTER_I/s_axi_aclk
    SLICE_X14Y48         FDRE                                         r  zynq_interrupt_system_i/axi_timer_0/U0/TC_CORE_I/COUNTER_0_I/COUNTER_I/INFERRED_GEN.icount_out_reg[29]/C
                         clock pessimism              0.230    12.925    
                         clock uncertainty           -0.154    12.771    
    SLICE_X14Y48         FDRE (Setup_fdre_C_D)        0.075    12.846    zynq_interrupt_system_i/axi_timer_0/U0/TC_CORE_I/COUNTER_0_I/COUNTER_I/INFERRED_GEN.icount_out_reg[29]
  -------------------------------------------------------------------
                         required time                         12.846    
                         arrival time                          -9.633    
  -------------------------------------------------------------------
                         slack                                  3.213    

Slack (MET) :             3.223ns  (required time - arrival time)
  Source:                 zynq_interrupt_system_i/axi_timer_0/U0/TC_CORE_I/TIMER_CONTROL_I/TCSR0_GENERATE[31].TCSR0_FF_I/C
                            (rising edge-triggered cell FDRE clocked by clk_fpga_0  {rise@0.000ns fall@5.000ns period=10.000ns})
  Destination:            zynq_interrupt_system_i/axi_timer_0/U0/TC_CORE_I/COUNTER_0_I/COUNTER_I/INFERRED_GEN.icount_out_reg[32]/D
                            (rising edge-triggered cell FDRE clocked by clk_fpga_0  {rise@0.000ns fall@5.000ns period=10.000ns})
  Path Group:             clk_fpga_0
  Path Type:              Setup (Max at Slow Process Corner)
  Requirement:            10.000ns  (clk_fpga_0 rise@10.000ns - clk_fpga_0 rise@0.000ns)
  Data Path Delay:        6.674ns  (logic 3.321ns (49.761%)  route 3.353ns (50.239%))
  Logic Levels:           12  (CARRY4=8 LUT3=1 LUT4=1 LUT5=2)
  Clock Path Skew:        -0.026ns (DCD - SCD + CPR)
    Destination Clock Delay (DCD):    2.696ns = ( 12.696 - 10.000 ) 
    Source Clock Delay      (SCD):    2.987ns
    Clock Pessimism Removal (CPR):    0.264ns
  Clock Uncertainty:      0.154ns  ((TSJ^2 + TIJ^2)^1/2 + DJ) / 2 + PE
    Total System Jitter     (TSJ):    0.071ns
    Total Input Jitter      (TIJ):    0.300ns
    Discrete Jitter          (DJ):    0.000ns
    Phase Error              (PE):    0.000ns

    Location             Delay type                Incr(ns)  Path(ns)    Netlist Resource(s)
  -------------------------------------------------------------------    -------------------
                         (clock clk_fpga_0 rise edge)
                                                      0.000     0.000 r  
    PS7_X0Y0             PS7                          0.000     0.000 r  zynq_interrupt_system_i/processing_system7_0/inst/PS7_i/FCLKCLK[0]
                         net (fo=1, routed)           1.207     1.207    zynq_interrupt_system_i/processing_system7_0/inst/FCLK_CLK_unbuffered[0]
    BUFGCTRL_X0Y0        BUFG (Prop_bufg_I_O)         0.101     1.308 r  zynq_interrupt_system_i/processing_system7_0/inst/buffer_fclk_clk_0.FCLK_CLK_0_BUFG/O
                         net (fo=1155, routed)        1.679     2.987    zynq_interrupt_system_i/axi_timer_0/U0/TC_CORE_I/TIMER_CONTROL_I/s_axi_aclk
    SLICE_X12Y39         FDRE                                         r  zynq_interrupt_system_i/axi_timer_0/U0/TC_CORE_I/TIMER_CONTROL_I/TCSR0_GENERATE[31].TCSR0_FF_I/C
  -------------------------------------------------------------------    -------------------
    SLICE_X12Y39         FDRE (Prop_fdre_C_Q)         0.478     3.465 r  zynq_interrupt_system_i/axi_timer_0/U0/TC_CORE_I/TIMER_CONTROL_I/TCSR0_GENERATE[31].TCSR0_FF_I/Q
                         net (fo=11, routed)          1.048     4.513    zynq_interrupt_system_i/axi_timer_0/U0/TC_CORE_I/TIMER_CONTROL_I/tCSR0_Reg[31]
    SLICE_X14Y40         LUT4 (Prop_lut4_I3_O)        0.322     4.835 r  zynq_interrupt_system_i/axi_timer_0/U0/TC_CORE_I/TIMER_CONTROL_I/icount_out0_carry_i_7/O
                         net (fo=1, routed)           0.682     5.517    zynq_interrupt_system_i/axi_timer_0/U0/TC_CORE_I/TIMER_CONTROL_I/icount_out0_carry_i_7_n_0
    SLICE_X14Y40         LUT5 (Prop_lut5_I4_O)        0.360     5.877 r  zynq_interrupt_system_i/axi_timer_0/U0/TC_CORE_I/TIMER_CONTROL_I/icount_out0_carry_i_6/O
                         net (fo=1, routed)           0.821     6.698    zynq_interrupt_system_i/axi_timer_0/U0/TC_CORE_I/TIMER_CONTROL_I/icount_out0_carry_i_6_n_0
    SLICE_X13Y42         LUT3 (Prop_lut3_I1_O)        0.326     7.024 r  zynq_interrupt_system_i/axi_timer_0/U0/TC_CORE_I/TIMER_CONTROL_I/icount_out0_carry_i_5__0/O
                         net (fo=1, routed)           0.000     7.024    zynq_interrupt_system_i/axi_timer_0/U0/TC_CORE_I/COUNTER_0_I/COUNTER_I/S[0]
    SLICE_X13Y42         CARRY4 (Prop_carry4_S[0]_CO[3])
                                                      0.532     7.556 r  zynq_interrupt_system_i/axi_timer_0/U0/TC_CORE_I/COUNTER_0_I/COUNTER_I/icount_out0_carry/CO[3]
                         net (fo=1, routed)           0.000     7.556    zynq_interrupt_system_i/axi_timer_0/U0/TC_CORE_I/COUNTER_0_I/COUNTER_I/icount_out0_carry_n_0
    SLICE_X13Y43         CARRY4 (Prop_carry4_CI_CO[3])
                                                      0.114     7.670 r  zynq_interrupt_system_i/axi_timer_0/U0/TC_CORE_I/COUNTER_0_I/COUNTER_I/icount_out0_carry__0/CO[3]
                         net (fo=1, routed)           0.000     7.670    zynq_interrupt_system_i/axi_timer_0/U0/TC_CORE_I/COUNTER_0_I/COUNTER_I/icount_out0_carry__0_n_0
    SLICE_X13Y44         CARRY4 (Prop_carry4_CI_CO[3])
                                                      0.114     7.784 r  zynq_interrupt_system_i/axi_timer_0/U0/TC_CORE_I/COUNTER_0_I/COUNTER_I/icount_out0_carry__1/CO[3]
                         net (fo=1, routed)           0.000     7.784    zynq_interrupt_system_i/axi_timer_0/U0/TC_CORE_I/COUNTER_0_I/COUNTER_I/icount_out0_carry__1_n_0
    SLICE_X13Y45         CARRY4 (Prop_carry4_CI_CO[3])
                                                      0.114     7.898 r  zynq_interrupt_system_i/axi_timer_0/U0/TC_CORE_I/COUNTER_0_I/COUNTER_I/icount_out0_carry__2/CO[3]
                         net (fo=1, routed)           0.000     7.898    zynq_interrupt_system_i/axi_timer_0/U0/TC_CORE_I/COUNTER_0_I/COUNTER_I/icount_out0_carry__2_n_0
    SLICE_X13Y46         CARRY4 (Prop_carry4_CI_CO[3])
                                                      0.114     8.012 r  zynq_interrupt_system_i/axi_timer_0/U0/TC_CORE_I/COUNTER_0_I/COUNTER_I/icount_out0_carry__3/CO[3]
                         net (fo=1, routed)           0.000     8.012    zynq_interrupt_system_i/axi_timer_0/U0/TC_CORE_I/COUNTER_0_I/COUNTER_I/icount_out0_carry__3_n_0
    SLICE_X13Y47         CARRY4 (Prop_carry4_CI_CO[3])
                                                      0.114     8.126 r  zynq_interrupt_system_i/axi_timer_0/U0/TC_CORE_I/COUNTER_0_I/COUNTER_I/icount_out0_carry__4/CO[3]
                         net (fo=1, routed)           0.000     8.126    zynq_interrupt_system_i/axi_timer_0/U0/TC_CORE_I/COUNTER_0_I/COUNTER_I/icount_out0_carry__4_n_0
    SLICE_X13Y48         CARRY4 (Prop_carry4_CI_CO[3])
                                                      0.114     8.240 r  zynq_interrupt_system_i/axi_timer_0/U0/TC_CORE_I/COUNTER_0_I/COUNTER_I/icount_out0_carry__5/CO[3]
                         net (fo=1, routed)           0.000     8.240    zynq_interrupt_system_i/axi_timer_0/U0/TC_CORE_I/COUNTER_0_I/COUNTER_I/icount_out0_carry__5_n_0
    SLICE_X13Y49         CARRY4 (Prop_carry4_CI_O[3])
                                                      0.313     8.553 r  zynq_interrupt_system_i/axi_timer_0/U0/TC_CORE_I/COUNTER_0_I/COUNTER_I/icount_out0_carry__6/O[3]
                         net (fo=1, routed)           0.802     9.355    zynq_interrupt_system_i/axi_timer_0/U0/TC_CORE_I/COUNTER_0_I/COUNTER_I/icount_out0_carry__6_n_4
    SLICE_X12Y38         LUT5 (Prop_lut5_I0_O)        0.306     9.661 r  zynq_interrupt_system_i/axi_timer_0/U0/TC_CORE_I/COUNTER_0_I/COUNTER_I/INFERRED_GEN.icount_out[32]_i_1__0/O
                         net (fo=1, routed)           0.000     9.661    zynq_interrupt_system_i/axi_timer_0/U0/TC_CORE_I/COUNTER_0_I/COUNTER_I/INFERRED_GEN.icount_out[32]_i_1__0_n_0
    SLICE_X12Y38         FDRE                                         r  zynq_interrupt_system_i/axi_timer_0/U0/TC_CORE_I/COUNTER_0_I/COUNTER_I/INFERRED_GEN.icount_out_reg[32]/D
  -------------------------------------------------------------------    -------------------

                         (clock clk_fpga_0 rise edge)
                                                     10.000    10.000 r  
    PS7_X0Y0             PS7                          0.000    10.000 r  zynq_interrupt_system_i/processing_system7_0/inst/PS7_i/FCLKCLK[0]
                         net (fo=1, routed)           1.101    11.101    zynq_interrupt_system_i/processing_system7_0/inst/FCLK_CLK_unbuffered[0]
    BUFGCTRL_X0Y0        BUFG (Prop_bufg_I_O)         0.091    11.192 r  zynq_interrupt_system_i/processing_system7_0/inst/buffer_fclk_clk_0.FCLK_CLK_0_BUFG/O
                         net (fo=1155, routed)        1.504    12.696    zynq_interrupt_system_i/axi_timer_0/U0/TC_CORE_I/COUNTER_0_I/COUNTER_I/s_axi_aclk
    SLICE_X12Y38         FDRE                                         r  zynq_interrupt_system_i/axi_timer_0/U0/TC_CORE_I/COUNTER_0_I/COUNTER_I/INFERRED_GEN.icount_out_reg[32]/C
                         clock pessimism              0.264    12.961    
                         clock uncertainty           -0.154    12.807    
    SLICE_X12Y38         FDRE (Setup_fdre_C_D)        0.077    12.884    zynq_interrupt_system_i/axi_timer_0/U0/TC_CORE_I/COUNTER_0_I/COUNTER_I/INFERRED_GEN.icount_out_reg[32]
  -------------------------------------------------------------------
                         required time                         12.884    
                         arrival time                          -9.661    
  -------------------------------------------------------------------
                         slack                                  3.223    

Slack (MET) :             3.273ns  (required time - arrival time)
  Source:                 zynq_interrupt_system_i/axi_timer_0/U0/TC_CORE_I/TIMER_CONTROL_I/TCSR0_GENERATE[31].TCSR0_FF_I/C
                            (rising edge-triggered cell FDRE clocked by clk_fpga_0  {rise@0.000ns fall@5.000ns period=10.000ns})
  Destination:            zynq_interrupt_system_i/axi_timer_0/U0/TC_CORE_I/COUNTER_0_I/COUNTER_I/INFERRED_GEN.icount_out_reg[30]/D
                            (rising edge-triggered cell FDRE clocked by clk_fpga_0  {rise@0.000ns fall@5.000ns period=10.000ns})
  Path Group:             clk_fpga_0
  Path Type:              Setup (Max at Slow Process Corner)
  Requirement:            10.000ns  (clk_fpga_0 rise@10.000ns - clk_fpga_0 rise@0.000ns)
  Data Path Delay:        6.470ns  (logic 3.339ns (51.606%)  route 3.131ns (48.393%))
  Logic Levels:           12  (CARRY4=8 LUT3=2 LUT4=1 LUT5=1)
  Clock Path Skew:        -0.181ns (DCD - SCD + CPR)
    Destination Clock Delay (DCD):    2.690ns = ( 12.690 - 10.000 ) 
    Source Clock Delay      (SCD):    2.987ns
    Clock Pessimism Removal (CPR):    0.116ns
  Clock Uncertainty:      0.154ns  ((TSJ^2 + TIJ^2)^1/2 + DJ) / 2 + PE
    Total System Jitter     (TSJ):    0.071ns
    Total Input Jitter      (TIJ):    0.300ns
    Discrete Jitter          (DJ):    0.000ns
    Phase Error              (PE):    0.000ns

    Location             Delay type                Incr(ns)  Path(ns)    Netlist Resource(s)
  -------------------------------------------------------------------    -------------------
                         (clock clk_fpga_0 rise edge)
                                                      0.000     0.000 r  
    PS7_X0Y0             PS7                          0.000     0.000 r  zynq_interrupt_system_i/processing_system7_0/inst/PS7_i/FCLKCLK[0]
                         net (fo=1, routed)           1.207     1.207    zynq_interrupt_system_i/processing_system7_0/inst/FCLK_CLK_unbuffered[0]
    BUFGCTRL_X0Y0        BUFG (Prop_bufg_I_O)         0.101     1.308 r  zynq_interrupt_system_i/processing_system7_0/inst/buffer_fclk_clk_0.FCLK_CLK_0_BUFG/O
                         net (fo=1155, routed)        1.679     2.987    zynq_interrupt_system_i/axi_timer_0/U0/TC_CORE_I/TIMER_CONTROL_I/s_axi_aclk
    SLICE_X12Y39         FDRE                                         r  zynq_interrupt_system_i/axi_timer_0/U0/TC_CORE_I/TIMER_CONTROL_I/TCSR0_GENERATE[31].TCSR0_FF_I/C
  -------------------------------------------------------------------    -------------------
    SLICE_X12Y39         FDRE (Prop_fdre_C_Q)         0.478     3.465 r  zynq_interrupt_system_i/axi_timer_0/U0/TC_CORE_I/TIMER_CONTROL_I/TCSR0_GENERATE[31].TCSR0_FF_I/Q
                         net (fo=11, routed)          1.048     4.513    zynq_interrupt_system_i/axi_timer_0/U0/TC_CORE_I/TIMER_CONTROL_I/tCSR0_Reg[31]
    SLICE_X14Y40         LUT4 (Prop_lut4_I3_O)        0.322     4.835 r  zynq_interrupt_system_i/axi_timer_0/U0/TC_CORE_I/TIMER_CONTROL_I/icount_out0_carry_i_7/O
                         net (fo=1, routed)           0.682     5.517    zynq_interrupt_system_i/axi_timer_0/U0/TC_CORE_I/TIMER_CONTROL_I/icount_out0_carry_i_7_n_0
    SLICE_X14Y40         LUT5 (Prop_lut5_I4_O)        0.360     5.877 r  zynq_interrupt_system_i/axi_timer_0/U0/TC_CORE_I/TIMER_CONTROL_I/icount_out0_carry_i_6/O
                         net (fo=1, routed)           0.821     6.698    zynq_interrupt_system_i/axi_timer_0/U0/TC_CORE_I/TIMER_CONTROL_I/icount_out0_carry_i_6_n_0
    SLICE_X13Y42         LUT3 (Prop_lut3_I1_O)        0.326     7.024 r  zynq_interrupt_system_i/axi_timer_0/U0/TC_CORE_I/TIMER_CONTROL_I/icount_out0_carry_i_5__0/O
                         net (fo=1, routed)           0.000     7.024    zynq_interrupt_system_i/axi_timer_0/U0/TC_CORE_I/COUNTER_0_I/COUNTER_I/S[0]
    SLICE_X13Y42         CARRY4 (Prop_carry4_S[0]_CO[3])
                                                      0.532     7.556 r  zynq_interrupt_system_i/axi_timer_0/U0/TC_CORE_I/COUNTER_0_I/COUNTER_I/icount_out0_carry/CO[3]
                         net (fo=1, routed)           0.000     7.556    zynq_interrupt_system_i/axi_timer_0/U0/TC_CORE_I/COUNTER_0_I/COUNTER_I/icount_out0_carry_n_0
    SLICE_X13Y43         CARRY4 (Prop_carry4_CI_CO[3])
                                                      0.114     7.670 r  zynq_interrupt_system_i/axi_timer_0/U0/TC_CORE_I/COUNTER_0_I/COUNTER_I/icount_out0_carry__0/CO[3]
                         net (fo=1, routed)           0.000     7.670    zynq_interrupt_system_i/axi_timer_0/U0/TC_CORE_I/COUNTER_0_I/COUNTER_I/icount_out0_carry__0_n_0
    SLICE_X13Y44         CARRY4 (Prop_carry4_CI_CO[3])
                                                      0.114     7.784 r  zynq_interrupt_system_i/axi_timer_0/U0/TC_CORE_I/COUNTER_0_I/COUNTER_I/icount_out0_carry__1/CO[3]
                         net (fo=1, routed)           0.000     7.784    zynq_interrupt_system_i/axi_timer_0/U0/TC_CORE_I/COUNTER_0_I/COUNTER_I/icount_out0_carry__1_n_0
    SLICE_X13Y45         CARRY4 (Prop_carry4_CI_CO[3])
                                                      0.114     7.898 r  zynq_interrupt_system_i/axi_timer_0/U0/TC_CORE_I/COUNTER_0_I/COUNTER_I/icount_out0_carry__2/CO[3]
                         net (fo=1, routed)           0.000     7.898    zynq_interrupt_system_i/axi_timer_0/U0/TC_CORE_I/COUNTER_0_I/COUNTER_I/icount_out0_carry__2_n_0
    SLICE_X13Y46         CARRY4 (Prop_carry4_CI_CO[3])
                                                      0.114     8.012 r  zynq_interrupt_system_i/axi_timer_0/U0/TC_CORE_I/COUNTER_0_I/COUNTER_I/icount_out0_carry__3/CO[3]
                         net (fo=1, routed)           0.000     8.012    zynq_interrupt_system_i/axi_timer_0/U0/TC_CORE_I/COUNTER_0_I/COUNTER_I/icount_out0_carry__3_n_0
    SLICE_X13Y47         CARRY4 (Prop_carry4_CI_CO[3])
                                                      0.114     8.126 r  zynq_interrupt_system_i/axi_timer_0/U0/TC_CORE_I/COUNTER_0_I/COUNTER_I/icount_out0_carry__4/CO[3]
                         net (fo=1, routed)           0.000     8.126    zynq_interrupt_system_i/axi_timer_0/U0/TC_CORE_I/COUNTER_0_I/COUNTER_I/icount_out0_carry__4_n_0
    SLICE_X13Y48         CARRY4 (Prop_carry4_CI_CO[3])
                                                      0.114     8.240 r  zynq_interrupt_system_i/axi_timer_0/U0/TC_CORE_I/COUNTER_0_I/COUNTER_I/icount_out0_carry__5/CO[3]
                         net (fo=1, routed)           0.000     8.240    zynq_interrupt_system_i/axi_timer_0/U0/TC_CORE_I/COUNTER_0_I/COUNTER_I/icount_out0_carry__5_n_0
    SLICE_X13Y49         CARRY4 (Prop_carry4_CI_O[1])
                                                      0.334     8.574 r  zynq_interrupt_system_i/axi_timer_0/U0/TC_CORE_I/COUNTER_0_I/COUNTER_I/icount_out0_carry__6/O[1]
                         net (fo=1, routed)           0.580     9.154    zynq_interrupt_system_i/axi_timer_0/U0/TC_CORE_I/COUNTER_0_I/COUNTER_I/icount_out0_carry__6_n_6
    SLICE_X12Y50         LUT3 (Prop_lut3_I0_O)        0.303     9.457 r  zynq_interrupt_system_i/axi_timer_0/U0/TC_CORE_I/COUNTER_0_I/COUNTER_I/INFERRED_GEN.icount_out[30]_i_1/O
                         net (fo=1, routed)           0.000     9.457    zynq_interrupt_system_i/axi_timer_0/U0/TC_CORE_I/COUNTER_0_I/COUNTER_I/p_1_in[30]
    SLICE_X12Y50         FDRE                                         r  zynq_interrupt_system_i/axi_timer_0/U0/TC_CORE_I/COUNTER_0_I/COUNTER_I/INFERRED_GEN.icount_out_reg[30]/D
  -------------------------------------------------------------------    -------------------

                         (clock clk_fpga_0 rise edge)
                                                     10.000    10.000 r  
    PS7_X0Y0             PS7                          0.000    10.000 r  zynq_interrupt_system_i/processing_system7_0/inst/PS7_i/FCLKCLK[0]
                         net (fo=1, routed)           1.101    11.101    zynq_interrupt_system_i/processing_system7_0/inst/FCLK_CLK_unbuffered[0]
    BUFGCTRL_X0Y0        BUFG (Prop_bufg_I_O)         0.091    11.192 r  zynq_interrupt_system_i/processing_system7_0/inst/buffer_fclk_clk_0.FCLK_CLK_0_BUFG/O
                         net (fo=1155, routed)        1.498    12.690    zynq_interrupt_system_i/axi_timer_0/U0/TC_CORE_I/COUNTER_0_I/COUNTER_I/s_axi_aclk
    SLICE_X12Y50         FDRE                                         r  zynq_interrupt_system_i/axi_timer_0/U0/TC_CORE_I/COUNTER_0_I/COUNTER_I/INFERRED_GEN.icount_out_reg[30]/C
                         clock pessimism              0.116    12.806    
                         clock uncertainty           -0.154    12.652    
    SLICE_X12Y50         FDRE (Setup_fdre_C_D)        0.079    12.731    zynq_interrupt_system_i/axi_timer_0/U0/TC_CORE_I/COUNTER_0_I/COUNTER_I/INFERRED_GEN.icount_out_reg[30]
  -------------------------------------------------------------------
                         required time                         12.731    
                         arrival time                          -9.457    
  -------------------------------------------------------------------
                         slack                                  3.273    

Slack (MET) :             3.319ns  (required time - arrival time)
  Source:                 zynq_interrupt_system_i/axi_timer_0/U0/TC_CORE_I/TIMER_CONTROL_I/TCSR0_GENERATE[31].TCSR0_FF_I/C
                            (rising edge-triggered cell FDRE clocked by clk_fpga_0  {rise@0.000ns fall@5.000ns period=10.000ns})
  Destination:            zynq_interrupt_system_i/axi_timer_0/U0/TC_CORE_I/COUNTER_0_I/COUNTER_I/INFERRED_GEN.icount_out_reg[24]/D
                            (rising edge-triggered cell FDRE clocked by clk_fpga_0  {rise@0.000ns fall@5.000ns period=10.000ns})
  Path Group:             clk_fpga_0
  Path Type:              Setup (Max at Slow Process Corner)
  Requirement:            10.000ns  (clk_fpga_0 rise@10.000ns - clk_fpga_0 rise@0.000ns)
  Data Path Delay:        6.540ns  (logic 3.122ns (47.740%)  route 3.418ns (52.260%))
  Logic Levels:           10  (CARRY4=6 LUT3=2 LUT4=1 LUT5=1)
  Clock Path Skew:        -0.062ns (DCD - SCD + CPR)
    Destination Clock Delay (DCD):    2.694ns = ( 12.694 - 10.000 ) 
    Source Clock Delay      (SCD):    2.987ns
    Clock Pessimism Removal (CPR):    0.230ns
  Clock Uncertainty:      0.154ns  ((TSJ^2 + TIJ^2)^1/2 + DJ) / 2 + PE
    Total System Jitter     (TSJ):    0.071ns
    Total Input Jitter      (TIJ):    0.300ns
    Discrete Jitter          (DJ):    0.000ns
    Phase Error              (PE):    0.000ns

    Location             Delay type                Incr(ns)  Path(ns)    Netlist Resource(s)
  -------------------------------------------------------------------    -------------------
                         (clock clk_fpga_0 rise edge)
                                                      0.000     0.000 r  
    PS7_X0Y0             PS7                          0.000     0.000 r  zynq_interrupt_system_i/processing_system7_0/inst/PS7_i/FCLKCLK[0]
                         net (fo=1, routed)           1.207     1.207    zynq_interrupt_system_i/processing_system7_0/inst/FCLK_CLK_unbuffered[0]
    BUFGCTRL_X0Y0        BUFG (Prop_bufg_I_O)         0.101     1.308 r  zynq_interrupt_system_i/processing_system7_0/inst/buffer_fclk_clk_0.FCLK_CLK_0_BUFG/O
                         net (fo=1155, routed)        1.679     2.987    zynq_interrupt_system_i/axi_timer_0/U0/TC_CORE_I/TIMER_CONTROL_I/s_axi_aclk
    SLICE_X12Y39         FDRE                                         r  zynq_interrupt_system_i/axi_timer_0/U0/TC_CORE_I/TIMER_CONTROL_I/TCSR0_GENERATE[31].TCSR0_FF_I/C
  -------------------------------------------------------------------    -------------------
    SLICE_X12Y39         FDRE (Prop_fdre_C_Q)         0.478     3.465 r  zynq_interrupt_system_i/axi_timer_0/U0/TC_CORE_I/TIMER_CONTROL_I/TCSR0_GENERATE[31].TCSR0_FF_I/Q
                         net (fo=11, routed)          1.048     4.513    zynq_interrupt_system_i/axi_timer_0/U0/TC_CORE_I/TIMER_CONTROL_I/tCSR0_Reg[31]
    SLICE_X14Y40         LUT4 (Prop_lut4_I3_O)        0.322     4.835 r  zynq_interrupt_system_i/axi_timer_0/U0/TC_CORE_I/TIMER_CONTROL_I/icount_out0_carry_i_7/O
                         net (fo=1, routed)           0.682     5.517    zynq_interrupt_system_i/axi_timer_0/U0/TC_CORE_I/TIMER_CONTROL_I/icount_out0_carry_i_7_n_0
    SLICE_X14Y40         LUT5 (Prop_lut5_I4_O)        0.360     5.877 r  zynq_interrupt_system_i/axi_timer_0/U0/TC_CORE_I/TIMER_CONTROL_I/icount_out0_carry_i_6/O
                         net (fo=1, routed)           0.821     6.698    zynq_interrupt_system_i/axi_timer_0/U0/TC_CORE_I/TIMER_CONTROL_I/icount_out0_carry_i_6_n_0
    SLICE_X13Y42         LUT3 (Prop_lut3_I1_O)        0.326     7.024 r  zynq_interrupt_system_i/axi_timer_0/U0/TC_CORE_I/TIMER_CONTROL_I/icount_out0_carry_i_5__0/O
                         net (fo=1, routed)           0.000     7.024    zynq_interrupt_system_i/axi_timer_0/U0/TC_CORE_I/COUNTER_0_I/COUNTER_I/S[0]
    SLICE_X13Y42         CARRY4 (Prop_carry4_S[0]_CO[3])
                                                      0.532     7.556 r  zynq_interrupt_system_i/axi_timer_0/U0/TC_CORE_I/COUNTER_0_I/COUNTER_I/icount_out0_carry/CO[3]
                         net (fo=1, routed)           0.000     7.556    zynq_interrupt_system_i/axi_timer_0/U0/TC_CORE_I/COUNTER_0_I/COUNTER_I/icount_out0_carry_n_0
    SLICE_X13Y43         CARRY4 (Prop_carry4_CI_CO[3])
                                                      0.114     7.670 r  zynq_interrupt_system_i/axi_timer_0/U0/TC_CORE_I/COUNTER_0_I/COUNTER_I/icount_out0_carry__0/CO[3]
                         net (fo=1, routed)           0.000     7.670    zynq_interrupt_system_i/axi_timer_0/U0/TC_CORE_I/COUNTER_0_I/COUNTER_I/icount_out0_carry__0_n_0
    SLICE_X13Y44         CARRY4 (Prop_carry4_CI_CO[3])
                                                      0.114     7.784 r  zynq_interrupt_system_i/axi_timer_0/U0/TC_CORE_I/COUNTER_0_I/COUNTER_I/icount_out0_carry__1/CO[3]
                         net (fo=1, routed)           0.000     7.784    zynq_interrupt_system_i/axi_timer_0/U0/TC_CORE_I/COUNTER_0_I/COUNTER_I/icount_out0_carry__1_n_0
    SLICE_X13Y45         CARRY4 (Prop_carry4_CI_CO[3])
                                                      0.114     7.898 r  zynq_interrupt_system_i/axi_timer_0/U0/TC_CORE_I/COUNTER_0_I/COUNTER_I/icount_out0_carry__2/CO[3]
                         net (fo=1, routed)           0.000     7.898    zynq_interrupt_system_i/axi_timer_0/U0/TC_CORE_I/COUNTER_0_I/COUNTER_I/icount_out0_carry__2_n_0
    SLICE_X13Y46         CARRY4 (Prop_carry4_CI_CO[3])
                                                      0.114     8.012 r  zynq_interrupt_system_i/axi_timer_0/U0/TC_CORE_I/COUNTER_0_I/COUNTER_I/icount_out0_carry__3/CO[3]
                         net (fo=1, routed)           0.000     8.012    zynq_interrupt_system_i/axi_timer_0/U0/TC_CORE_I/COUNTER_0_I/COUNTER_I/icount_out0_carry__3_n_0
    SLICE_X13Y47         CARRY4 (Prop_carry4_CI_O[3])
                                                      0.313     8.325 r  zynq_interrupt_system_i/axi_timer_0/U0/TC_CORE_I/COUNTER_0_I/COUNTER_I/icount_out0_carry__4/O[3]
                         net (fo=1, routed)           0.867     9.192    zynq_interrupt_system_i/axi_timer_0/U0/TC_CORE_I/COUNTER_0_I/COUNTER_I/icount_out0_carry__4_n_4
    SLICE_X14Y48         LUT3 (Prop_lut3_I0_O)        0.335     9.527 r  zynq_interrupt_system_i/axi_timer_0/U0/TC_CORE_I/COUNTER_0_I/COUNTER_I/INFERRED_GEN.icount_out[24]_i_1/O
                         net (fo=1, routed)           0.000     9.527    zynq_interrupt_system_i/axi_timer_0/U0/TC_CORE_I/COUNTER_0_I/COUNTER_I/p_1_in[24]
    SLICE_X14Y48         FDRE                                         r  zynq_interrupt_system_i/axi_timer_0/U0/TC_CORE_I/COUNTER_0_I/COUNTER_I/INFERRED_GEN.icount_out_reg[24]/D
  -------------------------------------------------------------------    -------------------

                         (clock clk_fpga_0 rise edge)
                                                     10.000    10.000 r  
    PS7_X0Y0             PS7                          0.000    10.000 r  zynq_interrupt_system_i/processing_system7_0/inst/PS7_i/FCLKCLK[0]
                         net (fo=1, routed)           1.101    11.101    zynq_interrupt_system_i/processing_system7_0/inst/FCLK_CLK_unbuffered[0]
    BUFGCTRL_X0Y0        BUFG (Prop_bufg_I_O)         0.091    11.192 r  zynq_interrupt_system_i/processing_system7_0/inst/buffer_fclk_clk_0.FCLK_CLK_0_BUFG/O
                         net (fo=1155, routed)        1.502    12.694    zynq_interrupt_system_i/axi_timer_0/U0/TC_CORE_I/COUNTER_0_I/COUNTER_I/s_axi_aclk
    SLICE_X14Y48         FDRE                                         r  zynq_interrupt_system_i/axi_timer_0/U0/TC_CORE_I/COUNTER_0_I/COUNTER_I/INFERRED_GEN.icount_out_reg[24]/C
                         clock pessimism              0.230    12.925    
                         clock uncertainty           -0.154    12.771    
    SLICE_X14Y48         FDRE (Setup_fdre_C_D)        0.075    12.846    zynq_interrupt_system_i/axi_timer_0/U0/TC_CORE_I/COUNTER_0_I/COUNTER_I/INFERRED_GEN.icount_out_reg[24]
  -------------------------------------------------------------------
                         required time                         12.846    
                         arrival time                          -9.527    
  -------------------------------------------------------------------
                         slack                                  3.319    

Slack (MET) :             3.323ns  (required time - arrival time)
  Source:                 zynq_interrupt_system_i/axi_timer_0/U0/TC_CORE_I/TIMER_CONTROL_I/TCSR0_GENERATE[31].TCSR0_FF_I/C
                            (rising edge-triggered cell FDRE clocked by clk_fpga_0  {rise@0.000ns fall@5.000ns period=10.000ns})
  Destination:            zynq_interrupt_system_i/axi_timer_0/U0/TC_CORE_I/COUNTER_0_I/COUNTER_I/INFERRED_GEN.icount_out_reg[22]/D
                            (rising edge-triggered cell FDRE clocked by clk_fpga_0  {rise@0.000ns fall@5.000ns period=10.000ns})
  Path Group:             clk_fpga_0
  Path Type:              Setup (Max at Slow Process Corner)
  Requirement:            10.000ns  (clk_fpga_0 rise@10.000ns - clk_fpga_0 rise@0.000ns)
  Data Path Delay:        6.418ns  (logic 3.111ns (48.472%)  route 3.307ns (51.528%))
  Logic Levels:           10  (CARRY4=6 LUT3=2 LUT4=1 LUT5=1)
  Clock Path Skew:        -0.181ns (DCD - SCD + CPR)
    Destination Clock Delay (DCD):    2.690ns = ( 12.690 - 10.000 ) 
    Source Clock Delay      (SCD):    2.987ns
    Clock Pessimism Removal (CPR):    0.116ns
  Clock Uncertainty:      0.154ns  ((TSJ^2 + TIJ^2)^1/2 + DJ) / 2 + PE
    Total System Jitter     (TSJ):    0.071ns
    Total Input Jitter      (TIJ):    0.300ns
    Discrete Jitter          (DJ):    0.000ns
    Phase Error              (PE):    0.000ns

    Location             Delay type                Incr(ns)  Path(ns)    Netlist Resource(s)
  -------------------------------------------------------------------    -------------------
                         (clock clk_fpga_0 rise edge)
                                                      0.000     0.000 r  
    PS7_X0Y0             PS7                          0.000     0.000 r  zynq_interrupt_system_i/processing_system7_0/inst/PS7_i/FCLKCLK[0]
                         net (fo=1, routed)           1.207     1.207    zynq_interrupt_system_i/processing_system7_0/inst/FCLK_CLK_unbuffered[0]
    BUFGCTRL_X0Y0        BUFG (Prop_bufg_I_O)         0.101     1.308 r  zynq_interrupt_system_i/processing_system7_0/inst/buffer_fclk_clk_0.FCLK_CLK_0_BUFG/O
                         net (fo=1155, routed)        1.679     2.987    zynq_interrupt_system_i/axi_timer_0/U0/TC_CORE_I/TIMER_CONTROL_I/s_axi_aclk
    SLICE_X12Y39         FDRE                                         r  zynq_interrupt_system_i/axi_timer_0/U0/TC_CORE_I/TIMER_CONTROL_I/TCSR0_GENERATE[31].TCSR0_FF_I/C
  -------------------------------------------------------------------    -------------------
    SLICE_X12Y39         FDRE (Prop_fdre_C_Q)         0.478     3.465 r  zynq_interrupt_system_i/axi_timer_0/U0/TC_CORE_I/TIMER_CONTROL_I/TCSR0_GENERATE[31].TCSR0_FF_I/Q
                         net (fo=11, routed)          1.048     4.513    zynq_interrupt_system_i/axi_timer_0/U0/TC_CORE_I/TIMER_CONTROL_I/tCSR0_Reg[31]
    SLICE_X14Y40         LUT4 (Prop_lut4_I3_O)        0.322     4.835 r  zynq_interrupt_system_i/axi_timer_0/U0/TC_CORE_I/TIMER_CONTROL_I/icount_out0_carry_i_7/O
                         net (fo=1, routed)           0.682     5.517    zynq_interrupt_system_i/axi_timer_0/U0/TC_CORE_I/TIMER_CONTROL_I/icount_out0_carry_i_7_n_0
    SLICE_X14Y40         LUT5 (Prop_lut5_I4_O)        0.360     5.877 r  zynq_interrupt_system_i/axi_timer_0/U0/TC_CORE_I/TIMER_CONTROL_I/icount_out0_carry_i_6/O
                         net (fo=1, routed)           0.821     6.698    zynq_interrupt_system_i/axi_timer_0/U0/TC_CORE_I/TIMER_CONTROL_I/icount_out0_carry_i_6_n_0
    SLICE_X13Y42         LUT3 (Prop_lut3_I1_O)        0.326     7.024 r  zynq_interrupt_system_i/axi_timer_0/U0/TC_CORE_I/TIMER_CONTROL_I/icount_out0_carry_i_5__0/O
                         net (fo=1, routed)           0.000     7.024    zynq_interrupt_system_i/axi_timer_0/U0/TC_CORE_I/COUNTER_0_I/COUNTER_I/S[0]
    SLICE_X13Y42         CARRY4 (Prop_carry4_S[0]_CO[3])
                                                      0.532     7.556 r  zynq_interrupt_system_i/axi_timer_0/U0/TC_CORE_I/COUNTER_0_I/COUNTER_I/icount_out0_carry/CO[3]
                         net (fo=1, routed)           0.000     7.556    zynq_interrupt_system_i/axi_timer_0/U0/TC_CORE_I/COUNTER_0_I/COUNTER_I/icount_out0_carry_n_0
    SLICE_X13Y43         CARRY4 (Prop_carry4_CI_CO[3])
                                                      0.114     7.670 r  zynq_interrupt_system_i/axi_timer_0/U0/TC_CORE_I/COUNTER_0_I/COUNTER_I/icount_out0_carry__0/CO[3]
                         net (fo=1, routed)           0.000     7.670    zynq_interrupt_system_i/axi_timer_0/U0/TC_CORE_I/COUNTER_0_I/COUNTER_I/icount_out0_carry__0_n_0
    SLICE_X13Y44         CARRY4 (Prop_carry4_CI_CO[3])
                                                      0.114     7.784 r  zynq_interrupt_system_i/axi_timer_0/U0/TC_CORE_I/COUNTER_0_I/COUNTER_I/icount_out0_carry__1/CO[3]
                         net (fo=1, routed)           0.000     7.784    zynq_interrupt_system_i/axi_timer_0/U0/TC_CORE_I/COUNTER_0_I/COUNTER_I/icount_out0_carry__1_n_0
    SLICE_X13Y45         CARRY4 (Prop_carry4_CI_CO[3])
                                                      0.114     7.898 r  zynq_interrupt_system_i/axi_timer_0/U0/TC_CORE_I/COUNTER_0_I/COUNTER_I/icount_out0_carry__2/CO[3]
                         net (fo=1, routed)           0.000     7.898    zynq_interrupt_system_i/axi_timer_0/U0/TC_CORE_I/COUNTER_0_I/COUNTER_I/icount_out0_carry__2_n_0
    SLICE_X13Y46         CARRY4 (Prop_carry4_CI_CO[3])
                                                      0.114     8.012 r  zynq_interrupt_system_i/axi_timer_0/U0/TC_CORE_I/COUNTER_0_I/COUNTER_I/icount_out0_carry__3/CO[3]
                         net (fo=1, routed)           0.000     8.012    zynq_interrupt_system_i/axi_timer_0/U0/TC_CORE_I/COUNTER_0_I/COUNTER_I/icount_out0_carry__3_n_0
    SLICE_X13Y47         CARRY4 (Prop_carry4_CI_O[1])
                                                      0.334     8.346 r  zynq_interrupt_system_i/axi_timer_0/U0/TC_CORE_I/COUNTER_0_I/COUNTER_I/icount_out0_carry__4/O[1]
                         net (fo=1, routed)           0.756     9.102    zynq_interrupt_system_i/axi_timer_0/U0/TC_CORE_I/COUNTER_0_I/COUNTER_I/icount_out0_carry__4_n_6
    SLICE_X12Y50         LUT3 (Prop_lut3_I0_O)        0.303     9.405 r  zynq_interrupt_system_i/axi_timer_0/U0/TC_CORE_I/COUNTER_0_I/COUNTER_I/INFERRED_GEN.icount_out[22]_i_1/O
                         net (fo=1, routed)           0.000     9.405    zynq_interrupt_system_i/axi_timer_0/U0/TC_CORE_I/COUNTER_0_I/COUNTER_I/p_1_in[22]
    SLICE_X12Y50         FDRE                                         r  zynq_interrupt_system_i/axi_timer_0/U0/TC_CORE_I/COUNTER_0_I/COUNTER_I/INFERRED_GEN.icount_out_reg[22]/D
  -------------------------------------------------------------------    -------------------

                         (clock clk_fpga_0 rise edge)
                                                     10.000    10.000 r  
    PS7_X0Y0             PS7                          0.000    10.000 r  zynq_interrupt_system_i/processing_system7_0/inst/PS7_i/FCLKCLK[0]
                         net (fo=1, routed)           1.101    11.101    zynq_interrupt_system_i/processing_system7_0/inst/FCLK_CLK_unbuffered[0]
    BUFGCTRL_X0Y0        BUFG (Prop_bufg_I_O)         0.091    11.192 r  zynq_interrupt_system_i/processing_system7_0/inst/buffer_fclk_clk_0.FCLK_CLK_0_BUFG/O
                         net (fo=1155, routed)        1.498    12.690    zynq_interrupt_system_i/axi_timer_0/U0/TC_CORE_I/COUNTER_0_I/COUNTER_I/s_axi_aclk
    SLICE_X12Y50         FDRE                                         r  zynq_interrupt_system_i/axi_timer_0/U0/TC_CORE_I/COUNTER_0_I/COUNTER_I/INFERRED_GEN.icount_out_reg[22]/C
                         clock pessimism              0.116    12.806    
                         clock uncertainty           -0.154    12.652    
    SLICE_X12Y50         FDRE (Setup_fdre_C_D)        0.077    12.729    zynq_interrupt_system_i/axi_timer_0/U0/TC_CORE_I/COUNTER_0_I/COUNTER_I/INFERRED_GEN.icount_out_reg[22]
  -------------------------------------------------------------------
                         required time                         12.729    
                         arrival time                          -9.405    
  -------------------------------------------------------------------
                         slack                                  3.323    

Slack (MET) :             3.344ns  (required time - arrival time)
  Source:                 zynq_interrupt_system_i/axi_timer_0/U0/TC_CORE_I/TIMER_CONTROL_I/TCSR0_GENERATE[31].TCSR0_FF_I/C
                            (rising edge-triggered cell FDRE clocked by clk_fpga_0  {rise@0.000ns fall@5.000ns period=10.000ns})
  Destination:            zynq_interrupt_system_i/axi_timer_0/U0/TC_CORE_I/COUNTER_0_I/COUNTER_I/INFERRED_GEN.icount_out_reg[17]/D
                            (rising edge-triggered cell FDRE clocked by clk_fpga_0  {rise@0.000ns fall@5.000ns period=10.000ns})
  Path Group:             clk_fpga_0
  Path Type:              Setup (Max at Slow Process Corner)
  Requirement:            10.000ns  (clk_fpga_0 rise@10.000ns - clk_fpga_0 rise@0.000ns)
  Data Path Delay:        6.514ns  (logic 2.910ns (44.673%)  route 3.604ns (55.327%))
  Logic Levels:           9  (CARRY4=5 LUT3=2 LUT4=1 LUT5=1)
  Clock Path Skew:        -0.063ns (DCD - SCD + CPR)
    Destination Clock Delay (DCD):    2.693ns = ( 12.693 - 10.000 ) 
    Source Clock Delay      (SCD):    2.987ns
    Clock Pessimism Removal (CPR):    0.230ns
  Clock Uncertainty:      0.154ns  ((TSJ^2 + TIJ^2)^1/2 + DJ) / 2 + PE
    Total System Jitter     (TSJ):    0.071ns
    Total Input Jitter      (TIJ):    0.300ns
    Discrete Jitter          (DJ):    0.000ns
    Phase Error              (PE):    0.000ns

    Location             Delay type                Incr(ns)  Path(ns)    Netlist Resource(s)
  -------------------------------------------------------------------    -------------------
                         (clock clk_fpga_0 rise edge)
                                                      0.000     0.000 r  
    PS7_X0Y0             PS7                          0.000     0.000 r  zynq_interrupt_system_i/processing_system7_0/inst/PS7_i/FCLKCLK[0]
                         net (fo=1, routed)           1.207     1.207    zynq_interrupt_system_i/processing_system7_0/inst/FCLK_CLK_unbuffered[0]
    BUFGCTRL_X0Y0        BUFG (Prop_bufg_I_O)         0.101     1.308 r  zynq_interrupt_system_i/processing_system7_0/inst/buffer_fclk_clk_0.FCLK_CLK_0_BUFG/O
                         net (fo=1155, routed)        1.679     2.987    zynq_interrupt_system_i/axi_timer_0/U0/TC_CORE_I/TIMER_CONTROL_I/s_axi_aclk
    SLICE_X12Y39         FDRE                                         r  zynq_interrupt_system_i/axi_timer_0/U0/TC_CORE_I/TIMER_CONTROL_I/TCSR0_GENERATE[31].TCSR0_FF_I/C
  -------------------------------------------------------------------    -------------------
    SLICE_X12Y39         FDRE (Prop_fdre_C_Q)         0.478     3.465 r  zynq_interrupt_system_i/axi_timer_0/U0/TC_CORE_I/TIMER_CONTROL_I/TCSR0_GENERATE[31].TCSR0_FF_I/Q
                         net (fo=11, routed)          1.048     4.513    zynq_interrupt_system_i/axi_timer_0/U0/TC_CORE_I/TIMER_CONTROL_I/tCSR0_Reg[31]
    SLICE_X14Y40         LUT4 (Prop_lut4_I3_O)        0.322     4.835 r  zynq_interrupt_system_i/axi_timer_0/U0/TC_CORE_I/TIMER_CONTROL_I/icount_out0_carry_i_7/O
                         net (fo=1, routed)           0.682     5.517    zynq_interrupt_system_i/axi_timer_0/U0/TC_CORE_I/TIMER_CONTROL_I/icount_out0_carry_i_7_n_0
    SLICE_X14Y40         LUT5 (Prop_lut5_I4_O)        0.360     5.877 r  zynq_interrupt_system_i/axi_timer_0/U0/TC_CORE_I/TIMER_CONTROL_I/icount_out0_carry_i_6/O
                         net (fo=1, routed)           0.821     6.698    zynq_interrupt_system_i/axi_timer_0/U0/TC_CORE_I/TIMER_CONTROL_I/icount_out0_carry_i_6_n_0
    SLICE_X13Y42         LUT3 (Prop_lut3_I1_O)        0.326     7.024 r  zynq_interrupt_system_i/axi_timer_0/U0/TC_CORE_I/TIMER_CONTROL_I/icount_out0_carry_i_5__0/O
                         net (fo=1, routed)           0.000     7.024    zynq_interrupt_system_i/axi_timer_0/U0/TC_CORE_I/COUNTER_0_I/COUNTER_I/S[0]
    SLICE_X13Y42         CARRY4 (Prop_carry4_S[0]_CO[3])
                                                      0.532     7.556 r  zynq_interrupt_system_i/axi_timer_0/U0/TC_CORE_I/COUNTER_0_I/COUNTER_I/icount_out0_carry/CO[3]
                         net (fo=1, routed)           0.000     7.556    zynq_interrupt_system_i/axi_timer_0/U0/TC_CORE_I/COUNTER_0_I/COUNTER_I/icount_out0_carry_n_0
    SLICE_X13Y43         CARRY4 (Prop_carry4_CI_CO[3])
                                                      0.114     7.670 r  zynq_interrupt_system_i/axi_timer_0/U0/TC_CORE_I/COUNTER_0_I/COUNTER_I/icount_out0_carry__0/CO[3]
                         net (fo=1, routed)           0.000     7.670    zynq_interrupt_system_i/axi_timer_0/U0/TC_CORE_I/COUNTER_0_I/COUNTER_I/icount_out0_carry__0_n_0
    SLICE_X13Y44         CARRY4 (Prop_carry4_CI_CO[3])
                                                      0.114     7.784 r  zynq_interrupt_system_i/axi_timer_0/U0/TC_CORE_I/COUNTER_0_I/COUNTER_I/icount_out0_carry__1/CO[3]
                         net (fo=1, routed)           0.000     7.784    zynq_interrupt_system_i/axi_timer_0/U0/TC_CORE_I/COUNTER_0_I/COUNTER_I/icount_out0_carry__1_n_0
    SLICE_X13Y45         CARRY4 (Prop_carry4_CI_CO[3])
                                                      0.114     7.898 r  zynq_interrupt_system_i/axi_timer_0/U0/TC_CORE_I/COUNTER_0_I/COUNTER_I/icount_out0_carry__2/CO[3]
                         net (fo=1, routed)           0.000     7.898    zynq_interrupt_system_i/axi_timer_0/U0/TC_CORE_I/COUNTER_0_I/COUNTER_I/icount_out0_carry__2_n_0
    SLICE_X13Y46         CARRY4 (Prop_carry4_CI_O[0])
                                                      0.222     8.120 r  zynq_interrupt_system_i/axi_timer_0/U0/TC_CORE_I/COUNTER_0_I/COUNTER_I/icount_out0_carry__3/O[0]
                         net (fo=1, routed)           1.053     9.173    zynq_interrupt_system_i/axi_timer_0/U0/TC_CORE_I/COUNTER_0_I/COUNTER_I/icount_out0_carry__3_n_7
    SLICE_X14Y45         LUT3 (Prop_lut3_I0_O)        0.328     9.501 r  zynq_interrupt_system_i/axi_timer_0/U0/TC_CORE_I/COUNTER_0_I/COUNTER_I/INFERRED_GEN.icount_out[17]_i_1/O
                         net (fo=1, routed)           0.000     9.501    zynq_interrupt_system_i/axi_timer_0/U0/TC_CORE_I/COUNTER_0_I/COUNTER_I/p_1_in[17]
    SLICE_X14Y45         FDRE                                         r  zynq_interrupt_system_i/axi_timer_0/U0/TC_CORE_I/COUNTER_0_I/COUNTER_I/INFERRED_GEN.icount_out_reg[17]/D
  -------------------------------------------------------------------    -------------------

                         (clock clk_fpga_0 rise edge)
                                                     10.000    10.000 r  
    PS7_X0Y0             PS7                          0.000    10.000 r  zynq_interrupt_system_i/processing_system7_0/inst/PS7_i/FCLKCLK[0]
                         net (fo=1, routed)           1.101    11.101    zynq_interrupt_system_i/processing_system7_0/inst/FCLK_CLK_unbuffered[0]
    BUFGCTRL_X0Y0        BUFG (Prop_bufg_I_O)         0.091    11.192 r  zynq_interrupt_system_i/processing_system7_0/inst/buffer_fclk_clk_0.FCLK_CLK_0_BUFG/O
                         net (fo=1155, routed)        1.501    12.693    zynq_interrupt_system_i/axi_timer_0/U0/TC_CORE_I/COUNTER_0_I/COUNTER_I/s_axi_aclk
    SLICE_X14Y45         FDRE                                         r  zynq_interrupt_system_i/axi_timer_0/U0/TC_CORE_I/COUNTER_0_I/COUNTER_I/INFERRED_GEN.icount_out_reg[17]/C
                         clock pessimism              0.230    12.924    
                         clock uncertainty           -0.154    12.770    
    SLICE_X14Y45         FDRE (Setup_fdre_C_D)        0.075    12.845    zynq_interrupt_system_i/axi_timer_0/U0/TC_CORE_I/COUNTER_0_I/COUNTER_I/INFERRED_GEN.icount_out_reg[17]
  -------------------------------------------------------------------
                         required time                         12.845    
                         arrival time                          -9.501    
  -------------------------------------------------------------------
                         slack                                  3.344    

Slack (MET) :             3.417ns  (required time - arrival time)
  Source:                 zynq_interrupt_system_i/axi_timer_0/U0/TC_CORE_I/TIMER_CONTROL_I/TCSR0_GENERATE[31].TCSR0_FF_I/C
                            (rising edge-triggered cell FDRE clocked by clk_fpga_0  {rise@0.000ns fall@5.000ns period=10.000ns})
  Destination:            zynq_interrupt_system_i/axi_timer_0/U0/TC_CORE_I/COUNTER_0_I/COUNTER_I/INFERRED_GEN.icount_out_reg[21]/D
                            (rising edge-triggered cell FDRE clocked by clk_fpga_0  {rise@0.000ns fall@5.000ns period=10.000ns})
  Path Group:             clk_fpga_0
  Path Type:              Setup (Max at Slow Process Corner)
  Requirement:            10.000ns  (clk_fpga_0 rise@10.000ns - clk_fpga_0 rise@0.000ns)
  Data Path Delay:        6.442ns  (logic 3.021ns (46.895%)  route 3.421ns (53.105%))
  Logic Levels:           10  (CARRY4=6 LUT3=2 LUT4=1 LUT5=1)
  Clock Path Skew:        -0.062ns (DCD - SCD + CPR)
    Destination Clock Delay (DCD):    2.694ns = ( 12.694 - 10.000 ) 
    Source Clock Delay      (SCD):    2.987ns
    Clock Pessimism Removal (CPR):    0.230ns
  Clock Uncertainty:      0.154ns  ((TSJ^2 + TIJ^2)^1/2 + DJ) / 2 + PE
    Total System Jitter     (TSJ):    0.071ns
    Total Input Jitter      (TIJ):    0.300ns
    Discrete Jitter          (DJ):    0.000ns
    Phase Error              (PE):    0.000ns

    Location             Delay type                Incr(ns)  Path(ns)    Netlist Resource(s)
  -------------------------------------------------------------------    -------------------
                         (clock clk_fpga_0 rise edge)
                                                      0.000     0.000 r  
    PS7_X0Y0             PS7                          0.000     0.000 r  zynq_interrupt_system_i/processing_system7_0/inst/PS7_i/FCLKCLK[0]
                         net (fo=1, routed)           1.207     1.207    zynq_interrupt_system_i/processing_system7_0/inst/FCLK_CLK_unbuffered[0]
    BUFGCTRL_X0Y0        BUFG (Prop_bufg_I_O)         0.101     1.308 r  zynq_interrupt_system_i/processing_system7_0/inst/buffer_fclk_clk_0.FCLK_CLK_0_BUFG/O
                         net (fo=1155, routed)        1.679     2.987    zynq_interrupt_system_i/axi_timer_0/U0/TC_CORE_I/TIMER_CONTROL_I/s_axi_aclk
    SLICE_X12Y39         FDRE                                         r  zynq_interrupt_system_i/axi_timer_0/U0/TC_CORE_I/TIMER_CONTROL_I/TCSR0_GENERATE[31].TCSR0_FF_I/C
  -------------------------------------------------------------------    -------------------
    SLICE_X12Y39         FDRE (Prop_fdre_C_Q)         0.478     3.465 r  zynq_interrupt_system_i/axi_timer_0/U0/TC_CORE_I/TIMER_CONTROL_I/TCSR0_GENERATE[31].TCSR0_FF_I/Q
                         net (fo=11, routed)          1.048     4.513    zynq_interrupt_system_i/axi_timer_0/U0/TC_CORE_I/TIMER_CONTROL_I/tCSR0_Reg[31]
    SLICE_X14Y40         LUT4 (Prop_lut4_I3_O)        0.322     4.835 r  zynq_interrupt_system_i/axi_timer_0/U0/TC_CORE_I/TIMER_CONTROL_I/icount_out0_carry_i_7/O
                         net (fo=1, routed)           0.682     5.517    zynq_interrupt_system_i/axi_timer_0/U0/TC_CORE_I/TIMER_CONTROL_I/icount_out0_carry_i_7_n_0
    SLICE_X14Y40         LUT5 (Prop_lut5_I4_O)        0.360     5.877 r  zynq_interrupt_system_i/axi_timer_0/U0/TC_CORE_I/TIMER_CONTROL_I/icount_out0_carry_i_6/O
                         net (fo=1, routed)           0.821     6.698    zynq_interrupt_system_i/axi_timer_0/U0/TC_CORE_I/TIMER_CONTROL_I/icount_out0_carry_i_6_n_0
    SLICE_X13Y42         LUT3 (Prop_lut3_I1_O)        0.326     7.024 r  zynq_interrupt_system_i/axi_timer_0/U0/TC_CORE_I/TIMER_CONTROL_I/icount_out0_carry_i_5__0/O
                         net (fo=1, routed)           0.000     7.024    zynq_interrupt_system_i/axi_timer_0/U0/TC_CORE_I/COUNTER_0_I/COUNTER_I/S[0]
    SLICE_X13Y42         CARRY4 (Prop_carry4_S[0]_CO[3])
                                                      0.532     7.556 r  zynq_interrupt_system_i/axi_timer_0/U0/TC_CORE_I/COUNTER_0_I/COUNTER_I/icount_out0_carry/CO[3]
                         net (fo=1, routed)           0.000     7.556    zynq_interrupt_system_i/axi_timer_0/U0/TC_CORE_I/COUNTER_0_I/COUNTER_I/icount_out0_carry_n_0
    SLICE_X13Y43         CARRY4 (Prop_carry4_CI_CO[3])
                                                      0.114     7.670 r  zynq_interrupt_system_i/axi_timer_0/U0/TC_CORE_I/COUNTER_0_I/COUNTER_I/icount_out0_carry__0/CO[3]
                         net (fo=1, routed)           0.000     7.670    zynq_interrupt_system_i/axi_timer_0/U0/TC_CORE_I/COUNTER_0_I/COUNTER_I/icount_out0_carry__0_n_0
    SLICE_X13Y44         CARRY4 (Prop_carry4_CI_CO[3])
                                                      0.114     7.784 r  zynq_interrupt_system_i/axi_timer_0/U0/TC_CORE_I/COUNTER_0_I/COUNTER_I/icount_out0_carry__1/CO[3]
                         net (fo=1, routed)           0.000     7.784    zynq_interrupt_system_i/axi_timer_0/U0/TC_CORE_I/COUNTER_0_I/COUNTER_I/icount_out0_carry__1_n_0
    SLICE_X13Y45         CARRY4 (Prop_carry4_CI_CO[3])
                                                      0.114     7.898 r  zynq_interrupt_system_i/axi_timer_0/U0/TC_CORE_I/COUNTER_0_I/COUNTER_I/icount_out0_carry__2/CO[3]
                         net (fo=1, routed)           0.000     7.898    zynq_interrupt_system_i/axi_timer_0/U0/TC_CORE_I/COUNTER_0_I/COUNTER_I/icount_out0_carry__2_n_0
    SLICE_X13Y46         CARRY4 (Prop_carry4_CI_CO[3])
                                                      0.114     8.012 r  zynq_interrupt_system_i/axi_timer_0/U0/TC_CORE_I/COUNTER_0_I/COUNTER_I/icount_out0_carry__3/CO[3]
                         net (fo=1, routed)           0.000     8.012    zynq_interrupt_system_i/axi_timer_0/U0/TC_CORE_I/COUNTER_0_I/COUNTER_I/icount_out0_carry__3_n_0
    SLICE_X13Y47         CARRY4 (Prop_carry4_CI_O[0])
                                                      0.222     8.234 r  zynq_interrupt_system_i/axi_timer_0/U0/TC_CORE_I/COUNTER_0_I/COUNTER_I/icount_out0_carry__4/O[0]
                         net (fo=1, routed)           0.870     9.104    zynq_interrupt_system_i/axi_timer_0/U0/TC_CORE_I/COUNTER_0_I/COUNTER_I/icount_out0_carry__4_n_7
    SLICE_X14Y48         LUT3 (Prop_lut3_I0_O)        0.325     9.429 r  zynq_interrupt_system_i/axi_timer_0/U0/TC_CORE_I/COUNTER_0_I/COUNTER_I/INFERRED_GEN.icount_out[21]_i_1/O
                         net (fo=1, routed)           0.000     9.429    zynq_interrupt_system_i/axi_timer_0/U0/TC_CORE_I/COUNTER_0_I/COUNTER_I/p_1_in[21]
    SLICE_X14Y48         FDRE                                         r  zynq_interrupt_system_i/axi_timer_0/U0/TC_CORE_I/COUNTER_0_I/COUNTER_I/INFERRED_GEN.icount_out_reg[21]/D
  -------------------------------------------------------------------    -------------------

                         (clock clk_fpga_0 rise edge)
                                                     10.000    10.000 r  
    PS7_X0Y0             PS7                          0.000    10.000 r  zynq_interrupt_system_i/processing_system7_0/inst/PS7_i/FCLKCLK[0]
                         net (fo=1, routed)           1.101    11.101    zynq_interrupt_system_i/processing_system7_0/inst/FCLK_CLK_unbuffered[0]
    BUFGCTRL_X0Y0        BUFG (Prop_bufg_I_O)         0.091    11.192 r  zynq_interrupt_system_i/processing_system7_0/inst/buffer_fclk_clk_0.FCLK_CLK_0_BUFG/O
                         net (fo=1155, routed)        1.502    12.694    zynq_interrupt_system_i/axi_timer_0/U0/TC_CORE_I/COUNTER_0_I/COUNTER_I/s_axi_aclk
    SLICE_X14Y48         FDRE                                         r  zynq_interrupt_system_i/axi_timer_0/U0/TC_CORE_I/COUNTER_0_I/COUNTER_I/INFERRED_GEN.icount_out_reg[21]/C
                         clock pessimism              0.230    12.925    
                         clock uncertainty           -0.154    12.771    
    SLICE_X14Y48         FDRE (Setup_fdre_C_D)        0.075    12.846    zynq_interrupt_system_i/axi_timer_0/U0/TC_CORE_I/COUNTER_0_I/COUNTER_I/INFERRED_GEN.icount_out_reg[21]
  -------------------------------------------------------------------
                         required time                         12.846    
                         arrival time                          -9.429    
  -------------------------------------------------------------------
                         slack                                  3.417    





Min Delay Paths
--------------------------------------------------------------------------------------
Slack (MET) :             0.037ns  (arrival time - required time)
  Source:                 zynq_interrupt_system_i/axi_gpio_0/U0/AXI_LITE_IPIF_I/I_SLAVE_ATTACHMENT/FSM_onehot_state_reg[3]/C
                            (rising edge-triggered cell FDRE clocked by clk_fpga_0  {rise@0.000ns fall@5.000ns period=10.000ns})
  Destination:            zynq_interrupt_system_i/axi_gpio_0/U0/AXI_LITE_IPIF_I/I_SLAVE_ATTACHMENT/FSM_onehot_state_reg[0]/D
                            (rising edge-triggered cell FDSE clocked by clk_fpga_0  {rise@0.000ns fall@5.000ns period=10.000ns})
  Path Group:             clk_fpga_0
  Path Type:              Hold (Min at Fast Process Corner)
  Requirement:            0.000ns  (clk_fpga_0 rise@0.000ns - clk_fpga_0 rise@0.000ns)
  Data Path Delay:        0.391ns  (logic 0.209ns (53.395%)  route 0.182ns (46.605%))
  Logic Levels:           1  (LUT6=1)
  Clock Path Skew:        0.263ns (DCD - SCD - CPR)
    Destination Clock Delay (DCD):    1.198ns
    Source Clock Delay      (SCD):    0.901ns
    Clock Pessimism Removal (CPR):    0.034ns

    Location             Delay type                Incr(ns)  Path(ns)    Netlist Resource(s)
  -------------------------------------------------------------------    -------------------
                         (clock clk_fpga_0 rise edge)
                                                      0.000     0.000 r  
    PS7_X0Y0             PS7                          0.000     0.000 r  zynq_interrupt_system_i/processing_system7_0/inst/PS7_i/FCLKCLK[0]
                         net (fo=1, routed)           0.315     0.315    zynq_interrupt_system_i/processing_system7_0/inst/FCLK_CLK_unbuffered[0]
    BUFGCTRL_X0Y0        BUFG (Prop_bufg_I_O)         0.026     0.341 r  zynq_interrupt_system_i/processing_system7_0/inst/buffer_fclk_clk_0.FCLK_CLK_0_BUFG/O
                         net (fo=1155, routed)        0.560     0.901    zynq_interrupt_system_i/axi_gpio_0/U0/AXI_LITE_IPIF_I/I_SLAVE_ATTACHMENT/s_axi_aclk
    SLICE_X20Y45         FDRE                                         r  zynq_interrupt_system_i/axi_gpio_0/U0/AXI_LITE_IPIF_I/I_SLAVE_ATTACHMENT/FSM_onehot_state_reg[3]/C
  -------------------------------------------------------------------    -------------------
    SLICE_X20Y45         FDRE (Prop_fdre_C_Q)         0.164     1.065 r  zynq_interrupt_system_i/axi_gpio_0/U0/AXI_LITE_IPIF_I/I_SLAVE_ATTACHMENT/FSM_onehot_state_reg[3]/Q
                         net (fo=4, routed)           0.182     1.247    zynq_interrupt_system_i/axi_gpio_0/U0/AXI_LITE_IPIF_I/I_SLAVE_ATTACHMENT/FSM_onehot_state_reg_n_0_[3]
    SLICE_X22Y45         LUT6 (Prop_lut6_I5_O)        0.045     1.292 r  zynq_interrupt_system_i/axi_gpio_0/U0/AXI_LITE_IPIF_I/I_SLAVE_ATTACHMENT/FSM_onehot_state[0]_i_1/O
                         net (fo=1, routed)           0.000     1.292    zynq_interrupt_system_i/axi_gpio_0/U0/AXI_LITE_IPIF_I/I_SLAVE_ATTACHMENT/FSM_onehot_state[0]_i_1_n_0
    SLICE_X22Y45         FDSE                                         r  zynq_interrupt_system_i/axi_gpio_0/U0/AXI_LITE_IPIF_I/I_SLAVE_ATTACHMENT/FSM_onehot_state_reg[0]/D
  -------------------------------------------------------------------    -------------------

                         (clock clk_fpga_0 rise edge)
                                                      0.000     0.000 r  
    PS7_X0Y0             PS7                          0.000     0.000 r  zynq_interrupt_system_i/processing_system7_0/inst/PS7_i/FCLKCLK[0]
                         net (fo=1, routed)           0.341     0.341    zynq_interrupt_system_i/processing_system7_0/inst/FCLK_CLK_unbuffered[0]
    BUFGCTRL_X0Y0        BUFG (Prop_bufg_I_O)         0.029     0.370 r  zynq_interrupt_system_i/processing_system7_0/inst/buffer_fclk_clk_0.FCLK_CLK_0_BUFG/O
                         net (fo=1155, routed)        0.828     1.198    zynq_interrupt_system_i/axi_gpio_0/U0/AXI_LITE_IPIF_I/I_SLAVE_ATTACHMENT/s_axi_aclk
    SLICE_X22Y45         FDSE                                         r  zynq_interrupt_system_i/axi_gpio_0/U0/AXI_LITE_IPIF_I/I_SLAVE_ATTACHMENT/FSM_onehot_state_reg[0]/C
                         clock pessimism             -0.034     1.164    
    SLICE_X22Y45         FDSE (Hold_fdse_C_D)         0.091     1.255    zynq_interrupt_system_i/axi_gpio_0/U0/AXI_LITE_IPIF_I/I_SLAVE_ATTACHMENT/FSM_onehot_state_reg[0]
  -------------------------------------------------------------------
                         required time                         -1.255    
                         arrival time                           1.292    
  -------------------------------------------------------------------
                         slack                                  0.037    

Slack (MET) :             0.046ns  (arrival time - required time)
  Source:                 zynq_interrupt_system_i/ps7_0_axi_periph/s00_couplers/auto_pc/inst/gen_axilite.gen_b2s_conv.axilite_b2s/SI_REG/b.b_pipe/m_payload_i_reg[2]/C
                            (rising edge-triggered cell FDRE clocked by clk_fpga_0  {rise@0.000ns fall@5.000ns period=10.000ns})
  Destination:            zynq_interrupt_system_i/processing_system7_0/inst/PS7_i/MAXIGP0BID[0]
                            (rising edge-triggered cell PS7 clocked by clk_fpga_0  {rise@0.000ns fall@5.000ns period=10.000ns})
  Path Group:             clk_fpga_0
  Path Type:              Hold (Min at Fast Process Corner)
  Requirement:            0.000ns  (clk_fpga_0 rise@0.000ns - clk_fpga_0 rise@0.000ns)
  Data Path Delay:        0.356ns  (logic 0.141ns (39.658%)  route 0.215ns (60.342%))
  Logic Levels:           0  
  Clock Path Skew:        0.309ns (DCD - SCD - CPR)
    Destination Clock Delay (DCD):    1.263ns
    Source Clock Delay      (SCD):    0.925ns
    Clock Pessimism Removal (CPR):    0.029ns

    Location             Delay type                Incr(ns)  Path(ns)    Netlist Resource(s)
  -------------------------------------------------------------------    -------------------
                         (clock clk_fpga_0 rise edge)
                                                      0.000     0.000 r  
    PS7_X0Y0             PS7                          0.000     0.000 r  zynq_interrupt_system_i/processing_system7_0/inst/PS7_i/FCLKCLK[0]
                         net (fo=1, routed)           0.315     0.315    zynq_interrupt_system_i/processing_system7_0/inst/FCLK_CLK_unbuffered[0]
    BUFGCTRL_X0Y0        BUFG (Prop_bufg_I_O)         0.026     0.341 r  zynq_interrupt_system_i/processing_system7_0/inst/buffer_fclk_clk_0.FCLK_CLK_0_BUFG/O
                         net (fo=1155, routed)        0.584     0.925    zynq_interrupt_system_i/ps7_0_axi_periph/s00_couplers/auto_pc/inst/gen_axilite.gen_b2s_conv.axilite_b2s/SI_REG/b.b_pipe/aclk
    SLICE_X3Y50          FDRE                                         r  zynq_interrupt_system_i/ps7_0_axi_periph/s00_couplers/auto_pc/inst/gen_axilite.gen_b2s_conv.axilite_b2s/SI_REG/b.b_pipe/m_payload_i_reg[2]/C
  -------------------------------------------------------------------    -------------------
    SLICE_X3Y50          FDRE (Prop_fdre_C_Q)         0.141     1.066 r  zynq_interrupt_system_i/ps7_0_axi_periph/s00_couplers/auto_pc/inst/gen_axilite.gen_b2s_conv.axilite_b2s/SI_REG/b.b_pipe/m_payload_i_reg[2]/Q
                         net (fo=1, routed)           0.215     1.280    zynq_interrupt_system_i/processing_system7_0/inst/M_AXI_GP0_BID[0]
    PS7_X0Y0             PS7                                          r  zynq_interrupt_system_i/processing_system7_0/inst/PS7_i/MAXIGP0BID[0]
  -------------------------------------------------------------------    -------------------

                         (clock clk_fpga_0 rise edge)
                                                      0.000     0.000 r  
    PS7_X0Y0             PS7                          0.000     0.000 r  zynq_interrupt_system_i/processing_system7_0/inst/PS7_i/FCLKCLK[0]
                         net (fo=1, routed)           0.341     0.341    zynq_interrupt_system_i/processing_system7_0/inst/FCLK_CLK_unbuffered[0]
    BUFGCTRL_X0Y0        BUFG (Prop_bufg_I_O)         0.029     0.370 r  zynq_interrupt_system_i/processing_system7_0/inst/buffer_fclk_clk_0.FCLK_CLK_0_BUFG/O
                         net (fo=1155, routed)        0.893     1.263    zynq_interrupt_system_i/processing_system7_0/inst/M_AXI_GP0_ACLK
    PS7_X0Y0             PS7                                          r  zynq_interrupt_system_i/processing_system7_0/inst/PS7_i/MAXIGP0ACLK
                         clock pessimism             -0.029     1.234    
    PS7_X0Y0             PS7 (Hold_ps7_MAXIGP0ACLK_MAXIGP0BID[0])
                                                      0.000     1.234    zynq_interrupt_system_i/processing_system7_0/inst/PS7_i
  -------------------------------------------------------------------
                         required time                         -1.234    
                         arrival time                           1.280    
  -------------------------------------------------------------------
                         slack                                  0.046    

Slack (MET) :             0.049ns  (arrival time - required time)
  Source:                 zynq_interrupt_system_i/axi_timer_0/U0/TC_CORE_I/COUNTER_0_I/LOAD_REG_GEN[8].LOAD_REG_I/C
                            (rising edge-triggered cell FDRE clocked by clk_fpga_0  {rise@0.000ns fall@5.000ns period=10.000ns})
  Destination:            zynq_interrupt_system_i/axi_timer_0/U0/AXI4_LITE_I/I_SLAVE_ATTACHMENT/s_axi_rdata_i_reg[23]/D
                            (rising edge-triggered cell FDRE clocked by clk_fpga_0  {rise@0.000ns fall@5.000ns period=10.000ns})
  Path Group:             clk_fpga_0
  Path Type:              Hold (Min at Fast Process Corner)
  Requirement:            0.000ns  (clk_fpga_0 rise@0.000ns - clk_fpga_0 rise@0.000ns)
  Data Path Delay:        0.445ns  (logic 0.314ns (70.534%)  route 0.131ns (29.466%))
  Logic Levels:           2  (CARRY4=1 LUT3=1)
  Clock Path Skew:        0.267ns (DCD - SCD - CPR)
    Destination Clock Delay (DCD):    1.204ns
    Source Clock Delay      (SCD):    0.908ns
    Clock Pessimism Removal (CPR):    0.029ns

    Location             Delay type                Incr(ns)  Path(ns)    Netlist Resource(s)
  -------------------------------------------------------------------    -------------------
                         (clock clk_fpga_0 rise edge)
                                                      0.000     0.000 r  
    PS7_X0Y0             PS7                          0.000     0.000 r  zynq_interrupt_system_i/processing_system7_0/inst/PS7_i/FCLKCLK[0]
                         net (fo=1, routed)           0.315     0.315    zynq_interrupt_system_i/processing_system7_0/inst/FCLK_CLK_unbuffered[0]
    BUFGCTRL_X0Y0        BUFG (Prop_bufg_I_O)         0.026     0.341 r  zynq_interrupt_system_i/processing_system7_0/inst/buffer_fclk_clk_0.FCLK_CLK_0_BUFG/O
                         net (fo=1155, routed)        0.567     0.908    zynq_interrupt_system_i/axi_timer_0/U0/TC_CORE_I/COUNTER_0_I/s_axi_aclk
    SLICE_X11Y48         FDRE                                         r  zynq_interrupt_system_i/axi_timer_0/U0/TC_CORE_I/COUNTER_0_I/LOAD_REG_GEN[8].LOAD_REG_I/C
  -------------------------------------------------------------------    -------------------
    SLICE_X11Y48         FDRE (Prop_fdre_C_Q)         0.141     1.049 f  zynq_interrupt_system_i/axi_timer_0/U0/TC_CORE_I/COUNTER_0_I/LOAD_REG_GEN[8].LOAD_REG_I/Q
                         net (fo=2, routed)           0.131     1.180    zynq_interrupt_system_i/axi_timer_0/U0/AXI4_LITE_I/I_SLAVE_ATTACHMENT/I_DECODER/loadReg_DBus_32[12]
    SLICE_X10Y50         LUT3 (Prop_lut3_I2_O)        0.045     1.225 r  zynq_interrupt_system_i/axi_timer_0/U0/AXI4_LITE_I/I_SLAVE_ATTACHMENT/I_DECODER/GEN.DATA_WIDTH_GEN[8].NUM_BUSES_GEN[0].MUXCY_GEN.MUXCY_I_i_1/O
                         net (fo=1, routed)           0.000     1.225    zynq_interrupt_system_i/axi_timer_0/U0/TC_CORE_I/READ_MUX_I/GEN.DATA_WIDTH_GEN[8].NUM_BUSES_GEN[0].MUXCY_GEN.MUXCY_I_0
    SLICE_X10Y50         CARRY4 (Prop_carry4_S[0]_CO[1])
                                                      0.128     1.353 r  zynq_interrupt_system_i/axi_timer_0/U0/TC_CORE_I/READ_MUX_I/GEN.DATA_WIDTH_GEN[8].NUM_BUSES_GEN[0].MUXCY_GEN.MUXCY_I_CARRY4/CO[1]
                         net (fo=1, routed)           0.000     1.353    zynq_interrupt_system_i/axi_timer_0/U0/AXI4_LITE_I/I_SLAVE_ATTACHMENT/D[23]
    SLICE_X10Y50         FDRE                                         r  zynq_interrupt_system_i/axi_timer_0/U0/AXI4_LITE_I/I_SLAVE_ATTACHMENT/s_axi_rdata_i_reg[23]/D
  -------------------------------------------------------------------    -------------------

                         (clock clk_fpga_0 rise edge)
                                                      0.000     0.000 r  
    PS7_X0Y0             PS7                          0.000     0.000 r  zynq_interrupt_system_i/processing_system7_0/inst/PS7_i/FCLKCLK[0]
                         net (fo=1, routed)           0.341     0.341    zynq_interrupt_system_i/processing_system7_0/inst/FCLK_CLK_unbuffered[0]
    BUFGCTRL_X0Y0        BUFG (Prop_bufg_I_O)         0.029     0.370 r  zynq_interrupt_system_i/processing_system7_0/inst/buffer_fclk_clk_0.FCLK_CLK_0_BUFG/O
                         net (fo=1155, routed)        0.834     1.204    zynq_interrupt_system_i/axi_timer_0/U0/AXI4_LITE_I/I_SLAVE_ATTACHMENT/s_axi_aclk
    SLICE_X10Y50         FDRE                                         r  zynq_interrupt_system_i/axi_timer_0/U0/AXI4_LITE_I/I_SLAVE_ATTACHMENT/s_axi_rdata_i_reg[23]/C
                         clock pessimism             -0.029     1.175    
    SLICE_X10Y50         FDRE (Hold_fdre_C_D)         0.129     1.304    zynq_interrupt_system_i/axi_timer_0/U0/AXI4_LITE_I/I_SLAVE_ATTACHMENT/s_axi_rdata_i_reg[23]
  -------------------------------------------------------------------
                         required time                         -1.304    
                         arrival time                           1.353    
  -------------------------------------------------------------------
                         slack                                  0.049    

Slack (MET) :             0.060ns  (arrival time - required time)
  Source:                 zynq_interrupt_system_i/ps7_0_axi_periph/s00_couplers/auto_pc/inst/gen_axilite.gen_b2s_conv.axilite_b2s/SI_REG/ar.ar_pipe/m_payload_i_reg[60]/C
                            (rising edge-triggered cell FDRE clocked by clk_fpga_0  {rise@0.000ns fall@5.000ns period=10.000ns})
  Destination:            zynq_interrupt_system_i/ps7_0_axi_periph/s00_couplers/auto_pc/inst/gen_axilite.gen_b2s_conv.axilite_b2s/RD.ar_channel_0/s_arid_r_reg[10]/D
                            (rising edge-triggered cell FDRE clocked by clk_fpga_0  {rise@0.000ns fall@5.000ns period=10.000ns})
  Path Group:             clk_fpga_0
  Path Type:              Hold (Min at Fast Process Corner)
  Requirement:            0.000ns  (clk_fpga_0 rise@0.000ns - clk_fpga_0 rise@0.000ns)
  Data Path Delay:        0.374ns  (logic 0.141ns (37.740%)  route 0.233ns (62.260%))
  Logic Levels:           0  
  Clock Path Skew:        0.267ns (DCD - SCD - CPR)
    Destination Clock Delay (DCD):    1.223ns
    Source Clock Delay      (SCD):    0.927ns
    Clock Pessimism Removal (CPR):    0.029ns

    Location             Delay type                Incr(ns)  Path(ns)    Netlist Resource(s)
  -------------------------------------------------------------------    -------------------
                         (clock clk_fpga_0 rise edge)
                                                      0.000     0.000 r  
    PS7_X0Y0             PS7                          0.000     0.000 r  zynq_interrupt_system_i/processing_system7_0/inst/PS7_i/FCLKCLK[0]
                         net (fo=1, routed)           0.315     0.315    zynq_interrupt_system_i/processing_system7_0/inst/FCLK_CLK_unbuffered[0]
    BUFGCTRL_X0Y0        BUFG (Prop_bufg_I_O)         0.026     0.341 r  zynq_interrupt_system_i/processing_system7_0/inst/buffer_fclk_clk_0.FCLK_CLK_0_BUFG/O
                         net (fo=1155, routed)        0.586     0.927    zynq_interrupt_system_i/ps7_0_axi_periph/s00_couplers/auto_pc/inst/gen_axilite.gen_b2s_conv.axilite_b2s/SI_REG/ar.ar_pipe/aclk
    SLICE_X2Y47          FDRE                                         r  zynq_interrupt_system_i/ps7_0_axi_periph/s00_couplers/auto_pc/inst/gen_axilite.gen_b2s_conv.axilite_b2s/SI_REG/ar.ar_pipe/m_payload_i_reg[60]/C
  -------------------------------------------------------------------    -------------------
    SLICE_X2Y47          FDRE (Prop_fdre_C_Q)         0.141     1.068 r  zynq_interrupt_system_i/ps7_0_axi_periph/s00_couplers/auto_pc/inst/gen_axilite.gen_b2s_conv.axilite_b2s/SI_REG/ar.ar_pipe/m_payload_i_reg[60]/Q
                         net (fo=1, routed)           0.233     1.300    zynq_interrupt_system_i/ps7_0_axi_periph/s00_couplers/auto_pc/inst/gen_axilite.gen_b2s_conv.axilite_b2s/RD.ar_channel_0/s_arid_r_reg[11]_1[29]
    SLICE_X2Y51          FDRE                                         r  zynq_interrupt_system_i/ps7_0_axi_periph/s00_couplers/auto_pc/inst/gen_axilite.gen_b2s_conv.axilite_b2s/RD.ar_channel_0/s_arid_r_reg[10]/D
  -------------------------------------------------------------------    -------------------

                         (clock clk_fpga_0 rise edge)
                                                      0.000     0.000 r  
    PS7_X0Y0             PS7                          0.000     0.000 r  zynq_interrupt_system_i/processing_system7_0/inst/PS7_i/FCLKCLK[0]
                         net (fo=1, routed)           0.341     0.341    zynq_interrupt_system_i/processing_system7_0/inst/FCLK_CLK_unbuffered[0]
    BUFGCTRL_X0Y0        BUFG (Prop_bufg_I_O)         0.029     0.370 r  zynq_interrupt_system_i/processing_system7_0/inst/buffer_fclk_clk_0.FCLK_CLK_0_BUFG/O
                         net (fo=1155, routed)        0.853     1.223    zynq_interrupt_system_i/ps7_0_axi_periph/s00_couplers/auto_pc/inst/gen_axilite.gen_b2s_conv.axilite_b2s/RD.ar_channel_0/aclk
    SLICE_X2Y51          FDRE                                         r  zynq_interrupt_system_i/ps7_0_axi_periph/s00_couplers/auto_pc/inst/gen_axilite.gen_b2s_conv.axilite_b2s/RD.ar_channel_0/s_arid_r_reg[10]/C
                         clock pessimism             -0.029     1.194    
    SLICE_X2Y51          FDRE (Hold_fdre_C_D)         0.046     1.240    zynq_interrupt_system_i/ps7_0_axi_periph/s00_couplers/auto_pc/inst/gen_axilite.gen_b2s_conv.axilite_b2s/RD.ar_channel_0/s_arid_r_reg[10]
  -------------------------------------------------------------------
                         required time                         -1.240    
                         arrival time                           1.300    
  -------------------------------------------------------------------
                         slack                                  0.060    

Slack (MET) :             0.067ns  (arrival time - required time)
  Source:                 zynq_interrupt_system_i/ps7_0_axi_periph/s00_couplers/auto_pc/inst/gen_axilite.gen_b2s_conv.axilite_b2s/SI_REG/aw.aw_pipe/skid_buffer_reg[38]/C
                            (rising edge-triggered cell FDRE clocked by clk_fpga_0  {rise@0.000ns fall@5.000ns period=10.000ns})
  Destination:            zynq_interrupt_system_i/ps7_0_axi_periph/s00_couplers/auto_pc/inst/gen_axilite.gen_b2s_conv.axilite_b2s/SI_REG/aw.aw_pipe/m_payload_i_reg[38]/D
                            (rising edge-triggered cell FDRE clocked by clk_fpga_0  {rise@0.000ns fall@5.000ns period=10.000ns})
  Path Group:             clk_fpga_0
  Path Type:              Hold (Min at Fast Process Corner)
  Requirement:            0.000ns  (clk_fpga_0 rise@0.000ns - clk_fpga_0 rise@0.000ns)
  Data Path Delay:        0.429ns  (logic 0.209ns (48.733%)  route 0.220ns (51.267%))
  Logic Levels:           1  (LUT3=1)
  Clock Path Skew:        0.270ns (DCD - SCD - CPR)
    Destination Clock Delay (DCD):    1.224ns
    Source Clock Delay      (SCD):    0.925ns
    Clock Pessimism Removal (CPR):    0.029ns

    Location             Delay type                Incr(ns)  Path(ns)    Netlist Resource(s)
  -------------------------------------------------------------------    -------------------
                         (clock clk_fpga_0 rise edge)
                                                      0.000     0.000 r  
    PS7_X0Y0             PS7                          0.000     0.000 r  zynq_interrupt_system_i/processing_system7_0/inst/PS7_i/FCLKCLK[0]
                         net (fo=1, routed)           0.315     0.315    zynq_interrupt_system_i/processing_system7_0/inst/FCLK_CLK_unbuffered[0]
    BUFGCTRL_X0Y0        BUFG (Prop_bufg_I_O)         0.026     0.341 r  zynq_interrupt_system_i/processing_system7_0/inst/buffer_fclk_clk_0.FCLK_CLK_0_BUFG/O
                         net (fo=1155, routed)        0.584     0.925    zynq_interrupt_system_i/ps7_0_axi_periph/s00_couplers/auto_pc/inst/gen_axilite.gen_b2s_conv.axilite_b2s/SI_REG/aw.aw_pipe/aclk
    SLICE_X4Y50          FDRE                                         r  zynq_interrupt_system_i/ps7_0_axi_periph/s00_couplers/auto_pc/inst/gen_axilite.gen_b2s_conv.axilite_b2s/SI_REG/aw.aw_pipe/skid_buffer_reg[38]/C
  -------------------------------------------------------------------    -------------------
    SLICE_X4Y50          FDRE (Prop_fdre_C_Q)         0.164     1.089 r  zynq_interrupt_system_i/ps7_0_axi_periph/s00_couplers/auto_pc/inst/gen_axilite.gen_b2s_conv.axilite_b2s/SI_REG/aw.aw_pipe/skid_buffer_reg[38]/Q
                         net (fo=1, routed)           0.220     1.308    zynq_interrupt_system_i/ps7_0_axi_periph/s00_couplers/auto_pc/inst/gen_axilite.gen_b2s_conv.axilite_b2s/SI_REG/aw.aw_pipe/skid_buffer_reg_n_0_[38]
    SLICE_X5Y49          LUT3 (Prop_lut3_I2_O)        0.045     1.353 r  zynq_interrupt_system_i/ps7_0_axi_periph/s00_couplers/auto_pc/inst/gen_axilite.gen_b2s_conv.axilite_b2s/SI_REG/aw.aw_pipe/m_payload_i[38]_i_1/O
                         net (fo=1, routed)           0.000     1.353    zynq_interrupt_system_i/ps7_0_axi_periph/s00_couplers/auto_pc/inst/gen_axilite.gen_b2s_conv.axilite_b2s/SI_REG/aw.aw_pipe/skid_buffer[38]
    SLICE_X5Y49          FDRE                                         r  zynq_interrupt_system_i/ps7_0_axi_periph/s00_couplers/auto_pc/inst/gen_axilite.gen_b2s_conv.axilite_b2s/SI_REG/aw.aw_pipe/m_payload_i_reg[38]/D
  -------------------------------------------------------------------    -------------------

                         (clock clk_fpga_0 rise edge)
                                                      0.000     0.000 r  
    PS7_X0Y0             PS7                          0.000     0.000 r  zynq_interrupt_system_i/processing_system7_0/inst/PS7_i/FCLKCLK[0]
                         net (fo=1, routed)           0.341     0.341    zynq_interrupt_system_i/processing_system7_0/inst/FCLK_CLK_unbuffered[0]
    BUFGCTRL_X0Y0        BUFG (Prop_bufg_I_O)         0.029     0.370 r  zynq_interrupt_system_i/processing_system7_0/inst/buffer_fclk_clk_0.FCLK_CLK_0_BUFG/O
                         net (fo=1155, routed)        0.854     1.224    zynq_interrupt_system_i/ps7_0_axi_periph/s00_couplers/auto_pc/inst/gen_axilite.gen_b2s_conv.axilite_b2s/SI_REG/aw.aw_pipe/aclk
    SLICE_X5Y49          FDRE                                         r  zynq_interrupt_system_i/ps7_0_axi_periph/s00_couplers/auto_pc/inst/gen_axilite.gen_b2s_conv.axilite_b2s/SI_REG/aw.aw_pipe/m_payload_i_reg[38]/C
                         clock pessimism             -0.029     1.195    
    SLICE_X5Y49          FDRE (Hold_fdre_C_D)         0.092     1.287    zynq_interrupt_system_i/ps7_0_axi_periph/s00_couplers/auto_pc/inst/gen_axilite.gen_b2s_conv.axilite_b2s/SI_REG/aw.aw_pipe/m_payload_i_reg[38]
  -------------------------------------------------------------------
                         required time                         -1.287    
                         arrival time                           1.353    
  -------------------------------------------------------------------
                         slack                                  0.067    

Slack (MET) :             0.067ns  (arrival time - required time)
  Source:                 zynq_interrupt_system_i/axi_timer_0/U0/TC_CORE_I/GEN_SECOND_TIMER.COUNTER_1_I/LOAD_REG_GEN[8].LOAD_REG_I/C
                            (rising edge-triggered cell FDRE clocked by clk_fpga_0  {rise@0.000ns fall@5.000ns period=10.000ns})
  Destination:            zynq_interrupt_system_i/axi_timer_0/U0/TC_CORE_I/GEN_SECOND_TIMER.COUNTER_1_I/COUNTER_I/INFERRED_GEN.icount_out_reg[23]/D
                            (rising edge-triggered cell FDRE clocked by clk_fpga_0  {rise@0.000ns fall@5.000ns period=10.000ns})
  Path Group:             clk_fpga_0
  Path Type:              Hold (Min at Fast Process Corner)
  Requirement:            0.000ns  (clk_fpga_0 rise@0.000ns - clk_fpga_0 rise@0.000ns)
  Data Path Delay:        0.427ns  (logic 0.209ns (48.995%)  route 0.218ns (51.005%))
  Logic Levels:           1  (LUT3=1)
  Clock Path Skew:        0.267ns (DCD - SCD - CPR)
    Destination Clock Delay (DCD):    1.204ns
    Source Clock Delay      (SCD):    0.908ns
    Clock Pessimism Removal (CPR):    0.029ns

    Location             Delay type                Incr(ns)  Path(ns)    Netlist Resource(s)
  -------------------------------------------------------------------    -------------------
                         (clock clk_fpga_0 rise edge)
                                                      0.000     0.000 r  
    PS7_X0Y0             PS7                          0.000     0.000 r  zynq_interrupt_system_i/processing_system7_0/inst/PS7_i/FCLKCLK[0]
                         net (fo=1, routed)           0.315     0.315    zynq_interrupt_system_i/processing_system7_0/inst/FCLK_CLK_unbuffered[0]
    BUFGCTRL_X0Y0        BUFG (Prop_bufg_I_O)         0.026     0.341 r  zynq_interrupt_system_i/processing_system7_0/inst/buffer_fclk_clk_0.FCLK_CLK_0_BUFG/O
                         net (fo=1155, routed)        0.567     0.908    zynq_interrupt_system_i/axi_timer_0/U0/TC_CORE_I/GEN_SECOND_TIMER.COUNTER_1_I/s_axi_aclk
    SLICE_X10Y49         FDRE                                         r  zynq_interrupt_system_i/axi_timer_0/U0/TC_CORE_I/GEN_SECOND_TIMER.COUNTER_1_I/LOAD_REG_GEN[8].LOAD_REG_I/C
  -------------------------------------------------------------------    -------------------
    SLICE_X10Y49         FDRE (Prop_fdre_C_Q)         0.164     1.072 r  zynq_interrupt_system_i/axi_timer_0/U0/TC_CORE_I/GEN_SECOND_TIMER.COUNTER_1_I/LOAD_REG_GEN[8].LOAD_REG_I/Q
                         net (fo=2, routed)           0.218     1.289    zynq_interrupt_system_i/axi_timer_0/U0/TC_CORE_I/GEN_SECOND_TIMER.COUNTER_1_I/COUNTER_I/loadReg_DBus_0[23]
    SLICE_X13Y50         LUT3 (Prop_lut3_I2_O)        0.045     1.334 r  zynq_interrupt_system_i/axi_timer_0/U0/TC_CORE_I/GEN_SECOND_TIMER.COUNTER_1_I/COUNTER_I/INFERRED_GEN.icount_out[23]_i_1__0/O
                         net (fo=1, routed)           0.000     1.334    zynq_interrupt_system_i/axi_timer_0/U0/TC_CORE_I/GEN_SECOND_TIMER.COUNTER_1_I/COUNTER_I/INFERRED_GEN.icount_out[23]_i_1__0_n_0
    SLICE_X13Y50         FDRE                                         r  zynq_interrupt_system_i/axi_timer_0/U0/TC_CORE_I/GEN_SECOND_TIMER.COUNTER_1_I/COUNTER_I/INFERRED_GEN.icount_out_reg[23]/D
  -------------------------------------------------------------------    -------------------

                         (clock clk_fpga_0 rise edge)
                                                      0.000     0.000 r  
    PS7_X0Y0             PS7                          0.000     0.000 r  zynq_interrupt_system_i/processing_system7_0/inst/PS7_i/FCLKCLK[0]
                         net (fo=1, routed)           0.341     0.341    zynq_interrupt_system_i/processing_system7_0/inst/FCLK_CLK_unbuffered[0]
    BUFGCTRL_X0Y0        BUFG (Prop_bufg_I_O)         0.029     0.370 r  zynq_interrupt_system_i/processing_system7_0/inst/buffer_fclk_clk_0.FCLK_CLK_0_BUFG/O
                         net (fo=1155, routed)        0.834     1.204    zynq_interrupt_system_i/axi_timer_0/U0/TC_CORE_I/GEN_SECOND_TIMER.COUNTER_1_I/COUNTER_I/s_axi_aclk
    SLICE_X13Y50         FDRE                                         r  zynq_interrupt_system_i/axi_timer_0/U0/TC_CORE_I/GEN_SECOND_TIMER.COUNTER_1_I/COUNTER_I/INFERRED_GEN.icount_out_reg[23]/C
                         clock pessimism             -0.029     1.175    
    SLICE_X13Y50         FDRE (Hold_fdre_C_D)         0.092     1.267    zynq_interrupt_system_i/axi_timer_0/U0/TC_CORE_I/GEN_SECOND_TIMER.COUNTER_1_I/COUNTER_I/INFERRED_GEN.icount_out_reg[23]
  -------------------------------------------------------------------
                         required time                         -1.267    
                         arrival time                           1.334    
  -------------------------------------------------------------------
                         slack                                  0.067    

Slack (MET) :             0.074ns  (arrival time - required time)
  Source:                 zynq_interrupt_system_i/ps7_0_axi_periph/s00_couplers/auto_pc/inst/gen_axilite.gen_b2s_conv.axilite_b2s/SI_REG/b.b_pipe/m_payload_i_reg[6]/C
                            (rising edge-triggered cell FDRE clocked by clk_fpga_0  {rise@0.000ns fall@5.000ns period=10.000ns})
  Destination:            zynq_interrupt_system_i/processing_system7_0/inst/PS7_i/MAXIGP0BID[4]
                            (rising edge-triggered cell PS7 clocked by clk_fpga_0  {rise@0.000ns fall@5.000ns period=10.000ns})
  Path Group:             clk_fpga_0
  Path Type:              Hold (Min at Fast Process Corner)
  Requirement:            0.000ns  (clk_fpga_0 rise@0.000ns - clk_fpga_0 rise@0.000ns)
  Data Path Delay:        0.384ns  (logic 0.141ns (36.764%)  route 0.243ns (63.236%))
  Logic Levels:           0  
  Clock Path Skew:        0.309ns (DCD - SCD - CPR)
    Destination Clock Delay (DCD):    1.263ns
    Source Clock Delay      (SCD):    0.925ns
    Clock Pessimism Removal (CPR):    0.029ns

    Location             Delay type                Incr(ns)  Path(ns)    Netlist Resource(s)
  -------------------------------------------------------------------    -------------------
                         (clock clk_fpga_0 rise edge)
                                                      0.000     0.000 r  
    PS7_X0Y0             PS7                          0.000     0.000 r  zynq_interrupt_system_i/processing_system7_0/inst/PS7_i/FCLKCLK[0]
                         net (fo=1, routed)           0.315     0.315    zynq_interrupt_system_i/processing_system7_0/inst/FCLK_CLK_unbuffered[0]
    BUFGCTRL_X0Y0        BUFG (Prop_bufg_I_O)         0.026     0.341 r  zynq_interrupt_system_i/processing_system7_0/inst/buffer_fclk_clk_0.FCLK_CLK_0_BUFG/O
                         net (fo=1155, routed)        0.584     0.925    zynq_interrupt_system_i/ps7_0_axi_periph/s00_couplers/auto_pc/inst/gen_axilite.gen_b2s_conv.axilite_b2s/SI_REG/b.b_pipe/aclk
    SLICE_X3Y50          FDRE                                         r  zynq_interrupt_system_i/ps7_0_axi_periph/s00_couplers/auto_pc/inst/gen_axilite.gen_b2s_conv.axilite_b2s/SI_REG/b.b_pipe/m_payload_i_reg[6]/C
  -------------------------------------------------------------------    -------------------
    SLICE_X3Y50          FDRE (Prop_fdre_C_Q)         0.141     1.066 r  zynq_interrupt_system_i/ps7_0_axi_periph/s00_couplers/auto_pc/inst/gen_axilite.gen_b2s_conv.axilite_b2s/SI_REG/b.b_pipe/m_payload_i_reg[6]/Q
                         net (fo=1, routed)           0.243     1.308    zynq_interrupt_system_i/processing_system7_0/inst/M_AXI_GP0_BID[4]
    PS7_X0Y0             PS7                                          r  zynq_interrupt_system_i/processing_system7_0/inst/PS7_i/MAXIGP0BID[4]
  -------------------------------------------------------------------    -------------------

                         (clock clk_fpga_0 rise edge)
                                                      0.000     0.000 r  
    PS7_X0Y0             PS7                          0.000     0.000 r  zynq_interrupt_system_i/processing_system7_0/inst/PS7_i/FCLKCLK[0]
                         net (fo=1, routed)           0.341     0.341    zynq_interrupt_system_i/processing_system7_0/inst/FCLK_CLK_unbuffered[0]
    BUFGCTRL_X0Y0        BUFG (Prop_bufg_I_O)         0.029     0.370 r  zynq_interrupt_system_i/processing_system7_0/inst/buffer_fclk_clk_0.FCLK_CLK_0_BUFG/O
                         net (fo=1155, routed)        0.893     1.263    zynq_interrupt_system_i/processing_system7_0/inst/M_AXI_GP0_ACLK
    PS7_X0Y0             PS7                                          r  zynq_interrupt_system_i/processing_system7_0/inst/PS7_i/MAXIGP0ACLK
                         clock pessimism             -0.029     1.234    
    PS7_X0Y0             PS7 (Hold_ps7_MAXIGP0ACLK_MAXIGP0BID[4])
                                                      0.000     1.234    zynq_interrupt_system_i/processing_system7_0/inst/PS7_i
  -------------------------------------------------------------------
                         required time                         -1.234    
                         arrival time                           1.308    
  -------------------------------------------------------------------
                         slack                                  0.074    

Slack (MET) :             0.074ns  (arrival time - required time)
  Source:                 zynq_interrupt_system_i/ps7_0_axi_periph/s00_couplers/auto_pc/inst/gen_axilite.gen_b2s_conv.axilite_b2s/SI_REG/b.b_pipe/m_payload_i_reg[8]/C
                            (rising edge-triggered cell FDRE clocked by clk_fpga_0  {rise@0.000ns fall@5.000ns period=10.000ns})
  Destination:            zynq_interrupt_system_i/processing_system7_0/inst/PS7_i/MAXIGP0BID[6]
                            (rising edge-triggered cell PS7 clocked by clk_fpga_0  {rise@0.000ns fall@5.000ns period=10.000ns})
  Path Group:             clk_fpga_0
  Path Type:              Hold (Min at Fast Process Corner)
  Requirement:            0.000ns  (clk_fpga_0 rise@0.000ns - clk_fpga_0 rise@0.000ns)
  Data Path Delay:        0.384ns  (logic 0.141ns (36.764%)  route 0.243ns (63.236%))
  Logic Levels:           0  
  Clock Path Skew:        0.309ns (DCD - SCD - CPR)
    Destination Clock Delay (DCD):    1.263ns
    Source Clock Delay      (SCD):    0.925ns
    Clock Pessimism Removal (CPR):    0.029ns

    Location             Delay type                Incr(ns)  Path(ns)    Netlist Resource(s)
  -------------------------------------------------------------------    -------------------
                         (clock clk_fpga_0 rise edge)
                                                      0.000     0.000 r  
    PS7_X0Y0             PS7                          0.000     0.000 r  zynq_interrupt_system_i/processing_system7_0/inst/PS7_i/FCLKCLK[0]
                         net (fo=1, routed)           0.315     0.315    zynq_interrupt_system_i/processing_system7_0/inst/FCLK_CLK_unbuffered[0]
    BUFGCTRL_X0Y0        BUFG (Prop_bufg_I_O)         0.026     0.341 r  zynq_interrupt_system_i/processing_system7_0/inst/buffer_fclk_clk_0.FCLK_CLK_0_BUFG/O
                         net (fo=1155, routed)        0.584     0.925    zynq_interrupt_system_i/ps7_0_axi_periph/s00_couplers/auto_pc/inst/gen_axilite.gen_b2s_conv.axilite_b2s/SI_REG/b.b_pipe/aclk
    SLICE_X3Y50          FDRE                                         r  zynq_interrupt_system_i/ps7_0_axi_periph/s00_couplers/auto_pc/inst/gen_axilite.gen_b2s_conv.axilite_b2s/SI_REG/b.b_pipe/m_payload_i_reg[8]/C
  -------------------------------------------------------------------    -------------------
    SLICE_X3Y50          FDRE (Prop_fdre_C_Q)         0.141     1.066 r  zynq_interrupt_system_i/ps7_0_axi_periph/s00_couplers/auto_pc/inst/gen_axilite.gen_b2s_conv.axilite_b2s/SI_REG/b.b_pipe/m_payload_i_reg[8]/Q
                         net (fo=1, routed)           0.243     1.308    zynq_interrupt_system_i/processing_system7_0/inst/M_AXI_GP0_BID[6]
    PS7_X0Y0             PS7                                          r  zynq_interrupt_system_i/processing_system7_0/inst/PS7_i/MAXIGP0BID[6]
  -------------------------------------------------------------------    -------------------

                         (clock clk_fpga_0 rise edge)
                                                      0.000     0.000 r  
    PS7_X0Y0             PS7                          0.000     0.000 r  zynq_interrupt_system_i/processing_system7_0/inst/PS7_i/FCLKCLK[0]
                         net (fo=1, routed)           0.341     0.341    zynq_interrupt_system_i/processing_system7_0/inst/FCLK_CLK_unbuffered[0]
    BUFGCTRL_X0Y0        BUFG (Prop_bufg_I_O)         0.029     0.370 r  zynq_interrupt_system_i/processing_system7_0/inst/buffer_fclk_clk_0.FCLK_CLK_0_BUFG/O
                         net (fo=1155, routed)        0.893     1.263    zynq_interrupt_system_i/processing_system7_0/inst/M_AXI_GP0_ACLK
    PS7_X0Y0             PS7                                          r  zynq_interrupt_system_i/processing_system7_0/inst/PS7_i/MAXIGP0ACLK
                         clock pessimism             -0.029     1.234    
    PS7_X0Y0             PS7 (Hold_ps7_MAXIGP0ACLK_MAXIGP0BID[6])
                                                      0.000     1.234    zynq_interrupt_system_i/processing_system7_0/inst/PS7_i
  -------------------------------------------------------------------
                         required time                         -1.234    
                         arrival time                           1.308    
  -------------------------------------------------------------------
                         slack                                  0.074    

Slack (MET) :             0.078ns  (arrival time - required time)
  Source:                 zynq_interrupt_system_i/ps7_0_axi_periph/s00_couplers/auto_pc/inst/gen_axilite.gen_b2s_conv.axilite_b2s/SI_REG/ar.ar_pipe/m_payload_i_reg[29]/C
                            (rising edge-triggered cell FDRE clocked by clk_fpga_0  {rise@0.000ns fall@5.000ns period=10.000ns})
  Destination:            zynq_interrupt_system_i/ps7_0_axi_periph/xbar/inst/gen_sasd.crossbar_sasd_0/addr_arbiter_inst/gen_no_arbiter.m_amesg_i_reg[30]/D
                            (rising edge-triggered cell FDRE clocked by clk_fpga_0  {rise@0.000ns fall@5.000ns period=10.000ns})
  Path Group:             clk_fpga_0
  Path Type:              Hold (Min at Fast Process Corner)
  Requirement:            0.000ns  (clk_fpga_0 rise@0.000ns - clk_fpga_0 rise@0.000ns)
  Data Path Delay:        0.436ns  (logic 0.186ns (42.642%)  route 0.250ns (57.358%))
  Logic Levels:           1  (LUT4=1)
  Clock Path Skew:        0.267ns (DCD - SCD - CPR)
    Destination Clock Delay (DCD):    1.221ns
    Source Clock Delay      (SCD):    0.925ns
    Clock Pessimism Removal (CPR):    0.029ns

    Location             Delay type                Incr(ns)  Path(ns)    Netlist Resource(s)
  -------------------------------------------------------------------    -------------------
                         (clock clk_fpga_0 rise edge)
                                                      0.000     0.000 r  
    PS7_X0Y0             PS7                          0.000     0.000 r  zynq_interrupt_system_i/processing_system7_0/inst/PS7_i/FCLKCLK[0]
                         net (fo=1, routed)           0.315     0.315    zynq_interrupt_system_i/processing_system7_0/inst/FCLK_CLK_unbuffered[0]
    BUFGCTRL_X0Y0        BUFG (Prop_bufg_I_O)         0.026     0.341 r  zynq_interrupt_system_i/processing_system7_0/inst/buffer_fclk_clk_0.FCLK_CLK_0_BUFG/O
                         net (fo=1155, routed)        0.584     0.925    zynq_interrupt_system_i/ps7_0_axi_periph/s00_couplers/auto_pc/inst/gen_axilite.gen_b2s_conv.axilite_b2s/SI_REG/ar.ar_pipe/aclk
    SLICE_X1Y49          FDRE                                         r  zynq_interrupt_system_i/ps7_0_axi_periph/s00_couplers/auto_pc/inst/gen_axilite.gen_b2s_conv.axilite_b2s/SI_REG/ar.ar_pipe/m_payload_i_reg[29]/C
  -------------------------------------------------------------------    -------------------
    SLICE_X1Y49          FDRE (Prop_fdre_C_Q)         0.141     1.066 r  zynq_interrupt_system_i/ps7_0_axi_periph/s00_couplers/auto_pc/inst/gen_axilite.gen_b2s_conv.axilite_b2s/SI_REG/ar.ar_pipe/m_payload_i_reg[29]/Q
                         net (fo=1, routed)           0.250     1.316    zynq_interrupt_system_i/ps7_0_axi_periph/xbar/inst/gen_sasd.crossbar_sasd_0/addr_arbiter_inst/s_axi_araddr[29]
    SLICE_X1Y50          LUT4 (Prop_lut4_I0_O)        0.045     1.361 r  zynq_interrupt_system_i/ps7_0_axi_periph/xbar/inst/gen_sasd.crossbar_sasd_0/addr_arbiter_inst/gen_no_arbiter.m_amesg_i[30]_i_1/O
                         net (fo=1, routed)           0.000     1.361    zynq_interrupt_system_i/ps7_0_axi_periph/xbar/inst/gen_sasd.crossbar_sasd_0/addr_arbiter_inst/s_amesg[30]
    SLICE_X1Y50          FDRE                                         r  zynq_interrupt_system_i/ps7_0_axi_periph/xbar/inst/gen_sasd.crossbar_sasd_0/addr_arbiter_inst/gen_no_arbiter.m_amesg_i_reg[30]/D
  -------------------------------------------------------------------    -------------------

                         (clock clk_fpga_0 rise edge)
                                                      0.000     0.000 r  
    PS7_X0Y0             PS7                          0.000     0.000 r  zynq_interrupt_system_i/processing_system7_0/inst/PS7_i/FCLKCLK[0]
                         net (fo=1, routed)           0.341     0.341    zynq_interrupt_system_i/processing_system7_0/inst/FCLK_CLK_unbuffered[0]
    BUFGCTRL_X0Y0        BUFG (Prop_bufg_I_O)         0.029     0.370 r  zynq_interrupt_system_i/processing_system7_0/inst/buffer_fclk_clk_0.FCLK_CLK_0_BUFG/O
                         net (fo=1155, routed)        0.851     1.221    zynq_interrupt_system_i/ps7_0_axi_periph/xbar/inst/gen_sasd.crossbar_sasd_0/addr_arbiter_inst/aclk
    SLICE_X1Y50          FDRE                                         r  zynq_interrupt_system_i/ps7_0_axi_periph/xbar/inst/gen_sasd.crossbar_sasd_0/addr_arbiter_inst/gen_no_arbiter.m_amesg_i_reg[30]/C
                         clock pessimism             -0.029     1.192    
    SLICE_X1Y50          FDRE (Hold_fdre_C_D)         0.091     1.283    zynq_interrupt_system_i/ps7_0_axi_periph/xbar/inst/gen_sasd.crossbar_sasd_0/addr_arbiter_inst/gen_no_arbiter.m_amesg_i_reg[30]
  -------------------------------------------------------------------
                         required time                         -1.283    
                         arrival time                           1.361    
  -------------------------------------------------------------------
                         slack                                  0.078    

Slack (MET) :             0.083ns  (arrival time - required time)
  Source:                 zynq_interrupt_system_i/ps7_0_axi_periph/s00_couplers/auto_pc/inst/gen_axilite.gen_b2s_conv.axilite_b2s/SI_REG/ar.ar_pipe/skid_buffer_reg[16]/C
                            (rising edge-triggered cell FDRE clocked by clk_fpga_0  {rise@0.000ns fall@5.000ns period=10.000ns})
  Destination:            zynq_interrupt_system_i/ps7_0_axi_periph/s00_couplers/auto_pc/inst/gen_axilite.gen_b2s_conv.axilite_b2s/SI_REG/ar.ar_pipe/m_payload_i_reg[16]/D
                            (rising edge-triggered cell FDRE clocked by clk_fpga_0  {rise@0.000ns fall@5.000ns period=10.000ns})
  Path Group:             clk_fpga_0
  Path Type:              Hold (Min at Fast Process Corner)
  Requirement:            0.000ns  (clk_fpga_0 rise@0.000ns - clk_fpga_0 rise@0.000ns)
  Data Path Delay:        0.470ns  (logic 0.209ns (44.434%)  route 0.261ns (55.566%))
  Logic Levels:           1  (LUT3=1)
  Clock Path Skew:        0.267ns (DCD - SCD - CPR)
    Destination Clock Delay (DCD):    1.221ns
    Source Clock Delay      (SCD):    0.925ns
    Clock Pessimism Removal (CPR):    0.029ns

    Location             Delay type                Incr(ns)  Path(ns)    Netlist Resource(s)
  -------------------------------------------------------------------    -------------------
                         (clock clk_fpga_0 rise edge)
                                                      0.000     0.000 r  
    PS7_X0Y0             PS7                          0.000     0.000 r  zynq_interrupt_system_i/processing_system7_0/inst/PS7_i/FCLKCLK[0]
                         net (fo=1, routed)           0.315     0.315    zynq_interrupt_system_i/processing_system7_0/inst/FCLK_CLK_unbuffered[0]
    BUFGCTRL_X0Y0        BUFG (Prop_bufg_I_O)         0.026     0.341 r  zynq_interrupt_system_i/processing_system7_0/inst/buffer_fclk_clk_0.FCLK_CLK_0_BUFG/O
                         net (fo=1155, routed)        0.584     0.925    zynq_interrupt_system_i/ps7_0_axi_periph/s00_couplers/auto_pc/inst/gen_axilite.gen_b2s_conv.axilite_b2s/SI_REG/ar.ar_pipe/aclk
    SLICE_X0Y49          FDRE                                         r  zynq_interrupt_system_i/ps7_0_axi_periph/s00_couplers/auto_pc/inst/gen_axilite.gen_b2s_conv.axilite_b2s/SI_REG/ar.ar_pipe/skid_buffer_reg[16]/C
  -------------------------------------------------------------------    -------------------
    SLICE_X0Y49          FDRE (Prop_fdre_C_Q)         0.164     1.089 r  zynq_interrupt_system_i/ps7_0_axi_periph/s00_couplers/auto_pc/inst/gen_axilite.gen_b2s_conv.axilite_b2s/SI_REG/ar.ar_pipe/skid_buffer_reg[16]/Q
                         net (fo=1, routed)           0.261     1.350    zynq_interrupt_system_i/ps7_0_axi_periph/s00_couplers/auto_pc/inst/gen_axilite.gen_b2s_conv.axilite_b2s/SI_REG/ar.ar_pipe/skid_buffer_reg_n_0_[16]
    SLICE_X0Y50          LUT3 (Prop_lut3_I2_O)        0.045     1.395 r  zynq_interrupt_system_i/ps7_0_axi_periph/s00_couplers/auto_pc/inst/gen_axilite.gen_b2s_conv.axilite_b2s/SI_REG/ar.ar_pipe/m_payload_i[16]_i_1__0/O
                         net (fo=1, routed)           0.000     1.395    zynq_interrupt_system_i/ps7_0_axi_periph/s00_couplers/auto_pc/inst/gen_axilite.gen_b2s_conv.axilite_b2s/SI_REG/ar.ar_pipe/m_payload_i[16]_i_1__0_n_0
    SLICE_X0Y50          FDRE                                         r  zynq_interrupt_system_i/ps7_0_axi_periph/s00_couplers/auto_pc/inst/gen_axilite.gen_b2s_conv.axilite_b2s/SI_REG/ar.ar_pipe/m_payload_i_reg[16]/D
  -------------------------------------------------------------------    -------------------

                         (clock clk_fpga_0 rise edge)
                                                      0.000     0.000 r  
    PS7_X0Y0             PS7                          0.000     0.000 r  zynq_interrupt_system_i/processing_system7_0/inst/PS7_i/FCLKCLK[0]
                         net (fo=1, routed)           0.341     0.341    zynq_interrupt_system_i/processing_system7_0/inst/FCLK_CLK_unbuffered[0]
    BUFGCTRL_X0Y0        BUFG (Prop_bufg_I_O)         0.029     0.370 r  zynq_interrupt_system_i/processing_system7_0/inst/buffer_fclk_clk_0.FCLK_CLK_0_BUFG/O
                         net (fo=1155, routed)        0.851     1.221    zynq_interrupt_system_i/ps7_0_axi_periph/s00_couplers/auto_pc/inst/gen_axilite.gen_b2s_conv.axilite_b2s/SI_REG/ar.ar_pipe/aclk
    SLICE_X0Y50          FDRE                                         r  zynq_interrupt_system_i/ps7_0_axi_periph/s00_couplers/auto_pc/inst/gen_axilite.gen_b2s_conv.axilite_b2s/SI_REG/ar.ar_pipe/m_payload_i_reg[16]/C
                         clock pessimism             -0.029     1.192    
    SLICE_X0Y50          FDRE (Hold_fdre_C_D)         0.120     1.312    zynq_interrupt_system_i/ps7_0_axi_periph/s00_couplers/auto_pc/inst/gen_axilite.gen_b2s_conv.axilite_b2s/SI_REG/ar.ar_pipe/m_payload_i_reg[16]
  -------------------------------------------------------------------
                         required time                         -1.312    
                         arrival time                           1.395    
  -------------------------------------------------------------------
                         slack                                  0.083    





Pulse Width Checks
--------------------------------------------------------------------------------------
Clock Name:         clk_fpga_0
Waveform(ns):       { 0.000 5.000 }
Period(ns):         10.000
Sources:            { zynq_interrupt_system_i/processing_system7_0/inst/PS7_i/FCLKCLK[0] }

Check Type        Corner  Lib Pin      Reference Pin  Required(ns)  Actual(ns)  Slack(ns)  Location       Pin
Min Period        n/a     BUFG/I       n/a            2.155         10.000      7.845      BUFGCTRL_X0Y0  zynq_interrupt_system_i/processing_system7_0/inst/buffer_fclk_clk_0.FCLK_CLK_0_BUFG/I
Min Period        n/a     FDRE/C       n/a            1.000         10.000      9.000      SLICE_X21Y40   zynq_interrupt_system_i/axi_gpio_0/U0/INTR_CTRLR_GEN.ip2Bus_RdAck_intr_reg_hole_d1_reg/C
Min Period        n/a     FDRE/C       n/a            1.000         10.000      9.000      SLICE_X21Y40   zynq_interrupt_system_i/axi_gpio_0/U0/INTR_CTRLR_GEN.ip2Bus_RdAck_intr_reg_hole_reg/C
Min Period        n/a     FDRE/C       n/a            1.000         10.000      9.000      SLICE_X21Y39   zynq_interrupt_system_i/axi_gpio_0/U0/INTR_CTRLR_GEN.ip2Bus_WrAck_intr_reg_hole_d1_reg/C
Min Period        n/a     FDRE/C       n/a            1.000         10.000      9.000      SLICE_X21Y39   zynq_interrupt_system_i/axi_gpio_0/U0/INTR_CTRLR_GEN.ip2Bus_WrAck_intr_reg_hole_reg/C
Min Period        n/a     FDRE/C       n/a            1.000         10.000      9.000      SLICE_X18Y40   zynq_interrupt_system_i/axi_gpio_0/U0/INTR_CTRLR_GEN.ip2intc_irpt_reg/C
Min Period        n/a     FDRE/C       n/a            1.000         10.000      9.000      SLICE_X18Y40   zynq_interrupt_system_i/axi_gpio_0/U0/ip2bus_data_i_D1_reg[0]/C
Min Period        n/a     FDRE/C       n/a            1.000         10.000      9.000      SLICE_X18Y40   zynq_interrupt_system_i/axi_gpio_0/U0/ip2bus_data_i_D1_reg[1]/C
Min Period        n/a     FDRE/C       n/a            1.000         10.000      9.000      SLICE_X18Y39   zynq_interrupt_system_i/axi_gpio_0/U0/ip2bus_data_i_D1_reg[28]/C
Min Period        n/a     FDRE/C       n/a            1.000         10.000      9.000      SLICE_X18Y39   zynq_interrupt_system_i/axi_gpio_0/U0/ip2bus_data_i_D1_reg[29]/C
Low Pulse Width   Slow    SRLC32E/CLK  n/a            0.980         5.000       4.020      SLICE_X8Y39    zynq_interrupt_system_i/ps7_0_axi_periph/s00_couplers/auto_pc/inst/gen_axilite.gen_b2s_conv.axilite_b2s/RD.r_channel_0/rd_data_fifo_0/memory_reg[31][0]_srl32/CLK
Low Pulse Width   Fast    SRLC32E/CLK  n/a            0.980         5.000       4.020      SLICE_X8Y39    zynq_interrupt_system_i/ps7_0_axi_periph/s00_couplers/auto_pc/inst/gen_axilite.gen_b2s_conv.axilite_b2s/RD.r_channel_0/rd_data_fifo_0/memory_reg[31][0]_srl32/CLK
Low Pulse Width   Slow    SRLC32E/CLK  n/a            0.980         5.000       4.020      SLICE_X6Y41    zynq_interrupt_system_i/ps7_0_axi_periph/s00_couplers/auto_pc/inst/gen_axilite.gen_b2s_conv.axilite_b2s/RD.r_channel_0/rd_data_fifo_0/memory_reg[31][10]_srl32/CLK
Low Pulse Width   Fast    SRLC32E/CLK  n/a            0.980         5.000       4.020      SLICE_X6Y41    zynq_interrupt_system_i/ps7_0_axi_periph/s00_couplers/auto_pc/inst/gen_axilite.gen_b2s_conv.axilite_b2s/RD.r_channel_0/rd_data_fifo_0/memory_reg[31][10]_srl32/CLK
Low Pulse Width   Slow    SRLC32E/CLK  n/a            0.980         5.000       4.020      SLICE_X8Y43    zynq_interrupt_system_i/ps7_0_axi_periph/s00_couplers/auto_pc/inst/gen_axilite.gen_b2s_conv.axilite_b2s/RD.r_channel_0/rd_data_fifo_0/memory_reg[31][11]_srl32/CLK
Low Pulse Width   Fast    SRLC32E/CLK  n/a            0.980         5.000       4.020      SLICE_X8Y43    zynq_interrupt_system_i/ps7_0_axi_periph/s00_couplers/auto_pc/inst/gen_axilite.gen_b2s_conv.axilite_b2s/RD.r_channel_0/rd_data_fifo_0/memory_reg[31][11]_srl32/CLK
Low Pulse Width   Slow    SRLC32E/CLK  n/a            0.980         5.000       4.020      SLICE_X8Y43    zynq_interrupt_system_i/ps7_0_axi_periph/s00_couplers/auto_pc/inst/gen_axilite.gen_b2s_conv.axilite_b2s/RD.r_channel_0/rd_data_fifo_0/memory_reg[31][12]_srl32/CLK
Low Pulse Width   Fast    SRLC32E/CLK  n/a            0.980         5.000       4.020      SLICE_X8Y43    zynq_interrupt_system_i/ps7_0_axi_periph/s00_couplers/auto_pc/inst/gen_axilite.gen_b2s_conv.axilite_b2s/RD.r_channel_0/rd_data_fifo_0/memory_reg[31][12]_srl32/CLK
Low Pulse Width   Slow    SRLC32E/CLK  n/a            0.980         5.000       4.020      SLICE_X8Y41    zynq_interrupt_system_i/ps7_0_axi_periph/s00_couplers/auto_pc/inst/gen_axilite.gen_b2s_conv.axilite_b2s/RD.r_channel_0/rd_data_fifo_0/memory_reg[31][13]_srl32/CLK
Low Pulse Width   Fast    SRLC32E/CLK  n/a            0.980         5.000       4.020      SLICE_X8Y41    zynq_interrupt_system_i/ps7_0_axi_periph/s00_couplers/auto_pc/inst/gen_axilite.gen_b2s_conv.axilite_b2s/RD.r_channel_0/rd_data_fifo_0/memory_reg[31][13]_srl32/CLK
High Pulse Width  Slow    SRLC32E/CLK  n/a            0.980         5.000       4.020      SLICE_X8Y39    zynq_interrupt_system_i/ps7_0_axi_periph/s00_couplers/auto_pc/inst/gen_axilite.gen_b2s_conv.axilite_b2s/RD.r_channel_0/rd_data_fifo_0/memory_reg[31][0]_srl32/CLK
High Pulse Width  Fast    SRLC32E/CLK  n/a            0.980         5.000       4.020      SLICE_X8Y39    zynq_interrupt_system_i/ps7_0_axi_periph/s00_couplers/auto_pc/inst/gen_axilite.gen_b2s_conv.axilite_b2s/RD.r_channel_0/rd_data_fifo_0/memory_reg[31][0]_srl32/CLK
High Pulse Width  Slow    SRLC32E/CLK  n/a            0.980         5.000       4.020      SLICE_X6Y41    zynq_interrupt_system_i/ps7_0_axi_periph/s00_couplers/auto_pc/inst/gen_axilite.gen_b2s_conv.axilite_b2s/RD.r_channel_0/rd_data_fifo_0/memory_reg[31][10]_srl32/CLK
High Pulse Width  Fast    SRLC32E/CLK  n/a            0.980         5.000       4.020      SLICE_X6Y41    zynq_interrupt_system_i/ps7_0_axi_periph/s00_couplers/auto_pc/inst/gen_axilite.gen_b2s_conv.axilite_b2s/RD.r_channel_0/rd_data_fifo_0/memory_reg[31][10]_srl32/CLK
High Pulse Width  Slow    SRLC32E/CLK  n/a            0.980         5.000       4.020      SLICE_X8Y43    zynq_interrupt_system_i/ps7_0_axi_periph/s00_couplers/auto_pc/inst/gen_axilite.gen_b2s_conv.axilite_b2s/RD.r_channel_0/rd_data_fifo_0/memory_reg[31][11]_srl32/CLK
High Pulse Width  Fast    SRLC32E/CLK  n/a            0.980         5.000       4.020      SLICE_X8Y43    zynq_interrupt_system_i/ps7_0_axi_periph/s00_couplers/auto_pc/inst/gen_axilite.gen_b2s_conv.axilite_b2s/RD.r_channel_0/rd_data_fifo_0/memory_reg[31][11]_srl32/CLK
High Pulse Width  Slow    SRLC32E/CLK  n/a            0.980         5.000       4.020      SLICE_X8Y43    zynq_interrupt_system_i/ps7_0_axi_periph/s00_couplers/auto_pc/inst/gen_axilite.gen_b2s_conv.axilite_b2s/RD.r_channel_0/rd_data_fifo_0/memory_reg[31][12]_srl32/CLK
High Pulse Width  Fast    SRLC32E/CLK  n/a            0.980         5.000       4.020      SLICE_X8Y43    zynq_interrupt_system_i/ps7_0_axi_periph/s00_couplers/auto_pc/inst/gen_axilite.gen_b2s_conv.axilite_b2s/RD.r_channel_0/rd_data_fifo_0/memory_reg[31][12]_srl32/CLK
High Pulse Width  Slow    SRLC32E/CLK  n/a            0.980         5.000       4.020      SLICE_X8Y41    zynq_interrupt_system_i/ps7_0_axi_periph/s00_couplers/auto_pc/inst/gen_axilite.gen_b2s_conv.axilite_b2s/RD.r_channel_0/rd_data_fifo_0/memory_reg[31][13]_srl32/CLK
High Pulse Width  Fast    SRLC32E/CLK  n/a            0.980         5.000       4.020      SLICE_X8Y41    zynq_interrupt_system_i/ps7_0_axi_periph/s00_couplers/auto_pc/inst/gen_axilite.gen_b2s_conv.axilite_b2s/RD.r_channel_0/rd_data_fifo_0/memory_reg[31][13]_srl32/CLK



