TRACE::2026-09-23.19:58:07::SCWPlatform::Trying to open the hw design at /home/user/Desktop/lab_3/Vitis/zynq_keypad_system_wrapper/hw/zynq_keypad_system_wrapper.xsa
TRACE::2026-09-23.19:58:07::SCWPlatform::DSA given /home/user/Desktop/lab_3/Vitis/zynq_keypad_system_wrapper/hw/zynq_keypad_system_wrapper.xsa
TRACE::2026-09-23.19:58:07::SCWPlatform::DSA absoulate path /home/user/Desktop/lab_3/Vitis/zynq_keypad_system_wrapper/hw/zynq_keypad_system_wrapper.xsa
TRACE::2026-09-23.19:58:07::SCWPlatform::DSA directory /home/user/Desktop/lab_3/Vitis/zynq_keypad_system_wrapper/hw
TRACE::2026-09-23.19:58:07::SCWPlatform:: Platform Path /home/user/Desktop/lab_3/Vitis/zynq_keypad_system_wrapper/hw/zynq_keypad_system_wrapper.xsa
TRACE::2026-09-23.19:58:07::SCWPlatform:: Unique name xilinx:zybo::0.0
TRACE::2026-09-23.19:58:07::SCWPlatform::Do not have an existing db opened. 
TRACE::2026-09-23.19:58:08::SCWPlatform::Opened new HwDB with name zynq_keypad_system_wrapper_0
TRACE::2026-09-23.19:58:08::SCWWriter::formatted JSON is {
	"platformName":	"zynq_keypad_system_wrapper",
	"sprVersion":	"2.0",
	"mode":	"gui",
	"dsaType":	"Fixed",
	"platformDesc":	"zynq_keypad_system_wrapper",
	"platHandOff":	"/home/user/Desktop/lab_3/zynq_keypad_system_wrapper.xsa",
	"platIntHandOff":	"<platformDir>/hw/zynq_keypad_system_wrapper.xsa",
	"deviceType":	"zynq",
	"platIsPrebuiltAutogen":	"false",
	"platIsNoBootBsp":	"false",
	"hasFsblMakeHasChanges":	"false",
	"hasPmufwMakeHasChanges":	"false",
	"platPreBuiltFlag":	false,
	"platformSamplesDir":	""
}
TRACE::2026-09-23.19:58:08::SCWWriter::formatted JSON is {
	"platformName":	"zynq_keypad_system_wrapper",
	"sprVersion":	"2.0",
	"mode":	"gui",
	"dsaType":	"Fixed",
	"platformDesc":	"zynq_keypad_system_wrapper",
	"platHandOff":	"/home/user/Desktop/lab_3/zynq_keypad_system_wrapper.xsa",
	"platIntHandOff":	"<platformDir>/hw/zynq_keypad_system_wrapper.xsa",
	"deviceType":	"zynq",
	"platIsPrebuiltAutogen":	"false",
	"platIsNoBootBsp":	"false",
	"hasFsblMakeHasChanges":	"false",
	"hasPmufwMakeHasChanges":	"false",
	"platPreBuiltFlag":	false,
	"platformSamplesDir":	"",
	"platActiveSys":	"zynq_keypad_system_wrapper",
	"systems":	[{
			"systemName":	"zynq_keypad_system_wrapper",
			"systemDesc":	"zynq_keypad_system_wrapper",
			"sysIsBootAutoGen":	"true",
			"systemDispName":	"zynq_keypad_system_wrapper"
		}]
}
TRACE::2026-09-23.19:58:08::SCWPlatform::Boot application domains not present, creating them
TRACE::2026-09-23.19:58:08::SCWDomain::checking for install qemu data   : 
TRACE::2026-09-23.19:58:08::SCWDomain:: Using the QEMU Data from install at  : /home/software/Xilinx/Vitis/2021.1/data/emulation/platforms/zynq/sw/a9_standalone/qemu/
TRACE::2026-09-23.19:58:08::SCWDomain:: Using the QEMU args  from install at  : /home/software/Xilinx/Vitis/2021.1/data/emulation/platforms/zynq/sw/a9_standalone/qemu/qemu_args.txt
TRACE::2026-09-23.19:58:08::SCWPlatform::Trying to open the hw design at /home/user/Desktop/lab_3/Vitis/zynq_keypad_system_wrapper/hw/zynq_keypad_system_wrapper.xsa
TRACE::2026-09-23.19:58:08::SCWPlatform::DSA given /home/user/Desktop/lab_3/Vitis/zynq_keypad_system_wrapper/hw/zynq_keypad_system_wrapper.xsa
TRACE::2026-09-23.19:58:08::SCWPlatform::DSA absoulate path /home/user/Desktop/lab_3/Vitis/zynq_keypad_system_wrapper/hw/zynq_keypad_system_wrapper.xsa
TRACE::2026-09-23.19:58:08::SCWPlatform::DSA directory /home/user/Desktop/lab_3/Vitis/zynq_keypad_system_wrapper/hw
TRACE::2026-09-23.19:58:08::SCWPlatform:: Platform Path /home/user/Desktop/lab_3/Vitis/zynq_keypad_system_wrapper/hw/zynq_keypad_system_wrapper.xsa
TRACE::2026-09-23.19:58:08::SCWPlatform:: Unique name xilinx:zybo::0.0
TRACE::2026-09-23.19:58:08::SCWPlatform::Trying to set the existing hwdb with name zynq_keypad_system_wrapper_0
TRACE::2026-09-23.19:58:08::SCWPlatform::Opened existing hwdb zynq_keypad_system_wrapper_0
TRACE::2026-09-23.19:58:08::SCWPlatform::Found the Hw Db part of the input DSA
TRACE::2026-09-23.19:58:08::SCWPlatform::Trying to open the hw design at /home/user/Desktop/lab_3/Vitis/zynq_keypad_system_wrapper/hw/zynq_keypad_system_wrapper.xsa
TRACE::2026-09-23.19:58:08::SCWPlatform::DSA given /home/user/Desktop/lab_3/Vitis/zynq_keypad_system_wrapper/hw/zynq_keypad_system_wrapper.xsa
TRACE::2026-09-23.19:58:08::SCWPlatform::DSA absoulate path /home/user/Desktop/lab_3/Vitis/zynq_keypad_system_wrapper/hw/zynq_keypad_system_wrapper.xsa
TRACE::2026-09-23.19:58:08::SCWPlatform::DSA directory /home/user/Desktop/lab_3/Vitis/zynq_keypad_system_wrapper/hw
TRACE::2026-09-23.19:58:08::SCWPlatform:: Platform Path /home/user/Desktop/lab_3/Vitis/zynq_keypad_system_wrapper/hw/zynq_keypad_system_wrapper.xsa
TRACE::2026-09-23.19:58:08::SCWPlatform:: Unique name xilinx:zybo::0.0
TRACE::2026-09-23.19:58:08::SCWPlatform::Trying to set the existing hwdb with name zynq_keypad_system_wrapper_0
TRACE::2026-09-23.19:58:08::SCWPlatform::Opened existing hwdb zynq_keypad_system_wrapper_0
TRACE::2026-09-23.19:58:08::SCWPlatform::Found the Hw Db part of the input DSA
TRACE::2026-09-23.19:58:08::SCWPlatform::Trying to open the hw design at /home/user/Desktop/lab_3/Vitis/zynq_keypad_system_wrapper/hw/zynq_keypad_system_wrapper.xsa
TRACE::2026-09-23.19:58:08::SCWPlatform::DSA given /home/user/Desktop/lab_3/Vitis/zynq_keypad_system_wrapper/hw/zynq_keypad_system_wrapper.xsa
TRACE::2026-09-23.19:58:08::SCWPlatform::DSA absoulate path /home/user/Desktop/lab_3/Vitis/zynq_keypad_system_wrapper/hw/zynq_keypad_system_wrapper.xsa
TRACE::2026-09-23.19:58:08::SCWPlatform::DSA directory /home/user/Desktop/lab_3/Vitis/zynq_keypad_system_wrapper/hw
TRACE::2026-09-23.19:58:08::SCWPlatform:: Platform Path /home/user/Desktop/lab_3/Vitis/zynq_keypad_system_wrapper/hw/zynq_keypad_system_wrapper.xsa
TRACE::2026-09-23.19:58:08::SCWPlatform:: Unique name xilinx:zybo::0.0
TRACE::2026-09-23.19:58:08::SCWPlatform::Trying to set the existing hwdb with name zynq_keypad_system_wrapper_0
TRACE::2026-09-23.19:58:08::SCWPlatform::Opened existing hwdb zynq_keypad_system_wrapper_0
TRACE::2026-09-23.19:58:08::SCWPlatform::Found the Hw Db part of the input DSA
TRACE::2026-09-23.19:58:08::SCWPlatform::Boot application domain added for zynq_fsbl
TRACE::2026-09-23.19:58:08::SCWPlatform::Generating the sources  .
TRACE::2026-09-23.19:58:08::SCWBDomain::Generating boot domain sources.
TRACE::2026-09-23.19:58:08::SCWBDomain:: Generating the zynq_fsbl Application.
TRACE::2026-09-23.19:58:08::SCWPlatform::Trying to open the hw design at /home/user/Desktop/lab_3/Vitis/zynq_keypad_system_wrapper/hw/zynq_keypad_system_wrapper.xsa
TRACE::2026-09-23.19:58:08::SCWPlatform::DSA given /home/user/Desktop/lab_3/Vitis/zynq_keypad_system_wrapper/hw/zynq_keypad_system_wrapper.xsa
TRACE::2026-09-23.19:58:08::SCWPlatform::DSA absoulate path /home/user/Desktop/lab_3/Vitis/zynq_keypad_system_wrapper/hw/zynq_keypad_system_wrapper.xsa
TRACE::2026-09-23.19:58:08::SCWPlatform::DSA directory /home/user/Desktop/lab_3/Vitis/zynq_keypad_system_wrapper/hw
TRACE::2026-09-23.19:58:08::SCWPlatform:: Platform Path /home/user/Desktop/lab_3/Vitis/zynq_keypad_system_wrapper/hw/zynq_keypad_system_wrapper.xsa
TRACE::2026-09-23.19:58:08::SCWPlatform:: Unique name xilinx:zybo::0.0
TRACE::2026-09-23.19:58:08::SCWPlatform::Trying to set the existing hwdb with name zynq_keypad_system_wrapper_0
TRACE::2026-09-23.19:58:08::SCWPlatform::Opened existing hwdb zynq_keypad_system_wrapper_0
TRACE::2026-09-23.19:58:08::SCWPlatform::Found the Hw Db part of the input DSA
TRACE::2026-09-23.19:58:08::SCWMssOS::Checking the sw design at  /home/user/Desktop/lab_3/Vitis/zynq_keypad_system_wrapper/zynq_fsbl/zynq_fsbl_bsp/system.mss
TRACE::2026-09-23.19:58:08::SCWMssOS::DEBUG:  swdes dump  
TRACE::2026-09-23.19:58:08::SCWMssOS::No sw design opened at  /home/user/Desktop/lab_3/Vitis/zynq_keypad_system_wrapper/zynq_fsbl/zynq_fsbl_bsp/system.mss
TRACE::2026-09-23.19:58:08::SCWMssOS::mss does not exists at /home/user/Desktop/lab_3/Vitis/zynq_keypad_system_wrapper/zynq_fsbl/zynq_fsbl_bsp/system.mss
TRACE::2026-09-23.19:58:08::SCWMssOS::Creating sw design at  /home/user/Desktop/lab_3/Vitis/zynq_keypad_system_wrapper/zynq_fsbl/zynq_fsbl_bsp/system.mss
TRACE::2026-09-23.19:58:08::SCWMssOS::Adding the swdes entry, created swdb /home/user/Desktop/lab_3/Vitis/zynq_keypad_system_wrapper/zynq_fsbl/zynq_fsbl_bsp/system.mss with des name /home/user/Desktop/lab_3/Vitis/zynq_keypad_system_wrapper/zynq_fsbl/zynq_fsbl_bsp/system.mss
TRACE::2026-09-23.19:58:08::SCWMssOS::updating the scw layer changes to swdes at   /home/user/Desktop/lab_3/Vitis/zynq_keypad_system_wrapper/zynq_fsbl/zynq_fsbl_bsp/system.mss
TRACE::2026-09-23.19:58:08::SCWMssOS::Writing mss at /home/user/Desktop/lab_3/Vitis/zynq_keypad_system_wrapper/zynq_fsbl/zynq_fsbl_bsp/system.mss
TRACE::2026-09-23.19:58:08::SCWMssOS::Completed writing the mss file at /home/user/Desktop/lab_3/Vitis/zynq_keypad_system_wrapper/zynq_fsbl/zynq_fsbl_bsp
TRACE::2026-09-23.19:58:08::SCWMssOS::Picking up changes from newly written mss file into SCW Layer. 
TRACE::2026-09-23.19:58:08::SCWMssOS::Updated the changes from newly written mss file into SCW Layer. 
TRACE::2026-09-23.19:58:08::SCWBDomain::Completed writing the mss file at /home/user/Desktop/lab_3/Vitis/zynq_keypad_system_wrapper/zynq_fsbl/zynq_fsbl_bsp
TRACE::2026-09-23.19:58:12::SCWPlatform::Generating sources Done.
TRACE::2026-09-23.19:58:12::SCWPlatform::Trying to open the hw design at /home/user/Desktop/lab_3/Vitis/zynq_keypad_system_wrapper/hw/zynq_keypad_system_wrapper.xsa
TRACE::2026-09-23.19:58:12::SCWPlatform::DSA given /home/user/Desktop/lab_3/Vitis/zynq_keypad_system_wrapper/hw/zynq_keypad_system_wrapper.xsa
TRACE::2026-09-23.19:58:12::SCWPlatform::DSA absoulate path /home/user/Desktop/lab_3/Vitis/zynq_keypad_system_wrapper/hw/zynq_keypad_system_wrapper.xsa
TRACE::2026-09-23.19:58:12::SCWPlatform::DSA directory /home/user/Desktop/lab_3/Vitis/zynq_keypad_system_wrapper/hw
TRACE::2026-09-23.19:58:12::SCWPlatform:: Platform Path /home/user/Desktop/lab_3/Vitis/zynq_keypad_system_wrapper/hw/zynq_keypad_system_wrapper.xsa
TRACE::2026-09-23.19:58:12::SCWPlatform:: Unique name xilinx:zybo::0.0
TRACE::2026-09-23.19:58:12::SCWPlatform::Trying to set the existing hwdb with name zynq_keypad_system_wrapper_0
TRACE::2026-09-23.19:58:12::SCWPlatform::Opened existing hwdb zynq_keypad_system_wrapper_0
TRACE::2026-09-23.19:58:12::SCWPlatform::Found the Hw Db part of the input DSA
TRACE::2026-09-23.19:58:12::SCWMssOS::Checking the sw design at  /home/user/Desktop/lab_3/Vitis/zynq_keypad_system_wrapper/zynq_fsbl/zynq_fsbl_bsp/system.mss
TRACE::2026-09-23.19:58:12::SCWMssOS::DEBUG:  swdes dump  
TRACE::2026-09-23.19:58:12::SCWMssOS::No sw design opened at  /home/user/Desktop/lab_3/Vitis/zynq_keypad_system_wrapper/zynq_fsbl/zynq_fsbl_bsp/system.mss
TRACE::2026-09-23.19:58:12::SCWMssOS::mss exists loading the mss file  /home/user/Desktop/lab_3/Vitis/zynq_keypad_system_wrapper/zynq_fsbl/zynq_fsbl_bsp/system.mss
TRACE::2026-09-23.19:58:12::SCWMssOS::Opened the sw design from mss  /home/user/Desktop/lab_3/Vitis/zynq_keypad_system_wrapper/zynq_fsbl/zynq_fsbl_bsp/system.mss
TRACE::2026-09-23.19:58:12::SCWMssOS::Adding the swdes entry /home/user/Desktop/lab_3/Vitis/zynq_keypad_system_wrapper/zynq_fsbl/zynq_fsbl_bsp/system.mss with des name system
TRACE::2026-09-23.19:58:12::SCWMssOS::updating the scw layer about changes
TRACE::2026-09-23.19:58:12::SCWMssOS::Opened the sw design.  /home/user/Desktop/lab_3/Vitis/zynq_keypad_system_wrapper/zynq_fsbl/zynq_fsbl_bsp/system.mss
TRACE::2026-09-23.19:58:12::SCWMssOS::Saving the mss changes /home/user/Desktop/lab_3/Vitis/zynq_keypad_system_wrapper/zynq_fsbl/zynq_fsbl_bsp/system.mss
TRACE::2026-09-23.19:58:12::SCWMssOS::Found a swdesign opened with the mssfile.
TRACE::2026-09-23.19:58:12::SCWMssOS::Completed writemss as part of save.
TRACE::2026-09-23.19:58:12::SCWMssOS::Commit changes completed.
TRACE::2026-09-23.19:58:12::SCWPlatform::Trying to open the hw design at /home/user/Desktop/lab_3/Vitis/zynq_keypad_system_wrapper/hw/zynq_keypad_system_wrapper.xsa
TRACE::2026-09-23.19:58:12::SCWPlatform::DSA given /home/user/Desktop/lab_3/Vitis/zynq_keypad_system_wrapper/hw/zynq_keypad_system_wrapper.xsa
TRACE::2026-09-23.19:58:12::SCWPlatform::DSA absoulate path /home/user/Desktop/lab_3/Vitis/zynq_keypad_system_wrapper/hw/zynq_keypad_system_wrapper.xsa
TRACE::2026-09-23.19:58:12::SCWPlatform::DSA directory /home/user/Desktop/lab_3/Vitis/zynq_keypad_system_wrapper/hw
TRACE::2026-09-23.19:58:12::SCWPlatform:: Platform Path /home/user/Desktop/lab_3/Vitis/zynq_keypad_system_wrapper/hw/zynq_keypad_system_wrapper.xsa
TRACE::2026-09-23.19:58:12::SCWPlatform:: Unique name xilinx:zybo::0.0
TRACE::2026-09-23.19:58:12::SCWPlatform::Trying to set the existing hwdb with name zynq_keypad_system_wrapper_0
TRACE::2026-09-23.19:58:12::SCWPlatform::Opened existing hwdb zynq_keypad_system_wrapper_0
TRACE::2026-09-23.19:58:12::SCWPlatform::Found the Hw Db part of the input DSA
TRACE::2026-09-23.19:58:12::SCWMssOS::Checking the sw design at  /home/user/Desktop/lab_3/Vitis/zynq_keypad_system_wrapper/zynq_fsbl/zynq_fsbl_bsp/system.mss
TRACE::2026-09-23.19:58:12::SCWMssOS::DEBUG:  swdes dump  /home/user/Desktop/lab_3/Vitis/zynq_keypad_system_wrapper/zynq_fsbl/zynq_fsbl_bsp/system.mss|system||

TRACE::2026-09-23.19:58:12::SCWMssOS::Sw design exists and opened at  /home/user/Desktop/lab_3/Vitis/zynq_keypad_system_wrapper/zynq_fsbl/zynq_fsbl_bsp/system.mss
TRACE::2026-09-23.19:58:12::SCWPlatform::Trying to open the hw design at /home/user/Desktop/lab_3/Vitis/zynq_keypad_system_wrapper/hw/zynq_keypad_system_wrapper.xsa
TRACE::2026-09-23.19:58:12::SCWPlatform::DSA given /home/user/Desktop/lab_3/Vitis/zynq_keypad_system_wrapper/hw/zynq_keypad_system_wrapper.xsa
TRACE::2026-09-23.19:58:12::SCWPlatform::DSA absoulate path /home/user/Desktop/lab_3/Vitis/zynq_keypad_system_wrapper/hw/zynq_keypad_system_wrapper.xsa
TRACE::2026-09-23.19:58:12::SCWPlatform::DSA directory /home/user/Desktop/lab_3/Vitis/zynq_keypad_system_wrapper/hw
TRACE::2026-09-23.19:58:12::SCWPlatform:: Platform Path /home/user/Desktop/lab_3/Vitis/zynq_keypad_system_wrapper/hw/zynq_keypad_system_wrapper.xsa
TRACE::2026-09-23.19:58:12::SCWPlatform:: Unique name xilinx:zybo::0.0
TRACE::2026-09-23.19:58:12::SCWPlatform::Trying to set the existing hwdb with name zynq_keypad_system_wrapper_0
TRACE::2026-09-23.19:58:12::SCWPlatform::Opened existing hwdb zynq_keypad_system_wrapper_0
TRACE::2026-09-23.19:58:12::SCWPlatform::Found the Hw Db part of the input DSA
TRACE::2026-09-23.19:58:12::SCWMssOS::Checking the sw design at  /home/user/Desktop/lab_3/Vitis/zynq_keypad_system_wrapper/zynq_fsbl/zynq_fsbl_bsp/system.mss
TRACE::2026-09-23.19:58:12::SCWMssOS::DEBUG:  swdes dump  /home/user/Desktop/lab_3/Vitis/zynq_keypad_system_wrapper/zynq_fsbl/zynq_fsbl_bsp/system.mss|system||

TRACE::2026-09-23.19:58:12::SCWMssOS::Sw design exists and opened at  /home/user/Desktop/lab_3/Vitis/zynq_keypad_system_wrapper/zynq_fsbl/zynq_fsbl_bsp/system.mss
TRACE::2026-09-23.19:58:12::SCWPlatform::Trying to open the hw design at /home/user/Desktop/lab_3/Vitis/zynq_keypad_system_wrapper/hw/zynq_keypad_system_wrapper.xsa
TRACE::2026-09-23.19:58:12::SCWPlatform::DSA given /home/user/Desktop/lab_3/Vitis/zynq_keypad_system_wrapper/hw/zynq_keypad_system_wrapper.xsa
TRACE::2026-09-23.19:58:12::SCWPlatform::DSA absoulate path /home/user/Desktop/lab_3/Vitis/zynq_keypad_system_wrapper/hw/zynq_keypad_system_wrapper.xsa
TRACE::2026-09-23.19:58:12::SCWPlatform::DSA directory /home/user/Desktop/lab_3/Vitis/zynq_keypad_system_wrapper/hw
TRACE::2026-09-23.19:58:12::SCWPlatform:: Platform Path /home/user/Desktop/lab_3/Vitis/zynq_keypad_system_wrapper/hw/zynq_keypad_system_wrapper.xsa
TRACE::2026-09-23.19:58:12::SCWPlatform:: Unique name xilinx:zybo::0.0
TRACE::2026-09-23.19:58:12::SCWPlatform::Trying to set the existing hwdb with name zynq_keypad_system_wrapper_0
TRACE::2026-09-23.19:58:12::SCWPlatform::Opened existing hwdb zynq_keypad_system_wrapper_0
TRACE::2026-09-23.19:58:12::SCWPlatform::Found the Hw Db part of the input DSA
TRACE::2026-09-23.19:58:12::SCWMssOS::Checking the sw design at  /home/user/Desktop/lab_3/Vitis/zynq_keypad_system_wrapper/zynq_fsbl/zynq_fsbl_bsp/system.mss
TRACE::2026-09-23.19:58:12::SCWMssOS::DEBUG:  swdes dump  /home/user/Desktop/lab_3/Vitis/zynq_keypad_system_wrapper/zynq_fsbl/zynq_fsbl_bsp/system.mss|system||

TRACE::2026-09-23.19:58:12::SCWMssOS::Sw design exists and opened at  /home/user/Desktop/lab_3/Vitis/zynq_keypad_system_wrapper/zynq_fsbl/zynq_fsbl_bsp/system.mss
TRACE::2026-09-23.19:58:12::SCWWriter::formatted JSON is {
	"platformName":	"zynq_keypad_system_wrapper",
	"sprVersion":	"2.0",
	"mode":	"gui",
	"dsaType":	"Fixed",
	"platformDesc":	"zynq_keypad_system_wrapper",
	"platHandOff":	"/home/user/Desktop/lab_3/zynq_keypad_system_wrapper.xsa",
	"platIntHandOff":	"<platformDir>/hw/zynq_keypad_system_wrapper.xsa",
	"deviceType":	"zynq",
	"platIsPrebuiltAutogen":	"false",
	"platIsNoBootBsp":	"false",
	"platFsblTarget":	"ps7_cortexa9_0",
	"hasFsblMakeHasChanges":	"false",
	"hasPmufwMakeHasChanges":	"false",
	"fsblExtraCompilerFlags":	"-MMD -MP       -mcpu=cortex-a9 -mfpu=vfpv3 -mfloat-abi=hard ",
	"platPreBuiltFlag":	false,
	"platformSamplesDir":	"",
	"platActiveSys":	"zynq_keypad_system_wrapper",
	"systems":	[{
			"systemName":	"zynq_keypad_system_wrapper",
			"systemDesc":	"zynq_keypad_system_wrapper",
			"sysIsBootAutoGen":	"true",
			"systemDispName":	"zynq_keypad_system_wrapper",
			"sysActiveDom":	"zynq_fsbl",
			"sysDefaultDom":	"",
			"domains":	[{
					"domainName":	"zynq_fsbl",
					"domainDispName":	"zynq_fsbl",
					"domainDesc":	"FSBL Application BSP - Auto Generated.",
					"processors":	"ps7_cortexa9_0",
					"os":	"standalone",
					"sdxOs":	"standalone",
					"debugEnable":	"",
					"domRuntimes":	["cpp"],
					"swRepo":	"",
					"mssOsVer":	"7.5",
					"mssFile":	"",
					"md5Digest":	"986bdada04ec859b524eda169740ea2f",
					"compatibleApp":	"zynq_fsbl",
					"domType":	"bootDomain",
					"arch":	"32-bit",
					"appSettings":	{
						"appCompilerFlags":	"",
						"appLinkerFlags":	""
					},
					"addedLibs":	["xilffs:4.5", "xilrsa:1.6"],
					"libOptions":	{
						"libsContainingOptions":	[]
					},
					"prebuiltLibs":	{
						"prebuiltIncPath":	[],
						"prebuiltLibPath":	[]
					},
					"isolation":	{
					}
				}]
		}]
}
TRACE::2026-09-23.19:58:12::SCWMssOS::Saving the mss changes /home/user/Desktop/lab_3/Vitis/zynq_keypad_system_wrapper/zynq_fsbl/zynq_fsbl_bsp/system.mss
TRACE::2026-09-23.19:58:12::SCWMssOS::Found a swdesign opened with the mssfile.
TRACE::2026-09-23.19:58:12::SCWMssOS::Completed writemss as part of save.
TRACE::2026-09-23.19:58:12::SCWMssOS::Commit changes completed.
TRACE::2026-09-23.19:58:12::SCWPlatform::Trying to open the hw design at /home/user/Desktop/lab_3/Vitis/zynq_keypad_system_wrapper/hw/zynq_keypad_system_wrapper.xsa
TRACE::2026-09-23.19:58:12::SCWPlatform::DSA given /home/user/Desktop/lab_3/Vitis/zynq_keypad_system_wrapper/hw/zynq_keypad_system_wrapper.xsa
TRACE::2026-09-23.19:58:12::SCWPlatform::DSA absoulate path /home/user/Desktop/lab_3/Vitis/zynq_keypad_system_wrapper/hw/zynq_keypad_system_wrapper.xsa
TRACE::2026-09-23.19:58:12::SCWPlatform::DSA directory /home/user/Desktop/lab_3/Vitis/zynq_keypad_system_wrapper/hw
TRACE::2026-09-23.19:58:12::SCWPlatform:: Platform Path /home/user/Desktop/lab_3/Vitis/zynq_keypad_system_wrapper/hw/zynq_keypad_system_wrapper.xsa
TRACE::2026-09-23.19:58:12::SCWPlatform:: Unique name xilinx:zybo::0.0
TRACE::2026-09-23.19:58:12::SCWPlatform::Trying to set the existing hwdb with name zynq_keypad_system_wrapper_0
TRACE::2026-09-23.19:58:12::SCWPlatform::Opened existing hwdb zynq_keypad_system_wrapper_0
TRACE::2026-09-23.19:58:12::SCWPlatform::Found the Hw Db part of the input DSA
TRACE::2026-09-23.19:58:12::SCWMssOS::Checking the sw design at  /home/user/Desktop/lab_3/Vitis/zynq_keypad_system_wrapper/zynq_fsbl/zynq_fsbl_bsp/system.mss
TRACE::2026-09-23.19:58:12::SCWMssOS::DEBUG:  swdes dump  /home/user/Desktop/lab_3/Vitis/zynq_keypad_system_wrapper/zynq_fsbl/zynq_fsbl_bsp/system.mss|system||

TRACE::2026-09-23.19:58:12::SCWMssOS::Sw design exists and opened at  /home/user/Desktop/lab_3/Vitis/zynq_keypad_system_wrapper/zynq_fsbl/zynq_fsbl_bsp/system.mss
TRACE::2026-09-23.19:58:12::SCWPlatform::Trying to open the hw design at /home/user/Desktop/lab_3/Vitis/zynq_keypad_system_wrapper/hw/zynq_keypad_system_wrapper.xsa
TRACE::2026-09-23.19:58:12::SCWPlatform::DSA given /home/user/Desktop/lab_3/Vitis/zynq_keypad_system_wrapper/hw/zynq_keypad_system_wrapper.xsa
TRACE::2026-09-23.19:58:12::SCWPlatform::DSA absoulate path /home/user/Desktop/lab_3/Vitis/zynq_keypad_system_wrapper/hw/zynq_keypad_system_wrapper.xsa
TRACE::2026-09-23.19:58:12::SCWPlatform::DSA directory /home/user/Desktop/lab_3/Vitis/zynq_keypad_system_wrapper/hw
TRACE::2026-09-23.19:58:12::SCWPlatform:: Platform Path /home/user/Desktop/lab_3/Vitis/zynq_keypad_system_wrapper/hw/zynq_keypad_system_wrapper.xsa
TRACE::2026-09-23.19:58:12::SCWPlatform:: Unique name xilinx:zybo::0.0
TRACE::2026-09-23.19:58:12::SCWPlatform::Trying to set the existing hwdb with name zynq_keypad_system_wrapper_0
TRACE::2026-09-23.19:58:12::SCWPlatform::Opened existing hwdb zynq_keypad_system_wrapper_0
TRACE::2026-09-23.19:58:12::SCWPlatform::Found the Hw Db part of the input DSA
TRACE::2026-09-23.19:58:12::SCWMssOS::Checking the sw design at  /home/user/Desktop/lab_3/Vitis/zynq_keypad_system_wrapper/zynq_fsbl/zynq_fsbl_bsp/system.mss
TRACE::2026-09-23.19:58:12::SCWMssOS::DEBUG:  swdes dump  /home/user/Desktop/lab_3/Vitis/zynq_keypad_system_wrapper/zynq_fsbl/zynq_fsbl_bsp/system.mss|system||

TRACE::2026-09-23.19:58:12::SCWMssOS::Sw design exists and opened at  /home/user/Desktop/lab_3/Vitis/zynq_keypad_system_wrapper/zynq_fsbl/zynq_fsbl_bsp/system.mss
TRACE::2026-09-23.19:58:12::SCWPlatform::Trying to open the hw design at /home/user/Desktop/lab_3/Vitis/zynq_keypad_system_wrapper/hw/zynq_keypad_system_wrapper.xsa
TRACE::2026-09-23.19:58:12::SCWPlatform::DSA given /home/user/Desktop/lab_3/Vitis/zynq_keypad_system_wrapper/hw/zynq_keypad_system_wrapper.xsa
TRACE::2026-09-23.19:58:12::SCWPlatform::DSA absoulate path /home/user/Desktop/lab_3/Vitis/zynq_keypad_system_wrapper/hw/zynq_keypad_system_wrapper.xsa
TRACE::2026-09-23.19:58:12::SCWPlatform::DSA directory /home/user/Desktop/lab_3/Vitis/zynq_keypad_system_wrapper/hw
TRACE::2026-09-23.19:58:12::SCWPlatform:: Platform Path /home/user/Desktop/lab_3/Vitis/zynq_keypad_system_wrapper/hw/zynq_keypad_system_wrapper.xsa
TRACE::2026-09-23.19:58:12::SCWPlatform:: Unique name xilinx:zybo::0.0
TRACE::2026-09-23.19:58:12::SCWPlatform::Trying to set the existing hwdb with name zynq_keypad_system_wrapper_0
TRACE::2026-09-23.19:58:12::SCWPlatform::Opened existing hwdb zynq_keypad_system_wrapper_0
TRACE::2026-09-23.19:58:12::SCWPlatform::Found the Hw Db part of the input DSA
TRACE::2026-09-23.19:58:12::SCWMssOS::Checking the sw design at  /home/user/Desktop/lab_3/Vitis/zynq_keypad_system_wrapper/zynq_fsbl/zynq_fsbl_bsp/system.mss
TRACE::2026-09-23.19:58:12::SCWMssOS::DEBUG:  swdes dump  /home/user/Desktop/lab_3/Vitis/zynq_keypad_system_wrapper/zynq_fsbl/zynq_fsbl_bsp/system.mss|system||

TRACE::2026-09-23.19:58:12::SCWMssOS::Sw design exists and opened at  /home/user/Desktop/lab_3/Vitis/zynq_keypad_system_wrapper/zynq_fsbl/zynq_fsbl_bsp/system.mss
TRACE::2026-09-23.19:58:12::SCWWriter::formatted JSON is {
	"platformName":	"zynq_keypad_system_wrapper",
	"sprVersion":	"2.0",
	"mode":	"gui",
	"dsaType":	"Fixed",
	"platformDesc":	"zynq_keypad_system_wrapper",
	"platHandOff":	"/home/user/Desktop/lab_3/zynq_keypad_system_wrapper.xsa",
	"platIntHandOff":	"<platformDir>/hw/zynq_keypad_system_wrapper.xsa",
	"deviceType":	"zynq",
	"platIsPrebuiltAutogen":	"false",
	"platIsNoBootBsp":	"false",
	"platFsblTarget":	"ps7_cortexa9_0",
	"hasFsblMakeHasChanges":	"false",
	"hasPmufwMakeHasChanges":	"false",
	"fsblExtraCompilerFlags":	"-MMD -MP       -mcpu=cortex-a9 -mfpu=vfpv3 -mfloat-abi=hard ",
	"platPreBuiltFlag":	false,
	"platformSamplesDir":	"",
	"platActiveSys":	"zynq_keypad_system_wrapper",
	"systems":	[{
			"systemName":	"zynq_keypad_system_wrapper",
			"systemDesc":	"zynq_keypad_system_wrapper",
			"sysIsBootAutoGen":	"true",
			"systemDispName":	"zynq_keypad_system_wrapper",
			"sysActiveDom":	"zynq_fsbl",
			"sysDefaultDom":	"",
			"domains":	[{
					"domainName":	"zynq_fsbl",
					"domainDispName":	"zynq_fsbl",
					"domainDesc":	"FSBL Application BSP - Auto Generated.",
					"processors":	"ps7_cortexa9_0",
					"os":	"standalone",
					"sdxOs":	"standalone",
					"debugEnable":	"",
					"domRuntimes":	["cpp"],
					"swRepo":	"",
					"mssOsVer":	"7.5",
					"mssFile":	"",
					"md5Digest":	"986bdada04ec859b524eda169740ea2f",
					"compatibleApp":	"zynq_fsbl",
					"domType":	"bootDomain",
					"arch":	"32-bit",
					"appSettings":	{
						"appCompilerFlags":	"",
						"appLinkerFlags":	""
					},
					"addedLibs":	["xilffs:4.5", "xilrsa:1.6"],
					"libOptions":	{
						"libsContainingOptions":	[]
					},
					"prebuiltLibs":	{
						"prebuiltIncPath":	[],
						"prebuiltLibPath":	[]
					},
					"isolation":	{
					}
				}]
		}]
}
TRACE::2026-09-23.19:58:12::SCWPlatform::Trying to open the hw design at /home/user/Desktop/lab_3/Vitis/zynq_keypad_system_wrapper/hw/zynq_keypad_system_wrapper.xsa
TRACE::2026-09-23.19:58:12::SCWPlatform::DSA given /home/user/Desktop/lab_3/Vitis/zynq_keypad_system_wrapper/hw/zynq_keypad_system_wrapper.xsa
TRACE::2026-09-23.19:58:12::SCWPlatform::DSA absoulate path /home/user/Desktop/lab_3/Vitis/zynq_keypad_system_wrapper/hw/zynq_keypad_system_wrapper.xsa
TRACE::2026-09-23.19:58:12::SCWPlatform::DSA directory /home/user/Desktop/lab_3/Vitis/zynq_keypad_system_wrapper/hw
TRACE::2026-09-23.19:58:12::SCWPlatform:: Platform Path /home/user/Desktop/lab_3/Vitis/zynq_keypad_system_wrapper/hw/zynq_keypad_system_wrapper.xsa
TRACE::2026-09-23.19:58:12::SCWPlatform:: Unique name xilinx:zybo::0.0
TRACE::2026-09-23.19:58:12::SCWPlatform::Trying to set the existing hwdb with name zynq_keypad_system_wrapper_0
TRACE::2026-09-23.19:58:12::SCWPlatform::Opened existing hwdb zynq_keypad_system_wrapper_0
TRACE::2026-09-23.19:58:12::SCWPlatform::Found the Hw Db part of the input DSA
TRACE::2026-09-23.19:58:12::SCWDomain::checking for install qemu data   : 
TRACE::2026-09-23.19:58:12::SCWDomain:: Using the QEMU Data from install at  : /home/software/Xilinx/Vitis/2021.1/data/emulation/platforms/zynq/sw/a9_standalone/qemu/
TRACE::2026-09-23.19:58:12::SCWDomain:: Using the QEMU args  from install at  : /home/software/Xilinx/Vitis/2021.1/data/emulation/platforms/zynq/sw/a9_standalone/qemu/qemu_args.txt
TRACE::2026-09-23.19:58:12::SCWPlatform::Trying to open the hw design at /home/user/Desktop/lab_3/Vitis/zynq_keypad_system_wrapper/hw/zynq_keypad_system_wrapper.xsa
TRACE::2026-09-23.19:58:12::SCWPlatform::DSA given /home/user/Desktop/lab_3/Vitis/zynq_keypad_system_wrapper/hw/zynq_keypad_system_wrapper.xsa
TRACE::2026-09-23.19:58:12::SCWPlatform::DSA absoulate path /home/user/Desktop/lab_3/Vitis/zynq_keypad_system_wrapper/hw/zynq_keypad_system_wrapper.xsa
TRACE::2026-09-23.19:58:12::SCWPlatform::DSA directory /home/user/Desktop/lab_3/Vitis/zynq_keypad_system_wrapper/hw
TRACE::2026-09-23.19:58:12::SCWPlatform:: Platform Path /home/user/Desktop/lab_3/Vitis/zynq_keypad_system_wrapper/hw/zynq_keypad_system_wrapper.xsa
TRACE::2026-09-23.19:58:12::SCWPlatform:: Unique name xilinx:zybo::0.0
TRACE::2026-09-23.19:58:12::SCWPlatform::Trying to set the existing hwdb with name zynq_keypad_system_wrapper_0
TRACE::2026-09-23.19:58:12::SCWPlatform::Opened existing hwdb zynq_keypad_system_wrapper_0
TRACE::2026-09-23.19:58:12::SCWPlatform::Found the Hw Db part of the input DSA
TRACE::2026-09-23.19:58:12::SCWPlatform::Trying to open the hw design at /home/user/Desktop/lab_3/Vitis/zynq_keypad_system_wrapper/hw/zynq_keypad_system_wrapper.xsa
TRACE::2026-09-23.19:58:12::SCWPlatform::DSA given /home/user/Desktop/lab_3/Vitis/zynq_keypad_system_wrapper/hw/zynq_keypad_system_wrapper.xsa
TRACE::2026-09-23.19:58:12::SCWPlatform::DSA absoulate path /home/user/Desktop/lab_3/Vitis/zynq_keypad_system_wrapper/hw/zynq_keypad_system_wrapper.xsa
TRACE::2026-09-23.19:58:12::SCWPlatform::DSA directory /home/user/Desktop/lab_3/Vitis/zynq_keypad_system_wrapper/hw
TRACE::2026-09-23.19:58:12::SCWPlatform:: Platform Path /home/user/Desktop/lab_3/Vitis/zynq_keypad_system_wrapper/hw/zynq_keypad_system_wrapper.xsa
TRACE::2026-09-23.19:58:12::SCWPlatform:: Unique name xilinx:zybo::0.0
TRACE::2026-09-23.19:58:12::SCWPlatform::Trying to set the existing hwdb with name zynq_keypad_system_wrapper_0
TRACE::2026-09-23.19:58:12::SCWPlatform::Opened existing hwdb zynq_keypad_system_wrapper_0
TRACE::2026-09-23.19:58:12::SCWPlatform::Found the Hw Db part of the input DSA
TRACE::2026-09-23.19:58:12::SCWPlatform::Trying to open the hw design at /home/user/Desktop/lab_3/Vitis/zynq_keypad_system_wrapper/hw/zynq_keypad_system_wrapper.xsa
TRACE::2026-09-23.19:58:12::SCWPlatform::DSA given /home/user/Desktop/lab_3/Vitis/zynq_keypad_system_wrapper/hw/zynq_keypad_system_wrapper.xsa
TRACE::2026-09-23.19:58:12::SCWPlatform::DSA absoulate path /home/user/Desktop/lab_3/Vitis/zynq_keypad_system_wrapper/hw/zynq_keypad_system_wrapper.xsa
TRACE::2026-09-23.19:58:12::SCWPlatform::DSA directory /home/user/Desktop/lab_3/Vitis/zynq_keypad_system_wrapper/hw
TRACE::2026-09-23.19:58:12::SCWPlatform:: Platform Path /home/user/Desktop/lab_3/Vitis/zynq_keypad_system_wrapper/hw/zynq_keypad_system_wrapper.xsa
TRACE::2026-09-23.19:58:12::SCWPlatform:: Unique name xilinx:zybo::0.0
TRACE::2026-09-23.19:58:12::SCWPlatform::Trying to set the existing hwdb with name zynq_keypad_system_wrapper_0
TRACE::2026-09-23.19:58:12::SCWPlatform::Opened existing hwdb zynq_keypad_system_wrapper_0
TRACE::2026-09-23.19:58:12::SCWPlatform::Found the Hw Db part of the input DSA
TRACE::2026-09-23.19:58:12::SCWMssOS::Checking the sw design at  /home/user/Desktop/lab_3/Vitis/zynq_keypad_system_wrapper/ps7_cortexa9_0/standalone_ps7_cortexa9_0/bsp/system.mss
TRACE::2026-09-23.19:58:12::SCWMssOS::DEBUG:  swdes dump  /home/user/Desktop/lab_3/Vitis/zynq_keypad_system_wrapper/zynq_fsbl/zynq_fsbl_bsp/system.mss|system||

TRACE::2026-09-23.19:58:12::SCWMssOS::No sw design opened at  /home/user/Desktop/lab_3/Vitis/zynq_keypad_system_wrapper/ps7_cortexa9_0/standalone_ps7_cortexa9_0/bsp/system.mss
TRACE::2026-09-23.19:58:12::SCWMssOS::mss does not exists at /home/user/Desktop/lab_3/Vitis/zynq_keypad_system_wrapper/ps7_cortexa9_0/standalone_ps7_cortexa9_0/bsp/system.mss
TRACE::2026-09-23.19:58:12::SCWMssOS::Creating sw design at  /home/user/Desktop/lab_3/Vitis/zynq_keypad_system_wrapper/ps7_cortexa9_0/standalone_ps7_cortexa9_0/bsp/system.mss
TRACE::2026-09-23.19:58:12::SCWMssOS::Adding the swdes entry, created swdb /home/user/Desktop/lab_3/Vitis/zynq_keypad_system_wrapper/ps7_cortexa9_0/standalone_ps7_cortexa9_0/bsp/system.mss with des name /home/user/Desktop/lab_3/Vitis/zynq_keypad_system_wrapper/ps7_cortexa9_0/standalone_ps7_cortexa9_0/bsp/system.mss
TRACE::2026-09-23.19:58:12::SCWMssOS::updating the scw layer changes to swdes at   /home/user/Desktop/lab_3/Vitis/zynq_keypad_system_wrapper/ps7_cortexa9_0/standalone_ps7_cortexa9_0/bsp/system.mss
TRACE::2026-09-23.19:58:12::SCWMssOS::Writing mss at /home/user/Desktop/lab_3/Vitis/zynq_keypad_system_wrapper/ps7_cortexa9_0/standalone_ps7_cortexa9_0/bsp/system.mss
TRACE::2026-09-23.19:58:12::SCWMssOS::Completed writing the mss file at /home/user/Desktop/lab_3/Vitis/zynq_keypad_system_wrapper/ps7_cortexa9_0/standalone_ps7_cortexa9_0/bsp
TRACE::2026-09-23.19:58:12::SCWMssOS::Picking up changes from newly written mss file into SCW Layer. 
TRACE::2026-09-23.19:58:12::SCWMssOS::Updated the changes from newly written mss file into SCW Layer. 
TRACE::2026-09-23.19:58:12::SCWMssOS::Completed writing the mss file at /home/user/Desktop/lab_3/Vitis/zynq_keypad_system_wrapper/ps7_cortexa9_0/standalone_ps7_cortexa9_0/bsp
TRACE::2026-09-23.19:58:12::SCWMssOS::Forcing BSP Sources regeneration.
TRACE::2026-09-23.19:58:13::SCWMssOS::Saving the mss changes /home/user/Desktop/lab_3/Vitis/zynq_keypad_system_wrapper/zynq_fsbl/zynq_fsbl_bsp/system.mss
TRACE::2026-09-23.19:58:13::SCWMssOS::Found a swdesign opened with the mssfile.
TRACE::2026-09-23.19:58:13::SCWMssOS::Completed writemss as part of save.
TRACE::2026-09-23.19:58:13::SCWMssOS::Commit changes completed.
TRACE::2026-09-23.19:58:13::SCWMssOS::Saving the mss changes /home/user/Desktop/lab_3/Vitis/zynq_keypad_system_wrapper/ps7_cortexa9_0/standalone_ps7_cortexa9_0/bsp/system.mss
TRACE::2026-09-23.19:58:13::SCWMssOS::Adding the swdes entry, mss present, able to open swdb /home/user/Desktop/lab_3/Vitis/zynq_keypad_system_wrapper/ps7_cortexa9_0/standalone_ps7_cortexa9_0/bsp/system.mss with des name system_0
TRACE::2026-09-23.19:58:13::SCWMssOS::Writing the mss file completed /home/user/Desktop/lab_3/Vitis/zynq_keypad_system_wrapper/ps7_cortexa9_0/standalone_ps7_cortexa9_0/bsp/system.mss
TRACE::2026-09-23.19:58:13::SCWMssOS::Commit changes completed.
TRACE::2026-09-23.19:58:13::SCWPlatform::Trying to open the hw design at /home/user/Desktop/lab_3/Vitis/zynq_keypad_system_wrapper/hw/zynq_keypad_system_wrapper.xsa
TRACE::2026-09-23.19:58:13::SCWPlatform::DSA given /home/user/Desktop/lab_3/Vitis/zynq_keypad_system_wrapper/hw/zynq_keypad_system_wrapper.xsa
TRACE::2026-09-23.19:58:13::SCWPlatform::DSA absoulate path /home/user/Desktop/lab_3/Vitis/zynq_keypad_system_wrapper/hw/zynq_keypad_system_wrapper.xsa
TRACE::2026-09-23.19:58:13::SCWPlatform::DSA directory /home/user/Desktop/lab_3/Vitis/zynq_keypad_system_wrapper/hw
TRACE::2026-09-23.19:58:13::SCWPlatform:: Platform Path /home/user/Desktop/lab_3/Vitis/zynq_keypad_system_wrapper/hw/zynq_keypad_system_wrapper.xsa
TRACE::2026-09-23.19:58:13::SCWPlatform:: Unique name xilinx:zybo::0.0
TRACE::2026-09-23.19:58:13::SCWPlatform::Trying to set the existing hwdb with name zynq_keypad_system_wrapper_0
TRACE::2026-09-23.19:58:13::SCWPlatform::Opened existing hwdb zynq_keypad_system_wrapper_0
TRACE::2026-09-23.19:58:13::SCWPlatform::Found the Hw Db part of the input DSA
TRACE::2026-09-23.19:58:13::SCWMssOS::Checking the sw design at  /home/user/Desktop/lab_3/Vitis/zynq_keypad_system_wrapper/zynq_fsbl/zynq_fsbl_bsp/system.mss
TRACE::2026-09-23.19:58:13::SCWMssOS::DEBUG:  swdes dump  /home/user/Desktop/lab_3/Vitis/zynq_keypad_system_wrapper/ps7_cortexa9_0/standalone_ps7_cortexa9_0/bsp/system.mss|system_0||
/home/user/Desktop/lab_3/Vitis/zynq_keypad_system_wrapper/zynq_fsbl/zynq_fsbl_bsp/system.mss|system||

TRACE::2026-09-23.19:58:13::SCWMssOS::Sw design exists and opened at  /home/user/Desktop/lab_3/Vitis/zynq_keypad_system_wrapper/zynq_fsbl/zynq_fsbl_bsp/system.mss
TRACE::2026-09-23.19:58:13::SCWPlatform::Trying to open the hw design at /home/user/Desktop/lab_3/Vitis/zynq_keypad_system_wrapper/hw/zynq_keypad_system_wrapper.xsa
TRACE::2026-09-23.19:58:13::SCWPlatform::DSA given /home/user/Desktop/lab_3/Vitis/zynq_keypad_system_wrapper/hw/zynq_keypad_system_wrapper.xsa
TRACE::2026-09-23.19:58:13::SCWPlatform::DSA absoulate path /home/user/Desktop/lab_3/Vitis/zynq_keypad_system_wrapper/hw/zynq_keypad_system_wrapper.xsa
TRACE::2026-09-23.19:58:13::SCWPlatform::DSA directory /home/user/Desktop/lab_3/Vitis/zynq_keypad_system_wrapper/hw
TRACE::2026-09-23.19:58:13::SCWPlatform:: Platform Path /home/user/Desktop/lab_3/Vitis/zynq_keypad_system_wrapper/hw/zynq_keypad_system_wrapper.xsa
TRACE::2026-09-23.19:58:13::SCWPlatform:: Unique name xilinx:zybo::0.0
TRACE::2026-09-23.19:58:13::SCWPlatform::Trying to set the existing hwdb with name zynq_keypad_system_wrapper_0
TRACE::2026-09-23.19:58:13::SCWPlatform::Opened existing hwdb zynq_keypad_system_wrapper_0
TRACE::2026-09-23.19:58:13::SCWPlatform::Found the Hw Db part of the input DSA
TRACE::2026-09-23.19:58:13::SCWMssOS::Checking the sw design at  /home/user/Desktop/lab_3/Vitis/zynq_keypad_system_wrapper/zynq_fsbl/zynq_fsbl_bsp/system.mss
TRACE::2026-09-23.19:58:13::SCWMssOS::DEBUG:  swdes dump  /home/user/Desktop/lab_3/Vitis/zynq_keypad_system_wrapper/ps7_cortexa9_0/standalone_ps7_cortexa9_0/bsp/system.mss|system_0||
/home/user/Desktop/lab_3/Vitis/zynq_keypad_system_wrapper/zynq_fsbl/zynq_fsbl_bsp/system.mss|system||

TRACE::2026-09-23.19:58:13::SCWMssOS::Sw design exists and opened at  /home/user/Desktop/lab_3/Vitis/zynq_keypad_system_wrapper/zynq_fsbl/zynq_fsbl_bsp/system.mss
TRACE::2026-09-23.19:58:13::SCWPlatform::Trying to open the hw design at /home/user/Desktop/lab_3/Vitis/zynq_keypad_system_wrapper/hw/zynq_keypad_system_wrapper.xsa
TRACE::2026-09-23.19:58:13::SCWPlatform::DSA given /home/user/Desktop/lab_3/Vitis/zynq_keypad_system_wrapper/hw/zynq_keypad_system_wrapper.xsa
TRACE::2026-09-23.19:58:13::SCWPlatform::DSA absoulate path /home/user/Desktop/lab_3/Vitis/zynq_keypad_system_wrapper/hw/zynq_keypad_system_wrapper.xsa
TRACE::2026-09-23.19:58:13::SCWPlatform::DSA directory /home/user/Desktop/lab_3/Vitis/zynq_keypad_system_wrapper/hw
TRACE::2026-09-23.19:58:13::SCWPlatform:: Platform Path /home/user/Desktop/lab_3/Vitis/zynq_keypad_system_wrapper/hw/zynq_keypad_system_wrapper.xsa
TRACE::2026-09-23.19:58:13::SCWPlatform:: Unique name xilinx:zybo::0.0
TRACE::2026-09-23.19:58:13::SCWPlatform::Trying to set the existing hwdb with name zynq_keypad_system_wrapper_0
TRACE::2026-09-23.19:58:13::SCWPlatform::Opened existing hwdb zynq_keypad_system_wrapper_0
TRACE::2026-09-23.19:58:13::SCWPlatform::Found the Hw Db part of the input DSA
TRACE::2026-09-23.19:58:13::SCWMssOS::Checking the sw design at  /home/user/Desktop/lab_3/Vitis/zynq_keypad_system_wrapper/zynq_fsbl/zynq_fsbl_bsp/system.mss
TRACE::2026-09-23.19:58:13::SCWMssOS::DEBUG:  swdes dump  /home/user/Desktop/lab_3/Vitis/zynq_keypad_system_wrapper/ps7_cortexa9_0/standalone_ps7_cortexa9_0/bsp/system.mss|system_0||
/home/user/Desktop/lab_3/Vitis/zynq_keypad_system_wrapper/zynq_fsbl/zynq_fsbl_bsp/system.mss|system||

TRACE::2026-09-23.19:58:13::SCWMssOS::Sw design exists and opened at  /home/user/Desktop/lab_3/Vitis/zynq_keypad_system_wrapper/zynq_fsbl/zynq_fsbl_bsp/system.mss
TRACE::2026-09-23.19:58:13::SCWPlatform::Trying to open the hw design at /home/user/Desktop/lab_3/Vitis/zynq_keypad_system_wrapper/hw/zynq_keypad_system_wrapper.xsa
TRACE::2026-09-23.19:58:13::SCWPlatform::DSA given /home/user/Desktop/lab_3/Vitis/zynq_keypad_system_wrapper/hw/zynq_keypad_system_wrapper.xsa
TRACE::2026-09-23.19:58:13::SCWPlatform::DSA absoulate path /home/user/Desktop/lab_3/Vitis/zynq_keypad_system_wrapper/hw/zynq_keypad_system_wrapper.xsa
TRACE::2026-09-23.19:58:13::SCWPlatform::DSA directory /home/user/Desktop/lab_3/Vitis/zynq_keypad_system_wrapper/hw
TRACE::2026-09-23.19:58:13::SCWPlatform:: Platform Path /home/user/Desktop/lab_3/Vitis/zynq_keypad_system_wrapper/hw/zynq_keypad_system_wrapper.xsa
TRACE::2026-09-23.19:58:13::SCWPlatform:: Unique name xilinx:zybo::0.0
TRACE::2026-09-23.19:58:13::SCWPlatform::Trying to set the existing hwdb with name zynq_keypad_system_wrapper_0
TRACE::2026-09-23.19:58:13::SCWPlatform::Opened existing hwdb zynq_keypad_system_wrapper_0
TRACE::2026-09-23.19:58:13::SCWPlatform::Found the Hw Db part of the input DSA
TRACE::2026-09-23.19:58:13::SCWMssOS::Checking the sw design at  /home/user/Desktop/lab_3/Vitis/zynq_keypad_system_wrapper/ps7_cortexa9_0/standalone_ps7_cortexa9_0/bsp/system.mss
TRACE::2026-09-23.19:58:13::SCWMssOS::DEBUG:  swdes dump  /home/user/Desktop/lab_3/Vitis/zynq_keypad_system_wrapper/ps7_cortexa9_0/standalone_ps7_cortexa9_0/bsp/system.mss|system_0||
/home/user/Desktop/lab_3/Vitis/zynq_keypad_system_wrapper/zynq_fsbl/zynq_fsbl_bsp/system.mss|system||

TRACE::2026-09-23.19:58:13::SCWMssOS::Sw design exists and opened at  /home/user/Desktop/lab_3/Vitis/zynq_keypad_system_wrapper/ps7_cortexa9_0/standalone_ps7_cortexa9_0/bsp/system.mss
TRACE::2026-09-23.19:58:13::SCWPlatform::Trying to open the hw design at /home/user/Desktop/lab_3/Vitis/zynq_keypad_system_wrapper/hw/zynq_keypad_system_wrapper.xsa
TRACE::2026-09-23.19:58:13::SCWPlatform::DSA given /home/user/Desktop/lab_3/Vitis/zynq_keypad_system_wrapper/hw/zynq_keypad_system_wrapper.xsa
TRACE::2026-09-23.19:58:13::SCWPlatform::DSA absoulate path /home/user/Desktop/lab_3/Vitis/zynq_keypad_system_wrapper/hw/zynq_keypad_system_wrapper.xsa
TRACE::2026-09-23.19:58:13::SCWPlatform::DSA directory /home/user/Desktop/lab_3/Vitis/zynq_keypad_system_wrapper/hw
TRACE::2026-09-23.19:58:13::SCWPlatform:: Platform Path /home/user/Desktop/lab_3/Vitis/zynq_keypad_system_wrapper/hw/zynq_keypad_system_wrapper.xsa
TRACE::2026-09-23.19:58:13::SCWPlatform:: Unique name xilinx:zybo::0.0
TRACE::2026-09-23.19:58:13::SCWPlatform::Trying to set the existing hwdb with name zynq_keypad_system_wrapper_0
TRACE::2026-09-23.19:58:13::SCWPlatform::Opened existing hwdb zynq_keypad_system_wrapper_0
TRACE::2026-09-23.19:58:13::SCWPlatform::Found the Hw Db part of the input DSA
TRACE::2026-09-23.19:58:13::SCWMssOS::Checking the sw design at  /home/user/Desktop/lab_3/Vitis/zynq_keypad_system_wrapper/ps7_cortexa9_0/standalone_ps7_cortexa9_0/bsp/system.mss
TRACE::2026-09-23.19:58:13::SCWMssOS::DEBUG:  swdes dump  /home/user/Desktop/lab_3/Vitis/zynq_keypad_system_wrapper/ps7_cortexa9_0/standalone_ps7_cortexa9_0/bsp/system.mss|system_0||
/home/user/Desktop/lab_3/Vitis/zynq_keypad_system_wrapper/zynq_fsbl/zynq_fsbl_bsp/system.mss|system||

TRACE::2026-09-23.19:58:13::SCWMssOS::Sw design exists and opened at  /home/user/Desktop/lab_3/Vitis/zynq_keypad_system_wrapper/ps7_cortexa9_0/standalone_ps7_cortexa9_0/bsp/system.mss
TRACE::2026-09-23.19:58:13::SCWPlatform::Trying to open the hw design at /home/user/Desktop/lab_3/Vitis/zynq_keypad_system_wrapper/hw/zynq_keypad_system_wrapper.xsa
TRACE::2026-09-23.19:58:13::SCWPlatform::DSA given /home/user/Desktop/lab_3/Vitis/zynq_keypad_system_wrapper/hw/zynq_keypad_system_wrapper.xsa
TRACE::2026-09-23.19:58:13::SCWPlatform::DSA absoulate path /home/user/Desktop/lab_3/Vitis/zynq_keypad_system_wrapper/hw/zynq_keypad_system_wrapper.xsa
TRACE::2026-09-23.19:58:13::SCWPlatform::DSA directory /home/user/Desktop/lab_3/Vitis/zynq_keypad_system_wrapper/hw
TRACE::2026-09-23.19:58:13::SCWPlatform:: Platform Path /home/user/Desktop/lab_3/Vitis/zynq_keypad_system_wrapper/hw/zynq_keypad_system_wrapper.xsa
TRACE::2026-09-23.19:58:13::SCWPlatform:: Unique name xilinx:zybo::0.0
TRACE::2026-09-23.19:58:13::SCWPlatform::Trying to set the existing hwdb with name zynq_keypad_system_wrapper_0
TRACE::2026-09-23.19:58:13::SCWPlatform::Opened existing hwdb zynq_keypad_system_wrapper_0
TRACE::2026-09-23.19:58:13::SCWPlatform::Found the Hw Db part of the input DSA
TRACE::2026-09-23.19:58:13::SCWMssOS::Checking the sw design at  /home/user/Desktop/lab_3/Vitis/zynq_keypad_system_wrapper/ps7_cortexa9_0/standalone_ps7_cortexa9_0/bsp/system.mss
TRACE::2026-09-23.19:58:13::SCWMssOS::DEBUG:  swdes dump  /home/user/Desktop/lab_3/Vitis/zynq_keypad_system_wrapper/ps7_cortexa9_0/standalone_ps7_cortexa9_0/bsp/system.mss|system_0||
/home/user/Desktop/lab_3/Vitis/zynq_keypad_system_wrapper/zynq_fsbl/zynq_fsbl_bsp/system.mss|system||

TRACE::2026-09-23.19:58:13::SCWMssOS::Sw design exists and opened at  /home/user/Desktop/lab_3/Vitis/zynq_keypad_system_wrapper/ps7_cortexa9_0/standalone_ps7_cortexa9_0/bsp/system.mss
TRACE::2026-09-23.19:58:13::SCWWriter::formatted JSON is {
	"platformName":	"zynq_keypad_system_wrapper",
	"sprVersion":	"2.0",
	"mode":	"gui",
	"dsaType":	"Fixed",
	"platformDesc":	"zynq_keypad_system_wrapper",
	"platHandOff":	"/home/user/Desktop/lab_3/zynq_keypad_system_wrapper.xsa",
	"platIntHandOff":	"<platformDir>/hw/zynq_keypad_system_wrapper.xsa",
	"deviceType":	"zynq",
	"platIsPrebuiltAutogen":	"false",
	"platIsNoBootBsp":	"false",
	"platFsblTarget":	"ps7_cortexa9_0",
	"hasFsblMakeHasChanges":	"false",
	"hasPmufwMakeHasChanges":	"false",
	"fsblExtraCompilerFlags":	"-MMD -MP       -mcpu=cortex-a9 -mfpu=vfpv3 -mfloat-abi=hard ",
	"platPreBuiltFlag":	false,
	"platformSamplesDir":	"",
	"platActiveSys":	"zynq_keypad_system_wrapper",
	"systems":	[{
			"systemName":	"zynq_keypad_system_wrapper",
			"systemDesc":	"zynq_keypad_system_wrapper",
			"sysIsBootAutoGen":	"true",
			"systemDispName":	"zynq_keypad_system_wrapper",
			"sysActiveDom":	"standalone_ps7_cortexa9_0",
			"sysDefaultDom":	"standalone_ps7_cortexa9_0",
			"domains":	[{
					"domainName":	"zynq_fsbl",
					"domainDispName":	"zynq_fsbl",
					"domainDesc":	"FSBL Application BSP - Auto Generated.",
					"processors":	"ps7_cortexa9_0",
					"os":	"standalone",
					"sdxOs":	"standalone",
					"debugEnable":	"",
					"domRuntimes":	["cpp"],
					"swRepo":	"",
					"mssOsVer":	"7.5",
					"mssFile":	"",
					"md5Digest":	"986bdada04ec859b524eda169740ea2f",
					"compatibleApp":	"zynq_fsbl",
					"domType":	"bootDomain",
					"arch":	"32-bit",
					"appSettings":	{
						"appCompilerFlags":	"",
						"appLinkerFlags":	""
					},
					"addedLibs":	["xilffs:4.5", "xilrsa:1.6"],
					"libOptions":	{
						"libsContainingOptions":	[]
					},
					"prebuiltLibs":	{
						"prebuiltIncPath":	[],
						"prebuiltLibPath":	[]
					},
					"isolation":	{
					}
				}, {
					"domainName":	"standalone_ps7_cortexa9_0",
					"domainDispName":	"standalone_ps7_cortexa9_0",
					"domainDesc":	"standalone_ps7_cortexa9_0",
					"processors":	"ps7_cortexa9_0",
					"os":	"standalone",
					"sdxOs":	"standalone",
					"qemuArgs":	"/home/software/Xilinx/Vitis/2021.1/data/emulation/platforms/zynq/sw/a9_standalone/qemu/qemu_args.txt",
					"qemuData":	"/home/software/Xilinx/Vitis/2021.1/data/emulation/platforms/zynq/sw/a9_standalone/qemu/",
					"debugEnable":	"False",
					"domRuntimes":	["cpp"],
					"swRepo":	"",
					"mssOsVer":	"7.5",
					"mssFile":	"",
					"md5Digest":	"a513dc7d62ebf08984ba988e351c6210",
					"compatibleApp":	"empty_application",
					"domType":	"mssDomain",
					"arch":	"32-bit",
					"appSettings":	{
						"appCompilerFlags":	"",
						"appLinkerFlags":	""
					},
					"addedLibs":	[],
					"libOptions":	{
						"libsContainingOptions":	[]
					},
					"prebuiltLibs":	{
						"prebuiltIncPath":	[],
						"prebuiltLibPath":	[]
					},
					"isolation":	{
					}
				}]
		}]
}
LOG::2026-09-23.19:58:13::SCWPlatform::Started generating the artifacts platform zynq_keypad_system_wrapper
TRACE::2026-09-23.19:58:13::SCWPlatform::Sanity checking of platform is completed
LOG::2026-09-23.19:58:13::SCWPlatform::Started generating the artifacts for system configuration zynq_keypad_system_wrapper
LOG::2026-09-23.19:58:13::SCWSystem::Checking the domain zynq_fsbl
LOG::2026-09-23.19:58:13::SCWSystem::Doing application build for :  zynq_fsbl
TRACE::2026-09-23.19:58:13::SCWBDomain::Not a forced makefile updation, No changes are present. 
TRACE::2026-09-23.19:58:13::SCWDomain::Skipping the build for domain :  zynq_fsbl
LOG::2026-09-23.19:58:13::SCWSystem::Checking the domain standalone_ps7_cortexa9_0
LOG::2026-09-23.19:58:13::SCWSystem::Not a boot domain 
LOG::2026-09-23.19:58:13::SCWSystem::Started Processing the domain standalone_ps7_cortexa9_0
TRACE::2026-09-23.19:58:13::SCWDomain::Generating domain artifcats
TRACE::2026-09-23.19:58:13::SCWMssOS::Generating standalone artifcats
TRACE::2026-09-23.19:58:13::SCWMssOS::Copying the qemu file from  /home/software/Xilinx/Vitis/2021.1/data/emulation/platforms/zynq/sw/a9_standalone/qemu/qemu_args.txt To /home/user/Desktop/lab_3/Vitis/zynq_keypad_system_wrapper/export/zynq_keypad_system_wrapper/sw/zynq_keypad_system_wrapper/qemu/
TRACE::2026-09-23.19:58:13::SCWMssOS::Copying the qemu file from  /home/software/Xilinx/Vitis/2021.1/data/emulation/platforms/zynq/sw/a9_standalone/qemu/qemu_args.txt To /home/user/Desktop/lab_3/Vitis/zynq_keypad_system_wrapper/export/zynq_keypad_system_wrapper/sw/zynq_keypad_system_wrapper/standalone_ps7_cortexa9_0/qemu/
TRACE::2026-09-23.19:58:13::SCWMssOS:: Copying the user libraries. 
TRACE::2026-09-23.19:58:13::SCWPlatform::Trying to open the hw design at /home/user/Desktop/lab_3/Vitis/zynq_keypad_system_wrapper/hw/zynq_keypad_system_wrapper.xsa
TRACE::2026-09-23.19:58:13::SCWPlatform::DSA given /home/user/Desktop/lab_3/Vitis/zynq_keypad_system_wrapper/hw/zynq_keypad_system_wrapper.xsa
TRACE::2026-09-23.19:58:13::SCWPlatform::DSA absoulate path /home/user/Desktop/lab_3/Vitis/zynq_keypad_system_wrapper/hw/zynq_keypad_system_wrapper.xsa
TRACE::2026-09-23.19:58:13::SCWPlatform::DSA directory /home/user/Desktop/lab_3/Vitis/zynq_keypad_system_wrapper/hw
TRACE::2026-09-23.19:58:13::SCWPlatform:: Platform Path /home/user/Desktop/lab_3/Vitis/zynq_keypad_system_wrapper/hw/zynq_keypad_system_wrapper.xsa
TRACE::2026-09-23.19:58:13::SCWPlatform:: Unique name xilinx:zybo::0.0
TRACE::2026-09-23.19:58:13::SCWPlatform::Trying to set the existing hwdb with name zynq_keypad_system_wrapper_0
TRACE::2026-09-23.19:58:13::SCWPlatform::Opened existing hwdb zynq_keypad_system_wrapper_0
TRACE::2026-09-23.19:58:13::SCWPlatform::Found the Hw Db part of the input DSA
TRACE::2026-09-23.19:58:13::SCWMssOS::Checking the sw design at  /home/user/Desktop/lab_3/Vitis/zynq_keypad_system_wrapper/ps7_cortexa9_0/standalone_ps7_cortexa9_0/bsp/system.mss
TRACE::2026-09-23.19:58:13::SCWMssOS::DEBUG:  swdes dump  /home/user/Desktop/lab_3/Vitis/zynq_keypad_system_wrapper/ps7_cortexa9_0/standalone_ps7_cortexa9_0/bsp/system.mss|system_0||
/home/user/Desktop/lab_3/Vitis/zynq_keypad_system_wrapper/zynq_fsbl/zynq_fsbl_bsp/system.mss|system||

TRACE::2026-09-23.19:58:13::SCWMssOS::Sw design exists and opened at  /home/user/Desktop/lab_3/Vitis/zynq_keypad_system_wrapper/ps7_cortexa9_0/standalone_ps7_cortexa9_0/bsp/system.mss
TRACE::2026-09-23.19:58:13::SCWMssOS::Completed writing the mss file at /home/user/Desktop/lab_3/Vitis/zynq_keypad_system_wrapper/ps7_cortexa9_0/standalone_ps7_cortexa9_0/bsp
TRACE::2026-09-23.19:58:13::SCWMssOS::Mss edits present, copying mssfile into export location /home/user/Desktop/lab_3/Vitis/zynq_keypad_system_wrapper/ps7_cortexa9_0/standalone_ps7_cortexa9_0/bsp/system.mss
TRACE::2026-09-23.19:58:13::SCWMssOS::bsp generated is upto date with the mss file. Skipping bsp generation.
TRACE::2026-09-23.19:58:13::SCWMssOS::BSP is already built. skipping the bsp build ... 
TRACE::2026-09-23.19:58:13::SCWDomain::Skipping the build for domain :  standalone_ps7_cortexa9_0
TRACE::2026-09-23.19:58:13::SCWMssOS::skipping the bsp build ... 
TRACE::2026-09-23.19:58:13::SCWMssOS::Copying to export directory.
TRACE::2026-09-23.19:58:13::SCWMssOS:: Checking if to create the Supporting Applications
TRACE::2026-09-23.19:58:13::SCWMssOS:: No Linux domain exists, trying to generate FSBL 
TRACE::2026-09-23.19:58:13::SCWMssOS:: Completed Standalone Artifacts creation 
LOG::2026-09-23.19:58:13::SCWSystem::Completed Processing the domain standalone_ps7_cortexa9_0
LOG::2026-09-23.19:58:13::SCWSystem::Completed Processing the sysconfig zynq_keypad_system_wrapper
LOG::2026-09-23.19:58:13::SCWPlatform::Completed generating the artifacts for system configuration zynq_keypad_system_wrapper
TRACE::2026-09-23.19:58:13::SCWPlatform::Started preparing the platform 
TRACE::2026-09-23.19:58:13::SCWSystem::Writing the bif file for system config zynq_keypad_system_wrapper
TRACE::2026-09-23.19:58:13::SCWSystem::dir created 
TRACE::2026-09-23.19:58:13::SCWSystem::Writing the bif 
TRACE::2026-09-23.19:58:13::SCWPlatform::Started writing the spfm file 
TRACE::2026-09-23.19:58:13::SCWPlatform::Started writing the xpfm file 
TRACE::2026-09-23.19:58:13::SCWPlatform::Completed generating the platform
TRACE::2026-09-23.19:58:13::SCWMssOS::Saving the mss changes /home/user/Desktop/lab_3/Vitis/zynq_keypad_system_wrapper/zynq_fsbl/zynq_fsbl_bsp/system.mss
TRACE::2026-09-23.19:58:13::SCWMssOS::Found a swdesign opened with the mssfile.
TRACE::2026-09-23.19:58:13::SCWMssOS::Completed writemss as part of save.
TRACE::2026-09-23.19:58:13::SCWMssOS::Commit changes completed.
TRACE::2026-09-23.19:58:13::SCWMssOS::Saving the mss changes /home/user/Desktop/lab_3/Vitis/zynq_keypad_system_wrapper/ps7_cortexa9_0/standalone_ps7_cortexa9_0/bsp/system.mss
TRACE::2026-09-23.19:58:13::SCWMssOS::Found a swdesign opened with the mssfile.
TRACE::2026-09-23.19:58:13::SCWMssOS::Completed writemss as part of save.
TRACE::2026-09-23.19:58:13::SCWMssOS::Commit changes completed.
TRACE::2026-09-23.19:58:13::SCWPlatform::Trying to open the hw design at /home/user/Desktop/lab_3/Vitis/zynq_keypad_system_wrapper/hw/zynq_keypad_system_wrapper.xsa
TRACE::2026-09-23.19:58:13::SCWPlatform::DSA given /home/user/Desktop/lab_3/Vitis/zynq_keypad_system_wrapper/hw/zynq_keypad_system_wrapper.xsa
TRACE::2026-09-23.19:58:13::SCWPlatform::DSA absoulate path /home/user/Desktop/lab_3/Vitis/zynq_keypad_system_wrapper/hw/zynq_keypad_system_wrapper.xsa
TRACE::2026-09-23.19:58:13::SCWPlatform::DSA directory /home/user/Desktop/lab_3/Vitis/zynq_keypad_system_wrapper/hw
TRACE::2026-09-23.19:58:13::SCWPlatform:: Platform Path /home/user/Desktop/lab_3/Vitis/zynq_keypad_system_wrapper/hw/zynq_keypad_system_wrapper.xsa
TRACE::2026-09-23.19:58:13::SCWPlatform:: Unique name xilinx:zybo::0.0
TRACE::2026-09-23.19:58:13::SCWPlatform::Trying to set the existing hwdb with name zynq_keypad_system_wrapper_0
TRACE::2026-09-23.19:58:13::SCWPlatform::Opened existing hwdb zynq_keypad_system_wrapper_0
TRACE::2026-09-23.19:58:13::SCWPlatform::Found the Hw Db part of the input DSA
TRACE::2026-09-23.19:58:13::SCWMssOS::Checking the sw design at  /home/user/Desktop/lab_3/Vitis/zynq_keypad_system_wrapper/zynq_fsbl/zynq_fsbl_bsp/system.mss
TRACE::2026-09-23.19:58:13::SCWMssOS::DEBUG:  swdes dump  /home/user/Desktop/lab_3/Vitis/zynq_keypad_system_wrapper/ps7_cortexa9_0/standalone_ps7_cortexa9_0/bsp/system.mss|system_0||
/home/user/Desktop/lab_3/Vitis/zynq_keypad_system_wrapper/zynq_fsbl/zynq_fsbl_bsp/system.mss|system||

TRACE::2026-09-23.19:58:13::SCWMssOS::Sw design exists and opened at  /home/user/Desktop/lab_3/Vitis/zynq_keypad_system_wrapper/zynq_fsbl/zynq_fsbl_bsp/system.mss
TRACE::2026-09-23.19:58:13::SCWPlatform::Trying to open the hw design at /home/user/Desktop/lab_3/Vitis/zynq_keypad_system_wrapper/hw/zynq_keypad_system_wrapper.xsa
TRACE::2026-09-23.19:58:13::SCWPlatform::DSA given /home/user/Desktop/lab_3/Vitis/zynq_keypad_system_wrapper/hw/zynq_keypad_system_wrapper.xsa
TRACE::2026-09-23.19:58:13::SCWPlatform::DSA absoulate path /home/user/Desktop/lab_3/Vitis/zynq_keypad_system_wrapper/hw/zynq_keypad_system_wrapper.xsa
TRACE::2026-09-23.19:58:13::SCWPlatform::DSA directory /home/user/Desktop/lab_3/Vitis/zynq_keypad_system_wrapper/hw
TRACE::2026-09-23.19:58:13::SCWPlatform:: Platform Path /home/user/Desktop/lab_3/Vitis/zynq_keypad_system_wrapper/hw/zynq_keypad_system_wrapper.xsa
TRACE::2026-09-23.19:58:13::SCWPlatform:: Unique name xilinx:zybo::0.0
TRACE::2026-09-23.19:58:13::SCWPlatform::Trying to set the existing hwdb with name zynq_keypad_system_wrapper_0
TRACE::2026-09-23.19:58:13::SCWPlatform::Opened existing hwdb zynq_keypad_system_wrapper_0
TRACE::2026-09-23.19:58:13::SCWPlatform::Found the Hw Db part of the input DSA
TRACE::2026-09-23.19:58:13::SCWMssOS::Checking the sw design at  /home/user/Desktop/lab_3/Vitis/zynq_keypad_system_wrapper/zynq_fsbl/zynq_fsbl_bsp/system.mss
TRACE::2026-09-23.19:58:13::SCWMssOS::DEBUG:  swdes dump  /home/user/Desktop/lab_3/Vitis/zynq_keypad_system_wrapper/ps7_cortexa9_0/standalone_ps7_cortexa9_0/bsp/system.mss|system_0||
/home/user/Desktop/lab_3/Vitis/zynq_keypad_system_wrapper/zynq_fsbl/zynq_fsbl_bsp/system.mss|system||

TRACE::2026-09-23.19:58:13::SCWMssOS::Sw design exists and opened at  /home/user/Desktop/lab_3/Vitis/zynq_keypad_system_wrapper/zynq_fsbl/zynq_fsbl_bsp/system.mss
TRACE::2026-09-23.19:58:13::SCWPlatform::Trying to open the hw design at /home/user/Desktop/lab_3/Vitis/zynq_keypad_system_wrapper/hw/zynq_keypad_system_wrapper.xsa
TRACE::2026-09-23.19:58:13::SCWPlatform::DSA given /home/user/Desktop/lab_3/Vitis/zynq_keypad_system_wrapper/hw/zynq_keypad_system_wrapper.xsa
TRACE::2026-09-23.19:58:13::SCWPlatform::DSA absoulate path /home/user/Desktop/lab_3/Vitis/zynq_keypad_system_wrapper/hw/zynq_keypad_system_wrapper.xsa
TRACE::2026-09-23.19:58:13::SCWPlatform::DSA directory /home/user/Desktop/lab_3/Vitis/zynq_keypad_system_wrapper/hw
TRACE::2026-09-23.19:58:13::SCWPlatform:: Platform Path /home/user/Desktop/lab_3/Vitis/zynq_keypad_system_wrapper/hw/zynq_keypad_system_wrapper.xsa
TRACE::2026-09-23.19:58:13::SCWPlatform:: Unique name xilinx:zybo::0.0
TRACE::2026-09-23.19:58:13::SCWPlatform::Trying to set the existing hwdb with name zynq_keypad_system_wrapper_0
TRACE::2026-09-23.19:58:13::SCWPlatform::Opened existing hwdb zynq_keypad_system_wrapper_0
TRACE::2026-09-23.19:58:13::SCWPlatform::Found the Hw Db part of the input DSA
TRACE::2026-09-23.19:58:13::SCWMssOS::Checking the sw design at  /home/user/Desktop/lab_3/Vitis/zynq_keypad_system_wrapper/zynq_fsbl/zynq_fsbl_bsp/system.mss
TRACE::2026-09-23.19:58:13::SCWMssOS::DEBUG:  swdes dump  /home/user/Desktop/lab_3/Vitis/zynq_keypad_system_wrapper/ps7_cortexa9_0/standalone_ps7_cortexa9_0/bsp/system.mss|system_0||
/home/user/Desktop/lab_3/Vitis/zynq_keypad_system_wrapper/zynq_fsbl/zynq_fsbl_bsp/system.mss|system||

TRACE::2026-09-23.19:58:13::SCWMssOS::Sw design exists and opened at  /home/user/Desktop/lab_3/Vitis/zynq_keypad_system_wrapper/zynq_fsbl/zynq_fsbl_bsp/system.mss
TRACE::2026-09-23.19:58:13::SCWPlatform::Trying to open the hw design at /home/user/Desktop/lab_3/Vitis/zynq_keypad_system_wrapper/hw/zynq_keypad_system_wrapper.xsa
TRACE::2026-09-23.19:58:13::SCWPlatform::DSA given /home/user/Desktop/lab_3/Vitis/zynq_keypad_system_wrapper/hw/zynq_keypad_system_wrapper.xsa
TRACE::2026-09-23.19:58:13::SCWPlatform::DSA absoulate path /home/user/Desktop/lab_3/Vitis/zynq_keypad_system_wrapper/hw/zynq_keypad_system_wrapper.xsa
TRACE::2026-09-23.19:58:13::SCWPlatform::DSA directory /home/user/Desktop/lab_3/Vitis/zynq_keypad_system_wrapper/hw
TRACE::2026-09-23.19:58:13::SCWPlatform:: Platform Path /home/user/Desktop/lab_3/Vitis/zynq_keypad_system_wrapper/hw/zynq_keypad_system_wrapper.xsa
TRACE::2026-09-23.19:58:13::SCWPlatform:: Unique name xilinx:zybo::0.0
TRACE::2026-09-23.19:58:13::SCWPlatform::Trying to set the existing hwdb with name zynq_keypad_system_wrapper_0
TRACE::2026-09-23.19:58:13::SCWPlatform::Opened existing hwdb zynq_keypad_system_wrapper_0
TRACE::2026-09-23.19:58:13::SCWPlatform::Found the Hw Db part of the input DSA
TRACE::2026-09-23.19:58:13::SCWMssOS::Checking the sw design at  /home/user/Desktop/lab_3/Vitis/zynq_keypad_system_wrapper/ps7_cortexa9_0/standalone_ps7_cortexa9_0/bsp/system.mss
TRACE::2026-09-23.19:58:13::SCWMssOS::DEBUG:  swdes dump  /home/user/Desktop/lab_3/Vitis/zynq_keypad_system_wrapper/ps7_cortexa9_0/standalone_ps7_cortexa9_0/bsp/system.mss|system_0||
/home/user/Desktop/lab_3/Vitis/zynq_keypad_system_wrapper/zynq_fsbl/zynq_fsbl_bsp/system.mss|system||

TRACE::2026-09-23.19:58:13::SCWMssOS::Sw design exists and opened at  /home/user/Desktop/lab_3/Vitis/zynq_keypad_system_wrapper/ps7_cortexa9_0/standalone_ps7_cortexa9_0/bsp/system.mss
TRACE::2026-09-23.19:58:13::SCWPlatform::Trying to open the hw design at /home/user/Desktop/lab_3/Vitis/zynq_keypad_system_wrapper/hw/zynq_keypad_system_wrapper.xsa
TRACE::2026-09-23.19:58:13::SCWPlatform::DSA given /home/user/Desktop/lab_3/Vitis/zynq_keypad_system_wrapper/hw/zynq_keypad_system_wrapper.xsa
TRACE::2026-09-23.19:58:13::SCWPlatform::DSA absoulate path /home/user/Desktop/lab_3/Vitis/zynq_keypad_system_wrapper/hw/zynq_keypad_system_wrapper.xsa
TRACE::2026-09-23.19:58:13::SCWPlatform::DSA directory /home/user/Desktop/lab_3/Vitis/zynq_keypad_system_wrapper/hw
TRACE::2026-09-23.19:58:13::SCWPlatform:: Platform Path /home/user/Desktop/lab_3/Vitis/zynq_keypad_system_wrapper/hw/zynq_keypad_system_wrapper.xsa
TRACE::2026-09-23.19:58:13::SCWPlatform:: Unique name xilinx:zybo::0.0
TRACE::2026-09-23.19:58:13::SCWPlatform::Trying to set the existing hwdb with name zynq_keypad_system_wrapper_0
TRACE::2026-09-23.19:58:13::SCWPlatform::Opened existing hwdb zynq_keypad_system_wrapper_0
TRACE::2026-09-23.19:58:13::SCWPlatform::Found the Hw Db part of the input DSA
TRACE::2026-09-23.19:58:13::SCWMssOS::Checking the sw design at  /home/user/Desktop/lab_3/Vitis/zynq_keypad_system_wrapper/ps7_cortexa9_0/standalone_ps7_cortexa9_0/bsp/system.mss
TRACE::2026-09-23.19:58:13::SCWMssOS::DEBUG:  swdes dump  /home/user/Desktop/lab_3/Vitis/zynq_keypad_system_wrapper/ps7_cortexa9_0/standalone_ps7_cortexa9_0/bsp/system.mss|system_0||
/home/user/Desktop/lab_3/Vitis/zynq_keypad_system_wrapper/zynq_fsbl/zynq_fsbl_bsp/system.mss|system||

TRACE::2026-09-23.19:58:13::SCWMssOS::Sw design exists and opened at  /home/user/Desktop/lab_3/Vitis/zynq_keypad_system_wrapper/ps7_cortexa9_0/standalone_ps7_cortexa9_0/bsp/system.mss
TRACE::2026-09-23.19:58:13::SCWPlatform::Trying to open the hw design at /home/user/Desktop/lab_3/Vitis/zynq_keypad_system_wrapper/hw/zynq_keypad_system_wrapper.xsa
TRACE::2026-09-23.19:58:13::SCWPlatform::DSA given /home/user/Desktop/lab_3/Vitis/zynq_keypad_system_wrapper/hw/zynq_keypad_system_wrapper.xsa
TRACE::2026-09-23.19:58:13::SCWPlatform::DSA absoulate path /home/user/Desktop/lab_3/Vitis/zynq_keypad_system_wrapper/hw/zynq_keypad_system_wrapper.xsa
TRACE::2026-09-23.19:58:13::SCWPlatform::DSA directory /home/user/Desktop/lab_3/Vitis/zynq_keypad_system_wrapper/hw
TRACE::2026-09-23.19:58:13::SCWPlatform:: Platform Path /home/user/Desktop/lab_3/Vitis/zynq_keypad_system_wrapper/hw/zynq_keypad_system_wrapper.xsa
TRACE::2026-09-23.19:58:13::SCWPlatform:: Unique name xilinx:zybo::0.0
TRACE::2026-09-23.19:58:13::SCWPlatform::Trying to set the existing hwdb with name zynq_keypad_system_wrapper_0
TRACE::2026-09-23.19:58:13::SCWPlatform::Opened existing hwdb zynq_keypad_system_wrapper_0
TRACE::2026-09-23.19:58:13::SCWPlatform::Found the Hw Db part of the input DSA
TRACE::2026-09-23.19:58:13::SCWMssOS::Checking the sw design at  /home/user/Desktop/lab_3/Vitis/zynq_keypad_system_wrapper/ps7_cortexa9_0/standalone_ps7_cortexa9_0/bsp/system.mss
TRACE::2026-09-23.19:58:13::SCWMssOS::DEBUG:  swdes dump  /home/user/Desktop/lab_3/Vitis/zynq_keypad_system_wrapper/ps7_cortexa9_0/standalone_ps7_cortexa9_0/bsp/system.mss|system_0||
/home/user/Desktop/lab_3/Vitis/zynq_keypad_system_wrapper/zynq_fsbl/zynq_fsbl_bsp/system.mss|system||

TRACE::2026-09-23.19:58:13::SCWMssOS::Sw design exists and opened at  /home/user/Desktop/lab_3/Vitis/zynq_keypad_system_wrapper/ps7_cortexa9_0/standalone_ps7_cortexa9_0/bsp/system.mss
TRACE::2026-09-23.19:58:13::SCWWriter::formatted JSON is {
	"platformName":	"zynq_keypad_system_wrapper",
	"sprVersion":	"2.0",
	"mode":	"gui",
	"dsaType":	"Fixed",
	"platformDesc":	"zynq_keypad_system_wrapper",
	"platHandOff":	"/home/user/Desktop/lab_3/zynq_keypad_system_wrapper.xsa",
	"platIntHandOff":	"<platformDir>/hw/zynq_keypad_system_wrapper.xsa",
	"deviceType":	"zynq",
	"platIsPrebuiltAutogen":	"false",
	"platIsNoBootBsp":	"false",
	"platFsblTarget":	"ps7_cortexa9_0",
	"hasFsblMakeHasChanges":	"false",
	"hasPmufwMakeHasChanges":	"false",
	"fsblExtraCompilerFlags":	"-MMD -MP       -mcpu=cortex-a9 -mfpu=vfpv3 -mfloat-abi=hard ",
	"platPreBuiltFlag":	false,
	"platformSamplesDir":	"",
	"platActiveSys":	"zynq_keypad_system_wrapper",
	"systems":	[{
			"systemName":	"zynq_keypad_system_wrapper",
			"systemDesc":	"zynq_keypad_system_wrapper",
			"sysIsBootAutoGen":	"true",
			"systemDispName":	"zynq_keypad_system_wrapper",
			"sysActiveDom":	"standalone_ps7_cortexa9_0",
			"sysDefaultDom":	"standalone_ps7_cortexa9_0",
			"domains":	[{
					"domainName":	"zynq_fsbl",
					"domainDispName":	"zynq_fsbl",
					"domainDesc":	"FSBL Application BSP - Auto Generated.",
					"processors":	"ps7_cortexa9_0",
					"os":	"standalone",
					"sdxOs":	"standalone",
					"debugEnable":	"",
					"domRuntimes":	["cpp"],
					"swRepo":	"",
					"mssOsVer":	"7.5",
					"mssFile":	"",
					"md5Digest":	"986bdada04ec859b524eda169740ea2f",
					"compatibleApp":	"zynq_fsbl",
					"domType":	"bootDomain",
					"arch":	"32-bit",
					"appSettings":	{
						"appCompilerFlags":	"",
						"appLinkerFlags":	""
					},
					"addedLibs":	["xilffs:4.5", "xilrsa:1.6"],
					"libOptions":	{
						"libsContainingOptions":	[]
					},
					"prebuiltLibs":	{
						"prebuiltIncPath":	[],
						"prebuiltLibPath":	[]
					},
					"isolation":	{
					}
				}, {
					"domainName":	"standalone_ps7_cortexa9_0",
					"domainDispName":	"standalone_ps7_cortexa9_0",
					"domainDesc":	"standalone_ps7_cortexa9_0",
					"processors":	"ps7_cortexa9_0",
					"os":	"standalone",
					"sdxOs":	"standalone",
					"qemuArgs":	"/home/software/Xilinx/Vitis/2021.1/data/emulation/platforms/zynq/sw/a9_standalone/qemu/qemu_args.txt",
					"qemuData":	"/home/software/Xilinx/Vitis/2021.1/data/emulation/platforms/zynq/sw/a9_standalone/qemu/",
					"debugEnable":	"False",
					"domRuntimes":	["cpp"],
					"swRepo":	"",
					"mssOsVer":	"7.5",
					"mssFile":	"",
					"md5Digest":	"a513dc7d62ebf08984ba988e351c6210",
					"compatibleApp":	"empty_application",
					"domType":	"mssDomain",
					"arch":	"32-bit",
					"appSettings":	{
						"appCompilerFlags":	"",
						"appLinkerFlags":	""
					},
					"addedLibs":	[],
					"libOptions":	{
						"libsContainingOptions":	[]
					},
					"prebuiltLibs":	{
						"prebuiltIncPath":	[],
						"prebuiltLibPath":	[]
					},
					"isolation":	{
					}
				}]
		}]
}
KEYINFO::2026-09-23.19:58:13::SCWPlatform::updated the xpfm file.
TRACE::2026-09-23.19:58:13::SCWPlatform::Trying to open the hw design at /home/user/Desktop/lab_3/Vitis/zynq_keypad_system_wrapper/hw/zynq_keypad_system_wrapper.xsa
TRACE::2026-09-23.19:58:13::SCWPlatform::DSA given /home/user/Desktop/lab_3/Vitis/zynq_keypad_system_wrapper/hw/zynq_keypad_system_wrapper.xsa
TRACE::2026-09-23.19:58:13::SCWPlatform::DSA absoulate path /home/user/Desktop/lab_3/Vitis/zynq_keypad_system_wrapper/hw/zynq_keypad_system_wrapper.xsa
TRACE::2026-09-23.19:58:13::SCWPlatform::DSA directory /home/user/Desktop/lab_3/Vitis/zynq_keypad_system_wrapper/hw
TRACE::2026-09-23.19:58:13::SCWPlatform:: Platform Path /home/user/Desktop/lab_3/Vitis/zynq_keypad_system_wrapper/hw/zynq_keypad_system_wrapper.xsa
TRACE::2026-09-23.19:58:13::SCWPlatform:: Unique name xilinx:zybo::0.0
TRACE::2026-09-23.19:58:13::SCWPlatform::Trying to set the existing hwdb with name zynq_keypad_system_wrapper_0
TRACE::2026-09-23.19:58:13::SCWPlatform::Opened existing hwdb zynq_keypad_system_wrapper_0
TRACE::2026-09-23.19:58:13::SCWPlatform::Found the Hw Db part of the input DSA
TRACE::2026-09-23.19:58:13::SCWMssOS::Checking the sw design at  /home/user/Desktop/lab_3/Vitis/zynq_keypad_system_wrapper/ps7_cortexa9_0/standalone_ps7_cortexa9_0/bsp/system.mss
TRACE::2026-09-23.19:58:13::SCWMssOS::DEBUG:  swdes dump  /home/user/Desktop/lab_3/Vitis/zynq_keypad_system_wrapper/ps7_cortexa9_0/standalone_ps7_cortexa9_0/bsp/system.mss|system_0||
/home/user/Desktop/lab_3/Vitis/zynq_keypad_system_wrapper/zynq_fsbl/zynq_fsbl_bsp/system.mss|system||

TRACE::2026-09-23.19:58:13::SCWMssOS::Sw design exists and opened at  /home/user/Desktop/lab_3/Vitis/zynq_keypad_system_wrapper/ps7_cortexa9_0/standalone_ps7_cortexa9_0/bsp/system.mss
TRACE::2026-09-23.19:58:13::SCWMssOS::Saving the mss changes /home/user/Desktop/lab_3/Vitis/zynq_keypad_system_wrapper/zynq_fsbl/zynq_fsbl_bsp/system.mss
TRACE::2026-09-23.19:58:13::SCWMssOS::Found a swdesign opened with the mssfile.
TRACE::2026-09-23.19:58:13::SCWMssOS::Completed writemss as part of save.
TRACE::2026-09-23.19:58:13::SCWMssOS::Commit changes completed.
TRACE::2026-09-23.19:58:13::SCWMssOS::Saving the mss changes /home/user/Desktop/lab_3/Vitis/zynq_keypad_system_wrapper/ps7_cortexa9_0/standalone_ps7_cortexa9_0/bsp/system.mss
TRACE::2026-09-23.19:58:13::SCWMssOS::Found a swdesign opened with the mssfile.
TRACE::2026-09-23.19:58:13::SCWMssOS::Completed writemss as part of save.
TRACE::2026-09-23.19:58:13::SCWMssOS::Commit changes completed.
TRACE::2026-09-23.19:58:13::SCWPlatform::Trying to open the hw design at /home/user/Desktop/lab_3/Vitis/zynq_keypad_system_wrapper/hw/zynq_keypad_system_wrapper.xsa
TRACE::2026-09-23.19:58:13::SCWPlatform::DSA given /home/user/Desktop/lab_3/Vitis/zynq_keypad_system_wrapper/hw/zynq_keypad_system_wrapper.xsa
TRACE::2026-09-23.19:58:13::SCWPlatform::DSA absoulate path /home/user/Desktop/lab_3/Vitis/zynq_keypad_system_wrapper/hw/zynq_keypad_system_wrapper.xsa
TRACE::2026-09-23.19:58:13::SCWPlatform::DSA directory /home/user/Desktop/lab_3/Vitis/zynq_keypad_system_wrapper/hw
TRACE::2026-09-23.19:58:13::SCWPlatform:: Platform Path /home/user/Desktop/lab_3/Vitis/zynq_keypad_system_wrapper/hw/zynq_keypad_system_wrapper.xsa
TRACE::2026-09-23.19:58:13::SCWPlatform:: Unique name xilinx:zybo::0.0
TRACE::2026-09-23.19:58:13::SCWPlatform::Trying to set the existing hwdb with name zynq_keypad_system_wrapper_0
TRACE::2026-09-23.19:58:13::SCWPlatform::Opened existing hwdb zynq_keypad_system_wrapper_0
TRACE::2026-09-23.19:58:13::SCWPlatform::Found the Hw Db part of the input DSA
TRACE::2026-09-23.19:58:13::SCWMssOS::Checking the sw design at  /home/user/Desktop/lab_3/Vitis/zynq_keypad_system_wrapper/zynq_fsbl/zynq_fsbl_bsp/system.mss
TRACE::2026-09-23.19:58:13::SCWMssOS::DEBUG:  swdes dump  /home/user/Desktop/lab_3/Vitis/zynq_keypad_system_wrapper/ps7_cortexa9_0/standalone_ps7_cortexa9_0/bsp/system.mss|system_0||
/home/user/Desktop/lab_3/Vitis/zynq_keypad_system_wrapper/zynq_fsbl/zynq_fsbl_bsp/system.mss|system||

TRACE::2026-09-23.19:58:13::SCWMssOS::Sw design exists and opened at  /home/user/Desktop/lab_3/Vitis/zynq_keypad_system_wrapper/zynq_fsbl/zynq_fsbl_bsp/system.mss
TRACE::2026-09-23.19:58:13::SCWPlatform::Trying to open the hw design at /home/user/Desktop/lab_3/Vitis/zynq_keypad_system_wrapper/hw/zynq_keypad_system_wrapper.xsa
TRACE::2026-09-23.19:58:13::SCWPlatform::DSA given /home/user/Desktop/lab_3/Vitis/zynq_keypad_system_wrapper/hw/zynq_keypad_system_wrapper.xsa
TRACE::2026-09-23.19:58:13::SCWPlatform::DSA absoulate path /home/user/Desktop/lab_3/Vitis/zynq_keypad_system_wrapper/hw/zynq_keypad_system_wrapper.xsa
TRACE::2026-09-23.19:58:13::SCWPlatform::DSA directory /home/user/Desktop/lab_3/Vitis/zynq_keypad_system_wrapper/hw
TRACE::2026-09-23.19:58:13::SCWPlatform:: Platform Path /home/user/Desktop/lab_3/Vitis/zynq_keypad_system_wrapper/hw/zynq_keypad_system_wrapper.xsa
TRACE::2026-09-23.19:58:13::SCWPlatform:: Unique name xilinx:zybo::0.0
TRACE::2026-09-23.19:58:13::SCWPlatform::Trying to set the existing hwdb with name zynq_keypad_system_wrapper_0
TRACE::2026-09-23.19:58:13::SCWPlatform::Opened existing hwdb zynq_keypad_system_wrapper_0
TRACE::2026-09-23.19:58:13::SCWPlatform::Found the Hw Db part of the input DSA
TRACE::2026-09-23.19:58:13::SCWMssOS::Checking the sw design at  /home/user/Desktop/lab_3/Vitis/zynq_keypad_system_wrapper/zynq_fsbl/zynq_fsbl_bsp/system.mss
TRACE::2026-09-23.19:58:13::SCWMssOS::DEBUG:  swdes dump  /home/user/Desktop/lab_3/Vitis/zynq_keypad_system_wrapper/ps7_cortexa9_0/standalone_ps7_cortexa9_0/bsp/system.mss|system_0||
/home/user/Desktop/lab_3/Vitis/zynq_keypad_system_wrapper/zynq_fsbl/zynq_fsbl_bsp/system.mss|system||

TRACE::2026-09-23.19:58:13::SCWMssOS::Sw design exists and opened at  /home/user/Desktop/lab_3/Vitis/zynq_keypad_system_wrapper/zynq_fsbl/zynq_fsbl_bsp/system.mss
TRACE::2026-09-23.19:58:13::SCWPlatform::Trying to open the hw design at /home/user/Desktop/lab_3/Vitis/zynq_keypad_system_wrapper/hw/zynq_keypad_system_wrapper.xsa
TRACE::2026-09-23.19:58:13::SCWPlatform::DSA given /home/user/Desktop/lab_3/Vitis/zynq_keypad_system_wrapper/hw/zynq_keypad_system_wrapper.xsa
TRACE::2026-09-23.19:58:13::SCWPlatform::DSA absoulate path /home/user/Desktop/lab_3/Vitis/zynq_keypad_system_wrapper/hw/zynq_keypad_system_wrapper.xsa
TRACE::2026-09-23.19:58:13::SCWPlatform::DSA directory /home/user/Desktop/lab_3/Vitis/zynq_keypad_system_wrapper/hw
TRACE::2026-09-23.19:58:13::SCWPlatform:: Platform Path /home/user/Desktop/lab_3/Vitis/zynq_keypad_system_wrapper/hw/zynq_keypad_system_wrapper.xsa
TRACE::2026-09-23.19:58:13::SCWPlatform:: Unique name xilinx:zybo::0.0
TRACE::2026-09-23.19:58:13::SCWPlatform::Trying to set the existing hwdb with name zynq_keypad_system_wrapper_0
TRACE::2026-09-23.19:58:13::SCWPlatform::Opened existing hwdb zynq_keypad_system_wrapper_0
TRACE::2026-09-23.19:58:13::SCWPlatform::Found the Hw Db part of the input DSA
TRACE::2026-09-23.19:58:13::SCWMssOS::Checking the sw design at  /home/user/Desktop/lab_3/Vitis/zynq_keypad_system_wrapper/zynq_fsbl/zynq_fsbl_bsp/system.mss
TRACE::2026-09-23.19:58:13::SCWMssOS::DEBUG:  swdes dump  /home/user/Desktop/lab_3/Vitis/zynq_keypad_system_wrapper/ps7_cortexa9_0/standalone_ps7_cortexa9_0/bsp/system.mss|system_0||
/home/user/Desktop/lab_3/Vitis/zynq_keypad_system_wrapper/zynq_fsbl/zynq_fsbl_bsp/system.mss|system||

TRACE::2026-09-23.19:58:13::SCWMssOS::Sw design exists and opened at  /home/user/Desktop/lab_3/Vitis/zynq_keypad_system_wrapper/zynq_fsbl/zynq_fsbl_bsp/system.mss
TRACE::2026-09-23.19:58:13::SCWPlatform::Trying to open the hw design at /home/user/Desktop/lab_3/Vitis/zynq_keypad_system_wrapper/hw/zynq_keypad_system_wrapper.xsa
TRACE::2026-09-23.19:58:13::SCWPlatform::DSA given /home/user/Desktop/lab_3/Vitis/zynq_keypad_system_wrapper/hw/zynq_keypad_system_wrapper.xsa
TRACE::2026-09-23.19:58:13::SCWPlatform::DSA absoulate path /home/user/Desktop/lab_3/Vitis/zynq_keypad_system_wrapper/hw/zynq_keypad_system_wrapper.xsa
TRACE::2026-09-23.19:58:13::SCWPlatform::DSA directory /home/user/Desktop/lab_3/Vitis/zynq_keypad_system_wrapper/hw
TRACE::2026-09-23.19:58:13::SCWPlatform:: Platform Path /home/user/Desktop/lab_3/Vitis/zynq_keypad_system_wrapper/hw/zynq_keypad_system_wrapper.xsa
TRACE::2026-09-23.19:58:13::SCWPlatform:: Unique name xilinx:zybo::0.0
TRACE::2026-09-23.19:58:13::SCWPlatform::Trying to set the existing hwdb with name zynq_keypad_system_wrapper_0
TRACE::2026-09-23.19:58:13::SCWPlatform::Opened existing hwdb zynq_keypad_system_wrapper_0
TRACE::2026-09-23.19:58:13::SCWPlatform::Found the Hw Db part of the input DSA
TRACE::2026-09-23.19:58:13::SCWMssOS::Checking the sw design at  /home/user/Desktop/lab_3/Vitis/zynq_keypad_system_wrapper/ps7_cortexa9_0/standalone_ps7_cortexa9_0/bsp/system.mss
TRACE::2026-09-23.19:58:13::SCWMssOS::DEBUG:  swdes dump  /home/user/Desktop/lab_3/Vitis/zynq_keypad_system_wrapper/ps7_cortexa9_0/standalone_ps7_cortexa9_0/bsp/system.mss|system_0||
/home/user/Desktop/lab_3/Vitis/zynq_keypad_system_wrapper/zynq_fsbl/zynq_fsbl_bsp/system.mss|system||

TRACE::2026-09-23.19:58:13::SCWMssOS::Sw design exists and opened at  /home/user/Desktop/lab_3/Vitis/zynq_keypad_system_wrapper/ps7_cortexa9_0/standalone_ps7_cortexa9_0/bsp/system.mss
TRACE::2026-09-23.19:58:13::SCWPlatform::Trying to open the hw design at /home/user/Desktop/lab_3/Vitis/zynq_keypad_system_wrapper/hw/zynq_keypad_system_wrapper.xsa
TRACE::2026-09-23.19:58:13::SCWPlatform::DSA given /home/user/Desktop/lab_3/Vitis/zynq_keypad_system_wrapper/hw/zynq_keypad_system_wrapper.xsa
TRACE::2026-09-23.19:58:13::SCWPlatform::DSA absoulate path /home/user/Desktop/lab_3/Vitis/zynq_keypad_system_wrapper/hw/zynq_keypad_system_wrapper.xsa
TRACE::2026-09-23.19:58:13::SCWPlatform::DSA directory /home/user/Desktop/lab_3/Vitis/zynq_keypad_system_wrapper/hw
TRACE::2026-09-23.19:58:13::SCWPlatform:: Platform Path /home/user/Desktop/lab_3/Vitis/zynq_keypad_system_wrapper/hw/zynq_keypad_system_wrapper.xsa
TRACE::2026-09-23.19:58:13::SCWPlatform:: Unique name xilinx:zybo::0.0
TRACE::2026-09-23.19:58:13::SCWPlatform::Trying to set the existing hwdb with name zynq_keypad_system_wrapper_0
TRACE::2026-09-23.19:58:13::SCWPlatform::Opened existing hwdb zynq_keypad_system_wrapper_0
TRACE::2026-09-23.19:58:13::SCWPlatform::Found the Hw Db part of the input DSA
TRACE::2026-09-23.19:58:13::SCWMssOS::Checking the sw design at  /home/user/Desktop/lab_3/Vitis/zynq_keypad_system_wrapper/ps7_cortexa9_0/standalone_ps7_cortexa9_0/bsp/system.mss
TRACE::2026-09-23.19:58:13::SCWMssOS::DEBUG:  swdes dump  /home/user/Desktop/lab_3/Vitis/zynq_keypad_system_wrapper/ps7_cortexa9_0/standalone_ps7_cortexa9_0/bsp/system.mss|system_0||
/home/user/Desktop/lab_3/Vitis/zynq_keypad_system_wrapper/zynq_fsbl/zynq_fsbl_bsp/system.mss|system||

TRACE::2026-09-23.19:58:13::SCWMssOS::Sw design exists and opened at  /home/user/Desktop/lab_3/Vitis/zynq_keypad_system_wrapper/ps7_cortexa9_0/standalone_ps7_cortexa9_0/bsp/system.mss
TRACE::2026-09-23.19:58:13::SCWPlatform::Trying to open the hw design at /home/user/Desktop/lab_3/Vitis/zynq_keypad_system_wrapper/hw/zynq_keypad_system_wrapper.xsa
TRACE::2026-09-23.19:58:13::SCWPlatform::DSA given /home/user/Desktop/lab_3/Vitis/zynq_keypad_system_wrapper/hw/zynq_keypad_system_wrapper.xsa
TRACE::2026-09-23.19:58:13::SCWPlatform::DSA absoulate path /home/user/Desktop/lab_3/Vitis/zynq_keypad_system_wrapper/hw/zynq_keypad_system_wrapper.xsa
TRACE::2026-09-23.19:58:13::SCWPlatform::DSA directory /home/user/Desktop/lab_3/Vitis/zynq_keypad_system_wrapper/hw
TRACE::2026-09-23.19:58:13::SCWPlatform:: Platform Path /home/user/Desktop/lab_3/Vitis/zynq_keypad_system_wrapper/hw/zynq_keypad_system_wrapper.xsa
TRACE::2026-09-23.19:58:13::SCWPlatform:: Unique name xilinx:zybo::0.0
TRACE::2026-09-23.19:58:13::SCWPlatform::Trying to set the existing hwdb with name zynq_keypad_system_wrapper_0
TRACE::2026-09-23.19:58:13::SCWPlatform::Opened existing hwdb zynq_keypad_system_wrapper_0
TRACE::2026-09-23.19:58:13::SCWPlatform::Found the Hw Db part of the input DSA
TRACE::2026-09-23.19:58:13::SCWMssOS::Checking the sw design at  /home/user/Desktop/lab_3/Vitis/zynq_keypad_system_wrapper/ps7_cortexa9_0/standalone_ps7_cortexa9_0/bsp/system.mss
TRACE::2026-09-23.19:58:13::SCWMssOS::DEBUG:  swdes dump  /home/user/Desktop/lab_3/Vitis/zynq_keypad_system_wrapper/ps7_cortexa9_0/standalone_ps7_cortexa9_0/bsp/system.mss|system_0||
/home/user/Desktop/lab_3/Vitis/zynq_keypad_system_wrapper/zynq_fsbl/zynq_fsbl_bsp/system.mss|system||

TRACE::2026-09-23.19:58:13::SCWMssOS::Sw design exists and opened at  /home/user/Desktop/lab_3/Vitis/zynq_keypad_system_wrapper/ps7_cortexa9_0/standalone_ps7_cortexa9_0/bsp/system.mss
TRACE::2026-09-23.19:58:13::SCWWriter::formatted JSON is {
	"platformName":	"zynq_keypad_system_wrapper",
	"sprVersion":	"2.0",
	"mode":	"gui",
	"dsaType":	"Fixed",
	"platformDesc":	"zynq_keypad_system_wrapper",
	"platHandOff":	"/home/user/Desktop/lab_3/zynq_keypad_system_wrapper.xsa",
	"platIntHandOff":	"<platformDir>/hw/zynq_keypad_system_wrapper.xsa",
	"deviceType":	"zynq",
	"platIsPrebuiltAutogen":	"false",
	"platIsNoBootBsp":	"false",
	"platFsblTarget":	"ps7_cortexa9_0",
	"hasFsblMakeHasChanges":	"false",
	"hasPmufwMakeHasChanges":	"false",
	"fsblExtraCompilerFlags":	"-MMD -MP       -mcpu=cortex-a9 -mfpu=vfpv3 -mfloat-abi=hard ",
	"platPreBuiltFlag":	false,
	"platformSamplesDir":	"",
	"platActiveSys":	"zynq_keypad_system_wrapper",
	"systems":	[{
			"systemName":	"zynq_keypad_system_wrapper",
			"systemDesc":	"zynq_keypad_system_wrapper",
			"sysIsBootAutoGen":	"true",
			"systemDispName":	"zynq_keypad_system_wrapper",
			"sysActiveDom":	"standalone_ps7_cortexa9_0",
			"sysDefaultDom":	"standalone_ps7_cortexa9_0",
			"domains":	[{
					"domainName":	"zynq_fsbl",
					"domainDispName":	"zynq_fsbl",
					"domainDesc":	"FSBL Application BSP - Auto Generated.",
					"processors":	"ps7_cortexa9_0",
					"os":	"standalone",
					"sdxOs":	"standalone",
					"debugEnable":	"",
					"domRuntimes":	["cpp"],
					"swRepo":	"",
					"mssOsVer":	"7.5",
					"mssFile":	"",
					"md5Digest":	"986bdada04ec859b524eda169740ea2f",
					"compatibleApp":	"zynq_fsbl",
					"domType":	"bootDomain",
					"arch":	"32-bit",
					"appSettings":	{
						"appCompilerFlags":	"",
						"appLinkerFlags":	""
					},
					"addedLibs":	["xilffs:4.5", "xilrsa:1.6"],
					"libOptions":	{
						"libsContainingOptions":	[]
					},
					"prebuiltLibs":	{
						"prebuiltIncPath":	[],
						"prebuiltLibPath":	[]
					},
					"isolation":	{
					}
				}, {
					"domainName":	"standalone_ps7_cortexa9_0",
					"domainDispName":	"standalone_ps7_cortexa9_0",
					"domainDesc":	"standalone_ps7_cortexa9_0",
					"processors":	"ps7_cortexa9_0",
					"os":	"standalone",
					"sdxOs":	"standalone",
					"qemuArgs":	"/home/software/Xilinx/Vitis/2021.1/data/emulation/platforms/zynq/sw/a9_standalone/qemu/qemu_args.txt",
					"qemuData":	"/home/software/Xilinx/Vitis/2021.1/data/emulation/platforms/zynq/sw/a9_standalone/qemu/",
					"debugEnable":	"False",
					"domRuntimes":	["cpp"],
					"swRepo":	"",
					"mssOsVer":	"7.5",
					"mssFile":	"",
					"md5Digest":	"a513dc7d62ebf08984ba988e351c6210",
					"compatibleApp":	"empty_application",
					"domType":	"mssDomain",
					"arch":	"32-bit",
					"appSettings":	{
						"appCompilerFlags":	"",
						"appLinkerFlags":	""
					},
					"addedLibs":	[],
					"libOptions":	{
						"libsContainingOptions":	[]
					},
					"prebuiltLibs":	{
						"prebuiltIncPath":	[],
						"prebuiltLibPath":	[]
					},
					"isolation":	{
					}
				}]
		}]
}
TRACE::2026-09-23.19:58:13::SCWPlatform::Trying to open the hw design at /home/user/Desktop/lab_3/Vitis/zynq_keypad_system_wrapper/hw/zynq_keypad_system_wrapper.xsa
TRACE::2026-09-23.19:58:13::SCWPlatform::DSA given /home/user/Desktop/lab_3/Vitis/zynq_keypad_system_wrapper/hw/zynq_keypad_system_wrapper.xsa
TRACE::2026-09-23.19:58:13::SCWPlatform::DSA absoulate path /home/user/Desktop/lab_3/Vitis/zynq_keypad_system_wrapper/hw/zynq_keypad_system_wrapper.xsa
TRACE::2026-09-23.19:58:13::SCWPlatform::DSA directory /home/user/Desktop/lab_3/Vitis/zynq_keypad_system_wrapper/hw
TRACE::2026-09-23.19:58:13::SCWPlatform:: Platform Path /home/user/Desktop/lab_3/Vitis/zynq_keypad_system_wrapper/hw/zynq_keypad_system_wrapper.xsa
TRACE::2026-09-23.19:58:13::SCWPlatform:: Unique name xilinx:zybo::0.0
TRACE::2026-09-23.19:58:13::SCWPlatform::Trying to set the existing hwdb with name zynq_keypad_system_wrapper_0
TRACE::2026-09-23.19:58:13::SCWPlatform::Opened existing hwdb zynq_keypad_system_wrapper_0
TRACE::2026-09-23.19:58:13::SCWPlatform::Found the Hw Db part of the input DSA
TRACE::2026-09-23.19:58:13::SCWMssOS::Checking the sw design at  /home/user/Desktop/lab_3/Vitis/zynq_keypad_system_wrapper/ps7_cortexa9_0/standalone_ps7_cortexa9_0/bsp/system.mss
TRACE::2026-09-23.19:58:13::SCWMssOS::DEBUG:  swdes dump  /home/user/Desktop/lab_3/Vitis/zynq_keypad_system_wrapper/ps7_cortexa9_0/standalone_ps7_cortexa9_0/bsp/system.mss|system_0||
/home/user/Desktop/lab_3/Vitis/zynq_keypad_system_wrapper/zynq_fsbl/zynq_fsbl_bsp/system.mss|system||

TRACE::2026-09-23.19:58:13::SCWMssOS::Sw design exists and opened at  /home/user/Desktop/lab_3/Vitis/zynq_keypad_system_wrapper/ps7_cortexa9_0/standalone_ps7_cortexa9_0/bsp/system.mss
TRACE::2026-09-23.19:58:13::SCWPlatform::Trying to open the hw design at /home/user/Desktop/lab_3/Vitis/zynq_keypad_system_wrapper/hw/zynq_keypad_system_wrapper.xsa
TRACE::2026-09-23.19:58:13::SCWPlatform::DSA given /home/user/Desktop/lab_3/Vitis/zynq_keypad_system_wrapper/hw/zynq_keypad_system_wrapper.xsa
TRACE::2026-09-23.19:58:13::SCWPlatform::DSA absoulate path /home/user/Desktop/lab_3/Vitis/zynq_keypad_system_wrapper/hw/zynq_keypad_system_wrapper.xsa
TRACE::2026-09-23.19:58:13::SCWPlatform::DSA directory /home/user/Desktop/lab_3/Vitis/zynq_keypad_system_wrapper/hw
TRACE::2026-09-23.19:58:13::SCWPlatform:: Platform Path /home/user/Desktop/lab_3/Vitis/zynq_keypad_system_wrapper/hw/zynq_keypad_system_wrapper.xsa
TRACE::2026-09-23.19:58:13::SCWPlatform:: Unique name xilinx:zybo::0.0
TRACE::2026-09-23.19:58:13::SCWPlatform::Trying to set the existing hwdb with name zynq_keypad_system_wrapper_0
TRACE::2026-09-23.19:58:13::SCWPlatform::Opened existing hwdb zynq_keypad_system_wrapper_0
TRACE::2026-09-23.19:58:13::SCWPlatform::Found the Hw Db part of the input DSA
TRACE::2026-09-23.19:58:13::SCWMssOS::Checking the sw design at  /home/user/Desktop/lab_3/Vitis/zynq_keypad_system_wrapper/ps7_cortexa9_0/standalone_ps7_cortexa9_0/bsp/system.mss
TRACE::2026-09-23.19:58:13::SCWMssOS::DEBUG:  swdes dump  /home/user/Desktop/lab_3/Vitis/zynq_keypad_system_wrapper/ps7_cortexa9_0/standalone_ps7_cortexa9_0/bsp/system.mss|system_0||
/home/user/Desktop/lab_3/Vitis/zynq_keypad_system_wrapper/zynq_fsbl/zynq_fsbl_bsp/system.mss|system||

TRACE::2026-09-23.19:58:13::SCWMssOS::Sw design exists and opened at  /home/user/Desktop/lab_3/Vitis/zynq_keypad_system_wrapper/ps7_cortexa9_0/standalone_ps7_cortexa9_0/bsp/system.mss
TRACE::2026-09-23.19:58:13::SCWMssOS::Saving the mss changes /home/user/Desktop/lab_3/Vitis/zynq_keypad_system_wrapper/zynq_fsbl/zynq_fsbl_bsp/system.mss
TRACE::2026-09-23.19:58:13::SCWMssOS::Found a swdesign opened with the mssfile.
TRACE::2026-09-23.19:58:13::SCWMssOS::Completed writemss as part of save.
TRACE::2026-09-23.19:58:13::SCWMssOS::Commit changes completed.
TRACE::2026-09-23.19:58:13::SCWMssOS::Saving the mss changes /home/user/Desktop/lab_3/Vitis/zynq_keypad_system_wrapper/ps7_cortexa9_0/standalone_ps7_cortexa9_0/bsp/system.mss
TRACE::2026-09-23.19:58:13::SCWMssOS::Found a swdesign opened with the mssfile.
TRACE::2026-09-23.19:58:13::SCWMssOS::Completed writemss as part of save.
TRACE::2026-09-23.19:58:13::SCWMssOS::Commit changes completed.
TRACE::2026-09-23.19:58:13::SCWPlatform::Trying to open the hw design at /home/user/Desktop/lab_3/Vitis/zynq_keypad_system_wrapper/hw/zynq_keypad_system_wrapper.xsa
TRACE::2026-09-23.19:58:13::SCWPlatform::DSA given /home/user/Desktop/lab_3/Vitis/zynq_keypad_system_wrapper/hw/zynq_keypad_system_wrapper.xsa
TRACE::2026-09-23.19:58:13::SCWPlatform::DSA absoulate path /home/user/Desktop/lab_3/Vitis/zynq_keypad_system_wrapper/hw/zynq_keypad_system_wrapper.xsa
TRACE::2026-09-23.19:58:13::SCWPlatform::DSA directory /home/user/Desktop/lab_3/Vitis/zynq_keypad_system_wrapper/hw
TRACE::2026-09-23.19:58:13::SCWPlatform:: Platform Path /home/user/Desktop/lab_3/Vitis/zynq_keypad_system_wrapper/hw/zynq_keypad_system_wrapper.xsa
TRACE::2026-09-23.19:58:13::SCWPlatform:: Unique name xilinx:zybo::0.0
TRACE::2026-09-23.19:58:13::SCWPlatform::Trying to set the existing hwdb with name zynq_keypad_system_wrapper_0
TRACE::2026-09-23.19:58:13::SCWPlatform::Opened existing hwdb zynq_keypad_system_wrapper_0
TRACE::2026-09-23.19:58:13::SCWPlatform::Found the Hw Db part of the input DSA
TRACE::2026-09-23.19:58:13::SCWMssOS::Checking the sw design at  /home/user/Desktop/lab_3/Vitis/zynq_keypad_system_wrapper/zynq_fsbl/zynq_fsbl_bsp/system.mss
TRACE::2026-09-23.19:58:13::SCWMssOS::DEBUG:  swdes dump  /home/user/Desktop/lab_3/Vitis/zynq_keypad_system_wrapper/ps7_cortexa9_0/standalone_ps7_cortexa9_0/bsp/system.mss|system_0||
/home/user/Desktop/lab_3/Vitis/zynq_keypad_system_wrapper/zynq_fsbl/zynq_fsbl_bsp/system.mss|system||

TRACE::2026-09-23.19:58:13::SCWMssOS::Sw design exists and opened at  /home/user/Desktop/lab_3/Vitis/zynq_keypad_system_wrapper/zynq_fsbl/zynq_fsbl_bsp/system.mss
TRACE::2026-09-23.19:58:13::SCWPlatform::Trying to open the hw design at /home/user/Desktop/lab_3/Vitis/zynq_keypad_system_wrapper/hw/zynq_keypad_system_wrapper.xsa
TRACE::2026-09-23.19:58:13::SCWPlatform::DSA given /home/user/Desktop/lab_3/Vitis/zynq_keypad_system_wrapper/hw/zynq_keypad_system_wrapper.xsa
TRACE::2026-09-23.19:58:13::SCWPlatform::DSA absoulate path /home/user/Desktop/lab_3/Vitis/zynq_keypad_system_wrapper/hw/zynq_keypad_system_wrapper.xsa
TRACE::2026-09-23.19:58:13::SCWPlatform::DSA directory /home/user/Desktop/lab_3/Vitis/zynq_keypad_system_wrapper/hw
TRACE::2026-09-23.19:58:13::SCWPlatform:: Platform Path /home/user/Desktop/lab_3/Vitis/zynq_keypad_system_wrapper/hw/zynq_keypad_system_wrapper.xsa
TRACE::2026-09-23.19:58:13::SCWPlatform:: Unique name xilinx:zybo::0.0
TRACE::2026-09-23.19:58:13::SCWPlatform::Trying to set the existing hwdb with name zynq_keypad_system_wrapper_0
TRACE::2026-09-23.19:58:13::SCWPlatform::Opened existing hwdb zynq_keypad_system_wrapper_0
TRACE::2026-09-23.19:58:13::SCWPlatform::Found the Hw Db part of the input DSA
TRACE::2026-09-23.19:58:13::SCWMssOS::Checking the sw design at  /home/user/Desktop/lab_3/Vitis/zynq_keypad_system_wrapper/zynq_fsbl/zynq_fsbl_bsp/system.mss
TRACE::2026-09-23.19:58:13::SCWMssOS::DEBUG:  swdes dump  /home/user/Desktop/lab_3/Vitis/zynq_keypad_system_wrapper/ps7_cortexa9_0/standalone_ps7_cortexa9_0/bsp/system.mss|system_0||
/home/user/Desktop/lab_3/Vitis/zynq_keypad_system_wrapper/zynq_fsbl/zynq_fsbl_bsp/system.mss|system||

TRACE::2026-09-23.19:58:13::SCWMssOS::Sw design exists and opened at  /home/user/Desktop/lab_3/Vitis/zynq_keypad_system_wrapper/zynq_fsbl/zynq_fsbl_bsp/system.mss
TRACE::2026-09-23.19:58:13::SCWPlatform::Trying to open the hw design at /home/user/Desktop/lab_3/Vitis/zynq_keypad_system_wrapper/hw/zynq_keypad_system_wrapper.xsa
TRACE::2026-09-23.19:58:13::SCWPlatform::DSA given /home/user/Desktop/lab_3/Vitis/zynq_keypad_system_wrapper/hw/zynq_keypad_system_wrapper.xsa
TRACE::2026-09-23.19:58:13::SCWPlatform::DSA absoulate path /home/user/Desktop/lab_3/Vitis/zynq_keypad_system_wrapper/hw/zynq_keypad_system_wrapper.xsa
TRACE::2026-09-23.19:58:13::SCWPlatform::DSA directory /home/user/Desktop/lab_3/Vitis/zynq_keypad_system_wrapper/hw
TRACE::2026-09-23.19:58:13::SCWPlatform:: Platform Path /home/user/Desktop/lab_3/Vitis/zynq_keypad_system_wrapper/hw/zynq_keypad_system_wrapper.xsa
TRACE::2026-09-23.19:58:13::SCWPlatform:: Unique name xilinx:zybo::0.0
TRACE::2026-09-23.19:58:13::SCWPlatform::Trying to set the existing hwdb with name zynq_keypad_system_wrapper_0
TRACE::2026-09-23.19:58:13::SCWPlatform::Opened existing hwdb zynq_keypad_system_wrapper_0
TRACE::2026-09-23.19:58:13::SCWPlatform::Found the Hw Db part of the input DSA
TRACE::2026-09-23.19:58:13::SCWMssOS::Checking the sw design at  /home/user/Desktop/lab_3/Vitis/zynq_keypad_system_wrapper/zynq_fsbl/zynq_fsbl_bsp/system.mss
TRACE::2026-09-23.19:58:13::SCWMssOS::DEBUG:  swdes dump  /home/user/Desktop/lab_3/Vitis/zynq_keypad_system_wrapper/ps7_cortexa9_0/standalone_ps7_cortexa9_0/bsp/system.mss|system_0||
/home/user/Desktop/lab_3/Vitis/zynq_keypad_system_wrapper/zynq_fsbl/zynq_fsbl_bsp/system.mss|system||

TRACE::2026-09-23.19:58:13::SCWMssOS::Sw design exists and opened at  /home/user/Desktop/lab_3/Vitis/zynq_keypad_system_wrapper/zynq_fsbl/zynq_fsbl_bsp/system.mss
TRACE::2026-09-23.19:58:13::SCWPlatform::Trying to open the hw design at /home/user/Desktop/lab_3/Vitis/zynq_keypad_system_wrapper/hw/zynq_keypad_system_wrapper.xsa
TRACE::2026-09-23.19:58:13::SCWPlatform::DSA given /home/user/Desktop/lab_3/Vitis/zynq_keypad_system_wrapper/hw/zynq_keypad_system_wrapper.xsa
TRACE::2026-09-23.19:58:13::SCWPlatform::DSA absoulate path /home/user/Desktop/lab_3/Vitis/zynq_keypad_system_wrapper/hw/zynq_keypad_system_wrapper.xsa
TRACE::2026-09-23.19:58:13::SCWPlatform::DSA directory /home/user/Desktop/lab_3/Vitis/zynq_keypad_system_wrapper/hw
TRACE::2026-09-23.19:58:13::SCWPlatform:: Platform Path /home/user/Desktop/lab_3/Vitis/zynq_keypad_system_wrapper/hw/zynq_keypad_system_wrapper.xsa
TRACE::2026-09-23.19:58:13::SCWPlatform:: Unique name xilinx:zybo::0.0
TRACE::2026-09-23.19:58:13::SCWPlatform::Trying to set the existing hwdb with name zynq_keypad_system_wrapper_0
TRACE::2026-09-23.19:58:13::SCWPlatform::Opened existing hwdb zynq_keypad_system_wrapper_0
TRACE::2026-09-23.19:58:13::SCWPlatform::Found the Hw Db part of the input DSA
TRACE::2026-09-23.19:58:13::SCWMssOS::Checking the sw design at  /home/user/Desktop/lab_3/Vitis/zynq_keypad_system_wrapper/ps7_cortexa9_0/standalone_ps7_cortexa9_0/bsp/system.mss
TRACE::2026-09-23.19:58:13::SCWMssOS::DEBUG:  swdes dump  /home/user/Desktop/lab_3/Vitis/zynq_keypad_system_wrapper/ps7_cortexa9_0/standalone_ps7_cortexa9_0/bsp/system.mss|system_0||
/home/user/Desktop/lab_3/Vitis/zynq_keypad_system_wrapper/zynq_fsbl/zynq_fsbl_bsp/system.mss|system||

TRACE::2026-09-23.19:58:13::SCWMssOS::Sw design exists and opened at  /home/user/Desktop/lab_3/Vitis/zynq_keypad_system_wrapper/ps7_cortexa9_0/standalone_ps7_cortexa9_0/bsp/system.mss
TRACE::2026-09-23.19:58:13::SCWPlatform::Trying to open the hw design at /home/user/Desktop/lab_3/Vitis/zynq_keypad_system_wrapper/hw/zynq_keypad_system_wrapper.xsa
TRACE::2026-09-23.19:58:13::SCWPlatform::DSA given /home/user/Desktop/lab_3/Vitis/zynq_keypad_system_wrapper/hw/zynq_keypad_system_wrapper.xsa
TRACE::2026-09-23.19:58:13::SCWPlatform::DSA absoulate path /home/user/Desktop/lab_3/Vitis/zynq_keypad_system_wrapper/hw/zynq_keypad_system_wrapper.xsa
TRACE::2026-09-23.19:58:13::SCWPlatform::DSA directory /home/user/Desktop/lab_3/Vitis/zynq_keypad_system_wrapper/hw
TRACE::2026-09-23.19:58:13::SCWPlatform:: Platform Path /home/user/Desktop/lab_3/Vitis/zynq_keypad_system_wrapper/hw/zynq_keypad_system_wrapper.xsa
TRACE::2026-09-23.19:58:13::SCWPlatform:: Unique name xilinx:zybo::0.0
TRACE::2026-09-23.19:58:13::SCWPlatform::Trying to set the existing hwdb with name zynq_keypad_system_wrapper_0
TRACE::2026-09-23.19:58:13::SCWPlatform::Opened existing hwdb zynq_keypad_system_wrapper_0
TRACE::2026-09-23.19:58:13::SCWPlatform::Found the Hw Db part of the input DSA
TRACE::2026-09-23.19:58:13::SCWMssOS::Checking the sw design at  /home/user/Desktop/lab_3/Vitis/zynq_keypad_system_wrapper/ps7_cortexa9_0/standalone_ps7_cortexa9_0/bsp/system.mss
TRACE::2026-09-23.19:58:13::SCWMssOS::DEBUG:  swdes dump  /home/user/Desktop/lab_3/Vitis/zynq_keypad_system_wrapper/ps7_cortexa9_0/standalone_ps7_cortexa9_0/bsp/system.mss|system_0||
/home/user/Desktop/lab_3/Vitis/zynq_keypad_system_wrapper/zynq_fsbl/zynq_fsbl_bsp/system.mss|system||

TRACE::2026-09-23.19:58:13::SCWMssOS::Sw design exists and opened at  /home/user/Desktop/lab_3/Vitis/zynq_keypad_system_wrapper/ps7_cortexa9_0/standalone_ps7_cortexa9_0/bsp/system.mss
TRACE::2026-09-23.19:58:13::SCWPlatform::Trying to open the hw design at /home/user/Desktop/lab_3/Vitis/zynq_keypad_system_wrapper/hw/zynq_keypad_system_wrapper.xsa
TRACE::2026-09-23.19:58:13::SCWPlatform::DSA given /home/user/Desktop/lab_3/Vitis/zynq_keypad_system_wrapper/hw/zynq_keypad_system_wrapper.xsa
TRACE::2026-09-23.19:58:13::SCWPlatform::DSA absoulate path /home/user/Desktop/lab_3/Vitis/zynq_keypad_system_wrapper/hw/zynq_keypad_system_wrapper.xsa
TRACE::2026-09-23.19:58:13::SCWPlatform::DSA directory /home/user/Desktop/lab_3/Vitis/zynq_keypad_system_wrapper/hw
TRACE::2026-09-23.19:58:13::SCWPlatform:: Platform Path /home/user/Desktop/lab_3/Vitis/zynq_keypad_system_wrapper/hw/zynq_keypad_system_wrapper.xsa
TRACE::2026-09-23.19:58:13::SCWPlatform:: Unique name xilinx:zybo::0.0
TRACE::2026-09-23.19:58:13::SCWPlatform::Trying to set the existing hwdb with name zynq_keypad_system_wrapper_0
TRACE::2026-09-23.19:58:13::SCWPlatform::Opened existing hwdb zynq_keypad_system_wrapper_0
TRACE::2026-09-23.19:58:13::SCWPlatform::Found the Hw Db part of the input DSA
TRACE::2026-09-23.19:58:13::SCWMssOS::Checking the sw design at  /home/user/Desktop/lab_3/Vitis/zynq_keypad_system_wrapper/ps7_cortexa9_0/standalone_ps7_cortexa9_0/bsp/system.mss
TRACE::2026-09-23.19:58:13::SCWMssOS::DEBUG:  swdes dump  /home/user/Desktop/lab_3/Vitis/zynq_keypad_system_wrapper/ps7_cortexa9_0/standalone_ps7_cortexa9_0/bsp/system.mss|system_0||
/home/user/Desktop/lab_3/Vitis/zynq_keypad_system_wrapper/zynq_fsbl/zynq_fsbl_bsp/system.mss|system||

TRACE::2026-09-23.19:58:13::SCWMssOS::Sw design exists and opened at  /home/user/Desktop/lab_3/Vitis/zynq_keypad_system_wrapper/ps7_cortexa9_0/standalone_ps7_cortexa9_0/bsp/system.mss
TRACE::2026-09-23.19:58:13::SCWWriter::formatted JSON is {
	"platformName":	"zynq_keypad_system_wrapper",
	"sprVersion":	"2.0",
	"mode":	"gui",
	"dsaType":	"Fixed",
	"platformDesc":	"zynq_keypad_system_wrapper",
	"platHandOff":	"/home/user/Desktop/lab_3/zynq_keypad_system_wrapper.xsa",
	"platIntHandOff":	"<platformDir>/hw/zynq_keypad_system_wrapper.xsa",
	"deviceType":	"zynq",
	"platIsPrebuiltAutogen":	"false",
	"platIsNoBootBsp":	"false",
	"platFsblTarget":	"ps7_cortexa9_0",
	"hasFsblMakeHasChanges":	"false",
	"hasPmufwMakeHasChanges":	"false",
	"fsblExtraCompilerFlags":	"-MMD -MP       -mcpu=cortex-a9 -mfpu=vfpv3 -mfloat-abi=hard ",
	"platPreBuiltFlag":	false,
	"platformSamplesDir":	"",
	"platActiveSys":	"zynq_keypad_system_wrapper",
	"systems":	[{
			"systemName":	"zynq_keypad_system_wrapper",
			"systemDesc":	"zynq_keypad_system_wrapper",
			"sysIsBootAutoGen":	"true",
			"systemDispName":	"zynq_keypad_system_wrapper",
			"sysActiveDom":	"standalone_ps7_cortexa9_0",
			"sysDefaultDom":	"standalone_ps7_cortexa9_0",
			"domains":	[{
					"domainName":	"zynq_fsbl",
					"domainDispName":	"zynq_fsbl",
					"domainDesc":	"FSBL Application BSP - Auto Generated.",
					"processors":	"ps7_cortexa9_0",
					"os":	"standalone",
					"sdxOs":	"standalone",
					"debugEnable":	"",
					"domRuntimes":	["cpp"],
					"swRepo":	"",
					"mssOsVer":	"7.5",
					"mssFile":	"",
					"md5Digest":	"986bdada04ec859b524eda169740ea2f",
					"compatibleApp":	"zynq_fsbl",
					"domType":	"bootDomain",
					"arch":	"32-bit",
					"appSettings":	{
						"appCompilerFlags":	"",
						"appLinkerFlags":	""
					},
					"addedLibs":	["xilffs:4.5", "xilrsa:1.6"],
					"libOptions":	{
						"libsContainingOptions":	[]
					},
					"prebuiltLibs":	{
						"prebuiltIncPath":	[],
						"prebuiltLibPath":	[]
					},
					"isolation":	{
					}
				}, {
					"domainName":	"standalone_ps7_cortexa9_0",
					"domainDispName":	"standalone_ps7_cortexa9_0",
					"domainDesc":	"standalone_ps7_cortexa9_0",
					"processors":	"ps7_cortexa9_0",
					"os":	"standalone",
					"sdxOs":	"standalone",
					"qemuArgs":	"/home/software/Xilinx/Vitis/2021.1/data/emulation/platforms/zynq/sw/a9_standalone/qemu/qemu_args.txt",
					"qemuData":	"/home/software/Xilinx/Vitis/2021.1/data/emulation/platforms/zynq/sw/a9_standalone/qemu/",
					"debugEnable":	"False",
					"domRuntimes":	["cpp"],
					"swRepo":	"",
					"mssOsVer":	"7.5",
					"mssFile":	"",
					"md5Digest":	"a513dc7d62ebf08984ba988e351c6210",
					"compatibleApp":	"empty_application",
					"domType":	"mssDomain",
					"arch":	"32-bit",
					"appSettings":	{
						"appCompilerFlags":	"",
						"appLinkerFlags":	""
					},
					"addedLibs":	[],
					"libOptions":	{
						"libsContainingOptions":	[]
					},
					"prebuiltLibs":	{
						"prebuiltIncPath":	[],
						"prebuiltLibPath":	[]
					},
					"isolation":	{
					}
				}]
		}]
}
LOG::2026-09-23.19:58:13::SCWPlatform::Started generating the artifacts platform zynq_keypad_system_wrapper
TRACE::2026-09-23.19:58:13::SCWPlatform::Sanity checking of platform is completed
LOG::2026-09-23.19:58:13::SCWPlatform::Started generating the artifacts for system configuration zynq_keypad_system_wrapper
LOG::2026-09-23.19:58:13::SCWSystem::Started Processing the domain standalone_ps7_cortexa9_0
TRACE::2026-09-23.19:58:13::SCWDomain::Generating domain artifcats
TRACE::2026-09-23.19:58:13::SCWMssOS::Generating standalone artifcats
TRACE::2026-09-23.19:58:13::SCWMssOS::Copying the qemu file from  /home/software/Xilinx/Vitis/2021.1/data/emulation/platforms/zynq/sw/a9_standalone/qemu/qemu_args.txt To /home/user/Desktop/lab_3/Vitis/zynq_keypad_system_wrapper/export/zynq_keypad_system_wrapper/sw/zynq_keypad_system_wrapper/qemu/
TRACE::2026-09-23.19:58:13::SCWMssOS::Copying the qemu file from  /home/software/Xilinx/Vitis/2021.1/data/emulation/platforms/zynq/sw/a9_standalone/qemu/qemu_args.txt To /home/user/Desktop/lab_3/Vitis/zynq_keypad_system_wrapper/export/zynq_keypad_system_wrapper/sw/zynq_keypad_system_wrapper/standalone_ps7_cortexa9_0/qemu/
TRACE::2026-09-23.19:58:13::SCWMssOS:: Copying the user libraries. 
TRACE::2026-09-23.19:58:13::SCWPlatform::Trying to open the hw design at /home/user/Desktop/lab_3/Vitis/zynq_keypad_system_wrapper/hw/zynq_keypad_system_wrapper.xsa
TRACE::2026-09-23.19:58:13::SCWPlatform::DSA given /home/user/Desktop/lab_3/Vitis/zynq_keypad_system_wrapper/hw/zynq_keypad_system_wrapper.xsa
TRACE::2026-09-23.19:58:13::SCWPlatform::DSA absoulate path /home/user/Desktop/lab_3/Vitis/zynq_keypad_system_wrapper/hw/zynq_keypad_system_wrapper.xsa
TRACE::2026-09-23.19:58:13::SCWPlatform::DSA directory /home/user/Desktop/lab_3/Vitis/zynq_keypad_system_wrapper/hw
TRACE::2026-09-23.19:58:13::SCWPlatform:: Platform Path /home/user/Desktop/lab_3/Vitis/zynq_keypad_system_wrapper/hw/zynq_keypad_system_wrapper.xsa
TRACE::2026-09-23.19:58:13::SCWPlatform:: Unique name xilinx:zybo::0.0
TRACE::2026-09-23.19:58:13::SCWPlatform::Trying to set the existing hwdb with name zynq_keypad_system_wrapper_0
TRACE::2026-09-23.19:58:13::SCWPlatform::Opened existing hwdb zynq_keypad_system_wrapper_0
TRACE::2026-09-23.19:58:13::SCWPlatform::Found the Hw Db part of the input DSA
TRACE::2026-09-23.19:58:13::SCWMssOS::Checking the sw design at  /home/user/Desktop/lab_3/Vitis/zynq_keypad_system_wrapper/ps7_cortexa9_0/standalone_ps7_cortexa9_0/bsp/system.mss
TRACE::2026-09-23.19:58:13::SCWMssOS::DEBUG:  swdes dump  /home/user/Desktop/lab_3/Vitis/zynq_keypad_system_wrapper/ps7_cortexa9_0/standalone_ps7_cortexa9_0/bsp/system.mss|system_0||
/home/user/Desktop/lab_3/Vitis/zynq_keypad_system_wrapper/zynq_fsbl/zynq_fsbl_bsp/system.mss|system||

TRACE::2026-09-23.19:58:13::SCWMssOS::Sw design exists and opened at  /home/user/Desktop/lab_3/Vitis/zynq_keypad_system_wrapper/ps7_cortexa9_0/standalone_ps7_cortexa9_0/bsp/system.mss
TRACE::2026-09-23.19:58:13::SCWMssOS::Completed writing the mss file at /home/user/Desktop/lab_3/Vitis/zynq_keypad_system_wrapper/ps7_cortexa9_0/standalone_ps7_cortexa9_0/bsp
TRACE::2026-09-23.19:58:13::SCWMssOS::Mss edits present, copying mssfile into export location /home/user/Desktop/lab_3/Vitis/zynq_keypad_system_wrapper/ps7_cortexa9_0/standalone_ps7_cortexa9_0/bsp/system.mss
TRACE::2026-09-23.19:58:13::SCWMssOS::bsp generated is upto date with the mss file. Skipping bsp generation.
TRACE::2026-09-23.19:58:13::SCWMssOS::BSP is already built. skipping the bsp build ... 
TRACE::2026-09-23.19:58:13::SCWDomain::Building the domain as part of full build :  standalone_ps7_cortexa9_0
TRACE::2026-09-23.19:58:13::SCWMssOS::skipping the bsp build ... 
TRACE::2026-09-23.19:58:13::SCWMssOS::Copying to export directory.
TRACE::2026-09-23.19:58:13::SCWMssOS:: Checking if to create the Supporting Applications
TRACE::2026-09-23.19:58:13::SCWMssOS:: No Linux domain exists, trying to generate FSBL 
TRACE::2026-09-23.19:58:13::SCWMssOS:: Completed Standalone Artifacts creation 
LOG::2026-09-23.19:58:13::SCWSystem::Completed Processing the domain standalone_ps7_cortexa9_0
LOG::2026-09-23.19:58:13::SCWSystem::Completed Processing the sysconfig zynq_keypad_system_wrapper
LOG::2026-09-23.19:58:13::SCWPlatform::Completed generating the artifacts for system configuration zynq_keypad_system_wrapper
TRACE::2026-09-23.19:58:13::SCWPlatform::Started preparing the platform 
TRACE::2026-09-23.19:58:13::SCWSystem::Writing the bif file for system config zynq_keypad_system_wrapper
TRACE::2026-09-23.19:58:13::SCWSystem::dir created 
TRACE::2026-09-23.19:58:13::SCWSystem::Writing the bif 
TRACE::2026-09-23.19:58:13::SCWPlatform::Started writing the spfm file 
TRACE::2026-09-23.19:58:13::SCWPlatform::Started writing the xpfm file 
TRACE::2026-09-23.19:58:13::SCWPlatform::Completed generating the platform
TRACE::2026-09-23.19:58:13::SCWMssOS::Saving the mss changes /home/user/Desktop/lab_3/Vitis/zynq_keypad_system_wrapper/zynq_fsbl/zynq_fsbl_bsp/system.mss
TRACE::2026-09-23.19:58:13::SCWMssOS::Found a swdesign opened with the mssfile.
TRACE::2026-09-23.19:58:13::SCWMssOS::Completed writemss as part of save.
TRACE::2026-09-23.19:58:13::SCWMssOS::Commit changes completed.
TRACE::2026-09-23.19:58:13::SCWMssOS::Saving the mss changes /home/user/Desktop/lab_3/Vitis/zynq_keypad_system_wrapper/ps7_cortexa9_0/standalone_ps7_cortexa9_0/bsp/system.mss
TRACE::2026-09-23.19:58:13::SCWMssOS::Found a swdesign opened with the mssfile.
TRACE::2026-09-23.19:58:13::SCWMssOS::Completed writemss as part of save.
TRACE::2026-09-23.19:58:13::SCWMssOS::Commit changes completed.
TRACE::2026-09-23.19:58:13::SCWPlatform::Trying to open the hw design at /home/user/Desktop/lab_3/Vitis/zynq_keypad_system_wrapper/hw/zynq_keypad_system_wrapper.xsa
TRACE::2026-09-23.19:58:13::SCWPlatform::DSA given /home/user/Desktop/lab_3/Vitis/zynq_keypad_system_wrapper/hw/zynq_keypad_system_wrapper.xsa
TRACE::2026-09-23.19:58:13::SCWPlatform::DSA absoulate path /home/user/Desktop/lab_3/Vitis/zynq_keypad_system_wrapper/hw/zynq_keypad_system_wrapper.xsa
TRACE::2026-09-23.19:58:13::SCWPlatform::DSA directory /home/user/Desktop/lab_3/Vitis/zynq_keypad_system_wrapper/hw
TRACE::2026-09-23.19:58:13::SCWPlatform:: Platform Path /home/user/Desktop/lab_3/Vitis/zynq_keypad_system_wrapper/hw/zynq_keypad_system_wrapper.xsa
TRACE::2026-09-23.19:58:13::SCWPlatform:: Unique name xilinx:zybo::0.0
TRACE::2026-09-23.19:58:13::SCWPlatform::Trying to set the existing hwdb with name zynq_keypad_system_wrapper_0
TRACE::2026-09-23.19:58:13::SCWPlatform::Opened existing hwdb zynq_keypad_system_wrapper_0
TRACE::2026-09-23.19:58:13::SCWPlatform::Found the Hw Db part of the input DSA
TRACE::2026-09-23.19:58:13::SCWMssOS::Checking the sw design at  /home/user/Desktop/lab_3/Vitis/zynq_keypad_system_wrapper/zynq_fsbl/zynq_fsbl_bsp/system.mss
TRACE::2026-09-23.19:58:13::SCWMssOS::DEBUG:  swdes dump  /home/user/Desktop/lab_3/Vitis/zynq_keypad_system_wrapper/ps7_cortexa9_0/standalone_ps7_cortexa9_0/bsp/system.mss|system_0||
/home/user/Desktop/lab_3/Vitis/zynq_keypad_system_wrapper/zynq_fsbl/zynq_fsbl_bsp/system.mss|system||

TRACE::2026-09-23.19:58:13::SCWMssOS::Sw design exists and opened at  /home/user/Desktop/lab_3/Vitis/zynq_keypad_system_wrapper/zynq_fsbl/zynq_fsbl_bsp/system.mss
TRACE::2026-09-23.19:58:13::SCWPlatform::Trying to open the hw design at /home/user/Desktop/lab_3/Vitis/zynq_keypad_system_wrapper/hw/zynq_keypad_system_wrapper.xsa
TRACE::2026-09-23.19:58:13::SCWPlatform::DSA given /home/user/Desktop/lab_3/Vitis/zynq_keypad_system_wrapper/hw/zynq_keypad_system_wrapper.xsa
TRACE::2026-09-23.19:58:13::SCWPlatform::DSA absoulate path /home/user/Desktop/lab_3/Vitis/zynq_keypad_system_wrapper/hw/zynq_keypad_system_wrapper.xsa
TRACE::2026-09-23.19:58:13::SCWPlatform::DSA directory /home/user/Desktop/lab_3/Vitis/zynq_keypad_system_wrapper/hw
TRACE::2026-09-23.19:58:13::SCWPlatform:: Platform Path /home/user/Desktop/lab_3/Vitis/zynq_keypad_system_wrapper/hw/zynq_keypad_system_wrapper.xsa
TRACE::2026-09-23.19:58:13::SCWPlatform:: Unique name xilinx:zybo::0.0
TRACE::2026-09-23.19:58:13::SCWPlatform::Trying to set the existing hwdb with name zynq_keypad_system_wrapper_0
TRACE::2026-09-23.19:58:13::SCWPlatform::Opened existing hwdb zynq_keypad_system_wrapper_0
TRACE::2026-09-23.19:58:13::SCWPlatform::Found the Hw Db part of the input DSA
TRACE::2026-09-23.19:58:13::SCWMssOS::Checking the sw design at  /home/user/Desktop/lab_3/Vitis/zynq_keypad_system_wrapper/zynq_fsbl/zynq_fsbl_bsp/system.mss
TRACE::2026-09-23.19:58:13::SCWMssOS::DEBUG:  swdes dump  /home/user/Desktop/lab_3/Vitis/zynq_keypad_system_wrapper/ps7_cortexa9_0/standalone_ps7_cortexa9_0/bsp/system.mss|system_0||
/home/user/Desktop/lab_3/Vitis/zynq_keypad_system_wrapper/zynq_fsbl/zynq_fsbl_bsp/system.mss|system||

TRACE::2026-09-23.19:58:13::SCWMssOS::Sw design exists and opened at  /home/user/Desktop/lab_3/Vitis/zynq_keypad_system_wrapper/zynq_fsbl/zynq_fsbl_bsp/system.mss
TRACE::2026-09-23.19:58:13::SCWPlatform::Trying to open the hw design at /home/user/Desktop/lab_3/Vitis/zynq_keypad_system_wrapper/hw/zynq_keypad_system_wrapper.xsa
TRACE::2026-09-23.19:58:13::SCWPlatform::DSA given /home/user/Desktop/lab_3/Vitis/zynq_keypad_system_wrapper/hw/zynq_keypad_system_wrapper.xsa
TRACE::2026-09-23.19:58:13::SCWPlatform::DSA absoulate path /home/user/Desktop/lab_3/Vitis/zynq_keypad_system_wrapper/hw/zynq_keypad_system_wrapper.xsa
TRACE::2026-09-23.19:58:13::SCWPlatform::DSA directory /home/user/Desktop/lab_3/Vitis/zynq_keypad_system_wrapper/hw
TRACE::2026-09-23.19:58:13::SCWPlatform:: Platform Path /home/user/Desktop/lab_3/Vitis/zynq_keypad_system_wrapper/hw/zynq_keypad_system_wrapper.xsa
TRACE::2026-09-23.19:58:13::SCWPlatform:: Unique name xilinx:zybo::0.0
TRACE::2026-09-23.19:58:13::SCWPlatform::Trying to set the existing hwdb with name zynq_keypad_system_wrapper_0
TRACE::2026-09-23.19:58:13::SCWPlatform::Opened existing hwdb zynq_keypad_system_wrapper_0
TRACE::2026-09-23.19:58:13::SCWPlatform::Found the Hw Db part of the input DSA
TRACE::2026-09-23.19:58:13::SCWMssOS::Checking the sw design at  /home/user/Desktop/lab_3/Vitis/zynq_keypad_system_wrapper/zynq_fsbl/zynq_fsbl_bsp/system.mss
TRACE::2026-09-23.19:58:13::SCWMssOS::DEBUG:  swdes dump  /home/user/Desktop/lab_3/Vitis/zynq_keypad_system_wrapper/ps7_cortexa9_0/standalone_ps7_cortexa9_0/bsp/system.mss|system_0||
/home/user/Desktop/lab_3/Vitis/zynq_keypad_system_wrapper/zynq_fsbl/zynq_fsbl_bsp/system.mss|system||

TRACE::2026-09-23.19:58:13::SCWMssOS::Sw design exists and opened at  /home/user/Desktop/lab_3/Vitis/zynq_keypad_system_wrapper/zynq_fsbl/zynq_fsbl_bsp/system.mss
TRACE::2026-09-23.19:58:13::SCWPlatform::Trying to open the hw design at /home/user/Desktop/lab_3/Vitis/zynq_keypad_system_wrapper/hw/zynq_keypad_system_wrapper.xsa
TRACE::2026-09-23.19:58:13::SCWPlatform::DSA given /home/user/Desktop/lab_3/Vitis/zynq_keypad_system_wrapper/hw/zynq_keypad_system_wrapper.xsa
TRACE::2026-09-23.19:58:13::SCWPlatform::DSA absoulate path /home/user/Desktop/lab_3/Vitis/zynq_keypad_system_wrapper/hw/zynq_keypad_system_wrapper.xsa
TRACE::2026-09-23.19:58:13::SCWPlatform::DSA directory /home/user/Desktop/lab_3/Vitis/zynq_keypad_system_wrapper/hw
TRACE::2026-09-23.19:58:13::SCWPlatform:: Platform Path /home/user/Desktop/lab_3/Vitis/zynq_keypad_system_wrapper/hw/zynq_keypad_system_wrapper.xsa
TRACE::2026-09-23.19:58:13::SCWPlatform:: Unique name xilinx:zybo::0.0
TRACE::2026-09-23.19:58:13::SCWPlatform::Trying to set the existing hwdb with name zynq_keypad_system_wrapper_0
TRACE::2026-09-23.19:58:13::SCWPlatform::Opened existing hwdb zynq_keypad_system_wrapper_0
TRACE::2026-09-23.19:58:13::SCWPlatform::Found the Hw Db part of the input DSA
TRACE::2026-09-23.19:58:13::SCWMssOS::Checking the sw design at  /home/user/Desktop/lab_3/Vitis/zynq_keypad_system_wrapper/ps7_cortexa9_0/standalone_ps7_cortexa9_0/bsp/system.mss
TRACE::2026-09-23.19:58:13::SCWMssOS::DEBUG:  swdes dump  /home/user/Desktop/lab_3/Vitis/zynq_keypad_system_wrapper/ps7_cortexa9_0/standalone_ps7_cortexa9_0/bsp/system.mss|system_0||
/home/user/Desktop/lab_3/Vitis/zynq_keypad_system_wrapper/zynq_fsbl/zynq_fsbl_bsp/system.mss|system||

TRACE::2026-09-23.19:58:13::SCWMssOS::Sw design exists and opened at  /home/user/Desktop/lab_3/Vitis/zynq_keypad_system_wrapper/ps7_cortexa9_0/standalone_ps7_cortexa9_0/bsp/system.mss
TRACE::2026-09-23.19:58:13::SCWPlatform::Trying to open the hw design at /home/user/Desktop/lab_3/Vitis/zynq_keypad_system_wrapper/hw/zynq_keypad_system_wrapper.xsa
TRACE::2026-09-23.19:58:13::SCWPlatform::DSA given /home/user/Desktop/lab_3/Vitis/zynq_keypad_system_wrapper/hw/zynq_keypad_system_wrapper.xsa
TRACE::2026-09-23.19:58:13::SCWPlatform::DSA absoulate path /home/user/Desktop/lab_3/Vitis/zynq_keypad_system_wrapper/hw/zynq_keypad_system_wrapper.xsa
TRACE::2026-09-23.19:58:13::SCWPlatform::DSA directory /home/user/Desktop/lab_3/Vitis/zynq_keypad_system_wrapper/hw
TRACE::2026-09-23.19:58:13::SCWPlatform:: Platform Path /home/user/Desktop/lab_3/Vitis/zynq_keypad_system_wrapper/hw/zynq_keypad_system_wrapper.xsa
TRACE::2026-09-23.19:58:13::SCWPlatform:: Unique name xilinx:zybo::0.0
TRACE::2026-09-23.19:58:13::SCWPlatform::Trying to set the existing hwdb with name zynq_keypad_system_wrapper_0
TRACE::2026-09-23.19:58:13::SCWPlatform::Opened existing hwdb zynq_keypad_system_wrapper_0
TRACE::2026-09-23.19:58:13::SCWPlatform::Found the Hw Db part of the input DSA
TRACE::2026-09-23.19:58:13::SCWMssOS::Checking the sw design at  /home/user/Desktop/lab_3/Vitis/zynq_keypad_system_wrapper/ps7_cortexa9_0/standalone_ps7_cortexa9_0/bsp/system.mss
TRACE::2026-09-23.19:58:13::SCWMssOS::DEBUG:  swdes dump  /home/user/Desktop/lab_3/Vitis/zynq_keypad_system_wrapper/ps7_cortexa9_0/standalone_ps7_cortexa9_0/bsp/system.mss|system_0||
/home/user/Desktop/lab_3/Vitis/zynq_keypad_system_wrapper/zynq_fsbl/zynq_fsbl_bsp/system.mss|system||

TRACE::2026-09-23.19:58:13::SCWMssOS::Sw design exists and opened at  /home/user/Desktop/lab_3/Vitis/zynq_keypad_system_wrapper/ps7_cortexa9_0/standalone_ps7_cortexa9_0/bsp/system.mss
TRACE::2026-09-23.19:58:13::SCWPlatform::Trying to open the hw design at /home/user/Desktop/lab_3/Vitis/zynq_keypad_system_wrapper/hw/zynq_keypad_system_wrapper.xsa
TRACE::2026-09-23.19:58:13::SCWPlatform::DSA given /home/user/Desktop/lab_3/Vitis/zynq_keypad_system_wrapper/hw/zynq_keypad_system_wrapper.xsa
TRACE::2026-09-23.19:58:13::SCWPlatform::DSA absoulate path /home/user/Desktop/lab_3/Vitis/zynq_keypad_system_wrapper/hw/zynq_keypad_system_wrapper.xsa
TRACE::2026-09-23.19:58:13::SCWPlatform::DSA directory /home/user/Desktop/lab_3/Vitis/zynq_keypad_system_wrapper/hw
TRACE::2026-09-23.19:58:13::SCWPlatform:: Platform Path /home/user/Desktop/lab_3/Vitis/zynq_keypad_system_wrapper/hw/zynq_keypad_system_wrapper.xsa
TRACE::2026-09-23.19:58:13::SCWPlatform:: Unique name xilinx:zybo::0.0
TRACE::2026-09-23.19:58:13::SCWPlatform::Trying to set the existing hwdb with name zynq_keypad_system_wrapper_0
TRACE::2026-09-23.19:58:13::SCWPlatform::Opened existing hwdb zynq_keypad_system_wrapper_0
TRACE::2026-09-23.19:58:13::SCWPlatform::Found the Hw Db part of the input DSA
TRACE::2026-09-23.19:58:13::SCWMssOS::Checking the sw design at  /home/user/Desktop/lab_3/Vitis/zynq_keypad_system_wrapper/ps7_cortexa9_0/standalone_ps7_cortexa9_0/bsp/system.mss
TRACE::2026-09-23.19:58:13::SCWMssOS::DEBUG:  swdes dump  /home/user/Desktop/lab_3/Vitis/zynq_keypad_system_wrapper/ps7_cortexa9_0/standalone_ps7_cortexa9_0/bsp/system.mss|system_0||
/home/user/Desktop/lab_3/Vitis/zynq_keypad_system_wrapper/zynq_fsbl/zynq_fsbl_bsp/system.mss|system||

TRACE::2026-09-23.19:58:13::SCWMssOS::Sw design exists and opened at  /home/user/Desktop/lab_3/Vitis/zynq_keypad_system_wrapper/ps7_cortexa9_0/standalone_ps7_cortexa9_0/bsp/system.mss
TRACE::2026-09-23.19:58:13::SCWWriter::formatted JSON is {
	"platformName":	"zynq_keypad_system_wrapper",
	"sprVersion":	"2.0",
	"mode":	"gui",
	"dsaType":	"Fixed",
	"platformDesc":	"zynq_keypad_system_wrapper",
	"platHandOff":	"/home/user/Desktop/lab_3/zynq_keypad_system_wrapper.xsa",
	"platIntHandOff":	"<platformDir>/hw/zynq_keypad_system_wrapper.xsa",
	"deviceType":	"zynq",
	"platIsPrebuiltAutogen":	"false",
	"platIsNoBootBsp":	"false",
	"platFsblTarget":	"ps7_cortexa9_0",
	"hasFsblMakeHasChanges":	"false",
	"hasPmufwMakeHasChanges":	"false",
	"fsblExtraCompilerFlags":	"-MMD -MP       -mcpu=cortex-a9 -mfpu=vfpv3 -mfloat-abi=hard ",
	"platPreBuiltFlag":	false,
	"platformSamplesDir":	"",
	"platActiveSys":	"zynq_keypad_system_wrapper",
	"systems":	[{
			"systemName":	"zynq_keypad_system_wrapper",
			"systemDesc":	"zynq_keypad_system_wrapper",
			"sysIsBootAutoGen":	"true",
			"systemDispName":	"zynq_keypad_system_wrapper",
			"sysActiveDom":	"standalone_ps7_cortexa9_0",
			"sysDefaultDom":	"standalone_ps7_cortexa9_0",
			"domains":	[{
					"domainName":	"zynq_fsbl",
					"domainDispName":	"zynq_fsbl",
					"domainDesc":	"FSBL Application BSP - Auto Generated.",
					"processors":	"ps7_cortexa9_0",
					"os":	"standalone",
					"sdxOs":	"standalone",
					"debugEnable":	"",
					"domRuntimes":	["cpp"],
					"swRepo":	"",
					"mssOsVer":	"7.5",
					"mssFile":	"",
					"md5Digest":	"986bdada04ec859b524eda169740ea2f",
					"compatibleApp":	"zynq_fsbl",
					"domType":	"bootDomain",
					"arch":	"32-bit",
					"appSettings":	{
						"appCompilerFlags":	"",
						"appLinkerFlags":	""
					},
					"addedLibs":	["xilffs:4.5", "xilrsa:1.6"],
					"libOptions":	{
						"libsContainingOptions":	[]
					},
					"prebuiltLibs":	{
						"prebuiltIncPath":	[],
						"prebuiltLibPath":	[]
					},
					"isolation":	{
					}
				}, {
					"domainName":	"standalone_ps7_cortexa9_0",
					"domainDispName":	"standalone_ps7_cortexa9_0",
					"domainDesc":	"standalone_ps7_cortexa9_0",
					"processors":	"ps7_cortexa9_0",
					"os":	"standalone",
					"sdxOs":	"standalone",
					"qemuArgs":	"/home/software/Xilinx/Vitis/2021.1/data/emulation/platforms/zynq/sw/a9_standalone/qemu/qemu_args.txt",
					"qemuData":	"/home/software/Xilinx/Vitis/2021.1/data/emulation/platforms/zynq/sw/a9_standalone/qemu/",
					"debugEnable":	"False",
					"domRuntimes":	["cpp"],
					"swRepo":	"",
					"mssOsVer":	"7.5",
					"mssFile":	"",
					"md5Digest":	"a513dc7d62ebf08984ba988e351c6210",
					"compatibleApp":	"empty_application",
					"domType":	"mssDomain",
					"arch":	"32-bit",
					"appSettings":	{
						"appCompilerFlags":	"",
						"appLinkerFlags":	""
					},
					"addedLibs":	[],
					"libOptions":	{
						"libsContainingOptions":	[]
					},
					"prebuiltLibs":	{
						"prebuiltIncPath":	[],
						"prebuiltLibPath":	[]
					},
					"isolation":	{
					}
				}]
		}]
}
KEYINFO::2026-09-23.19:58:13::SCWPlatform::updated the xpfm file.
TRACE::2026-09-23.19:59:17::SCWBDomain::System Command Ran  cd  /home/user/Desktop/lab_3/Vitis/zynq_keypad_system_wrapper/zynq_fsbl ; bash -c "make  clean" 
TRACE::2026-09-23.19:59:17::SCWBDomain::rm -rf  pcap.o  nand.o  qspi.o  rsa.o  main.o  md5.o  image_mover.o  ps7_init.o  nor.o  fsbl_hooks.o  sd.o  fsbl_handoff.o  zyn
TRACE::2026-09-23.19:59:17::SCWBDomain::q_fsbl_bsp/ps7_cortexa9_0/lib/libxil.a fsbl.elf *.o

TRACE::2026-09-23.19:59:17::SCWBDomain::System Command Ran  cd  /home/user/Desktop/lab_3/Vitis/zynq_keypad_system_wrapper/zynq_fsbl/zynq_fsbl_bsp ; bash -c "make  clean" 
TRACE::2026-09-23.19:59:17::SCWBDomain::make -C ps7_cortexa9_0/libsrc/gpiops_v3_9/src -s clean 

TRACE::2026-09-23.19:59:17::SCWBDomain::make -C ps7_cortexa9_0/libsrc/scugic_v4_5/src -s clean 

TRACE::2026-09-23.19:59:17::SCWBDomain::make -C ps7_cortexa9_0/libsrc/xilffs_v4_5/src -s clean 

TRACE::2026-09-23.19:59:17::SCWBDomain::make -C ps7_cortexa9_0/libsrc/scuwdt_v2_4/src -s clean 

TRACE::2026-09-23.19:59:17::SCWBDomain::make -C ps7_cortexa9_0/libsrc/devcfg_v3_7/src -s clean 

TRACE::2026-09-23.19:59:17::SCWBDomain::make -C ps7_cortexa9_0/libsrc/standalone_v7_5/src -s clean 

TRACE::2026-09-23.19:59:17::SCWBDomain::make -C ps7_cortexa9_0/libsrc/xilrsa_v1_6/src -s clean 

TRACE::2026-09-23.19:59:17::SCWBDomain::make -C ps7_cortexa9_0/libsrc/uartps_v3_11/src -s clean 

TRACE::2026-09-23.19:59:17::SCWBDomain::make -C ps7_cortexa9_0/libsrc/scutimer_v2_3/src -s clean 

TRACE::2026-09-23.19:59:17::SCWBDomain::make -C ps7_cortexa9_0/libsrc/sdps_v3_12/src -s clean 

TRACE::2026-09-23.19:59:17::SCWBDomain::make -C ps7_cortexa9_0/libsrc/emacps_v3_14/src -s clean 

TRACE::2026-09-23.19:59:17::SCWBDomain::make -C ps7_cortexa9_0/libsrc/ttcps_v3_14/src -s clean 

TRACE::2026-09-23.19:59:17::SCWBDomain::make -C ps7_cortexa9_0/libsrc/usbps_v2_7/src -s clean 

TRACE::2026-09-23.19:59:17::SCWBDomain::make -C ps7_cortexa9_0/libsrc/coresightps_dcc_v1_8/src -s clean 

TRACE::2026-09-23.19:59:17::SCWBDomain::make -C ps7_cortexa9_0/libsrc/ddrps_v1_2/src -s clean 

TRACE::2026-09-23.19:59:17::SCWBDomain::make -C ps7_cortexa9_0/libsrc/xadcps_v2_6/src -s clean 

TRACE::2026-09-23.19:59:17::SCWBDomain::make -C ps7_cortexa9_0/libsrc/cpu_cortexa9_v2_11/src -s clean 

TRACE::2026-09-23.19:59:17::SCWBDomain::make -C ps7_cortexa9_0/libsrc/qspips_v3_9/src -s clean 

TRACE::2026-09-23.19:59:17::SCWBDomain::make -C ps7_cortexa9_0/libsrc/dmaps_v2_8/src -s clean 

TRACE::2026-09-23.19:59:17::SCWBDomain::make -C ps7_cortexa9_0/libsrc/PmodKYPD_v1_0/src -s clean 

TRACE::2026-09-23.19:59:17::SCWBDomain::rm -f ps7_cortexa9_0/lib/libxil.a

TRACE::2026-09-23.19:59:17::SCWMssOS::cleaning the bsp 
TRACE::2026-09-23.19:59:17::SCWMssOS::System Command Ran  cd  /home/user/Desktop/lab_3/Vitis/zynq_keypad_system_wrapper/ps7_cortexa9_0/standalone_ps7_cortexa9_0/bsp ; bash -c "make  clean " 
TRACE::2026-09-23.19:59:17::SCWMssOS::make -C ps7_cortexa9_0/libsrc/gpiops_v3_9/src -s clean 

TRACE::2026-09-23.19:59:17::SCWMssOS::make -C ps7_cortexa9_0/libsrc/scugic_v4_5/src -s clean 

TRACE::2026-09-23.19:59:17::SCWMssOS::make -C ps7_cortexa9_0/libsrc/scuwdt_v2_4/src -s clean 

TRACE::2026-09-23.19:59:17::SCWMssOS::make -C ps7_cortexa9_0/libsrc/devcfg_v3_7/src -s clean 

TRACE::2026-09-23.19:59:17::SCWMssOS::make -C ps7_cortexa9_0/libsrc/standalone_v7_5/src -s clean 

TRACE::2026-09-23.19:59:17::SCWMssOS::make -C ps7_cortexa9_0/libsrc/uartps_v3_11/src -s clean 

TRACE::2026-09-23.19:59:17::SCWMssOS::make -C ps7_cortexa9_0/libsrc/scutimer_v2_3/src -s clean 

TRACE::2026-09-23.19:59:17::SCWMssOS::make -C ps7_cortexa9_0/libsrc/sdps_v3_12/src -s clean 

TRACE::2026-09-23.19:59:17::SCWMssOS::make -C ps7_cortexa9_0/libsrc/emacps_v3_14/src -s clean 

TRACE::2026-09-23.19:59:17::SCWMssOS::make -C ps7_cortexa9_0/libsrc/ttcps_v3_14/src -s clean 

TRACE::2026-09-23.19:59:17::SCWMssOS::make -C ps7_cortexa9_0/libsrc/usbps_v2_7/src -s clean 

TRACE::2026-09-23.19:59:17::SCWMssOS::make -C ps7_cortexa9_0/libsrc/coresightps_dcc_v1_8/src -s clean 

TRACE::2026-09-23.19:59:17::SCWMssOS::make -C ps7_cortexa9_0/libsrc/ddrps_v1_2/src -s clean 

TRACE::2026-09-23.19:59:17::SCWMssOS::make -C ps7_cortexa9_0/libsrc/xadcps_v2_6/src -s clean 

TRACE::2026-09-23.19:59:17::SCWMssOS::make -C ps7_cortexa9_0/libsrc/cpu_cortexa9_v2_11/src -s clean 

TRACE::2026-09-23.19:59:17::SCWMssOS::make -C ps7_cortexa9_0/libsrc/qspips_v3_9/src -s clean 

TRACE::2026-09-23.19:59:17::SCWMssOS::make -C ps7_cortexa9_0/libsrc/dmaps_v2_8/src -s clean 

TRACE::2026-09-23.19:59:17::SCWMssOS::make -C ps7_cortexa9_0/libsrc/PmodKYPD_v1_0/src -s clean 

TRACE::2026-09-23.19:59:17::SCWMssOS::rm -f ps7_cortexa9_0/lib/libxil.a

LOG::2026-09-23.19:59:23::SCWPlatform::Started generating the artifacts platform zynq_keypad_system_wrapper
TRACE::2026-09-23.19:59:23::SCWPlatform::Sanity checking of platform is completed
LOG::2026-09-23.19:59:23::SCWPlatform::Started generating the artifacts for system configuration zynq_keypad_system_wrapper
LOG::2026-09-23.19:59:23::SCWSystem::Checking the domain zynq_fsbl
LOG::2026-09-23.19:59:23::SCWSystem::Doing application build for :  zynq_fsbl
TRACE::2026-09-23.19:59:23::SCWBDomain::Not a forced makefile updation, No changes are present. 
TRACE::2026-09-23.19:59:23::SCWDomain::Building the domain as part of full build :  zynq_fsbl
TRACE::2026-09-23.19:59:23::SCWPlatform::Trying to open the hw design at /home/user/Desktop/lab_3/Vitis/zynq_keypad_system_wrapper/hw/zynq_keypad_system_wrapper.xsa
TRACE::2026-09-23.19:59:23::SCWPlatform::DSA given /home/user/Desktop/lab_3/Vitis/zynq_keypad_system_wrapper/hw/zynq_keypad_system_wrapper.xsa
TRACE::2026-09-23.19:59:23::SCWPlatform::DSA absoulate path /home/user/Desktop/lab_3/Vitis/zynq_keypad_system_wrapper/hw/zynq_keypad_system_wrapper.xsa
TRACE::2026-09-23.19:59:23::SCWPlatform::DSA directory /home/user/Desktop/lab_3/Vitis/zynq_keypad_system_wrapper/hw
TRACE::2026-09-23.19:59:23::SCWPlatform:: Platform Path /home/user/Desktop/lab_3/Vitis/zynq_keypad_system_wrapper/hw/zynq_keypad_system_wrapper.xsa
TRACE::2026-09-23.19:59:23::SCWPlatform:: Unique name xilinx:zybo::0.0
TRACE::2026-09-23.19:59:23::SCWPlatform::Trying to set the existing hwdb with name zynq_keypad_system_wrapper_0
TRACE::2026-09-23.19:59:23::SCWPlatform::Opened existing hwdb zynq_keypad_system_wrapper_0
TRACE::2026-09-23.19:59:23::SCWPlatform::Found the Hw Db part of the input DSA
TRACE::2026-09-23.19:59:23::SCWMssOS::Checking the sw design at  /home/user/Desktop/lab_3/Vitis/zynq_keypad_system_wrapper/zynq_fsbl/zynq_fsbl_bsp/system.mss
TRACE::2026-09-23.19:59:23::SCWMssOS::DEBUG:  swdes dump  /home/user/Desktop/lab_3/Vitis/zynq_keypad_system_wrapper/ps7_cortexa9_0/standalone_ps7_cortexa9_0/bsp/system.mss|system_0||
/home/user/Desktop/lab_3/Vitis/zynq_keypad_system_wrapper/zynq_fsbl/zynq_fsbl_bsp/system.mss|system||

TRACE::2026-09-23.19:59:23::SCWMssOS::Sw design exists and opened at  /home/user/Desktop/lab_3/Vitis/zynq_keypad_system_wrapper/zynq_fsbl/zynq_fsbl_bsp/system.mss
TRACE::2026-09-23.19:59:23::SCWBDomain::Completed writing the mss file at /home/user/Desktop/lab_3/Vitis/zynq_keypad_system_wrapper/zynq_fsbl/zynq_fsbl_bsp
TRACE::2026-09-23.19:59:23::SCWBDomain::bsp generated is upto date with the mss file. Skipping bsp generation.
TRACE::2026-09-23.19:59:23::SCWBDomain::Not a forced makefile updation, No changes are present. 
TRACE::2026-09-23.19:59:23::SCWBDomain::System Command Ran  cd  /home/user/Desktop/lab_3/Vitis/zynq_keypad_system_wrapper/zynq_fsbl ; bash -c " make -C zynq_fsbl_bsp ; make  " 
TRACE::2026-09-23.19:59:23::SCWBDomain::make: Entering directory '/home/user/Desktop/lab_3/Vitis/zynq_keypad_system_wrapper/zynq_fsbl/zynq_fsbl_bsp'

TRACE::2026-09-23.19:59:23::SCWBDomain::make --no-print-directory seq_libs

TRACE::2026-09-23.19:59:23::SCWBDomain::Running Make include in ps7_cortexa9_0/libsrc/gpiops_v3_9/src

TRACE::2026-09-23.19:59:23::SCWBDomain::make -C ps7_cortexa9_0/libsrc/gpiops_v3_9/src -s include  "SHELL=/bin/sh" "COMPILER=arm-none-eabi-gcc" "ASSEMBLER=arm-none-eabi
TRACE::2026-09-23.19:59:23::SCWBDomain::-as" "ARCHIVER=arm-none-eabi-ar" "COMPILER_FLAGS=  -O2 -c" "EXTRA_COMPILER_FLAGS=-mcpu=cortex-a9 -mfpu=vfpv3 -mfloat-abi=hard -
TRACE::2026-09-23.19:59:23::SCWBDomain::nostartfiles -g -Wall -Wextra -fno-tree-loop-distribute-patterns"

TRACE::2026-09-23.19:59:23::SCWBDomain::Running Make include in ps7_cortexa9_0/libsrc/scugic_v4_5/src

TRACE::2026-09-23.19:59:23::SCWBDomain::make -C ps7_cortexa9_0/libsrc/scugic_v4_5/src -s include  "SHELL=/bin/sh" "COMPILER=arm-none-eabi-gcc" "ASSEMBLER=arm-none-eabi
TRACE::2026-09-23.19:59:23::SCWBDomain::-as" "ARCHIVER=arm-none-eabi-ar" "COMPILER_FLAGS=  -O2 -c" "EXTRA_COMPILER_FLAGS=-mcpu=cortex-a9 -mfpu=vfpv3 -mfloat-abi=hard -
TRACE::2026-09-23.19:59:23::SCWBDomain::nostartfiles -g -Wall -Wextra -fno-tree-loop-distribute-patterns"

TRACE::2026-09-23.19:59:23::SCWBDomain::Running Make include in ps7_cortexa9_0/libsrc/xilffs_v4_5/src

TRACE::2026-09-23.19:59:23::SCWBDomain::make -C ps7_cortexa9_0/libsrc/xilffs_v4_5/src -s include  "SHELL=/bin/sh" "COMPILER=arm-none-eabi-gcc" "ASSEMBLER=arm-none-eabi
TRACE::2026-09-23.19:59:23::SCWBDomain::-as" "ARCHIVER=arm-none-eabi-ar" "COMPILER_FLAGS=  -O2 -c" "EXTRA_COMPILER_FLAGS=-mcpu=cortex-a9 -mfpu=vfpv3 -mfloat-abi=hard -
TRACE::2026-09-23.19:59:23::SCWBDomain::nostartfiles -g -Wall -Wextra -fno-tree-loop-distribute-patterns"

TRACE::2026-09-23.19:59:23::SCWBDomain::Running Make include in ps7_cortexa9_0/libsrc/scuwdt_v2_4/src

TRACE::2026-09-23.19:59:23::SCWBDomain::make -C ps7_cortexa9_0/libsrc/scuwdt_v2_4/src -s include  "SHELL=/bin/sh" "COMPILER=arm-none-eabi-gcc" "ASSEMBLER=arm-none-eabi
TRACE::2026-09-23.19:59:23::SCWBDomain::-as" "ARCHIVER=arm-none-eabi-ar" "COMPILER_FLAGS=  -O2 -c" "EXTRA_COMPILER_FLAGS=-mcpu=cortex-a9 -mfpu=vfpv3 -mfloat-abi=hard -
TRACE::2026-09-23.19:59:23::SCWBDomain::nostartfiles -g -Wall -Wextra -fno-tree-loop-distribute-patterns"

TRACE::2026-09-23.19:59:23::SCWBDomain::Running Make include in ps7_cortexa9_0/libsrc/devcfg_v3_7/src

TRACE::2026-09-23.19:59:23::SCWBDomain::make -C ps7_cortexa9_0/libsrc/devcfg_v3_7/src -s include  "SHELL=/bin/sh" "COMPILER=arm-none-eabi-gcc" "ASSEMBLER=arm-none-eabi
TRACE::2026-09-23.19:59:23::SCWBDomain::-as" "ARCHIVER=arm-none-eabi-ar" "COMPILER_FLAGS=  -O2 -c" "EXTRA_COMPILER_FLAGS=-mcpu=cortex-a9 -mfpu=vfpv3 -mfloat-abi=hard -
TRACE::2026-09-23.19:59:23::SCWBDomain::nostartfiles -g -Wall -Wextra -fno-tree-loop-distribute-patterns"

TRACE::2026-09-23.19:59:23::SCWBDomain::Running Make include in ps7_cortexa9_0/libsrc/standalone_v7_5/src

TRACE::2026-09-23.19:59:23::SCWBDomain::make -C ps7_cortexa9_0/libsrc/standalone_v7_5/src -s include  "SHELL=/bin/sh" "COMPILER=arm-none-eabi-gcc" "ASSEMBLER=arm-none-
TRACE::2026-09-23.19:59:23::SCWBDomain::eabi-as" "ARCHIVER=arm-none-eabi-ar" "COMPILER_FLAGS=  -O2 -c" "EXTRA_COMPILER_FLAGS=-mcpu=cortex-a9 -mfpu=vfpv3 -mfloat-abi=ha
TRACE::2026-09-23.19:59:23::SCWBDomain::rd -nostartfiles -g -Wall -Wextra -fno-tree-loop-distribute-patterns"

TRACE::2026-09-23.19:59:23::SCWBDomain::Running Make include in ps7_cortexa9_0/libsrc/xilrsa_v1_6/src

TRACE::2026-09-23.19:59:23::SCWBDomain::make -C ps7_cortexa9_0/libsrc/xilrsa_v1_6/src -s include  "SHELL=/bin/sh" "COMPILER=arm-none-eabi-gcc" "ASSEMBLER=arm-none-eabi
TRACE::2026-09-23.19:59:23::SCWBDomain::-as" "ARCHIVER=arm-none-eabi-ar" "COMPILER_FLAGS=  -O2 -c" "EXTRA_COMPILER_FLAGS=-mcpu=cortex-a9 -mfpu=vfpv3 -mfloat-abi=hard -
TRACE::2026-09-23.19:59:23::SCWBDomain::nostartfiles -g -Wall -Wextra -fno-tree-loop-distribute-patterns"

TRACE::2026-09-23.19:59:23::SCWBDomain::Running Make include in ps7_cortexa9_0/libsrc/uartps_v3_11/src

TRACE::2026-09-23.19:59:23::SCWBDomain::make -C ps7_cortexa9_0/libsrc/uartps_v3_11/src -s include  "SHELL=/bin/sh" "COMPILER=arm-none-eabi-gcc" "ASSEMBLER=arm-none-eab
TRACE::2026-09-23.19:59:23::SCWBDomain::i-as" "ARCHIVER=arm-none-eabi-ar" "COMPILER_FLAGS=  -O2 -c" "EXTRA_COMPILER_FLAGS=-mcpu=cortex-a9 -mfpu=vfpv3 -mfloat-abi=hard 
TRACE::2026-09-23.19:59:23::SCWBDomain::-nostartfiles -g -Wall -Wextra -fno-tree-loop-distribute-patterns"

TRACE::2026-09-23.19:59:23::SCWBDomain::Running Make include in ps7_cortexa9_0/libsrc/scutimer_v2_3/src

TRACE::2026-09-23.19:59:23::SCWBDomain::make -C ps7_cortexa9_0/libsrc/scutimer_v2_3/src -s include  "SHELL=/bin/sh" "COMPILER=arm-none-eabi-gcc" "ASSEMBLER=arm-none-ea
TRACE::2026-09-23.19:59:23::SCWBDomain::bi-as" "ARCHIVER=arm-none-eabi-ar" "COMPILER_FLAGS=  -O2 -c" "EXTRA_COMPILER_FLAGS=-mcpu=cortex-a9 -mfpu=vfpv3 -mfloat-abi=hard
TRACE::2026-09-23.19:59:23::SCWBDomain:: -nostartfiles -g -Wall -Wextra -fno-tree-loop-distribute-patterns"

TRACE::2026-09-23.19:59:23::SCWBDomain::Running Make include in ps7_cortexa9_0/libsrc/sdps_v3_12/src

TRACE::2026-09-23.19:59:23::SCWBDomain::make -C ps7_cortexa9_0/libsrc/sdps_v3_12/src -s include  "SHELL=/bin/sh" "COMPILER=arm-none-eabi-gcc" "ASSEMBLER=arm-none-eabi-
TRACE::2026-09-23.19:59:23::SCWBDomain::as" "ARCHIVER=arm-none-eabi-ar" "COMPILER_FLAGS=  -O2 -c" "EXTRA_COMPILER_FLAGS=-mcpu=cortex-a9 -mfpu=vfpv3 -mfloat-abi=hard -n
TRACE::2026-09-23.19:59:23::SCWBDomain::ostartfiles -g -Wall -Wextra -fno-tree-loop-distribute-patterns"

TRACE::2026-09-23.19:59:23::SCWBDomain::Running Make include in ps7_cortexa9_0/libsrc/emacps_v3_14/src

TRACE::2026-09-23.19:59:23::SCWBDomain::make -C ps7_cortexa9_0/libsrc/emacps_v3_14/src -s include  "SHELL=/bin/sh" "COMPILER=arm-none-eabi-gcc" "ASSEMBLER=arm-none-eab
TRACE::2026-09-23.19:59:23::SCWBDomain::i-as" "ARCHIVER=arm-none-eabi-ar" "COMPILER_FLAGS=  -O2 -c" "EXTRA_COMPILER_FLAGS=-mcpu=cortex-a9 -mfpu=vfpv3 -mfloat-abi=hard 
TRACE::2026-09-23.19:59:23::SCWBDomain::-nostartfiles -g -Wall -Wextra -fno-tree-loop-distribute-patterns"

TRACE::2026-09-23.19:59:23::SCWBDomain::Running Make include in ps7_cortexa9_0/libsrc/ttcps_v3_14/src

TRACE::2026-09-23.19:59:23::SCWBDomain::make -C ps7_cortexa9_0/libsrc/ttcps_v3_14/src -s include  "SHELL=/bin/sh" "COMPILER=arm-none-eabi-gcc" "ASSEMBLER=arm-none-eabi
TRACE::2026-09-23.19:59:23::SCWBDomain::-as" "ARCHIVER=arm-none-eabi-ar" "COMPILER_FLAGS=  -O2 -c" "EXTRA_COMPILER_FLAGS=-mcpu=cortex-a9 -mfpu=vfpv3 -mfloat-abi=hard -
TRACE::2026-09-23.19:59:23::SCWBDomain::nostartfiles -g -Wall -Wextra -fno-tree-loop-distribute-patterns"

TRACE::2026-09-23.19:59:23::SCWBDomain::Running Make include in ps7_cortexa9_0/libsrc/usbps_v2_7/src

TRACE::2026-09-23.19:59:23::SCWBDomain::make -C ps7_cortexa9_0/libsrc/usbps_v2_7/src -s include  "SHELL=/bin/sh" "COMPILER=arm-none-eabi-gcc" "ASSEMBLER=arm-none-eabi-
TRACE::2026-09-23.19:59:23::SCWBDomain::as" "ARCHIVER=arm-none-eabi-ar" "COMPILER_FLAGS=  -O2 -c" "EXTRA_COMPILER_FLAGS=-mcpu=cortex-a9 -mfpu=vfpv3 -mfloat-abi=hard -n
TRACE::2026-09-23.19:59:23::SCWBDomain::ostartfiles -g -Wall -Wextra -fno-tree-loop-distribute-patterns"

TRACE::2026-09-23.19:59:23::SCWBDomain::Running Make include in ps7_cortexa9_0/libsrc/coresightps_dcc_v1_8/src

TRACE::2026-09-23.19:59:23::SCWBDomain::make -C ps7_cortexa9_0/libsrc/coresightps_dcc_v1_8/src -s include  "SHELL=/bin/sh" "COMPILER=arm-none-eabi-gcc" "ASSEMBLER=arm-
TRACE::2026-09-23.19:59:23::SCWBDomain::none-eabi-as" "ARCHIVER=arm-none-eabi-ar" "COMPILER_FLAGS=  -O2 -c" "EXTRA_COMPILER_FLAGS=-mcpu=cortex-a9 -mfpu=vfpv3 -mfloat-a
TRACE::2026-09-23.19:59:23::SCWBDomain::bi=hard -nostartfiles -g -Wall -Wextra -fno-tree-loop-distribute-patterns"

TRACE::2026-09-23.19:59:23::SCWBDomain::Running Make include in ps7_cortexa9_0/libsrc/ddrps_v1_2/src

TRACE::2026-09-23.19:59:23::SCWBDomain::make -C ps7_cortexa9_0/libsrc/ddrps_v1_2/src -s include  "SHELL=/bin/sh" "COMPILER=arm-none-eabi-gcc" "ASSEMBLER=arm-none-eabi-
TRACE::2026-09-23.19:59:23::SCWBDomain::as" "ARCHIVER=arm-none-eabi-ar" "COMPILER_FLAGS=  -O2 -c" "EXTRA_COMPILER_FLAGS=-mcpu=cortex-a9 -mfpu=vfpv3 -mfloat-abi=hard -n
TRACE::2026-09-23.19:59:23::SCWBDomain::ostartfiles -g -Wall -Wextra -fno-tree-loop-distribute-patterns"

TRACE::2026-09-23.19:59:23::SCWBDomain::Running Make include in ps7_cortexa9_0/libsrc/xadcps_v2_6/src

TRACE::2026-09-23.19:59:23::SCWBDomain::make -C ps7_cortexa9_0/libsrc/xadcps_v2_6/src -s include  "SHELL=/bin/sh" "COMPILER=arm-none-eabi-gcc" "ASSEMBLER=arm-none-eabi
TRACE::2026-09-23.19:59:23::SCWBDomain::-as" "ARCHIVER=arm-none-eabi-ar" "COMPILER_FLAGS=  -O2 -c" "EXTRA_COMPILER_FLAGS=-mcpu=cortex-a9 -mfpu=vfpv3 -mfloat-abi=hard -
TRACE::2026-09-23.19:59:23::SCWBDomain::nostartfiles -g -Wall -Wextra -fno-tree-loop-distribute-patterns"

TRACE::2026-09-23.19:59:23::SCWBDomain::Running Make include in ps7_cortexa9_0/libsrc/cpu_cortexa9_v2_11/src

TRACE::2026-09-23.19:59:23::SCWBDomain::make -C ps7_cortexa9_0/libsrc/cpu_cortexa9_v2_11/src -s include  "SHELL=/bin/sh" "COMPILER=arm-none-eabi-gcc" "ASSEMBLER=arm-no
TRACE::2026-09-23.19:59:23::SCWBDomain::ne-eabi-as" "ARCHIVER=arm-none-eabi-ar" "COMPILER_FLAGS=  -O2 -c" "EXTRA_COMPILER_FLAGS=-mcpu=cortex-a9 -mfpu=vfpv3 -mfloat-abi
TRACE::2026-09-23.19:59:23::SCWBDomain::=hard -nostartfiles -g -Wall -Wextra -fno-tree-loop-distribute-patterns"

TRACE::2026-09-23.19:59:23::SCWBDomain::Running Make include in ps7_cortexa9_0/libsrc/qspips_v3_9/src

TRACE::2026-09-23.19:59:23::SCWBDomain::make -C ps7_cortexa9_0/libsrc/qspips_v3_9/src -s include  "SHELL=/bin/sh" "COMPILER=arm-none-eabi-gcc" "ASSEMBLER=arm-none-eabi
TRACE::2026-09-23.19:59:23::SCWBDomain::-as" "ARCHIVER=arm-none-eabi-ar" "COMPILER_FLAGS=  -O2 -c" "EXTRA_COMPILER_FLAGS=-mcpu=cortex-a9 -mfpu=vfpv3 -mfloat-abi=hard -
TRACE::2026-09-23.19:59:23::SCWBDomain::nostartfiles -g -Wall -Wextra -fno-tree-loop-distribute-patterns"

TRACE::2026-09-23.19:59:23::SCWBDomain::Running Make include in ps7_cortexa9_0/libsrc/dmaps_v2_8/src

TRACE::2026-09-23.19:59:23::SCWBDomain::make -C ps7_cortexa9_0/libsrc/dmaps_v2_8/src -s include  "SHELL=/bin/sh" "COMPILER=arm-none-eabi-gcc" "ASSEMBLER=arm-none-eabi-
TRACE::2026-09-23.19:59:23::SCWBDomain::as" "ARCHIVER=arm-none-eabi-ar" "COMPILER_FLAGS=  -O2 -c" "EXTRA_COMPILER_FLAGS=-mcpu=cortex-a9 -mfpu=vfpv3 -mfloat-abi=hard -n
TRACE::2026-09-23.19:59:23::SCWBDomain::ostartfiles -g -Wall -Wextra -fno-tree-loop-distribute-patterns"

TRACE::2026-09-23.19:59:23::SCWBDomain::Running Make include in ps7_cortexa9_0/libsrc/PmodKYPD_v1_0/src

TRACE::2026-09-23.19:59:23::SCWBDomain::make -C ps7_cortexa9_0/libsrc/PmodKYPD_v1_0/src -s include  "SHELL=/bin/sh" "COMPILER=arm-none-eabi-gcc" "ASSEMBLER=arm-none-ea
TRACE::2026-09-23.19:59:23::SCWBDomain::bi-as" "ARCHIVER=arm-none-eabi-ar" "COMPILER_FLAGS=  -O2 -c" "EXTRA_COMPILER_FLAGS=-mcpu=cortex-a9 -mfpu=vfpv3 -mfloat-abi=hard
TRACE::2026-09-23.19:59:23::SCWBDomain:: -nostartfiles -g -Wall -Wextra -fno-tree-loop-distribute-patterns"

TRACE::2026-09-23.19:59:23::SCWBDomain::Running Make libs in ps7_cortexa9_0/libsrc/PmodKYPD_v1_0/src

TRACE::2026-09-23.19:59:23::SCWBDomain::make -C ps7_cortexa9_0/libsrc/PmodKYPD_v1_0/src -s libs  "SHELL=/bin/sh" "COMPILER=arm-none-eabi-gcc" "ASSEMBLER=arm-none-eabi-
TRACE::2026-09-23.19:59:23::SCWBDomain::as" "ARCHIVER=arm-none-eabi-ar" "COMPILER_FLAGS=  -O2 -c" "EXTRA_COMPILER_FLAGS=-mcpu=cortex-a9 -mfpu=vfpv3 -mfloat-abi=hard -n
TRACE::2026-09-23.19:59:23::SCWBDomain::ostartfiles -g -Wall -Wextra -fno-tree-loop-distribute-patterns"

TRACE::2026-09-23.19:59:23::SCWBDomain::Compiling PmodKYPD

TRACE::2026-09-23.19:59:23::SCWBDomain::Running Make libs in ps7_cortexa9_0/libsrc/xilrsa_v1_6/src

TRACE::2026-09-23.19:59:23::SCWBDomain::make -C ps7_cortexa9_0/libsrc/xilrsa_v1_6/src -s libs  "SHELL=/bin/sh" "COMPILER=arm-none-eabi-gcc" "ASSEMBLER=arm-none-eabi-as
TRACE::2026-09-23.19:59:23::SCWBDomain::" "ARCHIVER=arm-none-eabi-ar" "COMPILER_FLAGS=  -O2 -c" "EXTRA_COMPILER_FLAGS=-mcpu=cortex-a9 -mfpu=vfpv3 -mfloat-abi=hard -nos
TRACE::2026-09-23.19:59:23::SCWBDomain::tartfiles -g -Wall -Wextra -fno-tree-loop-distribute-patterns"

TRACE::2026-09-23.19:59:23::SCWBDomain::Finished building libraries sequentially.

TRACE::2026-09-23.19:59:23::SCWBDomain::make -j 6 --no-print-directory par_libs

TRACE::2026-09-23.19:59:23::SCWBDomain::Running Make include in ps7_cortexa9_0/libsrc/gpiops_v3_9/src

TRACE::2026-09-23.19:59:23::SCWBDomain::Running Make include in ps7_cortexa9_0/libsrc/scugic_v4_5/src

TRACE::2026-09-23.19:59:23::SCWBDomain::make -C ps7_cortexa9_0/libsrc/gpiops_v3_9/src -s include  "SHELL=/bin/sh" "COMPILER=arm-none-eabi-gcc" "ASSEMBLER=arm-none-eabi
TRACE::2026-09-23.19:59:23::SCWBDomain::-as" "ARCHIVER=arm-none-eabi-ar" "COMPILER_FLAGS=  -O2 -c" "EXTRA_COMPILER_FLAGS=-mcpu=cortex-a9 -mfpu=vfpv3 -mfloat-abi=hard -
TRACE::2026-09-23.19:59:23::SCWBDomain::nostartfiles -g -Wall -Wextra -fno-tree-loop-distribute-patterns"

TRACE::2026-09-23.19:59:23::SCWBDomain::Running Make include in ps7_cortexa9_0/libsrc/xilffs_v4_5/src

TRACE::2026-09-23.19:59:23::SCWBDomain::make -C ps7_cortexa9_0/libsrc/scugic_v4_5/src -s include  "SHELL=/bin/sh" "COMPILER=arm-none-eabi-gcc" "ASSEMBLER=arm-none-eabi
TRACE::2026-09-23.19:59:23::SCWBDomain::-as" "ARCHIVER=arm-none-eabi-ar" "COMPILER_FLAGS=  -O2 -c" "EXTRA_COMPILER_FLAGS=-mcpu=cortex-a9 -mfpu=vfpv3 -mfloat-abi=hard -
TRACE::2026-09-23.19:59:23::SCWBDomain::nostartfiles -g -Wall -Wextra -fno-tree-loop-distribute-patterns"

TRACE::2026-09-23.19:59:23::SCWBDomain::Running Make include in ps7_cortexa9_0/libsrc/scuwdt_v2_4/src

TRACE::2026-09-23.19:59:23::SCWBDomain::Running Make include in ps7_cortexa9_0/libsrc/devcfg_v3_7/src

TRACE::2026-09-23.19:59:23::SCWBDomain::make -C ps7_cortexa9_0/libsrc/xilffs_v4_5/src -s include  "SHELL=/bin/sh" "COMPILER=arm-none-eabi-gcc" "ASSEMBLER=arm-none-eabi
TRACE::2026-09-23.19:59:23::SCWBDomain::-as" "ARCHIVER=arm-none-eabi-ar" "COMPILER_FLAGS=  -O2 -c" "EXTRA_COMPILER_FLAGS=-mcpu=cortex-a9 -mfpu=vfpv3 -mfloat-abi=hard -
TRACE::2026-09-23.19:59:23::SCWBDomain::nostartfiles -g -Wall -Wextra -fno-tree-loop-distribute-patterns"

TRACE::2026-09-23.19:59:23::SCWBDomain::Running Make include in ps7_cortexa9_0/libsrc/standalone_v7_5/src

TRACE::2026-09-23.19:59:23::SCWBDomain::make -C ps7_cortexa9_0/libsrc/scuwdt_v2_4/src -s include  "SHELL=/bin/sh" "COMPILER=arm-none-eabi-gcc" "ASSEMBLER=arm-none-eabi
TRACE::2026-09-23.19:59:23::SCWBDomain::-as" "ARCHIVER=arm-none-eabi-ar" "COMPILER_FLAGS=  -O2 -c" "EXTRA_COMPILER_FLAGS=-mcpu=cortex-a9 -mfpu=vfpv3 -mfloat-abi=hard -
TRACE::2026-09-23.19:59:23::SCWBDomain::nostartfiles -g -Wall -Wextra -fno-tree-loop-distribute-patterns"

TRACE::2026-09-23.19:59:23::SCWBDomain::make -C ps7_cortexa9_0/libsrc/devcfg_v3_7/src -s include  "SHELL=/bin/sh" "COMPILER=arm-none-eabi-gcc" "ASSEMBLER=arm-none-eabi
TRACE::2026-09-23.19:59:23::SCWBDomain::-as" "ARCHIVER=arm-none-eabi-ar" "COMPILER_FLAGS=  -O2 -c" "EXTRA_COMPILER_FLAGS=-mcpu=cortex-a9 -mfpu=vfpv3 -mfloat-abi=hard -
TRACE::2026-09-23.19:59:23::SCWBDomain::nostartfiles -g -Wall -Wextra -fno-tree-loop-distribute-patterns"

TRACE::2026-09-23.19:59:23::SCWBDomain::make -C ps7_cortexa9_0/libsrc/standalone_v7_5/src -s include  "SHELL=/bin/sh" "COMPILER=arm-none-eabi-gcc" "ASSEMBLER=arm-none-
TRACE::2026-09-23.19:59:23::SCWBDomain::eabi-as" "ARCHIVER=arm-none-eabi-ar" "COMPILER_FLAGS=  -O2 -c" "EXTRA_COMPILER_FLAGS=-mcpu=cortex-a9 -mfpu=vfpv3 -mfloat-abi=ha
TRACE::2026-09-23.19:59:23::SCWBDomain::rd -nostartfiles -g -Wall -Wextra -fno-tree-loop-distribute-patterns"

TRACE::2026-09-23.19:59:23::SCWBDomain::Running Make include in ps7_cortexa9_0/libsrc/xilrsa_v1_6/src

TRACE::2026-09-23.19:59:23::SCWBDomain::make -C ps7_cortexa9_0/libsrc/xilrsa_v1_6/src -s include  "SHELL=/bin/sh" "COMPILER=arm-none-eabi-gcc" "ASSEMBLER=arm-none-eabi
TRACE::2026-09-23.19:59:23::SCWBDomain::-as" "ARCHIVER=arm-none-eabi-ar" "COMPILER_FLAGS=  -O2 -c" "EXTRA_COMPILER_FLAGS=-mcpu=cortex-a9 -mfpu=vfpv3 -mfloat-abi=hard -
TRACE::2026-09-23.19:59:23::SCWBDomain::nostartfiles -g -Wall -Wextra -fno-tree-loop-distribute-patterns"

TRACE::2026-09-23.19:59:23::SCWBDomain::Running Make include in ps7_cortexa9_0/libsrc/uartps_v3_11/src

TRACE::2026-09-23.19:59:23::SCWBDomain::make -C ps7_cortexa9_0/libsrc/uartps_v3_11/src -s include  "SHELL=/bin/sh" "COMPILER=arm-none-eabi-gcc" "ASSEMBLER=arm-none-eab
TRACE::2026-09-23.19:59:23::SCWBDomain::i-as" "ARCHIVER=arm-none-eabi-ar" "COMPILER_FLAGS=  -O2 -c" "EXTRA_COMPILER_FLAGS=-mcpu=cortex-a9 -mfpu=vfpv3 -mfloat-abi=hard 
TRACE::2026-09-23.19:59:23::SCWBDomain::-nostartfiles -g -Wall -Wextra -fno-tree-loop-distribute-patterns"

TRACE::2026-09-23.19:59:23::SCWBDomain::Running Make include in ps7_cortexa9_0/libsrc/scutimer_v2_3/src

TRACE::2026-09-23.19:59:23::SCWBDomain::Running Make include in ps7_cortexa9_0/libsrc/sdps_v3_12/src

TRACE::2026-09-23.19:59:23::SCWBDomain::Running Make include in ps7_cortexa9_0/libsrc/emacps_v3_14/src

TRACE::2026-09-23.19:59:23::SCWBDomain::make -C ps7_cortexa9_0/libsrc/scutimer_v2_3/src -s include  "SHELL=/bin/sh" "COMPILER=arm-none-eabi-gcc" "ASSEMBLER=arm-none-ea
TRACE::2026-09-23.19:59:23::SCWBDomain::bi-as" "ARCHIVER=arm-none-eabi-ar" "COMPILER_FLAGS=  -O2 -c" "EXTRA_COMPILER_FLAGS=-mcpu=cortex-a9 -mfpu=vfpv3 -mfloat-abi=hard
TRACE::2026-09-23.19:59:23::SCWBDomain:: -nostartfiles -g -Wall -Wextra -fno-tree-loop-distribute-patterns"

TRACE::2026-09-23.19:59:23::SCWBDomain::make -C ps7_cortexa9_0/libsrc/sdps_v3_12/src -s include  "SHELL=/bin/sh" "COMPILER=arm-none-eabi-gcc" "ASSEMBLER=arm-none-eabi-
TRACE::2026-09-23.19:59:23::SCWBDomain::as" "ARCHIVER=arm-none-eabi-ar" "COMPILER_FLAGS=  -O2 -c" "EXTRA_COMPILER_FLAGS=-mcpu=cortex-a9 -mfpu=vfpv3 -mfloat-abi=hard -n
TRACE::2026-09-23.19:59:23::SCWBDomain::ostartfiles -g -Wall -Wextra -fno-tree-loop-distribute-patterns"

TRACE::2026-09-23.19:59:23::SCWBDomain::make -C ps7_cortexa9_0/libsrc/emacps_v3_14/src -s include  "SHELL=/bin/sh" "COMPILER=arm-none-eabi-gcc" "ASSEMBLER=arm-none-eab
TRACE::2026-09-23.19:59:23::SCWBDomain::i-as" "ARCHIVER=arm-none-eabi-ar" "COMPILER_FLAGS=  -O2 -c" "EXTRA_COMPILER_FLAGS=-mcpu=cortex-a9 -mfpu=vfpv3 -mfloat-abi=hard 
TRACE::2026-09-23.19:59:23::SCWBDomain::-nostartfiles -g -Wall -Wextra -fno-tree-loop-distribute-patterns"

TRACE::2026-09-23.19:59:23::SCWBDomain::Running Make include in ps7_cortexa9_0/libsrc/usbps_v2_7/src

TRACE::2026-09-23.19:59:23::SCWBDomain::Running Make include in ps7_cortexa9_0/libsrc/ttcps_v3_14/src

TRACE::2026-09-23.19:59:23::SCWBDomain::make -C ps7_cortexa9_0/libsrc/ttcps_v3_14/src -s include  "SHELL=/bin/sh" "COMPILER=arm-none-eabi-gcc" "ASSEMBLER=arm-none-eabi
TRACE::2026-09-23.19:59:23::SCWBDomain::-as" "ARCHIVER=arm-none-eabi-ar" "COMPILER_FLAGS=  -O2 -c" "EXTRA_COMPILER_FLAGS=-mcpu=cortex-a9 -mfpu=vfpv3 -mfloat-abi=hard -
TRACE::2026-09-23.19:59:23::SCWBDomain::nostartfiles -g -Wall -Wextra -fno-tree-loop-distribute-patterns"

TRACE::2026-09-23.19:59:23::SCWBDomain::Running Make include in ps7_cortexa9_0/libsrc/coresightps_dcc_v1_8/src

TRACE::2026-09-23.19:59:23::SCWBDomain::make -C ps7_cortexa9_0/libsrc/usbps_v2_7/src -s include  "SHELL=/bin/sh" "COMPILER=arm-none-eabi-gcc" "ASSEMBLER=arm-none-eabi-
TRACE::2026-09-23.19:59:23::SCWBDomain::as" "ARCHIVER=arm-none-eabi-ar" "COMPILER_FLAGS=  -O2 -c" "EXTRA_COMPILER_FLAGS=-mcpu=cortex-a9 -mfpu=vfpv3 -mfloat-abi=hard -n
TRACE::2026-09-23.19:59:23::SCWBDomain::ostartfiles -g -Wall -Wextra -fno-tree-loop-distribute-patterns"

TRACE::2026-09-23.19:59:23::SCWBDomain::make -C ps7_cortexa9_0/libsrc/coresightps_dcc_v1_8/src -s include  "SHELL=/bin/sh" "COMPILER=arm-none-eabi-gcc" "ASSEMBLER=arm-
TRACE::2026-09-23.19:59:23::SCWBDomain::none-eabi-as" "ARCHIVER=arm-none-eabi-ar" "COMPILER_FLAGS=  -O2 -c" "EXTRA_COMPILER_FLAGS=-mcpu=cortex-a9 -mfpu=vfpv3 -mfloat-a
TRACE::2026-09-23.19:59:23::SCWBDomain::bi=hard -nostartfiles -g -Wall -Wextra -fno-tree-loop-distribute-patterns"

TRACE::2026-09-23.19:59:23::SCWBDomain::Running Make include in ps7_cortexa9_0/libsrc/ddrps_v1_2/src

TRACE::2026-09-23.19:59:23::SCWBDomain::Running Make include in ps7_cortexa9_0/libsrc/xadcps_v2_6/src

TRACE::2026-09-23.19:59:23::SCWBDomain::make -C ps7_cortexa9_0/libsrc/ddrps_v1_2/src -s include  "SHELL=/bin/sh" "COMPILER=arm-none-eabi-gcc" "ASSEMBLER=arm-none-eabi-
TRACE::2026-09-23.19:59:23::SCWBDomain::as" "ARCHIVER=arm-none-eabi-ar" "COMPILER_FLAGS=  -O2 -c" "EXTRA_COMPILER_FLAGS=-mcpu=cortex-a9 -mfpu=vfpv3 -mfloat-abi=hard -n
TRACE::2026-09-23.19:59:23::SCWBDomain::ostartfiles -g -Wall -Wextra -fno-tree-loop-distribute-patterns"

TRACE::2026-09-23.19:59:23::SCWBDomain::make -C ps7_cortexa9_0/libsrc/xadcps_v2_6/src -s include  "SHELL=/bin/sh" "COMPILER=arm-none-eabi-gcc" "ASSEMBLER=arm-none-eabi
TRACE::2026-09-23.19:59:23::SCWBDomain::-as" "ARCHIVER=arm-none-eabi-ar" "COMPILER_FLAGS=  -O2 -c" "EXTRA_COMPILER_FLAGS=-mcpu=cortex-a9 -mfpu=vfpv3 -mfloat-abi=hard -
TRACE::2026-09-23.19:59:23::SCWBDomain::nostartfiles -g -Wall -Wextra -fno-tree-loop-distribute-patterns"

TRACE::2026-09-23.19:59:23::SCWBDomain::Running Make include in ps7_cortexa9_0/libsrc/cpu_cortexa9_v2_11/src

TRACE::2026-09-23.19:59:23::SCWBDomain::make -C ps7_cortexa9_0/libsrc/cpu_cortexa9_v2_11/src -s include  "SHELL=/bin/sh" "COMPILER=arm-none-eabi-gcc" "ASSEMBLER=arm-no
TRACE::2026-09-23.19:59:23::SCWBDomain::ne-eabi-as" "ARCHIVER=arm-none-eabi-ar" "COMPILER_FLAGS=  -O2 -c" "EXTRA_COMPILER_FLAGS=-mcpu=cortex-a9 -mfpu=vfpv3 -mfloat-abi
TRACE::2026-09-23.19:59:23::SCWBDomain::=hard -nostartfiles -g -Wall -Wextra -fno-tree-loop-distribute-patterns"

TRACE::2026-09-23.19:59:23::SCWBDomain::Running Make include in ps7_cortexa9_0/libsrc/qspips_v3_9/src

TRACE::2026-09-23.19:59:23::SCWBDomain::make -C ps7_cortexa9_0/libsrc/qspips_v3_9/src -s include  "SHELL=/bin/sh" "COMPILER=arm-none-eabi-gcc" "ASSEMBLER=arm-none-eabi
TRACE::2026-09-23.19:59:23::SCWBDomain::-as" "ARCHIVER=arm-none-eabi-ar" "COMPILER_FLAGS=  -O2 -c" "EXTRA_COMPILER_FLAGS=-mcpu=cortex-a9 -mfpu=vfpv3 -mfloat-abi=hard -
TRACE::2026-09-23.19:59:23::SCWBDomain::nostartfiles -g -Wall -Wextra -fno-tree-loop-distribute-patterns"

TRACE::2026-09-23.19:59:23::SCWBDomain::Running Make include in ps7_cortexa9_0/libsrc/dmaps_v2_8/src

TRACE::2026-09-23.19:59:23::SCWBDomain::make -C ps7_cortexa9_0/libsrc/dmaps_v2_8/src -s include  "SHELL=/bin/sh" "COMPILER=arm-none-eabi-gcc" "ASSEMBLER=arm-none-eabi-
TRACE::2026-09-23.19:59:23::SCWBDomain::as" "ARCHIVER=arm-none-eabi-ar" "COMPILER_FLAGS=  -O2 -c" "EXTRA_COMPILER_FLAGS=-mcpu=cortex-a9 -mfpu=vfpv3 -mfloat-abi=hard -n
TRACE::2026-09-23.19:59:23::SCWBDomain::ostartfiles -g -Wall -Wextra -fno-tree-loop-distribute-patterns"

TRACE::2026-09-23.19:59:23::SCWBDomain::Running Make include in ps7_cortexa9_0/libsrc/PmodKYPD_v1_0/src

TRACE::2026-09-23.19:59:23::SCWBDomain::make -C ps7_cortexa9_0/libsrc/PmodKYPD_v1_0/src -s include  "SHELL=/bin/sh" "COMPILER=arm-none-eabi-gcc" "ASSEMBLER=arm-none-ea
TRACE::2026-09-23.19:59:23::SCWBDomain::bi-as" "ARCHIVER=arm-none-eabi-ar" "COMPILER_FLAGS=  -O2 -c" "EXTRA_COMPILER_FLAGS=-mcpu=cortex-a9 -mfpu=vfpv3 -mfloat-abi=hard
TRACE::2026-09-23.19:59:23::SCWBDomain:: -nostartfiles -g -Wall -Wextra -fno-tree-loop-distribute-patterns"

TRACE::2026-09-23.19:59:23::SCWBDomain::Running Make libs in ps7_cortexa9_0/libsrc/gpiops_v3_9/src

TRACE::2026-09-23.19:59:23::SCWBDomain::Running Make libs in ps7_cortexa9_0/libsrc/scugic_v4_5/src

TRACE::2026-09-23.19:59:23::SCWBDomain::Running Make libs in ps7_cortexa9_0/libsrc/xilffs_v4_5/src

TRACE::2026-09-23.19:59:23::SCWBDomain::make -C ps7_cortexa9_0/libsrc/gpiops_v3_9/src -s libs  "SHELL=/bin/sh" "COMPILER=arm-none-eabi-gcc" "ASSEMBLER=arm-none-eabi-as
TRACE::2026-09-23.19:59:23::SCWBDomain::" "ARCHIVER=arm-none-eabi-ar" "COMPILER_FLAGS=  -O2 -c" "EXTRA_COMPILER_FLAGS=-mcpu=cortex-a9 -mfpu=vfpv3 -mfloat-abi=hard -nos
TRACE::2026-09-23.19:59:23::SCWBDomain::tartfiles -g -Wall -Wextra -fno-tree-loop-distribute-patterns"

TRACE::2026-09-23.19:59:23::SCWBDomain::Running Make libs in ps7_cortexa9_0/libsrc/scuwdt_v2_4/src

TRACE::2026-09-23.19:59:23::SCWBDomain::make -C ps7_cortexa9_0/libsrc/scugic_v4_5/src -s libs  "SHELL=/bin/sh" "COMPILER=arm-none-eabi-gcc" "ASSEMBLER=arm-none-eabi-as
TRACE::2026-09-23.19:59:23::SCWBDomain::" "ARCHIVER=arm-none-eabi-ar" "COMPILER_FLAGS=  -O2 -c" "EXTRA_COMPILER_FLAGS=-mcpu=cortex-a9 -mfpu=vfpv3 -mfloat-abi=hard -nos
TRACE::2026-09-23.19:59:23::SCWBDomain::tartfiles -g -Wall -Wextra -fno-tree-loop-distribute-patterns"

TRACE::2026-09-23.19:59:23::SCWBDomain::make -C ps7_cortexa9_0/libsrc/scuwdt_v2_4/src -s libs  "SHELL=/bin/sh" "COMPILER=arm-none-eabi-gcc" "ASSEMBLER=arm-none-eabi-as
TRACE::2026-09-23.19:59:23::SCWBDomain::" "ARCHIVER=arm-none-eabi-ar" "COMPILER_FLAGS=  -O2 -c" "EXTRA_COMPILER_FLAGS=-mcpu=cortex-a9 -mfpu=vfpv3 -mfloat-abi=hard -nos
TRACE::2026-09-23.19:59:23::SCWBDomain::tartfiles -g -Wall -Wextra -fno-tree-loop-distribute-patterns"

TRACE::2026-09-23.19:59:23::SCWBDomain::Running Make libs in ps7_cortexa9_0/libsrc/devcfg_v3_7/src

TRACE::2026-09-23.19:59:23::SCWBDomain::Running Make libs in ps7_cortexa9_0/libsrc/standalone_v7_5/src

TRACE::2026-09-23.19:59:23::SCWBDomain::make -C ps7_cortexa9_0/libsrc/xilffs_v4_5/src -s libs  "SHELL=/bin/sh" "COMPILER=arm-none-eabi-gcc" "ASSEMBLER=arm-none-eabi-as
TRACE::2026-09-23.19:59:23::SCWBDomain::" "ARCHIVER=arm-none-eabi-ar" "COMPILER_FLAGS=  -O2 -c" "EXTRA_COMPILER_FLAGS=-mcpu=cortex-a9 -mfpu=vfpv3 -mfloat-abi=hard -nos
TRACE::2026-09-23.19:59:23::SCWBDomain::tartfiles -g -Wall -Wextra -fno-tree-loop-distribute-patterns"

TRACE::2026-09-23.19:59:23::SCWBDomain::make -C ps7_cortexa9_0/libsrc/devcfg_v3_7/src -s libs  "SHELL=/bin/sh" "COMPILER=arm-none-eabi-gcc" "ASSEMBLER=arm-none-eabi-as
TRACE::2026-09-23.19:59:23::SCWBDomain::" "ARCHIVER=arm-none-eabi-ar" "COMPILER_FLAGS=  -O2 -c" "EXTRA_COMPILER_FLAGS=-mcpu=cortex-a9 -mfpu=vfpv3 -mfloat-abi=hard -nos
TRACE::2026-09-23.19:59:23::SCWBDomain::tartfiles -g -Wall -Wextra -fno-tree-loop-distribute-patterns"

TRACE::2026-09-23.19:59:23::SCWBDomain::make -C ps7_cortexa9_0/libsrc/standalone_v7_5/src -s libs  "SHELL=/bin/sh" "COMPILER=arm-none-eabi-gcc" "ASSEMBLER=arm-none-eab
TRACE::2026-09-23.19:59:23::SCWBDomain::i-as" "ARCHIVER=arm-none-eabi-ar" "COMPILER_FLAGS=  -O2 -c" "EXTRA_COMPILER_FLAGS=-mcpu=cortex-a9 -mfpu=vfpv3 -mfloat-abi=hard 
TRACE::2026-09-23.19:59:23::SCWBDomain::-nostartfiles -g -Wall -Wextra -fno-tree-loop-distribute-patterns"

TRACE::2026-09-23.19:59:24::SCWBDomain::Running Make libs in ps7_cortexa9_0/libsrc/uartps_v3_11/src

TRACE::2026-09-23.19:59:24::SCWBDomain::make -C ps7_cortexa9_0/libsrc/uartps_v3_11/src -s libs  "SHELL=/bin/sh" "COMPILER=arm-none-eabi-gcc" "ASSEMBLER=arm-none-eabi-a
TRACE::2026-09-23.19:59:24::SCWBDomain::s" "ARCHIVER=arm-none-eabi-ar" "COMPILER_FLAGS=  -O2 -c" "EXTRA_COMPILER_FLAGS=-mcpu=cortex-a9 -mfpu=vfpv3 -mfloat-abi=hard -no
TRACE::2026-09-23.19:59:24::SCWBDomain::startfiles -g -Wall -Wextra -fno-tree-loop-distribute-patterns"

TRACE::2026-09-23.19:59:24::SCWBDomain::Running Make libs in ps7_cortexa9_0/libsrc/scutimer_v2_3/src

TRACE::2026-09-23.19:59:24::SCWBDomain::make -C ps7_cortexa9_0/libsrc/scutimer_v2_3/src -s libs  "SHELL=/bin/sh" "COMPILER=arm-none-eabi-gcc" "ASSEMBLER=arm-none-eabi-
TRACE::2026-09-23.19:59:24::SCWBDomain::as" "ARCHIVER=arm-none-eabi-ar" "COMPILER_FLAGS=  -O2 -c" "EXTRA_COMPILER_FLAGS=-mcpu=cortex-a9 -mfpu=vfpv3 -mfloat-abi=hard -n
TRACE::2026-09-23.19:59:24::SCWBDomain::ostartfiles -g -Wall -Wextra -fno-tree-loop-distribute-patterns"

TRACE::2026-09-23.19:59:24::SCWBDomain::Running Make libs in ps7_cortexa9_0/libsrc/sdps_v3_12/src

TRACE::2026-09-23.19:59:24::SCWBDomain::make -C ps7_cortexa9_0/libsrc/sdps_v3_12/src -s libs  "SHELL=/bin/sh" "COMPILER=arm-none-eabi-gcc" "ASSEMBLER=arm-none-eabi-as"
TRACE::2026-09-23.19:59:24::SCWBDomain:: "ARCHIVER=arm-none-eabi-ar" "COMPILER_FLAGS=  -O2 -c" "EXTRA_COMPILER_FLAGS=-mcpu=cortex-a9 -mfpu=vfpv3 -mfloat-abi=hard -nost
TRACE::2026-09-23.19:59:24::SCWBDomain::artfiles -g -Wall -Wextra -fno-tree-loop-distribute-patterns"

TRACE::2026-09-23.19:59:24::SCWBDomain::Running Make libs in ps7_cortexa9_0/libsrc/emacps_v3_14/src

TRACE::2026-09-23.19:59:24::SCWBDomain::make -C ps7_cortexa9_0/libsrc/emacps_v3_14/src -s libs  "SHELL=/bin/sh" "COMPILER=arm-none-eabi-gcc" "ASSEMBLER=arm-none-eabi-a
TRACE::2026-09-23.19:59:24::SCWBDomain::s" "ARCHIVER=arm-none-eabi-ar" "COMPILER_FLAGS=  -O2 -c" "EXTRA_COMPILER_FLAGS=-mcpu=cortex-a9 -mfpu=vfpv3 -mfloat-abi=hard -no
TRACE::2026-09-23.19:59:24::SCWBDomain::startfiles -g -Wall -Wextra -fno-tree-loop-distribute-patterns"

TRACE::2026-09-23.19:59:24::SCWBDomain::Running Make libs in ps7_cortexa9_0/libsrc/ttcps_v3_14/src

TRACE::2026-09-23.19:59:24::SCWBDomain::make -C ps7_cortexa9_0/libsrc/ttcps_v3_14/src -s libs  "SHELL=/bin/sh" "COMPILER=arm-none-eabi-gcc" "ASSEMBLER=arm-none-eabi-as
TRACE::2026-09-23.19:59:24::SCWBDomain::" "ARCHIVER=arm-none-eabi-ar" "COMPILER_FLAGS=  -O2 -c" "EXTRA_COMPILER_FLAGS=-mcpu=cortex-a9 -mfpu=vfpv3 -mfloat-abi=hard -nos
TRACE::2026-09-23.19:59:24::SCWBDomain::tartfiles -g -Wall -Wextra -fno-tree-loop-distribute-patterns"

TRACE::2026-09-23.19:59:25::SCWBDomain::Running Make libs in ps7_cortexa9_0/libsrc/usbps_v2_7/src

TRACE::2026-09-23.19:59:25::SCWBDomain::make -C ps7_cortexa9_0/libsrc/usbps_v2_7/src -s libs  "SHELL=/bin/sh" "COMPILER=arm-none-eabi-gcc" "ASSEMBLER=arm-none-eabi-as"
TRACE::2026-09-23.19:59:25::SCWBDomain:: "ARCHIVER=arm-none-eabi-ar" "COMPILER_FLAGS=  -O2 -c" "EXTRA_COMPILER_FLAGS=-mcpu=cortex-a9 -mfpu=vfpv3 -mfloat-abi=hard -nost
TRACE::2026-09-23.19:59:25::SCWBDomain::artfiles -g -Wall -Wextra -fno-tree-loop-distribute-patterns"

TRACE::2026-09-23.19:59:25::SCWBDomain::Running Make libs in ps7_cortexa9_0/libsrc/coresightps_dcc_v1_8/src

TRACE::2026-09-23.19:59:25::SCWBDomain::make -C ps7_cortexa9_0/libsrc/coresightps_dcc_v1_8/src -s libs  "SHELL=/bin/sh" "COMPILER=arm-none-eabi-gcc" "ASSEMBLER=arm-non
TRACE::2026-09-23.19:59:25::SCWBDomain::e-eabi-as" "ARCHIVER=arm-none-eabi-ar" "COMPILER_FLAGS=  -O2 -c" "EXTRA_COMPILER_FLAGS=-mcpu=cortex-a9 -mfpu=vfpv3 -mfloat-abi=
TRACE::2026-09-23.19:59:25::SCWBDomain::hard -nostartfiles -g -Wall -Wextra -fno-tree-loop-distribute-patterns"

TRACE::2026-09-23.19:59:25::SCWBDomain::Running Make libs in ps7_cortexa9_0/libsrc/ddrps_v1_2/src

TRACE::2026-09-23.19:59:25::SCWBDomain::make -C ps7_cortexa9_0/libsrc/ddrps_v1_2/src -s libs  "SHELL=/bin/sh" "COMPILER=arm-none-eabi-gcc" "ASSEMBLER=arm-none-eabi-as"
TRACE::2026-09-23.19:59:25::SCWBDomain:: "ARCHIVER=arm-none-eabi-ar" "COMPILER_FLAGS=  -O2 -c" "EXTRA_COMPILER_FLAGS=-mcpu=cortex-a9 -mfpu=vfpv3 -mfloat-abi=hard -nost
TRACE::2026-09-23.19:59:25::SCWBDomain::artfiles -g -Wall -Wextra -fno-tree-loop-distribute-patterns"

TRACE::2026-09-23.19:59:25::SCWBDomain::Running Make libs in ps7_cortexa9_0/libsrc/xadcps_v2_6/src

TRACE::2026-09-23.19:59:25::SCWBDomain::make -C ps7_cortexa9_0/libsrc/xadcps_v2_6/src -s libs  "SHELL=/bin/sh" "COMPILER=arm-none-eabi-gcc" "ASSEMBLER=arm-none-eabi-as
TRACE::2026-09-23.19:59:25::SCWBDomain::" "ARCHIVER=arm-none-eabi-ar" "COMPILER_FLAGS=  -O2 -c" "EXTRA_COMPILER_FLAGS=-mcpu=cortex-a9 -mfpu=vfpv3 -mfloat-abi=hard -nos
TRACE::2026-09-23.19:59:25::SCWBDomain::tartfiles -g -Wall -Wextra -fno-tree-loop-distribute-patterns"

TRACE::2026-09-23.19:59:25::SCWBDomain::Running Make libs in ps7_cortexa9_0/libsrc/cpu_cortexa9_v2_11/src

TRACE::2026-09-23.19:59:25::SCWBDomain::make -C ps7_cortexa9_0/libsrc/cpu_cortexa9_v2_11/src -s libs  "SHELL=/bin/sh" "COMPILER=arm-none-eabi-gcc" "ASSEMBLER=arm-none-
TRACE::2026-09-23.19:59:25::SCWBDomain::eabi-as" "ARCHIVER=arm-none-eabi-ar" "COMPILER_FLAGS=  -O2 -c" "EXTRA_COMPILER_FLAGS=-mcpu=cortex-a9 -mfpu=vfpv3 -mfloat-abi=ha
TRACE::2026-09-23.19:59:25::SCWBDomain::rd -nostartfiles -g -Wall -Wextra -fno-tree-loop-distribute-patterns"

TRACE::2026-09-23.19:59:25::SCWBDomain::Running Make libs in ps7_cortexa9_0/libsrc/qspips_v3_9/src

TRACE::2026-09-23.19:59:25::SCWBDomain::make -C ps7_cortexa9_0/libsrc/qspips_v3_9/src -s libs  "SHELL=/bin/sh" "COMPILER=arm-none-eabi-gcc" "ASSEMBLER=arm-none-eabi-as
TRACE::2026-09-23.19:59:25::SCWBDomain::" "ARCHIVER=arm-none-eabi-ar" "COMPILER_FLAGS=  -O2 -c" "EXTRA_COMPILER_FLAGS=-mcpu=cortex-a9 -mfpu=vfpv3 -mfloat-abi=hard -nos
TRACE::2026-09-23.19:59:25::SCWBDomain::tartfiles -g -Wall -Wextra -fno-tree-loop-distribute-patterns"

TRACE::2026-09-23.19:59:25::SCWBDomain::Running Make libs in ps7_cortexa9_0/libsrc/dmaps_v2_8/src

TRACE::2026-09-23.19:59:25::SCWBDomain::make -C ps7_cortexa9_0/libsrc/dmaps_v2_8/src -s libs  "SHELL=/bin/sh" "COMPILER=arm-none-eabi-gcc" "ASSEMBLER=arm-none-eabi-as"
TRACE::2026-09-23.19:59:25::SCWBDomain:: "ARCHIVER=arm-none-eabi-ar" "COMPILER_FLAGS=  -O2 -c" "EXTRA_COMPILER_FLAGS=-mcpu=cortex-a9 -mfpu=vfpv3 -mfloat-abi=hard -nost
TRACE::2026-09-23.19:59:25::SCWBDomain::artfiles -g -Wall -Wextra -fno-tree-loop-distribute-patterns"

TRACE::2026-09-23.19:59:26::SCWBDomain::Finished building libraries parallelly.

TRACE::2026-09-23.19:59:26::SCWBDomain::make --no-print-directory archive

TRACE::2026-09-23.19:59:26::SCWBDomain::arm-none-eabi-ar -r  ps7_cortexa9_0/lib/libxil.a ps7_cortexa9_0/lib/xsdps_host.o ps7_cortexa9_0/lib/xusbps_intr.o ps7_cortexa9_
TRACE::2026-09-23.19:59:26::SCWBDomain::0/lib/xil_assert.o ps7_cortexa9_0/lib/xscugic_intr.o ps7_cortexa9_0/lib/open.o ps7_cortexa9_0/lib/xemacps_control.o ps7_cortexa
TRACE::2026-09-23.19:59:26::SCWBDomain::9_0/lib/xusbps.o ps7_cortexa9_0/lib/xil_exception.o ps7_cortexa9_0/lib/xqspips_selftest.o ps7_cortexa9_0/lib/abort.o ps7_cortex
TRACE::2026-09-23.19:59:26::SCWBDomain::a9_0/lib/xsdps_sinit.o ps7_cortexa9_0/lib/xusbps_g.o ps7_cortexa9_0/lib/xsdps_g.o ps7_cortexa9_0/lib/xdmaps_selftest.o ps7_cort
TRACE::2026-09-23.19:59:26::SCWBDomain::exa9_0/lib/xqspips_g.o ps7_cortexa9_0/lib/_sbrk.o ps7_cortexa9_0/lib/xpm_counter.o ps7_cortexa9_0/lib/xttcps.o ps7_cortexa9_0/l
TRACE::2026-09-23.19:59:26::SCWBDomain::ib/xdevcfg_selftest.o ps7_cortexa9_0/lib/xscutimer.o ps7_cortexa9_0/lib/xdmaps.o ps7_cortexa9_0/lib/xdevcfg_sinit.o ps7_cortexa
TRACE::2026-09-23.19:59:26::SCWBDomain::9_0/lib/xil_testcache.o ps7_cortexa9_0/lib/getpid.o ps7_cortexa9_0/lib/xdevcfg_g.o ps7_cortexa9_0/lib/asm_vectors.o ps7_cortexa
TRACE::2026-09-23.19:59:26::SCWBDomain::9_0/lib/xl2cc_counter.o ps7_cortexa9_0/lib/xusbps_hw.o ps7_cortexa9_0/lib/xil_testmem.o ps7_cortexa9_0/lib/lseek.o ps7_cortexa9
TRACE::2026-09-23.19:59:26::SCWBDomain::_0/lib/outbyte.o ps7_cortexa9_0/lib/xuartps_selftest.o ps7_cortexa9_0/lib/xuartps_sinit.o ps7_cortexa9_0/lib/xgpiops.o ps7_cort
TRACE::2026-09-23.19:59:26::SCWBDomain::exa9_0/lib/xadcps.o ps7_cortexa9_0/lib/xuartps_g.o ps7_cortexa9_0/lib/kill.o ps7_cortexa9_0/lib/xil_printf.o ps7_cortexa9_0/lib
TRACE::2026-09-23.19:59:26::SCWBDomain::/xscuwdt.o ps7_cortexa9_0/lib/xgpiops_selftest.o ps7_cortexa9_0/lib/xusbps_sinit.o ps7_cortexa9_0/lib/xemacps_g.o ps7_cortexa9_
TRACE::2026-09-23.19:59:26::SCWBDomain::0/lib/close.o ps7_cortexa9_0/lib/xsdps.o ps7_cortexa9_0/lib/xgpiops_g.o ps7_cortexa9_0/lib/xqspips_hw.o ps7_cortexa9_0/lib/xttc
TRACE::2026-09-23.19:59:26::SCWBDomain::ps_selftest.o ps7_cortexa9_0/lib/putnum.o ps7_cortexa9_0/lib/xscutimer_selftest.o ps7_cortexa9_0/lib/xttcps_sinit.o ps7_cortexa
TRACE::2026-09-23.19:59:26::SCWBDomain::9_0/lib/inbyte.o ps7_cortexa9_0/lib/xscutimer_sinit.o ps7_cortexa9_0/lib/xdmaps_sinit.o ps7_cortexa9_0/lib/xil_misc_psreset_api
TRACE::2026-09-23.19:59:26::SCWBDomain::.o ps7_cortexa9_0/lib/xscutimer_g.o ps7_cortexa9_0/lib/xdmaps_g.o ps7_cortexa9_0/lib/xsdps_options.o ps7_cortexa9_0/lib/xil_sle
TRACE::2026-09-23.19:59:26::SCWBDomain::eptimer.o ps7_cortexa9_0/lib/xdevcfg_hw.o ps7_cortexa9_0/lib/xusbps_endpoint.o ps7_cortexa9_0/lib/_exit.o ps7_cortexa9_0/lib/ti
TRACE::2026-09-23.19:59:26::SCWBDomain::me.o ps7_cortexa9_0/lib/xplatform_info.o ps7_cortexa9_0/lib/xadcps_selftest.o ps7_cortexa9_0/lib/xadcps_sinit.o ps7_cortexa9_0/
TRACE::2026-09-23.19:59:26::SCWBDomain::lib/xqspips_sinit.o ps7_cortexa9_0/lib/xadcps_g.o ps7_cortexa9_0/lib/xscugic.o ps7_cortexa9_0/lib/xil-crt0.o ps7_cortexa9_0/lib
TRACE::2026-09-23.19:59:26::SCWBDomain::/isatty.o ps7_cortexa9_0/lib/xscuwdt_selftest.o ps7_cortexa9_0/lib/xemacps_intr.o ps7_cortexa9_0/lib/xil_clocking.o ps7_cortexa
TRACE::2026-09-23.19:59:26::SCWBDomain::9_0/lib/xgpiops_sinit.o ps7_cortexa9_0/lib/xscuwdt_g.o ps7_cortexa9_0/lib/vectors.o ps7_cortexa9_0/lib/xuartps_options.o ps7_co
TRACE::2026-09-23.19:59:26::SCWBDomain::rtexa9_0/lib/xdevcfg_intr.o ps7_cortexa9_0/lib/errno.o ps7_cortexa9_0/lib/fstat.o ps7_cortexa9_0/lib/xgpiops_hw.o ps7_cortexa9_
TRACE::2026-09-23.19:59:26::SCWBDomain::0/lib/sbrk.o ps7_cortexa9_0/lib/xdmaps_hw.o ps7_cortexa9_0/lib/xsdps_card.o ps7_cortexa9_0/lib/xuartps_intr.o ps7_cortexa9_0/li
TRACE::2026-09-23.19:59:26::SCWBDomain::b/xil_util.o ps7_cortexa9_0/lib/xscugic_selftest.o ps7_cortexa9_0/lib/xemacps_sinit.o ps7_cortexa9_0/lib/xttcps_options.o ps7_c
TRACE::2026-09-23.19:59:26::SCWBDomain::ortexa9_0/lib/xtime_l.o ps7_cortexa9_0/lib/xemacps_hw.o ps7_cortexa9_0/lib/xttcps_g.o ps7_cortexa9_0/lib/read.o ps7_cortexa9_0/
TRACE::2026-09-23.19:59:26::SCWBDomain::lib/xuartps_hw.o ps7_cortexa9_0/lib/xscugic_sinit.o ps7_cortexa9_0/lib/xgpiops_intr.o ps7_cortexa9_0/lib/xscugic_g.o ps7_cortex
TRACE::2026-09-23.19:59:26::SCWBDomain::a9_0/lib/xil_sleepcommon.o ps7_cortexa9_0/lib/usleep.o ps7_cortexa9_0/lib/xadcps_intr.o ps7_cortexa9_0/lib/xscuwdt_sinit.o ps7_
TRACE::2026-09-23.19:59:26::SCWBDomain::cortexa9_0/lib/cpu_init.o ps7_cortexa9_0/lib/xemacps_bdring.o ps7_cortexa9_0/lib/boot.o ps7_cortexa9_0/lib/xil_mmu.o ps7_cortex
TRACE::2026-09-23.19:59:26::SCWBDomain::a9_0/lib/write.o ps7_cortexa9_0/lib/translation_table.o ps7_cortexa9_0/lib/xil_spinlock.o ps7_cortexa9_0/lib/unlink.o ps7_corte
TRACE::2026-09-23.19:59:26::SCWBDomain::xa9_0/lib/print.o ps7_cortexa9_0/lib/xil_testio.o ps7_cortexa9_0/lib/xil_cache.o ps7_cortexa9_0/lib/xemacps.o ps7_cortexa9_0/li
TRACE::2026-09-23.19:59:26::SCWBDomain::b/xqspips.o ps7_cortexa9_0/lib/xdevcfg.o ps7_cortexa9_0/lib/xqspips_options.o ps7_cortexa9_0/lib/fcntl.o ps7_cortexa9_0/lib/_op
TRACE::2026-09-23.19:59:26::SCWBDomain::en.o ps7_cortexa9_0/lib/xil_mem.o ps7_cortexa9_0/lib/cpputest_time.o ps7_cortexa9_0/lib/sleep.o ps7_cortexa9_0/lib/xuartps.o ps
TRACE::2026-09-23.19:59:26::SCWBDomain::7_cortexa9_0/lib/xscugic_hw.o ps7_cortexa9_0/lib/xcoresightpsdcc.o

TRACE::2026-09-23.19:59:26::SCWBDomain::Finished building libraries

TRACE::2026-09-23.19:59:26::SCWBDomain::make: Leaving directory '/home/user/Desktop/lab_3/Vitis/zynq_keypad_system_wrapper/zynq_fsbl/zynq_fsbl_bsp'

TRACE::2026-09-23.19:59:26::SCWBDomain::arm-none-eabi-gcc -MMD -MP       -mcpu=cortex-a9 -mfpu=vfpv3 -mfloat-abi=hard   -O2 -c -c pcap.c -o pcap.o -Izynq_fsbl_bsp/ps7_
TRACE::2026-09-23.19:59:26::SCWBDomain::cortexa9_0/include -I.

TRACE::2026-09-23.19:59:26::SCWBDomain::arm-none-eabi-gcc -MMD -MP       -mcpu=cortex-a9 -mfpu=vfpv3 -mfloat-abi=hard   -O2 -c -c nand.c -o nand.o -Izynq_fsbl_bsp/ps7_
TRACE::2026-09-23.19:59:26::SCWBDomain::cortexa9_0/include -I.

TRACE::2026-09-23.19:59:26::SCWBDomain::arm-none-eabi-gcc -MMD -MP       -mcpu=cortex-a9 -mfpu=vfpv3 -mfloat-abi=hard   -O2 -c -c qspi.c -o qspi.o -Izynq_fsbl_bsp/ps7_
TRACE::2026-09-23.19:59:26::SCWBDomain::cortexa9_0/include -I.

TRACE::2026-09-23.19:59:26::SCWBDomain::arm-none-eabi-gcc -MMD -MP       -mcpu=cortex-a9 -mfpu=vfpv3 -mfloat-abi=hard   -O2 -c -c rsa.c -o rsa.o -Izynq_fsbl_bsp/ps7_co
TRACE::2026-09-23.19:59:26::SCWBDomain::rtexa9_0/include -I.

TRACE::2026-09-23.19:59:26::SCWBDomain::arm-none-eabi-gcc -MMD -MP       -mcpu=cortex-a9 -mfpu=vfpv3 -mfloat-abi=hard   -O2 -c -c main.c -o main.o -Izynq_fsbl_bsp/ps7_
TRACE::2026-09-23.19:59:26::SCWBDomain::cortexa9_0/include -I.

TRACE::2026-09-23.19:59:26::SCWBDomain::arm-none-eabi-gcc -MMD -MP       -mcpu=cortex-a9 -mfpu=vfpv3 -mfloat-abi=hard   -O2 -c -c md5.c -o md5.o -Izynq_fsbl_bsp/ps7_co
TRACE::2026-09-23.19:59:26::SCWBDomain::rtexa9_0/include -I.

TRACE::2026-09-23.19:59:26::SCWBDomain::arm-none-eabi-gcc -MMD -MP       -mcpu=cortex-a9 -mfpu=vfpv3 -mfloat-abi=hard   -O2 -c -c image_mover.c -o image_mover.o -Izynq
TRACE::2026-09-23.19:59:26::SCWBDomain::_fsbl_bsp/ps7_cortexa9_0/include -I.

TRACE::2026-09-23.19:59:26::SCWBDomain::arm-none-eabi-gcc -MMD -MP       -mcpu=cortex-a9 -mfpu=vfpv3 -mfloat-abi=hard   -O2 -c -c ps7_init.c -o ps7_init.o -Izynq_fsbl_
TRACE::2026-09-23.19:59:26::SCWBDomain::bsp/ps7_cortexa9_0/include -I.

TRACE::2026-09-23.19:59:27::SCWBDomain::arm-none-eabi-gcc -MMD -MP       -mcpu=cortex-a9 -mfpu=vfpv3 -mfloat-abi=hard   -O2 -c -c nor.c -o nor.o -Izynq_fsbl_bsp/ps7_co
TRACE::2026-09-23.19:59:27::SCWBDomain::rtexa9_0/include -I.

TRACE::2026-09-23.19:59:27::SCWBDomain::arm-none-eabi-gcc -MMD -MP       -mcpu=cortex-a9 -mfpu=vfpv3 -mfloat-abi=hard   -O2 -c -c fsbl_hooks.c -o fsbl_hooks.o -Izynq_f
TRACE::2026-09-23.19:59:27::SCWBDomain::sbl_bsp/ps7_cortexa9_0/include -I.

TRACE::2026-09-23.19:59:27::SCWBDomain::arm-none-eabi-gcc -MMD -MP       -mcpu=cortex-a9 -mfpu=vfpv3 -mfloat-abi=hard   -O2 -c -c sd.c -o sd.o -Izynq_fsbl_bsp/ps7_cort
TRACE::2026-09-23.19:59:27::SCWBDomain::exa9_0/include -I.

TRACE::2026-09-23.19:59:27::SCWBDomain::arm-none-eabi-gcc -MMD -MP       -mcpu=cortex-a9 -mfpu=vfpv3 -mfloat-abi=hard   -O2 -c -c fsbl_handoff.S -o fsbl_handoff.o -Izy
TRACE::2026-09-23.19:59:27::SCWBDomain::nq_fsbl_bsp/ps7_cortexa9_0/include -I.

TRACE::2026-09-23.19:59:27::SCWBDomain::arm-none-eabi-gcc -o fsbl.elf  pcap.o  nand.o  qspi.o  rsa.o  main.o  md5.o  image_mover.o  ps7_init.o  nor.o  fsbl_hooks.o  sd
TRACE::2026-09-23.19:59:27::SCWBDomain::.o  fsbl_handoff.o  -MMD -MP       -mcpu=cortex-a9 -mfpu=vfpv3 -mfloat-abi=hard   -mcpu=cortex-a9 -mfpu=vfpv3 -mfloat-abi=hard 
TRACE::2026-09-23.19:59:27::SCWBDomain::-Wl,-build-id=none -specs=Xilinx.spec  -lrsa -Wl,--start-group,-lxil,-lgcc,-lc,--end-group -Wl,--start-group,-lxilffs,-lxil,-lg
TRACE::2026-09-23.19:59:27::SCWBDomain::cc,-lc,--end-group -Wl,--start-group,-lrsa,-lxil,-lgcc,-lc,--end-group                                     -Wl,--gc-sections -L
TRACE::2026-09-23.19:59:27::SCWBDomain::zynq_fsbl_bsp/ps7_cortexa9_0/lib -L./ -Tlscript.ld

LOG::2026-09-23.19:59:27::SCWSystem::Checking the domain standalone_ps7_cortexa9_0
LOG::2026-09-23.19:59:27::SCWSystem::Not a boot domain 
LOG::2026-09-23.19:59:27::SCWSystem::Started Processing the domain standalone_ps7_cortexa9_0
TRACE::2026-09-23.19:59:27::SCWDomain::Generating domain artifcats
TRACE::2026-09-23.19:59:27::SCWMssOS::Generating standalone artifcats
TRACE::2026-09-23.19:59:27::SCWMssOS::Copying the qemu file from  /home/software/Xilinx/Vitis/2021.1/data/emulation/platforms/zynq/sw/a9_standalone/qemu/qemu_args.txt To /home/user/Desktop/lab_3/Vitis/zynq_keypad_system_wrapper/export/zynq_keypad_system_wrapper/sw/zynq_keypad_system_wrapper/qemu/
TRACE::2026-09-23.19:59:27::SCWMssOS::Copying the qemu file from  /home/software/Xilinx/Vitis/2021.1/data/emulation/platforms/zynq/sw/a9_standalone/qemu/qemu_args.txt To /home/user/Desktop/lab_3/Vitis/zynq_keypad_system_wrapper/export/zynq_keypad_system_wrapper/sw/zynq_keypad_system_wrapper/standalone_ps7_cortexa9_0/qemu/
TRACE::2026-09-23.19:59:27::SCWMssOS:: Copying the user libraries. 
TRACE::2026-09-23.19:59:27::SCWPlatform::Trying to open the hw design at /home/user/Desktop/lab_3/Vitis/zynq_keypad_system_wrapper/hw/zynq_keypad_system_wrapper.xsa
TRACE::2026-09-23.19:59:27::SCWPlatform::DSA given /home/user/Desktop/lab_3/Vitis/zynq_keypad_system_wrapper/hw/zynq_keypad_system_wrapper.xsa
TRACE::2026-09-23.19:59:27::SCWPlatform::DSA absoulate path /home/user/Desktop/lab_3/Vitis/zynq_keypad_system_wrapper/hw/zynq_keypad_system_wrapper.xsa
TRACE::2026-09-23.19:59:27::SCWPlatform::DSA directory /home/user/Desktop/lab_3/Vitis/zynq_keypad_system_wrapper/hw
TRACE::2026-09-23.19:59:27::SCWPlatform:: Platform Path /home/user/Desktop/lab_3/Vitis/zynq_keypad_system_wrapper/hw/zynq_keypad_system_wrapper.xsa
TRACE::2026-09-23.19:59:27::SCWPlatform:: Unique name xilinx:zybo::0.0
TRACE::2026-09-23.19:59:27::SCWPlatform::Trying to set the existing hwdb with name zynq_keypad_system_wrapper_0
TRACE::2026-09-23.19:59:27::SCWPlatform::Opened existing hwdb zynq_keypad_system_wrapper_0
TRACE::2026-09-23.19:59:27::SCWPlatform::Found the Hw Db part of the input DSA
TRACE::2026-09-23.19:59:27::SCWMssOS::Checking the sw design at  /home/user/Desktop/lab_3/Vitis/zynq_keypad_system_wrapper/ps7_cortexa9_0/standalone_ps7_cortexa9_0/bsp/system.mss
TRACE::2026-09-23.19:59:27::SCWMssOS::DEBUG:  swdes dump  /home/user/Desktop/lab_3/Vitis/zynq_keypad_system_wrapper/ps7_cortexa9_0/standalone_ps7_cortexa9_0/bsp/system.mss|system_0||
/home/user/Desktop/lab_3/Vitis/zynq_keypad_system_wrapper/zynq_fsbl/zynq_fsbl_bsp/system.mss|system||

TRACE::2026-09-23.19:59:27::SCWMssOS::Sw design exists and opened at  /home/user/Desktop/lab_3/Vitis/zynq_keypad_system_wrapper/ps7_cortexa9_0/standalone_ps7_cortexa9_0/bsp/system.mss
TRACE::2026-09-23.19:59:27::SCWMssOS::Completed writing the mss file at /home/user/Desktop/lab_3/Vitis/zynq_keypad_system_wrapper/ps7_cortexa9_0/standalone_ps7_cortexa9_0/bsp
TRACE::2026-09-23.19:59:27::SCWMssOS::Mss edits present, copying mssfile into export location /home/user/Desktop/lab_3/Vitis/zynq_keypad_system_wrapper/ps7_cortexa9_0/standalone_ps7_cortexa9_0/bsp/system.mss
TRACE::2026-09-23.19:59:27::SCWMssOS::bsp generated is upto date with the mss file. Skipping bsp generation.
TRACE::2026-09-23.19:59:27::SCWMssOS::BSP is already built. skipping the bsp build ... 
TRACE::2026-09-23.19:59:27::SCWDomain::Building the domain as part of full build :  standalone_ps7_cortexa9_0
TRACE::2026-09-23.19:59:27::SCWMssOS::doing bsp build ... 
TRACE::2026-09-23.19:59:27::SCWMssOS::System Command Ran  cd  /home/user/Desktop/lab_3/Vitis/zynq_keypad_system_wrapper/ps7_cortexa9_0/standalone_ps7_cortexa9_0/bsp ; bash -c "make  " 
TRACE::2026-09-23.19:59:27::SCWMssOS::make --no-print-directory seq_libs

TRACE::2026-09-23.19:59:27::SCWMssOS::Running Make include in ps7_cortexa9_0/libsrc/gpiops_v3_9/src

TRACE::2026-09-23.19:59:27::SCWMssOS::make -C ps7_cortexa9_0/libsrc/gpiops_v3_9/src -s include  "SHELL=/bin/sh" "COMPILER=arm-none-eabi-gcc" "ASSEMBLER=arm-none-eabi
TRACE::2026-09-23.19:59:27::SCWMssOS::-as" "ARCHIVER=arm-none-eabi-ar" "COMPILER_FLAGS=  -O2 -c" "EXTRA_COMPILER_FLAGS=-mcpu=cortex-a9 -mfpu=vfpv3 -mfloat-abi=hard -
TRACE::2026-09-23.19:59:27::SCWMssOS::nostartfiles -g -Wall -Wextra -fno-tree-loop-distribute-patterns"

TRACE::2026-09-23.19:59:27::SCWMssOS::Running Make include in ps7_cortexa9_0/libsrc/scugic_v4_5/src

TRACE::2026-09-23.19:59:27::SCWMssOS::make -C ps7_cortexa9_0/libsrc/scugic_v4_5/src -s include  "SHELL=/bin/sh" "COMPILER=arm-none-eabi-gcc" "ASSEMBLER=arm-none-eabi
TRACE::2026-09-23.19:59:27::SCWMssOS::-as" "ARCHIVER=arm-none-eabi-ar" "COMPILER_FLAGS=  -O2 -c" "EXTRA_COMPILER_FLAGS=-mcpu=cortex-a9 -mfpu=vfpv3 -mfloat-abi=hard -
TRACE::2026-09-23.19:59:27::SCWMssOS::nostartfiles -g -Wall -Wextra -fno-tree-loop-distribute-patterns"

TRACE::2026-09-23.19:59:27::SCWMssOS::Running Make include in ps7_cortexa9_0/libsrc/scuwdt_v2_4/src

TRACE::2026-09-23.19:59:27::SCWMssOS::make -C ps7_cortexa9_0/libsrc/scuwdt_v2_4/src -s include  "SHELL=/bin/sh" "COMPILER=arm-none-eabi-gcc" "ASSEMBLER=arm-none-eabi
TRACE::2026-09-23.19:59:27::SCWMssOS::-as" "ARCHIVER=arm-none-eabi-ar" "COMPILER_FLAGS=  -O2 -c" "EXTRA_COMPILER_FLAGS=-mcpu=cortex-a9 -mfpu=vfpv3 -mfloat-abi=hard -
TRACE::2026-09-23.19:59:27::SCWMssOS::nostartfiles -g -Wall -Wextra -fno-tree-loop-distribute-patterns"

TRACE::2026-09-23.19:59:27::SCWMssOS::Running Make include in ps7_cortexa9_0/libsrc/devcfg_v3_7/src

TRACE::2026-09-23.19:59:27::SCWMssOS::make -C ps7_cortexa9_0/libsrc/devcfg_v3_7/src -s include  "SHELL=/bin/sh" "COMPILER=arm-none-eabi-gcc" "ASSEMBLER=arm-none-eabi
TRACE::2026-09-23.19:59:27::SCWMssOS::-as" "ARCHIVER=arm-none-eabi-ar" "COMPILER_FLAGS=  -O2 -c" "EXTRA_COMPILER_FLAGS=-mcpu=cortex-a9 -mfpu=vfpv3 -mfloat-abi=hard -
TRACE::2026-09-23.19:59:27::SCWMssOS::nostartfiles -g -Wall -Wextra -fno-tree-loop-distribute-patterns"

TRACE::2026-09-23.19:59:27::SCWMssOS::Running Make include in ps7_cortexa9_0/libsrc/standalone_v7_5/src

TRACE::2026-09-23.19:59:27::SCWMssOS::make -C ps7_cortexa9_0/libsrc/standalone_v7_5/src -s include  "SHELL=/bin/sh" "COMPILER=arm-none-eabi-gcc" "ASSEMBLER=arm-none-
TRACE::2026-09-23.19:59:27::SCWMssOS::eabi-as" "ARCHIVER=arm-none-eabi-ar" "COMPILER_FLAGS=  -O2 -c" "EXTRA_COMPILER_FLAGS=-mcpu=cortex-a9 -mfpu=vfpv3 -mfloat-abi=ha
TRACE::2026-09-23.19:59:27::SCWMssOS::rd -nostartfiles -g -Wall -Wextra -fno-tree-loop-distribute-patterns"

TRACE::2026-09-23.19:59:27::SCWMssOS::Running Make include in ps7_cortexa9_0/libsrc/uartps_v3_11/src

TRACE::2026-09-23.19:59:27::SCWMssOS::make -C ps7_cortexa9_0/libsrc/uartps_v3_11/src -s include  "SHELL=/bin/sh" "COMPILER=arm-none-eabi-gcc" "ASSEMBLER=arm-none-eab
TRACE::2026-09-23.19:59:27::SCWMssOS::i-as" "ARCHIVER=arm-none-eabi-ar" "COMPILER_FLAGS=  -O2 -c" "EXTRA_COMPILER_FLAGS=-mcpu=cortex-a9 -mfpu=vfpv3 -mfloat-abi=hard 
TRACE::2026-09-23.19:59:27::SCWMssOS::-nostartfiles -g -Wall -Wextra -fno-tree-loop-distribute-patterns"

TRACE::2026-09-23.19:59:27::SCWMssOS::Running Make include in ps7_cortexa9_0/libsrc/scutimer_v2_3/src

TRACE::2026-09-23.19:59:27::SCWMssOS::make -C ps7_cortexa9_0/libsrc/scutimer_v2_3/src -s include  "SHELL=/bin/sh" "COMPILER=arm-none-eabi-gcc" "ASSEMBLER=arm-none-ea
TRACE::2026-09-23.19:59:27::SCWMssOS::bi-as" "ARCHIVER=arm-none-eabi-ar" "COMPILER_FLAGS=  -O2 -c" "EXTRA_COMPILER_FLAGS=-mcpu=cortex-a9 -mfpu=vfpv3 -mfloat-abi=hard
TRACE::2026-09-23.19:59:27::SCWMssOS:: -nostartfiles -g -Wall -Wextra -fno-tree-loop-distribute-patterns"

TRACE::2026-09-23.19:59:27::SCWMssOS::Running Make include in ps7_cortexa9_0/libsrc/sdps_v3_12/src

TRACE::2026-09-23.19:59:27::SCWMssOS::make -C ps7_cortexa9_0/libsrc/sdps_v3_12/src -s include  "SHELL=/bin/sh" "COMPILER=arm-none-eabi-gcc" "ASSEMBLER=arm-none-eabi-
TRACE::2026-09-23.19:59:27::SCWMssOS::as" "ARCHIVER=arm-none-eabi-ar" "COMPILER_FLAGS=  -O2 -c" "EXTRA_COMPILER_FLAGS=-mcpu=cortex-a9 -mfpu=vfpv3 -mfloat-abi=hard -n
TRACE::2026-09-23.19:59:27::SCWMssOS::ostartfiles -g -Wall -Wextra -fno-tree-loop-distribute-patterns"

TRACE::2026-09-23.19:59:27::SCWMssOS::Running Make include in ps7_cortexa9_0/libsrc/emacps_v3_14/src

TRACE::2026-09-23.19:59:27::SCWMssOS::make -C ps7_cortexa9_0/libsrc/emacps_v3_14/src -s include  "SHELL=/bin/sh" "COMPILER=arm-none-eabi-gcc" "ASSEMBLER=arm-none-eab
TRACE::2026-09-23.19:59:27::SCWMssOS::i-as" "ARCHIVER=arm-none-eabi-ar" "COMPILER_FLAGS=  -O2 -c" "EXTRA_COMPILER_FLAGS=-mcpu=cortex-a9 -mfpu=vfpv3 -mfloat-abi=hard 
TRACE::2026-09-23.19:59:27::SCWMssOS::-nostartfiles -g -Wall -Wextra -fno-tree-loop-distribute-patterns"

TRACE::2026-09-23.19:59:27::SCWMssOS::Running Make include in ps7_cortexa9_0/libsrc/ttcps_v3_14/src

TRACE::2026-09-23.19:59:27::SCWMssOS::make -C ps7_cortexa9_0/libsrc/ttcps_v3_14/src -s include  "SHELL=/bin/sh" "COMPILER=arm-none-eabi-gcc" "ASSEMBLER=arm-none-eabi
TRACE::2026-09-23.19:59:27::SCWMssOS::-as" "ARCHIVER=arm-none-eabi-ar" "COMPILER_FLAGS=  -O2 -c" "EXTRA_COMPILER_FLAGS=-mcpu=cortex-a9 -mfpu=vfpv3 -mfloat-abi=hard -
TRACE::2026-09-23.19:59:27::SCWMssOS::nostartfiles -g -Wall -Wextra -fno-tree-loop-distribute-patterns"

TRACE::2026-09-23.19:59:27::SCWMssOS::Running Make include in ps7_cortexa9_0/libsrc/usbps_v2_7/src

TRACE::2026-09-23.19:59:27::SCWMssOS::make -C ps7_cortexa9_0/libsrc/usbps_v2_7/src -s include  "SHELL=/bin/sh" "COMPILER=arm-none-eabi-gcc" "ASSEMBLER=arm-none-eabi-
TRACE::2026-09-23.19:59:27::SCWMssOS::as" "ARCHIVER=arm-none-eabi-ar" "COMPILER_FLAGS=  -O2 -c" "EXTRA_COMPILER_FLAGS=-mcpu=cortex-a9 -mfpu=vfpv3 -mfloat-abi=hard -n
TRACE::2026-09-23.19:59:27::SCWMssOS::ostartfiles -g -Wall -Wextra -fno-tree-loop-distribute-patterns"

TRACE::2026-09-23.19:59:27::SCWMssOS::Running Make include in ps7_cortexa9_0/libsrc/coresightps_dcc_v1_8/src

TRACE::2026-09-23.19:59:27::SCWMssOS::make -C ps7_cortexa9_0/libsrc/coresightps_dcc_v1_8/src -s include  "SHELL=/bin/sh" "COMPILER=arm-none-eabi-gcc" "ASSEMBLER=arm-
TRACE::2026-09-23.19:59:27::SCWMssOS::none-eabi-as" "ARCHIVER=arm-none-eabi-ar" "COMPILER_FLAGS=  -O2 -c" "EXTRA_COMPILER_FLAGS=-mcpu=cortex-a9 -mfpu=vfpv3 -mfloat-a
TRACE::2026-09-23.19:59:27::SCWMssOS::bi=hard -nostartfiles -g -Wall -Wextra -fno-tree-loop-distribute-patterns"

TRACE::2026-09-23.19:59:27::SCWMssOS::Running Make include in ps7_cortexa9_0/libsrc/ddrps_v1_2/src

TRACE::2026-09-23.19:59:27::SCWMssOS::make -C ps7_cortexa9_0/libsrc/ddrps_v1_2/src -s include  "SHELL=/bin/sh" "COMPILER=arm-none-eabi-gcc" "ASSEMBLER=arm-none-eabi-
TRACE::2026-09-23.19:59:27::SCWMssOS::as" "ARCHIVER=arm-none-eabi-ar" "COMPILER_FLAGS=  -O2 -c" "EXTRA_COMPILER_FLAGS=-mcpu=cortex-a9 -mfpu=vfpv3 -mfloat-abi=hard -n
TRACE::2026-09-23.19:59:27::SCWMssOS::ostartfiles -g -Wall -Wextra -fno-tree-loop-distribute-patterns"

TRACE::2026-09-23.19:59:27::SCWMssOS::Running Make include in ps7_cortexa9_0/libsrc/xadcps_v2_6/src

TRACE::2026-09-23.19:59:27::SCWMssOS::make -C ps7_cortexa9_0/libsrc/xadcps_v2_6/src -s include  "SHELL=/bin/sh" "COMPILER=arm-none-eabi-gcc" "ASSEMBLER=arm-none-eabi
TRACE::2026-09-23.19:59:27::SCWMssOS::-as" "ARCHIVER=arm-none-eabi-ar" "COMPILER_FLAGS=  -O2 -c" "EXTRA_COMPILER_FLAGS=-mcpu=cortex-a9 -mfpu=vfpv3 -mfloat-abi=hard -
TRACE::2026-09-23.19:59:27::SCWMssOS::nostartfiles -g -Wall -Wextra -fno-tree-loop-distribute-patterns"

TRACE::2026-09-23.19:59:27::SCWMssOS::Running Make include in ps7_cortexa9_0/libsrc/cpu_cortexa9_v2_11/src

TRACE::2026-09-23.19:59:27::SCWMssOS::make -C ps7_cortexa9_0/libsrc/cpu_cortexa9_v2_11/src -s include  "SHELL=/bin/sh" "COMPILER=arm-none-eabi-gcc" "ASSEMBLER=arm-no
TRACE::2026-09-23.19:59:27::SCWMssOS::ne-eabi-as" "ARCHIVER=arm-none-eabi-ar" "COMPILER_FLAGS=  -O2 -c" "EXTRA_COMPILER_FLAGS=-mcpu=cortex-a9 -mfpu=vfpv3 -mfloat-abi
TRACE::2026-09-23.19:59:27::SCWMssOS::=hard -nostartfiles -g -Wall -Wextra -fno-tree-loop-distribute-patterns"

TRACE::2026-09-23.19:59:27::SCWMssOS::Running Make include in ps7_cortexa9_0/libsrc/qspips_v3_9/src

TRACE::2026-09-23.19:59:27::SCWMssOS::make -C ps7_cortexa9_0/libsrc/qspips_v3_9/src -s include  "SHELL=/bin/sh" "COMPILER=arm-none-eabi-gcc" "ASSEMBLER=arm-none-eabi
TRACE::2026-09-23.19:59:27::SCWMssOS::-as" "ARCHIVER=arm-none-eabi-ar" "COMPILER_FLAGS=  -O2 -c" "EXTRA_COMPILER_FLAGS=-mcpu=cortex-a9 -mfpu=vfpv3 -mfloat-abi=hard -
TRACE::2026-09-23.19:59:27::SCWMssOS::nostartfiles -g -Wall -Wextra -fno-tree-loop-distribute-patterns"

TRACE::2026-09-23.19:59:27::SCWMssOS::Running Make include in ps7_cortexa9_0/libsrc/dmaps_v2_8/src

TRACE::2026-09-23.19:59:27::SCWMssOS::make -C ps7_cortexa9_0/libsrc/dmaps_v2_8/src -s include  "SHELL=/bin/sh" "COMPILER=arm-none-eabi-gcc" "ASSEMBLER=arm-none-eabi-
TRACE::2026-09-23.19:59:27::SCWMssOS::as" "ARCHIVER=arm-none-eabi-ar" "COMPILER_FLAGS=  -O2 -c" "EXTRA_COMPILER_FLAGS=-mcpu=cortex-a9 -mfpu=vfpv3 -mfloat-abi=hard -n
TRACE::2026-09-23.19:59:27::SCWMssOS::ostartfiles -g -Wall -Wextra -fno-tree-loop-distribute-patterns"

TRACE::2026-09-23.19:59:27::SCWMssOS::Running Make include in ps7_cortexa9_0/libsrc/PmodKYPD_v1_0/src

TRACE::2026-09-23.19:59:27::SCWMssOS::make -C ps7_cortexa9_0/libsrc/PmodKYPD_v1_0/src -s include  "SHELL=/bin/sh" "COMPILER=arm-none-eabi-gcc" "ASSEMBLER=arm-none-ea
TRACE::2026-09-23.19:59:27::SCWMssOS::bi-as" "ARCHIVER=arm-none-eabi-ar" "COMPILER_FLAGS=  -O2 -c" "EXTRA_COMPILER_FLAGS=-mcpu=cortex-a9 -mfpu=vfpv3 -mfloat-abi=hard
TRACE::2026-09-23.19:59:27::SCWMssOS:: -nostartfiles -g -Wall -Wextra -fno-tree-loop-distribute-patterns"

TRACE::2026-09-23.19:59:27::SCWMssOS::Running Make libs in ps7_cortexa9_0/libsrc/PmodKYPD_v1_0/src

TRACE::2026-09-23.19:59:27::SCWMssOS::make -C ps7_cortexa9_0/libsrc/PmodKYPD_v1_0/src -s libs  "SHELL=/bin/sh" "COMPILER=arm-none-eabi-gcc" "ASSEMBLER=arm-none-eabi-
TRACE::2026-09-23.19:59:27::SCWMssOS::as" "ARCHIVER=arm-none-eabi-ar" "COMPILER_FLAGS=  -O2 -c" "EXTRA_COMPILER_FLAGS=-mcpu=cortex-a9 -mfpu=vfpv3 -mfloat-abi=hard -n
TRACE::2026-09-23.19:59:27::SCWMssOS::ostartfiles -g -Wall -Wextra -fno-tree-loop-distribute-patterns"

TRACE::2026-09-23.19:59:27::SCWMssOS::Compiling PmodKYPD

TRACE::2026-09-23.19:59:27::SCWMssOS::Finished building libraries sequentially.

TRACE::2026-09-23.19:59:27::SCWMssOS::make -j 6 --no-print-directory par_libs

TRACE::2026-09-23.19:59:27::SCWMssOS::Running Make include in ps7_cortexa9_0/libsrc/gpiops_v3_9/src

TRACE::2026-09-23.19:59:27::SCWMssOS::Running Make include in ps7_cortexa9_0/libsrc/scugic_v4_5/src

TRACE::2026-09-23.19:59:27::SCWMssOS::Running Make include in ps7_cortexa9_0/libsrc/scuwdt_v2_4/src

TRACE::2026-09-23.19:59:27::SCWMssOS::make -C ps7_cortexa9_0/libsrc/scugic_v4_5/src -s include  "SHELL=/bin/sh" "COMPILER=arm-none-eabi-gcc" "ASSEMBLER=arm-none-eabi
TRACE::2026-09-23.19:59:27::SCWMssOS::-as" "ARCHIVER=arm-none-eabi-ar" "COMPILER_FLAGS=  -O2 -c" "EXTRA_COMPILER_FLAGS=-mcpu=cortex-a9 -mfpu=vfpv3 -mfloat-abi=hard -
TRACE::2026-09-23.19:59:27::SCWMssOS::nostartfiles -g -Wall -Wextra -fno-tree-loop-distribute-patterns"

TRACE::2026-09-23.19:59:27::SCWMssOS::make -C ps7_cortexa9_0/libsrc/scuwdt_v2_4/src -s include  "SHELL=/bin/sh" "COMPILER=arm-none-eabi-gcc" "ASSEMBLER=arm-none-eabi
TRACE::2026-09-23.19:59:27::SCWMssOS::-as" "ARCHIVER=arm-none-eabi-ar" "COMPILER_FLAGS=  -O2 -c" "EXTRA_COMPILER_FLAGS=-mcpu=cortex-a9 -mfpu=vfpv3 -mfloat-abi=hard -
TRACE::2026-09-23.19:59:27::SCWMssOS::nostartfiles -g -Wall -Wextra -fno-tree-loop-distribute-patterns"

TRACE::2026-09-23.19:59:27::SCWMssOS::Running Make include in ps7_cortexa9_0/libsrc/standalone_v7_5/src

TRACE::2026-09-23.19:59:27::SCWMssOS::Running Make include in ps7_cortexa9_0/libsrc/devcfg_v3_7/src

TRACE::2026-09-23.19:59:27::SCWMssOS::Running Make include in ps7_cortexa9_0/libsrc/uartps_v3_11/src

TRACE::2026-09-23.19:59:27::SCWMssOS::make -C ps7_cortexa9_0/libsrc/devcfg_v3_7/src -s include  "SHELL=/bin/sh" "COMPILER=arm-none-eabi-gcc" "ASSEMBLER=arm-none-eabi
TRACE::2026-09-23.19:59:27::SCWMssOS::-as" "ARCHIVER=arm-none-eabi-ar" "COMPILER_FLAGS=  -O2 -c" "EXTRA_COMPILER_FLAGS=-mcpu=cortex-a9 -mfpu=vfpv3 -mfloat-abi=hard -
TRACE::2026-09-23.19:59:27::SCWMssOS::nostartfiles -g -Wall -Wextra -fno-tree-loop-distribute-patterns"

TRACE::2026-09-23.19:59:27::SCWMssOS::make -C ps7_cortexa9_0/libsrc/standalone_v7_5/src -s include  "SHELL=/bin/sh" "COMPILER=arm-none-eabi-gcc" "ASSEMBLER=arm-none-
TRACE::2026-09-23.19:59:27::SCWMssOS::eabi-as" "ARCHIVER=arm-none-eabi-ar" "COMPILER_FLAGS=  -O2 -c" "EXTRA_COMPILER_FLAGS=-mcpu=cortex-a9 -mfpu=vfpv3 -mfloat-abi=ha
TRACE::2026-09-23.19:59:27::SCWMssOS::rd -nostartfiles -g -Wall -Wextra -fno-tree-loop-distribute-patterns"

TRACE::2026-09-23.19:59:27::SCWMssOS::make -C ps7_cortexa9_0/libsrc/uartps_v3_11/src -s include  "SHELL=/bin/sh" "COMPILER=arm-none-eabi-gcc" "ASSEMBLER=arm-none-eab
TRACE::2026-09-23.19:59:27::SCWMssOS::i-as" "ARCHIVER=arm-none-eabi-ar" "COMPILER_FLAGS=  -O2 -c" "EXTRA_COMPILER_FLAGS=-mcpu=cortex-a9 -mfpu=vfpv3 -mfloat-abi=hard 
TRACE::2026-09-23.19:59:27::SCWMssOS::-nostartfiles -g -Wall -Wextra -fno-tree-loop-distribute-patterns"

TRACE::2026-09-23.19:59:27::SCWMssOS::make -C ps7_cortexa9_0/libsrc/gpiops_v3_9/src -s include  "SHELL=/bin/sh" "COMPILER=arm-none-eabi-gcc" "ASSEMBLER=arm-none-eabi
TRACE::2026-09-23.19:59:27::SCWMssOS::-as" "ARCHIVER=arm-none-eabi-ar" "COMPILER_FLAGS=  -O2 -c" "EXTRA_COMPILER_FLAGS=-mcpu=cortex-a9 -mfpu=vfpv3 -mfloat-abi=hard -
TRACE::2026-09-23.19:59:27::SCWMssOS::nostartfiles -g -Wall -Wextra -fno-tree-loop-distribute-patterns"

TRACE::2026-09-23.19:59:27::SCWMssOS::Running Make include in ps7_cortexa9_0/libsrc/scutimer_v2_3/src

TRACE::2026-09-23.19:59:27::SCWMssOS::make -C ps7_cortexa9_0/libsrc/scutimer_v2_3/src -s include  "SHELL=/bin/sh" "COMPILER=arm-none-eabi-gcc" "ASSEMBLER=arm-none-ea
TRACE::2026-09-23.19:59:27::SCWMssOS::bi-as" "ARCHIVER=arm-none-eabi-ar" "COMPILER_FLAGS=  -O2 -c" "EXTRA_COMPILER_FLAGS=-mcpu=cortex-a9 -mfpu=vfpv3 -mfloat-abi=hard
TRACE::2026-09-23.19:59:27::SCWMssOS:: -nostartfiles -g -Wall -Wextra -fno-tree-loop-distribute-patterns"

TRACE::2026-09-23.19:59:27::SCWMssOS::Running Make include in ps7_cortexa9_0/libsrc/sdps_v3_12/src

TRACE::2026-09-23.19:59:27::SCWMssOS::make -C ps7_cortexa9_0/libsrc/sdps_v3_12/src -s include  "SHELL=/bin/sh" "COMPILER=arm-none-eabi-gcc" "ASSEMBLER=arm-none-eabi-
TRACE::2026-09-23.19:59:27::SCWMssOS::as" "ARCHIVER=arm-none-eabi-ar" "COMPILER_FLAGS=  -O2 -c" "EXTRA_COMPILER_FLAGS=-mcpu=cortex-a9 -mfpu=vfpv3 -mfloat-abi=hard -n
TRACE::2026-09-23.19:59:27::SCWMssOS::ostartfiles -g -Wall -Wextra -fno-tree-loop-distribute-patterns"

TRACE::2026-09-23.19:59:27::SCWMssOS::Running Make include in ps7_cortexa9_0/libsrc/emacps_v3_14/src

TRACE::2026-09-23.19:59:27::SCWMssOS::make -C ps7_cortexa9_0/libsrc/emacps_v3_14/src -s include  "SHELL=/bin/sh" "COMPILER=arm-none-eabi-gcc" "ASSEMBLER=arm-none-eab
TRACE::2026-09-23.19:59:27::SCWMssOS::i-as" "ARCHIVER=arm-none-eabi-ar" "COMPILER_FLAGS=  -O2 -c" "EXTRA_COMPILER_FLAGS=-mcpu=cortex-a9 -mfpu=vfpv3 -mfloat-abi=hard 
TRACE::2026-09-23.19:59:27::SCWMssOS::-nostartfiles -g -Wall -Wextra -fno-tree-loop-distribute-patterns"

TRACE::2026-09-23.19:59:27::SCWMssOS::Running Make include in ps7_cortexa9_0/libsrc/ttcps_v3_14/src

TRACE::2026-09-23.19:59:27::SCWMssOS::Running Make include in ps7_cortexa9_0/libsrc/usbps_v2_7/src

TRACE::2026-09-23.19:59:27::SCWMssOS::Running Make include in ps7_cortexa9_0/libsrc/coresightps_dcc_v1_8/src

TRACE::2026-09-23.19:59:27::SCWMssOS::make -C ps7_cortexa9_0/libsrc/ttcps_v3_14/src -s include  "SHELL=/bin/sh" "COMPILER=arm-none-eabi-gcc" "ASSEMBLER=arm-none-eabi
TRACE::2026-09-23.19:59:27::SCWMssOS::-as" "ARCHIVER=arm-none-eabi-ar" "COMPILER_FLAGS=  -O2 -c" "EXTRA_COMPILER_FLAGS=-mcpu=cortex-a9 -mfpu=vfpv3 -mfloat-abi=hard -
TRACE::2026-09-23.19:59:27::SCWMssOS::nostartfiles -g -Wall -Wextra -fno-tree-loop-distribute-patterns"

TRACE::2026-09-23.19:59:27::SCWMssOS::make -C ps7_cortexa9_0/libsrc/usbps_v2_7/src -s include  "SHELL=/bin/sh" "COMPILER=arm-none-eabi-gcc" "ASSEMBLER=arm-none-eabi-
TRACE::2026-09-23.19:59:27::SCWMssOS::as" "ARCHIVER=arm-none-eabi-ar" "COMPILER_FLAGS=  -O2 -c" "EXTRA_COMPILER_FLAGS=-mcpu=cortex-a9 -mfpu=vfpv3 -mfloat-abi=hard -n
TRACE::2026-09-23.19:59:27::SCWMssOS::ostartfiles -g -Wall -Wextra -fno-tree-loop-distribute-patterns"

TRACE::2026-09-23.19:59:27::SCWMssOS::Running Make include in ps7_cortexa9_0/libsrc/ddrps_v1_2/src

TRACE::2026-09-23.19:59:27::SCWMssOS::make -C ps7_cortexa9_0/libsrc/coresightps_dcc_v1_8/src -s include  "SHELL=/bin/sh" "COMPILER=arm-none-eabi-gcc" "ASSEMBLER=arm-
TRACE::2026-09-23.19:59:27::SCWMssOS::none-eabi-as" "ARCHIVER=arm-none-eabi-ar" "COMPILER_FLAGS=  -O2 -c" "EXTRA_COMPILER_FLAGS=-mcpu=cortex-a9 -mfpu=vfpv3 -mfloat-a
TRACE::2026-09-23.19:59:27::SCWMssOS::bi=hard -nostartfiles -g -Wall -Wextra -fno-tree-loop-distribute-patterns"

TRACE::2026-09-23.19:59:27::SCWMssOS::make -C ps7_cortexa9_0/libsrc/ddrps_v1_2/src -s include  "SHELL=/bin/sh" "COMPILER=arm-none-eabi-gcc" "ASSEMBLER=arm-none-eabi-
TRACE::2026-09-23.19:59:27::SCWMssOS::as" "ARCHIVER=arm-none-eabi-ar" "COMPILER_FLAGS=  -O2 -c" "EXTRA_COMPILER_FLAGS=-mcpu=cortex-a9 -mfpu=vfpv3 -mfloat-abi=hard -n
TRACE::2026-09-23.19:59:27::SCWMssOS::ostartfiles -g -Wall -Wextra -fno-tree-loop-distribute-patterns"

TRACE::2026-09-23.19:59:27::SCWMssOS::Running Make include in ps7_cortexa9_0/libsrc/xadcps_v2_6/src

TRACE::2026-09-23.19:59:27::SCWMssOS::make -C ps7_cortexa9_0/libsrc/xadcps_v2_6/src -s include  "SHELL=/bin/sh" "COMPILER=arm-none-eabi-gcc" "ASSEMBLER=arm-none-eabi
TRACE::2026-09-23.19:59:27::SCWMssOS::-as" "ARCHIVER=arm-none-eabi-ar" "COMPILER_FLAGS=  -O2 -c" "EXTRA_COMPILER_FLAGS=-mcpu=cortex-a9 -mfpu=vfpv3 -mfloat-abi=hard -
TRACE::2026-09-23.19:59:27::SCWMssOS::nostartfiles -g -Wall -Wextra -fno-tree-loop-distribute-patterns"

TRACE::2026-09-23.19:59:27::SCWMssOS::Running Make include in ps7_cortexa9_0/libsrc/cpu_cortexa9_v2_11/src

TRACE::2026-09-23.19:59:27::SCWMssOS::Running Make include in ps7_cortexa9_0/libsrc/qspips_v3_9/src

TRACE::2026-09-23.19:59:27::SCWMssOS::Running Make include in ps7_cortexa9_0/libsrc/dmaps_v2_8/src

TRACE::2026-09-23.19:59:27::SCWMssOS::make -C ps7_cortexa9_0/libsrc/cpu_cortexa9_v2_11/src -s include  "SHELL=/bin/sh" "COMPILER=arm-none-eabi-gcc" "ASSEMBLER=arm-no
TRACE::2026-09-23.19:59:27::SCWMssOS::ne-eabi-as" "ARCHIVER=arm-none-eabi-ar" "COMPILER_FLAGS=  -O2 -c" "EXTRA_COMPILER_FLAGS=-mcpu=cortex-a9 -mfpu=vfpv3 -mfloat-abi
TRACE::2026-09-23.19:59:27::SCWMssOS::=hard -nostartfiles -g -Wall -Wextra -fno-tree-loop-distribute-patterns"

TRACE::2026-09-23.19:59:27::SCWMssOS::make -C ps7_cortexa9_0/libsrc/qspips_v3_9/src -s include  "SHELL=/bin/sh" "COMPILER=arm-none-eabi-gcc" "ASSEMBLER=arm-none-eabi
TRACE::2026-09-23.19:59:27::SCWMssOS::-as" "ARCHIVER=arm-none-eabi-ar" "COMPILER_FLAGS=  -O2 -c" "EXTRA_COMPILER_FLAGS=-mcpu=cortex-a9 -mfpu=vfpv3 -mfloat-abi=hard -
TRACE::2026-09-23.19:59:27::SCWMssOS::nostartfiles -g -Wall -Wextra -fno-tree-loop-distribute-patterns"

TRACE::2026-09-23.19:59:27::SCWMssOS::make -C ps7_cortexa9_0/libsrc/dmaps_v2_8/src -s include  "SHELL=/bin/sh" "COMPILER=arm-none-eabi-gcc" "ASSEMBLER=arm-none-eabi-
TRACE::2026-09-23.19:59:27::SCWMssOS::as" "ARCHIVER=arm-none-eabi-ar" "COMPILER_FLAGS=  -O2 -c" "EXTRA_COMPILER_FLAGS=-mcpu=cortex-a9 -mfpu=vfpv3 -mfloat-abi=hard -n
TRACE::2026-09-23.19:59:27::SCWMssOS::ostartfiles -g -Wall -Wextra -fno-tree-loop-distribute-patterns"

TRACE::2026-09-23.19:59:27::SCWMssOS::Running Make include in ps7_cortexa9_0/libsrc/PmodKYPD_v1_0/src

TRACE::2026-09-23.19:59:27::SCWMssOS::make -C ps7_cortexa9_0/libsrc/PmodKYPD_v1_0/src -s include  "SHELL=/bin/sh" "COMPILER=arm-none-eabi-gcc" "ASSEMBLER=arm-none-ea
TRACE::2026-09-23.19:59:27::SCWMssOS::bi-as" "ARCHIVER=arm-none-eabi-ar" "COMPILER_FLAGS=  -O2 -c" "EXTRA_COMPILER_FLAGS=-mcpu=cortex-a9 -mfpu=vfpv3 -mfloat-abi=hard
TRACE::2026-09-23.19:59:27::SCWMssOS:: -nostartfiles -g -Wall -Wextra -fno-tree-loop-distribute-patterns"

TRACE::2026-09-23.19:59:27::SCWMssOS::Running Make libs in ps7_cortexa9_0/libsrc/scugic_v4_5/src

TRACE::2026-09-23.19:59:27::SCWMssOS::Running Make libs in ps7_cortexa9_0/libsrc/gpiops_v3_9/src

TRACE::2026-09-23.19:59:27::SCWMssOS::Running Make libs in ps7_cortexa9_0/libsrc/scuwdt_v2_4/src

TRACE::2026-09-23.19:59:27::SCWMssOS::Running Make libs in ps7_cortexa9_0/libsrc/devcfg_v3_7/src

TRACE::2026-09-23.19:59:27::SCWMssOS::Running Make libs in ps7_cortexa9_0/libsrc/standalone_v7_5/src

TRACE::2026-09-23.19:59:27::SCWMssOS::make -C ps7_cortexa9_0/libsrc/gpiops_v3_9/src -s libs  "SHELL=/bin/sh" "COMPILER=arm-none-eabi-gcc" "ASSEMBLER=arm-none-eabi-as
TRACE::2026-09-23.19:59:27::SCWMssOS::" "ARCHIVER=arm-none-eabi-ar" "COMPILER_FLAGS=  -O2 -c" "EXTRA_COMPILER_FLAGS=-mcpu=cortex-a9 -mfpu=vfpv3 -mfloat-abi=hard -nos
TRACE::2026-09-23.19:59:27::SCWMssOS::tartfiles -g -Wall -Wextra -fno-tree-loop-distribute-patterns"

TRACE::2026-09-23.19:59:27::SCWMssOS::make -C ps7_cortexa9_0/libsrc/scugic_v4_5/src -s libs  "SHELL=/bin/sh" "COMPILER=arm-none-eabi-gcc" "ASSEMBLER=arm-none-eabi-as
TRACE::2026-09-23.19:59:27::SCWMssOS::" "ARCHIVER=arm-none-eabi-ar" "COMPILER_FLAGS=  -O2 -c" "EXTRA_COMPILER_FLAGS=-mcpu=cortex-a9 -mfpu=vfpv3 -mfloat-abi=hard -nos
TRACE::2026-09-23.19:59:27::SCWMssOS::tartfiles -g -Wall -Wextra -fno-tree-loop-distribute-patterns"

TRACE::2026-09-23.19:59:27::SCWMssOS::make -C ps7_cortexa9_0/libsrc/scuwdt_v2_4/src -s libs  "SHELL=/bin/sh" "COMPILER=arm-none-eabi-gcc" "ASSEMBLER=arm-none-eabi-as
TRACE::2026-09-23.19:59:27::SCWMssOS::" "ARCHIVER=arm-none-eabi-ar" "COMPILER_FLAGS=  -O2 -c" "EXTRA_COMPILER_FLAGS=-mcpu=cortex-a9 -mfpu=vfpv3 -mfloat-abi=hard -nos
TRACE::2026-09-23.19:59:27::SCWMssOS::tartfiles -g -Wall -Wextra -fno-tree-loop-distribute-patterns"

TRACE::2026-09-23.19:59:27::SCWMssOS::make -C ps7_cortexa9_0/libsrc/devcfg_v3_7/src -s libs  "SHELL=/bin/sh" "COMPILER=arm-none-eabi-gcc" "ASSEMBLER=arm-none-eabi-as
TRACE::2026-09-23.19:59:27::SCWMssOS::" "ARCHIVER=arm-none-eabi-ar" "COMPILER_FLAGS=  -O2 -c" "EXTRA_COMPILER_FLAGS=-mcpu=cortex-a9 -mfpu=vfpv3 -mfloat-abi=hard -nos
TRACE::2026-09-23.19:59:27::SCWMssOS::tartfiles -g -Wall -Wextra -fno-tree-loop-distribute-patterns"

TRACE::2026-09-23.19:59:27::SCWMssOS::Running Make libs in ps7_cortexa9_0/libsrc/uartps_v3_11/src

TRACE::2026-09-23.19:59:27::SCWMssOS::make -C ps7_cortexa9_0/libsrc/standalone_v7_5/src -s libs  "SHELL=/bin/sh" "COMPILER=arm-none-eabi-gcc" "ASSEMBLER=arm-none-eab
TRACE::2026-09-23.19:59:27::SCWMssOS::i-as" "ARCHIVER=arm-none-eabi-ar" "COMPILER_FLAGS=  -O2 -c" "EXTRA_COMPILER_FLAGS=-mcpu=cortex-a9 -mfpu=vfpv3 -mfloat-abi=hard 
TRACE::2026-09-23.19:59:27::SCWMssOS::-nostartfiles -g -Wall -Wextra -fno-tree-loop-distribute-patterns"

TRACE::2026-09-23.19:59:27::SCWMssOS::make -C ps7_cortexa9_0/libsrc/uartps_v3_11/src -s libs  "SHELL=/bin/sh" "COMPILER=arm-none-eabi-gcc" "ASSEMBLER=arm-none-eabi-a
TRACE::2026-09-23.19:59:27::SCWMssOS::s" "ARCHIVER=arm-none-eabi-ar" "COMPILER_FLAGS=  -O2 -c" "EXTRA_COMPILER_FLAGS=-mcpu=cortex-a9 -mfpu=vfpv3 -mfloat-abi=hard -no
TRACE::2026-09-23.19:59:27::SCWMssOS::startfiles -g -Wall -Wextra -fno-tree-loop-distribute-patterns"

TRACE::2026-09-23.19:59:28::SCWMssOS::Running Make libs in ps7_cortexa9_0/libsrc/scutimer_v2_3/src

TRACE::2026-09-23.19:59:28::SCWMssOS::make -C ps7_cortexa9_0/libsrc/scutimer_v2_3/src -s libs  "SHELL=/bin/sh" "COMPILER=arm-none-eabi-gcc" "ASSEMBLER=arm-none-eabi-
TRACE::2026-09-23.19:59:28::SCWMssOS::as" "ARCHIVER=arm-none-eabi-ar" "COMPILER_FLAGS=  -O2 -c" "EXTRA_COMPILER_FLAGS=-mcpu=cortex-a9 -mfpu=vfpv3 -mfloat-abi=hard -n
TRACE::2026-09-23.19:59:28::SCWMssOS::ostartfiles -g -Wall -Wextra -fno-tree-loop-distribute-patterns"

TRACE::2026-09-23.19:59:28::SCWMssOS::Running Make libs in ps7_cortexa9_0/libsrc/sdps_v3_12/src

TRACE::2026-09-23.19:59:28::SCWMssOS::make -C ps7_cortexa9_0/libsrc/sdps_v3_12/src -s libs  "SHELL=/bin/sh" "COMPILER=arm-none-eabi-gcc" "ASSEMBLER=arm-none-eabi-as"
TRACE::2026-09-23.19:59:28::SCWMssOS:: "ARCHIVER=arm-none-eabi-ar" "COMPILER_FLAGS=  -O2 -c" "EXTRA_COMPILER_FLAGS=-mcpu=cortex-a9 -mfpu=vfpv3 -mfloat-abi=hard -nost
TRACE::2026-09-23.19:59:28::SCWMssOS::artfiles -g -Wall -Wextra -fno-tree-loop-distribute-patterns"

TRACE::2026-09-23.19:59:28::SCWMssOS::Running Make libs in ps7_cortexa9_0/libsrc/emacps_v3_14/src

TRACE::2026-09-23.19:59:28::SCWMssOS::make -C ps7_cortexa9_0/libsrc/emacps_v3_14/src -s libs  "SHELL=/bin/sh" "COMPILER=arm-none-eabi-gcc" "ASSEMBLER=arm-none-eabi-a
TRACE::2026-09-23.19:59:28::SCWMssOS::s" "ARCHIVER=arm-none-eabi-ar" "COMPILER_FLAGS=  -O2 -c" "EXTRA_COMPILER_FLAGS=-mcpu=cortex-a9 -mfpu=vfpv3 -mfloat-abi=hard -no
TRACE::2026-09-23.19:59:28::SCWMssOS::startfiles -g -Wall -Wextra -fno-tree-loop-distribute-patterns"

TRACE::2026-09-23.19:59:28::SCWMssOS::Running Make libs in ps7_cortexa9_0/libsrc/ttcps_v3_14/src

TRACE::2026-09-23.19:59:28::SCWMssOS::make -C ps7_cortexa9_0/libsrc/ttcps_v3_14/src -s libs  "SHELL=/bin/sh" "COMPILER=arm-none-eabi-gcc" "ASSEMBLER=arm-none-eabi-as
TRACE::2026-09-23.19:59:28::SCWMssOS::" "ARCHIVER=arm-none-eabi-ar" "COMPILER_FLAGS=  -O2 -c" "EXTRA_COMPILER_FLAGS=-mcpu=cortex-a9 -mfpu=vfpv3 -mfloat-abi=hard -nos
TRACE::2026-09-23.19:59:28::SCWMssOS::tartfiles -g -Wall -Wextra -fno-tree-loop-distribute-patterns"

TRACE::2026-09-23.19:59:28::SCWMssOS::Running Make libs in ps7_cortexa9_0/libsrc/usbps_v2_7/src

TRACE::2026-09-23.19:59:28::SCWMssOS::make -C ps7_cortexa9_0/libsrc/usbps_v2_7/src -s libs  "SHELL=/bin/sh" "COMPILER=arm-none-eabi-gcc" "ASSEMBLER=arm-none-eabi-as"
TRACE::2026-09-23.19:59:28::SCWMssOS:: "ARCHIVER=arm-none-eabi-ar" "COMPILER_FLAGS=  -O2 -c" "EXTRA_COMPILER_FLAGS=-mcpu=cortex-a9 -mfpu=vfpv3 -mfloat-abi=hard -nost
TRACE::2026-09-23.19:59:28::SCWMssOS::artfiles -g -Wall -Wextra -fno-tree-loop-distribute-patterns"

TRACE::2026-09-23.19:59:28::SCWMssOS::Running Make libs in ps7_cortexa9_0/libsrc/coresightps_dcc_v1_8/src

TRACE::2026-09-23.19:59:28::SCWMssOS::make -C ps7_cortexa9_0/libsrc/coresightps_dcc_v1_8/src -s libs  "SHELL=/bin/sh" "COMPILER=arm-none-eabi-gcc" "ASSEMBLER=arm-non
TRACE::2026-09-23.19:59:28::SCWMssOS::e-eabi-as" "ARCHIVER=arm-none-eabi-ar" "COMPILER_FLAGS=  -O2 -c" "EXTRA_COMPILER_FLAGS=-mcpu=cortex-a9 -mfpu=vfpv3 -mfloat-abi=
TRACE::2026-09-23.19:59:28::SCWMssOS::hard -nostartfiles -g -Wall -Wextra -fno-tree-loop-distribute-patterns"

TRACE::2026-09-23.19:59:29::SCWMssOS::Running Make libs in ps7_cortexa9_0/libsrc/ddrps_v1_2/src

TRACE::2026-09-23.19:59:29::SCWMssOS::make -C ps7_cortexa9_0/libsrc/ddrps_v1_2/src -s libs  "SHELL=/bin/sh" "COMPILER=arm-none-eabi-gcc" "ASSEMBLER=arm-none-eabi-as"
TRACE::2026-09-23.19:59:29::SCWMssOS:: "ARCHIVER=arm-none-eabi-ar" "COMPILER_FLAGS=  -O2 -c" "EXTRA_COMPILER_FLAGS=-mcpu=cortex-a9 -mfpu=vfpv3 -mfloat-abi=hard -nost
TRACE::2026-09-23.19:59:29::SCWMssOS::artfiles -g -Wall -Wextra -fno-tree-loop-distribute-patterns"

TRACE::2026-09-23.19:59:29::SCWMssOS::Running Make libs in ps7_cortexa9_0/libsrc/xadcps_v2_6/src

TRACE::2026-09-23.19:59:29::SCWMssOS::make -C ps7_cortexa9_0/libsrc/xadcps_v2_6/src -s libs  "SHELL=/bin/sh" "COMPILER=arm-none-eabi-gcc" "ASSEMBLER=arm-none-eabi-as
TRACE::2026-09-23.19:59:29::SCWMssOS::" "ARCHIVER=arm-none-eabi-ar" "COMPILER_FLAGS=  -O2 -c" "EXTRA_COMPILER_FLAGS=-mcpu=cortex-a9 -mfpu=vfpv3 -mfloat-abi=hard -nos
TRACE::2026-09-23.19:59:29::SCWMssOS::tartfiles -g -Wall -Wextra -fno-tree-loop-distribute-patterns"

TRACE::2026-09-23.19:59:29::SCWMssOS::Running Make libs in ps7_cortexa9_0/libsrc/cpu_cortexa9_v2_11/src

TRACE::2026-09-23.19:59:29::SCWMssOS::make -C ps7_cortexa9_0/libsrc/cpu_cortexa9_v2_11/src -s libs  "SHELL=/bin/sh" "COMPILER=arm-none-eabi-gcc" "ASSEMBLER=arm-none-
TRACE::2026-09-23.19:59:29::SCWMssOS::eabi-as" "ARCHIVER=arm-none-eabi-ar" "COMPILER_FLAGS=  -O2 -c" "EXTRA_COMPILER_FLAGS=-mcpu=cortex-a9 -mfpu=vfpv3 -mfloat-abi=ha
TRACE::2026-09-23.19:59:29::SCWMssOS::rd -nostartfiles -g -Wall -Wextra -fno-tree-loop-distribute-patterns"

TRACE::2026-09-23.19:59:29::SCWMssOS::Running Make libs in ps7_cortexa9_0/libsrc/qspips_v3_9/src

TRACE::2026-09-23.19:59:29::SCWMssOS::make -C ps7_cortexa9_0/libsrc/qspips_v3_9/src -s libs  "SHELL=/bin/sh" "COMPILER=arm-none-eabi-gcc" "ASSEMBLER=arm-none-eabi-as
TRACE::2026-09-23.19:59:29::SCWMssOS::" "ARCHIVER=arm-none-eabi-ar" "COMPILER_FLAGS=  -O2 -c" "EXTRA_COMPILER_FLAGS=-mcpu=cortex-a9 -mfpu=vfpv3 -mfloat-abi=hard -nos
TRACE::2026-09-23.19:59:29::SCWMssOS::tartfiles -g -Wall -Wextra -fno-tree-loop-distribute-patterns"

TRACE::2026-09-23.19:59:29::SCWMssOS::Running Make libs in ps7_cortexa9_0/libsrc/dmaps_v2_8/src

TRACE::2026-09-23.19:59:29::SCWMssOS::make -C ps7_cortexa9_0/libsrc/dmaps_v2_8/src -s libs  "SHELL=/bin/sh" "COMPILER=arm-none-eabi-gcc" "ASSEMBLER=arm-none-eabi-as"
TRACE::2026-09-23.19:59:29::SCWMssOS:: "ARCHIVER=arm-none-eabi-ar" "COMPILER_FLAGS=  -O2 -c" "EXTRA_COMPILER_FLAGS=-mcpu=cortex-a9 -mfpu=vfpv3 -mfloat-abi=hard -nost
TRACE::2026-09-23.19:59:29::SCWMssOS::artfiles -g -Wall -Wextra -fno-tree-loop-distribute-patterns"

TRACE::2026-09-23.19:59:29::SCWMssOS::Finished building libraries parallelly.

TRACE::2026-09-23.19:59:29::SCWMssOS::make --no-print-directory archive

TRACE::2026-09-23.19:59:29::SCWMssOS::arm-none-eabi-ar -r  ps7_cortexa9_0/lib/libxil.a ps7_cortexa9_0/lib/xscugic_hw.o ps7_cortexa9_0/lib/xcoresightpsdcc.o ps7_corte
TRACE::2026-09-23.19:59:29::SCWMssOS::xa9_0/lib/xsdps_host.o ps7_cortexa9_0/lib/xusbps_intr.o ps7_cortexa9_0/lib/xil_assert.o ps7_cortexa9_0/lib/putnum.o ps7_cortexa
TRACE::2026-09-23.19:59:29::SCWMssOS::9_0/lib/xemacps_control.o ps7_cortexa9_0/lib/xil_exception.o ps7_cortexa9_0/lib/xqspips_selftest.o ps7_cortexa9_0/lib/lseek.o p
TRACE::2026-09-23.19:59:29::SCWMssOS::s7_cortexa9_0/lib/xqspips_sinit.o ps7_cortexa9_0/lib/xusbps_g.o ps7_cortexa9_0/lib/xgpiops.o ps7_cortexa9_0/lib/xqspips_g.o ps7
TRACE::2026-09-23.19:59:29::SCWMssOS::_cortexa9_0/lib/xemacps_sinit.o ps7_cortexa9_0/lib/_sbrk.o ps7_cortexa9_0/lib/xpm_counter.o ps7_cortexa9_0/lib/xttcps.o ps7_cor
TRACE::2026-09-23.19:59:29::SCWMssOS::texa9_0/lib/xdevcfg_selftest.o ps7_cortexa9_0/lib/xgpiops_sinit.o ps7_cortexa9_0/lib/xdevcfg_sinit.o ps7_cortexa9_0/lib/xil_tes
TRACE::2026-09-23.19:59:29::SCWMssOS::tcache.o ps7_cortexa9_0/lib/getpid.o ps7_cortexa9_0/lib/xscugic_intr.o ps7_cortexa9_0/lib/asm_vectors.o ps7_cortexa9_0/lib/xl2c
TRACE::2026-09-23.19:59:29::SCWMssOS::c_counter.o ps7_cortexa9_0/lib/xusbps_hw.o ps7_cortexa9_0/lib/xil_testmem.o ps7_cortexa9_0/lib/xuartps_selftest.o ps7_cortexa9_
TRACE::2026-09-23.19:59:29::SCWMssOS::0/lib/xdmaps.o ps7_cortexa9_0/lib/xuartps_sinit.o ps7_cortexa9_0/lib/xadcps.o ps7_cortexa9_0/lib/xuartps_g.o ps7_cortexa9_0/lib
TRACE::2026-09-23.19:59:29::SCWMssOS::/unlink.o ps7_cortexa9_0/lib/xil_printf.o ps7_cortexa9_0/lib/abort.o ps7_cortexa9_0/lib/xdmaps_sinit.o ps7_cortexa9_0/lib/xscuw
TRACE::2026-09-23.19:59:29::SCWMssOS::dt.o ps7_cortexa9_0/lib/xgpiops_selftest.o ps7_cortexa9_0/lib/xusbps_sinit.o ps7_cortexa9_0/lib/xemacps_g.o ps7_cortexa9_0/lib/
TRACE::2026-09-23.19:59:29::SCWMssOS::close.o ps7_cortexa9_0/lib/xsdps.o ps7_cortexa9_0/lib/xgpiops_g.o ps7_cortexa9_0/lib/xqspips_hw.o ps7_cortexa9_0/lib/xttcps_sel
TRACE::2026-09-23.19:59:29::SCWMssOS::ftest.o ps7_cortexa9_0/lib/xscutimer_selftest.o ps7_cortexa9_0/lib/xdmaps_selftest.o ps7_cortexa9_0/lib/inbyte.o ps7_cortexa9_0
TRACE::2026-09-23.19:59:29::SCWMssOS::/lib/xscutimer_sinit.o ps7_cortexa9_0/lib/xttcps_g.o ps7_cortexa9_0/lib/xil_misc_psreset_api.o ps7_cortexa9_0/lib/xsdps_options
TRACE::2026-09-23.19:59:29::SCWMssOS::.o ps7_cortexa9_0/lib/xscutimer_g.o ps7_cortexa9_0/lib/xdmaps_g.o ps7_cortexa9_0/lib/xqspips_options.o ps7_cortexa9_0/lib/xil_s
TRACE::2026-09-23.19:59:29::SCWMssOS::leeptimer.o ps7_cortexa9_0/lib/xdevcfg_hw.o ps7_cortexa9_0/lib/sleep.o ps7_cortexa9_0/lib/xusbps_endpoint.o ps7_cortexa9_0/lib/
TRACE::2026-09-23.19:59:29::SCWMssOS::_exit.o ps7_cortexa9_0/lib/time.o ps7_cortexa9_0/lib/xplatform_info.o ps7_cortexa9_0/lib/xadcps_selftest.o ps7_cortexa9_0/lib/x
TRACE::2026-09-23.19:59:29::SCWMssOS::adcps_sinit.o ps7_cortexa9_0/lib/xttcps_sinit.o ps7_cortexa9_0/lib/xadcps_g.o ps7_cortexa9_0/lib/xuartps_hw.o ps7_cortexa9_0/li
TRACE::2026-09-23.19:59:29::SCWMssOS::b/xscugic.o ps7_cortexa9_0/lib/xil-crt0.o ps7_cortexa9_0/lib/isatty.o ps7_cortexa9_0/lib/xscuwdt_selftest.o ps7_cortexa9_0/lib/
TRACE::2026-09-23.19:59:29::SCWMssOS::xemacps_intr.o ps7_cortexa9_0/lib/xil_clocking.o ps7_cortexa9_0/lib/xscuwdt_g.o ps7_cortexa9_0/lib/vectors.o ps7_cortexa9_0/lib
TRACE::2026-09-23.19:59:29::SCWMssOS::/xsdps_g.o ps7_cortexa9_0/lib/xuartps_options.o ps7_cortexa9_0/lib/xdevcfg_intr.o ps7_cortexa9_0/lib/errno.o ps7_cortexa9_0/lib
TRACE::2026-09-23.19:59:29::SCWMssOS::/fstat.o ps7_cortexa9_0/lib/xgpiops_hw.o ps7_cortexa9_0/lib/sbrk.o ps7_cortexa9_0/lib/xdmaps_hw.o ps7_cortexa9_0/lib/xsdps_card
TRACE::2026-09-23.19:59:29::SCWMssOS::.o ps7_cortexa9_0/lib/xuartps.o ps7_cortexa9_0/lib/xuartps_intr.o ps7_cortexa9_0/lib/xil_util.o ps7_cortexa9_0/lib/xscugic_self
TRACE::2026-09-23.19:59:29::SCWMssOS::test.o ps7_cortexa9_0/lib/xtime_l.o ps7_cortexa9_0/lib/xemacps_hw.o ps7_cortexa9_0/lib/read.o ps7_cortexa9_0/lib/xscuwdt_sinit.
TRACE::2026-09-23.19:59:29::SCWMssOS::o ps7_cortexa9_0/lib/outbyte.o ps7_cortexa9_0/lib/xdevcfg_g.o ps7_cortexa9_0/lib/open.o ps7_cortexa9_0/lib/xscugic_sinit.o ps7_
TRACE::2026-09-23.19:59:29::SCWMssOS::cortexa9_0/lib/xgpiops_intr.o ps7_cortexa9_0/lib/xscugic_g.o ps7_cortexa9_0/lib/xil_sleepcommon.o ps7_cortexa9_0/lib/usleep.o p
TRACE::2026-09-23.19:59:29::SCWMssOS::s7_cortexa9_0/lib/xsdps_sinit.o ps7_cortexa9_0/lib/xadcps_intr.o ps7_cortexa9_0/lib/cpu_init.o ps7_cortexa9_0/lib/xemacps_bdrin
TRACE::2026-09-23.19:59:29::SCWMssOS::g.o ps7_cortexa9_0/lib/boot.o ps7_cortexa9_0/lib/xil_mmu.o ps7_cortexa9_0/lib/write.o ps7_cortexa9_0/lib/translation_table.o ps
TRACE::2026-09-23.19:59:29::SCWMssOS::7_cortexa9_0/lib/xil_spinlock.o ps7_cortexa9_0/lib/xusbps.o ps7_cortexa9_0/lib/xqspips.o ps7_cortexa9_0/lib/print.o ps7_cortexa
TRACE::2026-09-23.19:59:29::SCWMssOS::9_0/lib/xil_testio.o ps7_cortexa9_0/lib/xil_cache.o ps7_cortexa9_0/lib/xemacps.o ps7_cortexa9_0/lib/xdevcfg.o ps7_cortexa9_0/li
TRACE::2026-09-23.19:59:29::SCWMssOS::b/xscutimer.o ps7_cortexa9_0/lib/xttcps_options.o ps7_cortexa9_0/lib/kill.o ps7_cortexa9_0/lib/fcntl.o ps7_cortexa9_0/lib/_open
TRACE::2026-09-23.19:59:29::SCWMssOS::.o ps7_cortexa9_0/lib/xil_mem.o ps7_cortexa9_0/lib/cpputest_time.o

TRACE::2026-09-23.19:59:29::SCWMssOS::Finished building libraries

TRACE::2026-09-23.19:59:29::SCWMssOS::Copying to export directory.
TRACE::2026-09-23.19:59:29::SCWMssOS:: Checking if to create the Supporting Applications
TRACE::2026-09-23.19:59:29::SCWMssOS:: No Linux domain exists, trying to generate FSBL 
LOG::2026-09-23.19:59:29::SCWSystem::Completed Processing the domain standalone_ps7_cortexa9_0
LOG::2026-09-23.19:59:29::SCWSystem::Completed Processing the sysconfig zynq_keypad_system_wrapper
LOG::2026-09-23.19:59:29::SCWPlatform::Completed generating the artifacts for system configuration zynq_keypad_system_wrapper
TRACE::2026-09-23.19:59:29::SCWPlatform::Started preparing the platform 
TRACE::2026-09-23.19:59:29::SCWSystem::Writing the bif file for system config zynq_keypad_system_wrapper
TRACE::2026-09-23.19:59:29::SCWSystem::dir created 
TRACE::2026-09-23.19:59:29::SCWSystem::Writing the bif 
TRACE::2026-09-23.19:59:29::SCWPlatform::Started writing the spfm file 
TRACE::2026-09-23.19:59:29::SCWPlatform::Started writing the xpfm file 
TRACE::2026-09-23.19:59:29::SCWPlatform::Completed generating the platform
TRACE::2026-09-23.19:59:29::SCWMssOS::Saving the mss changes /home/user/Desktop/lab_3/Vitis/zynq_keypad_system_wrapper/zynq_fsbl/zynq_fsbl_bsp/system.mss
TRACE::2026-09-23.19:59:29::SCWMssOS::Found a swdesign opened with the mssfile.
TRACE::2026-09-23.19:59:29::SCWMssOS::Completed writemss as part of save.
TRACE::2026-09-23.19:59:29::SCWMssOS::Commit changes completed.
TRACE::2026-09-23.19:59:29::SCWMssOS::Saving the mss changes /home/user/Desktop/lab_3/Vitis/zynq_keypad_system_wrapper/ps7_cortexa9_0/standalone_ps7_cortexa9_0/bsp/system.mss
TRACE::2026-09-23.19:59:29::SCWMssOS::Found a swdesign opened with the mssfile.
TRACE::2026-09-23.19:59:29::SCWMssOS::Completed writemss as part of save.
TRACE::2026-09-23.19:59:29::SCWMssOS::Commit changes completed.
TRACE::2026-09-23.19:59:29::SCWPlatform::Trying to open the hw design at /home/user/Desktop/lab_3/Vitis/zynq_keypad_system_wrapper/hw/zynq_keypad_system_wrapper.xsa
TRACE::2026-09-23.19:59:29::SCWPlatform::DSA given /home/user/Desktop/lab_3/Vitis/zynq_keypad_system_wrapper/hw/zynq_keypad_system_wrapper.xsa
TRACE::2026-09-23.19:59:29::SCWPlatform::DSA absoulate path /home/user/Desktop/lab_3/Vitis/zynq_keypad_system_wrapper/hw/zynq_keypad_system_wrapper.xsa
TRACE::2026-09-23.19:59:29::SCWPlatform::DSA directory /home/user/Desktop/lab_3/Vitis/zynq_keypad_system_wrapper/hw
TRACE::2026-09-23.19:59:29::SCWPlatform:: Platform Path /home/user/Desktop/lab_3/Vitis/zynq_keypad_system_wrapper/hw/zynq_keypad_system_wrapper.xsa
TRACE::2026-09-23.19:59:29::SCWPlatform:: Unique name xilinx:zybo::0.0
TRACE::2026-09-23.19:59:29::SCWPlatform::Trying to set the existing hwdb with name zynq_keypad_system_wrapper_0
TRACE::2026-09-23.19:59:29::SCWPlatform::Opened existing hwdb zynq_keypad_system_wrapper_0
TRACE::2026-09-23.19:59:29::SCWPlatform::Found the Hw Db part of the input DSA
TRACE::2026-09-23.19:59:29::SCWMssOS::Checking the sw design at  /home/user/Desktop/lab_3/Vitis/zynq_keypad_system_wrapper/zynq_fsbl/zynq_fsbl_bsp/system.mss
TRACE::2026-09-23.19:59:29::SCWMssOS::DEBUG:  swdes dump  /home/user/Desktop/lab_3/Vitis/zynq_keypad_system_wrapper/ps7_cortexa9_0/standalone_ps7_cortexa9_0/bsp/system.mss|system_0||
/home/user/Desktop/lab_3/Vitis/zynq_keypad_system_wrapper/zynq_fsbl/zynq_fsbl_bsp/system.mss|system||

TRACE::2026-09-23.19:59:29::SCWMssOS::Sw design exists and opened at  /home/user/Desktop/lab_3/Vitis/zynq_keypad_system_wrapper/zynq_fsbl/zynq_fsbl_bsp/system.mss
TRACE::2026-09-23.19:59:29::SCWPlatform::Trying to open the hw design at /home/user/Desktop/lab_3/Vitis/zynq_keypad_system_wrapper/hw/zynq_keypad_system_wrapper.xsa
TRACE::2026-09-23.19:59:29::SCWPlatform::DSA given /home/user/Desktop/lab_3/Vitis/zynq_keypad_system_wrapper/hw/zynq_keypad_system_wrapper.xsa
TRACE::2026-09-23.19:59:29::SCWPlatform::DSA absoulate path /home/user/Desktop/lab_3/Vitis/zynq_keypad_system_wrapper/hw/zynq_keypad_system_wrapper.xsa
TRACE::2026-09-23.19:59:29::SCWPlatform::DSA directory /home/user/Desktop/lab_3/Vitis/zynq_keypad_system_wrapper/hw
TRACE::2026-09-23.19:59:29::SCWPlatform:: Platform Path /home/user/Desktop/lab_3/Vitis/zynq_keypad_system_wrapper/hw/zynq_keypad_system_wrapper.xsa
TRACE::2026-09-23.19:59:29::SCWPlatform:: Unique name xilinx:zybo::0.0
TRACE::2026-09-23.19:59:29::SCWPlatform::Trying to set the existing hwdb with name zynq_keypad_system_wrapper_0
TRACE::2026-09-23.19:59:29::SCWPlatform::Opened existing hwdb zynq_keypad_system_wrapper_0
TRACE::2026-09-23.19:59:29::SCWPlatform::Found the Hw Db part of the input DSA
TRACE::2026-09-23.19:59:29::SCWMssOS::Checking the sw design at  /home/user/Desktop/lab_3/Vitis/zynq_keypad_system_wrapper/zynq_fsbl/zynq_fsbl_bsp/system.mss
TRACE::2026-09-23.19:59:29::SCWMssOS::DEBUG:  swdes dump  /home/user/Desktop/lab_3/Vitis/zynq_keypad_system_wrapper/ps7_cortexa9_0/standalone_ps7_cortexa9_0/bsp/system.mss|system_0||
/home/user/Desktop/lab_3/Vitis/zynq_keypad_system_wrapper/zynq_fsbl/zynq_fsbl_bsp/system.mss|system||

TRACE::2026-09-23.19:59:29::SCWMssOS::Sw design exists and opened at  /home/user/Desktop/lab_3/Vitis/zynq_keypad_system_wrapper/zynq_fsbl/zynq_fsbl_bsp/system.mss
TRACE::2026-09-23.19:59:29::SCWPlatform::Trying to open the hw design at /home/user/Desktop/lab_3/Vitis/zynq_keypad_system_wrapper/hw/zynq_keypad_system_wrapper.xsa
TRACE::2026-09-23.19:59:29::SCWPlatform::DSA given /home/user/Desktop/lab_3/Vitis/zynq_keypad_system_wrapper/hw/zynq_keypad_system_wrapper.xsa
TRACE::2026-09-23.19:59:29::SCWPlatform::DSA absoulate path /home/user/Desktop/lab_3/Vitis/zynq_keypad_system_wrapper/hw/zynq_keypad_system_wrapper.xsa
TRACE::2026-09-23.19:59:29::SCWPlatform::DSA directory /home/user/Desktop/lab_3/Vitis/zynq_keypad_system_wrapper/hw
TRACE::2026-09-23.19:59:29::SCWPlatform:: Platform Path /home/user/Desktop/lab_3/Vitis/zynq_keypad_system_wrapper/hw/zynq_keypad_system_wrapper.xsa
TRACE::2026-09-23.19:59:29::SCWPlatform:: Unique name xilinx:zybo::0.0
TRACE::2026-09-23.19:59:29::SCWPlatform::Trying to set the existing hwdb with name zynq_keypad_system_wrapper_0
TRACE::2026-09-23.19:59:29::SCWPlatform::Opened existing hwdb zynq_keypad_system_wrapper_0
TRACE::2026-09-23.19:59:29::SCWPlatform::Found the Hw Db part of the input DSA
TRACE::2026-09-23.19:59:29::SCWMssOS::Checking the sw design at  /home/user/Desktop/lab_3/Vitis/zynq_keypad_system_wrapper/zynq_fsbl/zynq_fsbl_bsp/system.mss
TRACE::2026-09-23.19:59:29::SCWMssOS::DEBUG:  swdes dump  /home/user/Desktop/lab_3/Vitis/zynq_keypad_system_wrapper/ps7_cortexa9_0/standalone_ps7_cortexa9_0/bsp/system.mss|system_0||
/home/user/Desktop/lab_3/Vitis/zynq_keypad_system_wrapper/zynq_fsbl/zynq_fsbl_bsp/system.mss|system||

TRACE::2026-09-23.19:59:29::SCWMssOS::Sw design exists and opened at  /home/user/Desktop/lab_3/Vitis/zynq_keypad_system_wrapper/zynq_fsbl/zynq_fsbl_bsp/system.mss
TRACE::2026-09-23.19:59:29::SCWPlatform::Trying to open the hw design at /home/user/Desktop/lab_3/Vitis/zynq_keypad_system_wrapper/hw/zynq_keypad_system_wrapper.xsa
TRACE::2026-09-23.19:59:29::SCWPlatform::DSA given /home/user/Desktop/lab_3/Vitis/zynq_keypad_system_wrapper/hw/zynq_keypad_system_wrapper.xsa
TRACE::2026-09-23.19:59:29::SCWPlatform::DSA absoulate path /home/user/Desktop/lab_3/Vitis/zynq_keypad_system_wrapper/hw/zynq_keypad_system_wrapper.xsa
TRACE::2026-09-23.19:59:29::SCWPlatform::DSA directory /home/user/Desktop/lab_3/Vitis/zynq_keypad_system_wrapper/hw
TRACE::2026-09-23.19:59:29::SCWPlatform:: Platform Path /home/user/Desktop/lab_3/Vitis/zynq_keypad_system_wrapper/hw/zynq_keypad_system_wrapper.xsa
TRACE::2026-09-23.19:59:29::SCWPlatform:: Unique name xilinx:zybo::0.0
TRACE::2026-09-23.19:59:29::SCWPlatform::Trying to set the existing hwdb with name zynq_keypad_system_wrapper_0
TRACE::2026-09-23.19:59:29::SCWPlatform::Opened existing hwdb zynq_keypad_system_wrapper_0
TRACE::2026-09-23.19:59:29::SCWPlatform::Found the Hw Db part of the input DSA
TRACE::2026-09-23.19:59:29::SCWMssOS::Checking the sw design at  /home/user/Desktop/lab_3/Vitis/zynq_keypad_system_wrapper/ps7_cortexa9_0/standalone_ps7_cortexa9_0/bsp/system.mss
TRACE::2026-09-23.19:59:29::SCWMssOS::DEBUG:  swdes dump  /home/user/Desktop/lab_3/Vitis/zynq_keypad_system_wrapper/ps7_cortexa9_0/standalone_ps7_cortexa9_0/bsp/system.mss|system_0||
/home/user/Desktop/lab_3/Vitis/zynq_keypad_system_wrapper/zynq_fsbl/zynq_fsbl_bsp/system.mss|system||

TRACE::2026-09-23.19:59:29::SCWMssOS::Sw design exists and opened at  /home/user/Desktop/lab_3/Vitis/zynq_keypad_system_wrapper/ps7_cortexa9_0/standalone_ps7_cortexa9_0/bsp/system.mss
TRACE::2026-09-23.19:59:29::SCWPlatform::Trying to open the hw design at /home/user/Desktop/lab_3/Vitis/zynq_keypad_system_wrapper/hw/zynq_keypad_system_wrapper.xsa
TRACE::2026-09-23.19:59:29::SCWPlatform::DSA given /home/user/Desktop/lab_3/Vitis/zynq_keypad_system_wrapper/hw/zynq_keypad_system_wrapper.xsa
TRACE::2026-09-23.19:59:29::SCWPlatform::DSA absoulate path /home/user/Desktop/lab_3/Vitis/zynq_keypad_system_wrapper/hw/zynq_keypad_system_wrapper.xsa
TRACE::2026-09-23.19:59:29::SCWPlatform::DSA directory /home/user/Desktop/lab_3/Vitis/zynq_keypad_system_wrapper/hw
TRACE::2026-09-23.19:59:30::SCWPlatform:: Platform Path /home/user/Desktop/lab_3/Vitis/zynq_keypad_system_wrapper/hw/zynq_keypad_system_wrapper.xsa
TRACE::2026-09-23.19:59:30::SCWPlatform:: Unique name xilinx:zybo::0.0
TRACE::2026-09-23.19:59:30::SCWPlatform::Trying to set the existing hwdb with name zynq_keypad_system_wrapper_0
TRACE::2026-09-23.19:59:30::SCWPlatform::Opened existing hwdb zynq_keypad_system_wrapper_0
TRACE::2026-09-23.19:59:30::SCWPlatform::Found the Hw Db part of the input DSA
TRACE::2026-09-23.19:59:30::SCWMssOS::Checking the sw design at  /home/user/Desktop/lab_3/Vitis/zynq_keypad_system_wrapper/ps7_cortexa9_0/standalone_ps7_cortexa9_0/bsp/system.mss
TRACE::2026-09-23.19:59:30::SCWMssOS::DEBUG:  swdes dump  /home/user/Desktop/lab_3/Vitis/zynq_keypad_system_wrapper/ps7_cortexa9_0/standalone_ps7_cortexa9_0/bsp/system.mss|system_0||
/home/user/Desktop/lab_3/Vitis/zynq_keypad_system_wrapper/zynq_fsbl/zynq_fsbl_bsp/system.mss|system||

TRACE::2026-09-23.19:59:30::SCWMssOS::Sw design exists and opened at  /home/user/Desktop/lab_3/Vitis/zynq_keypad_system_wrapper/ps7_cortexa9_0/standalone_ps7_cortexa9_0/bsp/system.mss
TRACE::2026-09-23.19:59:30::SCWPlatform::Trying to open the hw design at /home/user/Desktop/lab_3/Vitis/zynq_keypad_system_wrapper/hw/zynq_keypad_system_wrapper.xsa
TRACE::2026-09-23.19:59:30::SCWPlatform::DSA given /home/user/Desktop/lab_3/Vitis/zynq_keypad_system_wrapper/hw/zynq_keypad_system_wrapper.xsa
TRACE::2026-09-23.19:59:30::SCWPlatform::DSA absoulate path /home/user/Desktop/lab_3/Vitis/zynq_keypad_system_wrapper/hw/zynq_keypad_system_wrapper.xsa
TRACE::2026-09-23.19:59:30::SCWPlatform::DSA directory /home/user/Desktop/lab_3/Vitis/zynq_keypad_system_wrapper/hw
TRACE::2026-09-23.19:59:30::SCWPlatform:: Platform Path /home/user/Desktop/lab_3/Vitis/zynq_keypad_system_wrapper/hw/zynq_keypad_system_wrapper.xsa
TRACE::2026-09-23.19:59:30::SCWPlatform:: Unique name xilinx:zybo::0.0
TRACE::2026-09-23.19:59:30::SCWPlatform::Trying to set the existing hwdb with name zynq_keypad_system_wrapper_0
TRACE::2026-09-23.19:59:30::SCWPlatform::Opened existing hwdb zynq_keypad_system_wrapper_0
TRACE::2026-09-23.19:59:30::SCWPlatform::Found the Hw Db part of the input DSA
TRACE::2026-09-23.19:59:30::SCWMssOS::Checking the sw design at  /home/user/Desktop/lab_3/Vitis/zynq_keypad_system_wrapper/ps7_cortexa9_0/standalone_ps7_cortexa9_0/bsp/system.mss
TRACE::2026-09-23.19:59:30::SCWMssOS::DEBUG:  swdes dump  /home/user/Desktop/lab_3/Vitis/zynq_keypad_system_wrapper/ps7_cortexa9_0/standalone_ps7_cortexa9_0/bsp/system.mss|system_0||
/home/user/Desktop/lab_3/Vitis/zynq_keypad_system_wrapper/zynq_fsbl/zynq_fsbl_bsp/system.mss|system||

TRACE::2026-09-23.19:59:30::SCWMssOS::Sw design exists and opened at  /home/user/Desktop/lab_3/Vitis/zynq_keypad_system_wrapper/ps7_cortexa9_0/standalone_ps7_cortexa9_0/bsp/system.mss
TRACE::2026-09-23.19:59:30::SCWWriter::formatted JSON is {
	"platformName":	"zynq_keypad_system_wrapper",
	"sprVersion":	"2.0",
	"mode":	"gui",
	"dsaType":	"Fixed",
	"platformDesc":	"zynq_keypad_system_wrapper",
	"platHandOff":	"/home/user/Desktop/lab_3/zynq_keypad_system_wrapper.xsa",
	"platIntHandOff":	"<platformDir>/hw/zynq_keypad_system_wrapper.xsa",
	"deviceType":	"zynq",
	"platIsPrebuiltAutogen":	"false",
	"platIsNoBootBsp":	"false",
	"platFsblTarget":	"ps7_cortexa9_0",
	"hasFsblMakeHasChanges":	"false",
	"hasPmufwMakeHasChanges":	"false",
	"fsblExtraCompilerFlags":	"-MMD -MP       -mcpu=cortex-a9 -mfpu=vfpv3 -mfloat-abi=hard ",
	"platPreBuiltFlag":	false,
	"platformSamplesDir":	"",
	"platActiveSys":	"zynq_keypad_system_wrapper",
	"systems":	[{
			"systemName":	"zynq_keypad_system_wrapper",
			"systemDesc":	"zynq_keypad_system_wrapper",
			"sysIsBootAutoGen":	"true",
			"systemDispName":	"zynq_keypad_system_wrapper",
			"sysActiveDom":	"standalone_ps7_cortexa9_0",
			"sysDefaultDom":	"standalone_ps7_cortexa9_0",
			"domains":	[{
					"domainName":	"zynq_fsbl",
					"domainDispName":	"zynq_fsbl",
					"domainDesc":	"FSBL Application BSP - Auto Generated.",
					"processors":	"ps7_cortexa9_0",
					"os":	"standalone",
					"sdxOs":	"standalone",
					"debugEnable":	"",
					"domRuntimes":	["cpp"],
					"swRepo":	"",
					"mssOsVer":	"7.5",
					"mssFile":	"",
					"md5Digest":	"986bdada04ec859b524eda169740ea2f",
					"compatibleApp":	"zynq_fsbl",
					"domType":	"bootDomain",
					"arch":	"32-bit",
					"appSettings":	{
						"appCompilerFlags":	"",
						"appLinkerFlags":	""
					},
					"addedLibs":	["xilffs:4.5", "xilrsa:1.6"],
					"libOptions":	{
						"libsContainingOptions":	[]
					},
					"prebuiltLibs":	{
						"prebuiltIncPath":	[],
						"prebuiltLibPath":	[]
					},
					"isolation":	{
					}
				}, {
					"domainName":	"standalone_ps7_cortexa9_0",
					"domainDispName":	"standalone_ps7_cortexa9_0",
					"domainDesc":	"standalone_ps7_cortexa9_0",
					"processors":	"ps7_cortexa9_0",
					"os":	"standalone",
					"sdxOs":	"standalone",
					"qemuArgs":	"/home/software/Xilinx/Vitis/2021.1/data/emulation/platforms/zynq/sw/a9_standalone/qemu/qemu_args.txt",
					"qemuData":	"/home/software/Xilinx/Vitis/2021.1/data/emulation/platforms/zynq/sw/a9_standalone/qemu/",
					"debugEnable":	"False",
					"domRuntimes":	["cpp"],
					"swRepo":	"",
					"mssOsVer":	"7.5",
					"mssFile":	"",
					"md5Digest":	"a513dc7d62ebf08984ba988e351c6210",
					"compatibleApp":	"empty_application",
					"domType":	"mssDomain",
					"arch":	"32-bit",
					"appSettings":	{
						"appCompilerFlags":	"",
						"appLinkerFlags":	""
					},
					"addedLibs":	[],
					"libOptions":	{
						"libsContainingOptions":	[]
					},
					"prebuiltLibs":	{
						"prebuiltIncPath":	[],
						"prebuiltLibPath":	[]
					},
					"isolation":	{
					}
				}]
		}]
}
KEYINFO::2026-09-23.19:59:30::SCWPlatform::updated the xpfm file.
TRACE::2026-09-23.19:59:30::SCWPlatform::Trying to open the hw design at /home/user/Desktop/lab_3/Vitis/zynq_keypad_system_wrapper/hw/zynq_keypad_system_wrapper.xsa
TRACE::2026-09-23.19:59:30::SCWPlatform::DSA given /home/user/Desktop/lab_3/Vitis/zynq_keypad_system_wrapper/hw/zynq_keypad_system_wrapper.xsa
TRACE::2026-09-23.19:59:30::SCWPlatform::DSA absoulate path /home/user/Desktop/lab_3/Vitis/zynq_keypad_system_wrapper/hw/zynq_keypad_system_wrapper.xsa
TRACE::2026-09-23.19:59:30::SCWPlatform::DSA directory /home/user/Desktop/lab_3/Vitis/zynq_keypad_system_wrapper/hw
TRACE::2026-09-23.19:59:30::SCWPlatform:: Platform Path /home/user/Desktop/lab_3/Vitis/zynq_keypad_system_wrapper/hw/zynq_keypad_system_wrapper.xsa
TRACE::2026-09-23.19:59:30::SCWPlatform:: Unique name xilinx:zybo::0.0
TRACE::2026-09-23.19:59:30::SCWPlatform::Trying to set the existing hwdb with name zynq_keypad_system_wrapper_0
TRACE::2026-09-23.19:59:30::SCWPlatform::Opened existing hwdb zynq_keypad_system_wrapper_0
TRACE::2026-09-23.19:59:30::SCWPlatform::Found the Hw Db part of the input DSA
TRACE::2026-09-23.19:59:30::SCWMssOS::Checking the sw design at  /home/user/Desktop/lab_3/Vitis/zynq_keypad_system_wrapper/ps7_cortexa9_0/standalone_ps7_cortexa9_0/bsp/system.mss
TRACE::2026-09-23.19:59:30::SCWMssOS::DEBUG:  swdes dump  /home/user/Desktop/lab_3/Vitis/zynq_keypad_system_wrapper/ps7_cortexa9_0/standalone_ps7_cortexa9_0/bsp/system.mss|system_0||
/home/user/Desktop/lab_3/Vitis/zynq_keypad_system_wrapper/zynq_fsbl/zynq_fsbl_bsp/system.mss|system||

TRACE::2026-09-23.19:59:30::SCWMssOS::Sw design exists and opened at  /home/user/Desktop/lab_3/Vitis/zynq_keypad_system_wrapper/ps7_cortexa9_0/standalone_ps7_cortexa9_0/bsp/system.mss
TRACE::2026-09-23.20:13:48::SCWBDomain::System Command Ran  cd  /home/user/Desktop/lab_3/Vitis/zynq_keypad_system_wrapper/zynq_fsbl ; bash -c "make  clean" 
TRACE::2026-09-23.20:13:48::SCWBDomain::rm -rf  pcap.o  nand.o  qspi.o  rsa.o  main.o  md5.o  image_mover.o  ps7_init.o  nor.o  fsbl_hooks.o  sd.o  fsbl_handoff.o  zyn
TRACE::2026-09-23.20:13:48::SCWBDomain::q_fsbl_bsp/ps7_cortexa9_0/lib/libxil.a fsbl.elf *.o

TRACE::2026-09-23.20:13:48::SCWBDomain::System Command Ran  cd  /home/user/Desktop/lab_3/Vitis/zynq_keypad_system_wrapper/zynq_fsbl/zynq_fsbl_bsp ; bash -c "make  clean" 
TRACE::2026-09-23.20:13:48::SCWBDomain::make -C ps7_cortexa9_0/libsrc/gpiops_v3_9/src -s clean 

TRACE::2026-09-23.20:13:48::SCWBDomain::make -C ps7_cortexa9_0/libsrc/scugic_v4_5/src -s clean 

TRACE::2026-09-23.20:13:48::SCWBDomain::make -C ps7_cortexa9_0/libsrc/xilffs_v4_5/src -s clean 

TRACE::2026-09-23.20:13:48::SCWBDomain::make -C ps7_cortexa9_0/libsrc/scuwdt_v2_4/src -s clean 

TRACE::2026-09-23.20:13:48::SCWBDomain::make -C ps7_cortexa9_0/libsrc/devcfg_v3_7/src -s clean 

TRACE::2026-09-23.20:13:48::SCWBDomain::make -C ps7_cortexa9_0/libsrc/standalone_v7_5/src -s clean 

TRACE::2026-09-23.20:13:48::SCWBDomain::make -C ps7_cortexa9_0/libsrc/xilrsa_v1_6/src -s clean 

TRACE::2026-09-23.20:13:48::SCWBDomain::make -C ps7_cortexa9_0/libsrc/uartps_v3_11/src -s clean 

TRACE::2026-09-23.20:13:48::SCWBDomain::make -C ps7_cortexa9_0/libsrc/scutimer_v2_3/src -s clean 

TRACE::2026-09-23.20:13:48::SCWBDomain::make -C ps7_cortexa9_0/libsrc/sdps_v3_12/src -s clean 

TRACE::2026-09-23.20:13:48::SCWBDomain::make -C ps7_cortexa9_0/libsrc/emacps_v3_14/src -s clean 

TRACE::2026-09-23.20:13:48::SCWBDomain::make -C ps7_cortexa9_0/libsrc/ttcps_v3_14/src -s clean 

TRACE::2026-09-23.20:13:48::SCWBDomain::make -C ps7_cortexa9_0/libsrc/usbps_v2_7/src -s clean 

TRACE::2026-09-23.20:13:48::SCWBDomain::make -C ps7_cortexa9_0/libsrc/coresightps_dcc_v1_8/src -s clean 

TRACE::2026-09-23.20:13:48::SCWBDomain::make -C ps7_cortexa9_0/libsrc/ddrps_v1_2/src -s clean 

TRACE::2026-09-23.20:13:48::SCWBDomain::make -C ps7_cortexa9_0/libsrc/xadcps_v2_6/src -s clean 

TRACE::2026-09-23.20:13:48::SCWBDomain::make -C ps7_cortexa9_0/libsrc/cpu_cortexa9_v2_11/src -s clean 

TRACE::2026-09-23.20:13:48::SCWBDomain::make -C ps7_cortexa9_0/libsrc/qspips_v3_9/src -s clean 

TRACE::2026-09-23.20:13:48::SCWBDomain::make -C ps7_cortexa9_0/libsrc/dmaps_v2_8/src -s clean 

TRACE::2026-09-23.20:13:48::SCWBDomain::make -C ps7_cortexa9_0/libsrc/PmodKYPD_v1_0/src -s clean 

TRACE::2026-09-23.20:13:48::SCWBDomain::rm -f ps7_cortexa9_0/lib/libxil.a

TRACE::2026-09-23.20:13:48::SCWMssOS::cleaning the bsp 
TRACE::2026-09-23.20:13:48::SCWMssOS::System Command Ran  cd  /home/user/Desktop/lab_3/Vitis/zynq_keypad_system_wrapper/ps7_cortexa9_0/standalone_ps7_cortexa9_0/bsp ; bash -c "make  clean " 
TRACE::2026-09-23.20:13:48::SCWMssOS::make -C ps7_cortexa9_0/libsrc/gpiops_v3_9/src -s clean 

TRACE::2026-09-23.20:13:48::SCWMssOS::make -C ps7_cortexa9_0/libsrc/scugic_v4_5/src -s clean 

TRACE::2026-09-23.20:13:48::SCWMssOS::make -C ps7_cortexa9_0/libsrc/scuwdt_v2_4/src -s clean 

TRACE::2026-09-23.20:13:48::SCWMssOS::make -C ps7_cortexa9_0/libsrc/devcfg_v3_7/src -s clean 

TRACE::2026-09-23.20:13:48::SCWMssOS::make -C ps7_cortexa9_0/libsrc/standalone_v7_5/src -s clean 

TRACE::2026-09-23.20:13:48::SCWMssOS::make -C ps7_cortexa9_0/libsrc/uartps_v3_11/src -s clean 

TRACE::2026-09-23.20:13:48::SCWMssOS::make -C ps7_cortexa9_0/libsrc/scutimer_v2_3/src -s clean 

TRACE::2026-09-23.20:13:48::SCWMssOS::make -C ps7_cortexa9_0/libsrc/sdps_v3_12/src -s clean 

TRACE::2026-09-23.20:13:48::SCWMssOS::make -C ps7_cortexa9_0/libsrc/emacps_v3_14/src -s clean 

TRACE::2026-09-23.20:13:48::SCWMssOS::make -C ps7_cortexa9_0/libsrc/ttcps_v3_14/src -s clean 

TRACE::2026-09-23.20:13:48::SCWMssOS::make -C ps7_cortexa9_0/libsrc/usbps_v2_7/src -s clean 

TRACE::2026-09-23.20:13:48::SCWMssOS::make -C ps7_cortexa9_0/libsrc/coresightps_dcc_v1_8/src -s clean 

TRACE::2026-09-23.20:13:48::SCWMssOS::make -C ps7_cortexa9_0/libsrc/ddrps_v1_2/src -s clean 

TRACE::2026-09-23.20:13:48::SCWMssOS::make -C ps7_cortexa9_0/libsrc/xadcps_v2_6/src -s clean 

TRACE::2026-09-23.20:13:48::SCWMssOS::make -C ps7_cortexa9_0/libsrc/cpu_cortexa9_v2_11/src -s clean 

TRACE::2026-09-23.20:13:48::SCWMssOS::make -C ps7_cortexa9_0/libsrc/qspips_v3_9/src -s clean 

TRACE::2026-09-23.20:13:48::SCWMssOS::make -C ps7_cortexa9_0/libsrc/dmaps_v2_8/src -s clean 

TRACE::2026-09-23.20:13:48::SCWMssOS::make -C ps7_cortexa9_0/libsrc/PmodKYPD_v1_0/src -s clean 

TRACE::2026-09-23.20:13:48::SCWMssOS::rm -f ps7_cortexa9_0/lib/libxil.a

LOG::2026-09-23.20:14:01::SCWPlatform::Started generating the artifacts platform zynq_keypad_system_wrapper
TRACE::2026-09-23.20:14:01::SCWPlatform::Sanity checking of platform is completed
LOG::2026-09-23.20:14:01::SCWPlatform::Started generating the artifacts for system configuration zynq_keypad_system_wrapper
LOG::2026-09-23.20:14:01::SCWSystem::Checking the domain zynq_fsbl
LOG::2026-09-23.20:14:01::SCWSystem::Doing application build for :  zynq_fsbl
TRACE::2026-09-23.20:14:01::SCWBDomain::Not a forced makefile updation, No changes are present. 
TRACE::2026-09-23.20:14:01::SCWDomain::Building the domain as part of full build :  zynq_fsbl
TRACE::2026-09-23.20:14:01::SCWPlatform::Trying to open the hw design at /home/user/Desktop/lab_3/Vitis/zynq_keypad_system_wrapper/hw/zynq_keypad_system_wrapper.xsa
TRACE::2026-09-23.20:14:01::SCWPlatform::DSA given /home/user/Desktop/lab_3/Vitis/zynq_keypad_system_wrapper/hw/zynq_keypad_system_wrapper.xsa
TRACE::2026-09-23.20:14:01::SCWPlatform::DSA absoulate path /home/user/Desktop/lab_3/Vitis/zynq_keypad_system_wrapper/hw/zynq_keypad_system_wrapper.xsa
TRACE::2026-09-23.20:14:01::SCWPlatform::DSA directory /home/user/Desktop/lab_3/Vitis/zynq_keypad_system_wrapper/hw
TRACE::2026-09-23.20:14:01::SCWPlatform:: Platform Path /home/user/Desktop/lab_3/Vitis/zynq_keypad_system_wrapper/hw/zynq_keypad_system_wrapper.xsa
TRACE::2026-09-23.20:14:01::SCWPlatform:: Unique name xilinx:zybo::0.0
TRACE::2026-09-23.20:14:01::SCWPlatform::Trying to set the existing hwdb with name zynq_keypad_system_wrapper_0
TRACE::2026-09-23.20:14:01::SCWPlatform::Opened existing hwdb zynq_keypad_system_wrapper_0
TRACE::2026-09-23.20:14:01::SCWPlatform::Found the Hw Db part of the input DSA
TRACE::2026-09-23.20:14:01::SCWMssOS::Checking the sw design at  /home/user/Desktop/lab_3/Vitis/zynq_keypad_system_wrapper/zynq_fsbl/zynq_fsbl_bsp/system.mss
TRACE::2026-09-23.20:14:01::SCWMssOS::DEBUG:  swdes dump  /home/user/Desktop/lab_3/Vitis/zynq_keypad_system_wrapper/ps7_cortexa9_0/standalone_ps7_cortexa9_0/bsp/system.mss|system_0||
/home/user/Desktop/lab_3/Vitis/zynq_keypad_system_wrapper/zynq_fsbl/zynq_fsbl_bsp/system.mss|system||

TRACE::2026-09-23.20:14:01::SCWMssOS::Sw design exists and opened at  /home/user/Desktop/lab_3/Vitis/zynq_keypad_system_wrapper/zynq_fsbl/zynq_fsbl_bsp/system.mss
TRACE::2026-09-23.20:14:01::SCWBDomain::Completed writing the mss file at /home/user/Desktop/lab_3/Vitis/zynq_keypad_system_wrapper/zynq_fsbl/zynq_fsbl_bsp
TRACE::2026-09-23.20:14:01::SCWBDomain::bsp generated is upto date with the mss file. Skipping bsp generation.
TRACE::2026-09-23.20:14:01::SCWBDomain::Not a forced makefile updation, No changes are present. 
TRACE::2026-09-23.20:14:01::SCWBDomain::System Command Ran  cd  /home/user/Desktop/lab_3/Vitis/zynq_keypad_system_wrapper/zynq_fsbl ; bash -c " make -C zynq_fsbl_bsp ; make  " 
TRACE::2026-09-23.20:14:01::SCWBDomain::make: Entering directory '/home/user/Desktop/lab_3/Vitis/zynq_keypad_system_wrapper/zynq_fsbl/zynq_fsbl_bsp'

TRACE::2026-09-23.20:14:01::SCWBDomain::make --no-print-directory seq_libs

TRACE::2026-09-23.20:14:01::SCWBDomain::Running Make include in ps7_cortexa9_0/libsrc/gpiops_v3_9/src

TRACE::2026-09-23.20:14:01::SCWBDomain::make -C ps7_cortexa9_0/libsrc/gpiops_v3_9/src -s include  "SHELL=/bin/sh" "COMPILER=arm-none-eabi-gcc" "ASSEMBLER=arm-none-eabi
TRACE::2026-09-23.20:14:01::SCWBDomain::-as" "ARCHIVER=arm-none-eabi-ar" "COMPILER_FLAGS=  -O2 -c" "EXTRA_COMPILER_FLAGS=-mcpu=cortex-a9 -mfpu=vfpv3 -mfloat-abi=hard -
TRACE::2026-09-23.20:14:01::SCWBDomain::nostartfiles -g -Wall -Wextra -fno-tree-loop-distribute-patterns"

TRACE::2026-09-23.20:14:01::SCWBDomain::Running Make include in ps7_cortexa9_0/libsrc/scugic_v4_5/src

TRACE::2026-09-23.20:14:01::SCWBDomain::make -C ps7_cortexa9_0/libsrc/scugic_v4_5/src -s include  "SHELL=/bin/sh" "COMPILER=arm-none-eabi-gcc" "ASSEMBLER=arm-none-eabi
TRACE::2026-09-23.20:14:01::SCWBDomain::-as" "ARCHIVER=arm-none-eabi-ar" "COMPILER_FLAGS=  -O2 -c" "EXTRA_COMPILER_FLAGS=-mcpu=cortex-a9 -mfpu=vfpv3 -mfloat-abi=hard -
TRACE::2026-09-23.20:14:01::SCWBDomain::nostartfiles -g -Wall -Wextra -fno-tree-loop-distribute-patterns"

TRACE::2026-09-23.20:14:01::SCWBDomain::Running Make include in ps7_cortexa9_0/libsrc/xilffs_v4_5/src

TRACE::2026-09-23.20:14:01::SCWBDomain::make -C ps7_cortexa9_0/libsrc/xilffs_v4_5/src -s include  "SHELL=/bin/sh" "COMPILER=arm-none-eabi-gcc" "ASSEMBLER=arm-none-eabi
TRACE::2026-09-23.20:14:01::SCWBDomain::-as" "ARCHIVER=arm-none-eabi-ar" "COMPILER_FLAGS=  -O2 -c" "EXTRA_COMPILER_FLAGS=-mcpu=cortex-a9 -mfpu=vfpv3 -mfloat-abi=hard -
TRACE::2026-09-23.20:14:01::SCWBDomain::nostartfiles -g -Wall -Wextra -fno-tree-loop-distribute-patterns"

TRACE::2026-09-23.20:14:01::SCWBDomain::Running Make include in ps7_cortexa9_0/libsrc/scuwdt_v2_4/src

TRACE::2026-09-23.20:14:01::SCWBDomain::make -C ps7_cortexa9_0/libsrc/scuwdt_v2_4/src -s include  "SHELL=/bin/sh" "COMPILER=arm-none-eabi-gcc" "ASSEMBLER=arm-none-eabi
TRACE::2026-09-23.20:14:01::SCWBDomain::-as" "ARCHIVER=arm-none-eabi-ar" "COMPILER_FLAGS=  -O2 -c" "EXTRA_COMPILER_FLAGS=-mcpu=cortex-a9 -mfpu=vfpv3 -mfloat-abi=hard -
TRACE::2026-09-23.20:14:01::SCWBDomain::nostartfiles -g -Wall -Wextra -fno-tree-loop-distribute-patterns"

TRACE::2026-09-23.20:14:01::SCWBDomain::Running Make include in ps7_cortexa9_0/libsrc/devcfg_v3_7/src

TRACE::2026-09-23.20:14:01::SCWBDomain::make -C ps7_cortexa9_0/libsrc/devcfg_v3_7/src -s include  "SHELL=/bin/sh" "COMPILER=arm-none-eabi-gcc" "ASSEMBLER=arm-none-eabi
TRACE::2026-09-23.20:14:01::SCWBDomain::-as" "ARCHIVER=arm-none-eabi-ar" "COMPILER_FLAGS=  -O2 -c" "EXTRA_COMPILER_FLAGS=-mcpu=cortex-a9 -mfpu=vfpv3 -mfloat-abi=hard -
TRACE::2026-09-23.20:14:01::SCWBDomain::nostartfiles -g -Wall -Wextra -fno-tree-loop-distribute-patterns"

TRACE::2026-09-23.20:14:01::SCWBDomain::Running Make include in ps7_cortexa9_0/libsrc/standalone_v7_5/src

TRACE::2026-09-23.20:14:01::SCWBDomain::make -C ps7_cortexa9_0/libsrc/standalone_v7_5/src -s include  "SHELL=/bin/sh" "COMPILER=arm-none-eabi-gcc" "ASSEMBLER=arm-none-
TRACE::2026-09-23.20:14:01::SCWBDomain::eabi-as" "ARCHIVER=arm-none-eabi-ar" "COMPILER_FLAGS=  -O2 -c" "EXTRA_COMPILER_FLAGS=-mcpu=cortex-a9 -mfpu=vfpv3 -mfloat-abi=ha
TRACE::2026-09-23.20:14:01::SCWBDomain::rd -nostartfiles -g -Wall -Wextra -fno-tree-loop-distribute-patterns"

TRACE::2026-09-23.20:14:01::SCWBDomain::Running Make include in ps7_cortexa9_0/libsrc/xilrsa_v1_6/src

TRACE::2026-09-23.20:14:01::SCWBDomain::make -C ps7_cortexa9_0/libsrc/xilrsa_v1_6/src -s include  "SHELL=/bin/sh" "COMPILER=arm-none-eabi-gcc" "ASSEMBLER=arm-none-eabi
TRACE::2026-09-23.20:14:01::SCWBDomain::-as" "ARCHIVER=arm-none-eabi-ar" "COMPILER_FLAGS=  -O2 -c" "EXTRA_COMPILER_FLAGS=-mcpu=cortex-a9 -mfpu=vfpv3 -mfloat-abi=hard -
TRACE::2026-09-23.20:14:01::SCWBDomain::nostartfiles -g -Wall -Wextra -fno-tree-loop-distribute-patterns"

TRACE::2026-09-23.20:14:01::SCWBDomain::Running Make include in ps7_cortexa9_0/libsrc/uartps_v3_11/src

TRACE::2026-09-23.20:14:01::SCWBDomain::make -C ps7_cortexa9_0/libsrc/uartps_v3_11/src -s include  "SHELL=/bin/sh" "COMPILER=arm-none-eabi-gcc" "ASSEMBLER=arm-none-eab
TRACE::2026-09-23.20:14:01::SCWBDomain::i-as" "ARCHIVER=arm-none-eabi-ar" "COMPILER_FLAGS=  -O2 -c" "EXTRA_COMPILER_FLAGS=-mcpu=cortex-a9 -mfpu=vfpv3 -mfloat-abi=hard 
TRACE::2026-09-23.20:14:01::SCWBDomain::-nostartfiles -g -Wall -Wextra -fno-tree-loop-distribute-patterns"

TRACE::2026-09-23.20:14:01::SCWBDomain::Running Make include in ps7_cortexa9_0/libsrc/scutimer_v2_3/src

TRACE::2026-09-23.20:14:01::SCWBDomain::make -C ps7_cortexa9_0/libsrc/scutimer_v2_3/src -s include  "SHELL=/bin/sh" "COMPILER=arm-none-eabi-gcc" "ASSEMBLER=arm-none-ea
TRACE::2026-09-23.20:14:01::SCWBDomain::bi-as" "ARCHIVER=arm-none-eabi-ar" "COMPILER_FLAGS=  -O2 -c" "EXTRA_COMPILER_FLAGS=-mcpu=cortex-a9 -mfpu=vfpv3 -mfloat-abi=hard
TRACE::2026-09-23.20:14:01::SCWBDomain:: -nostartfiles -g -Wall -Wextra -fno-tree-loop-distribute-patterns"

TRACE::2026-09-23.20:14:01::SCWBDomain::Running Make include in ps7_cortexa9_0/libsrc/sdps_v3_12/src

TRACE::2026-09-23.20:14:01::SCWBDomain::make -C ps7_cortexa9_0/libsrc/sdps_v3_12/src -s include  "SHELL=/bin/sh" "COMPILER=arm-none-eabi-gcc" "ASSEMBLER=arm-none-eabi-
TRACE::2026-09-23.20:14:01::SCWBDomain::as" "ARCHIVER=arm-none-eabi-ar" "COMPILER_FLAGS=  -O2 -c" "EXTRA_COMPILER_FLAGS=-mcpu=cortex-a9 -mfpu=vfpv3 -mfloat-abi=hard -n
TRACE::2026-09-23.20:14:01::SCWBDomain::ostartfiles -g -Wall -Wextra -fno-tree-loop-distribute-patterns"

TRACE::2026-09-23.20:14:01::SCWBDomain::Running Make include in ps7_cortexa9_0/libsrc/emacps_v3_14/src

TRACE::2026-09-23.20:14:01::SCWBDomain::make -C ps7_cortexa9_0/libsrc/emacps_v3_14/src -s include  "SHELL=/bin/sh" "COMPILER=arm-none-eabi-gcc" "ASSEMBLER=arm-none-eab
TRACE::2026-09-23.20:14:01::SCWBDomain::i-as" "ARCHIVER=arm-none-eabi-ar" "COMPILER_FLAGS=  -O2 -c" "EXTRA_COMPILER_FLAGS=-mcpu=cortex-a9 -mfpu=vfpv3 -mfloat-abi=hard 
TRACE::2026-09-23.20:14:01::SCWBDomain::-nostartfiles -g -Wall -Wextra -fno-tree-loop-distribute-patterns"

TRACE::2026-09-23.20:14:01::SCWBDomain::Running Make include in ps7_cortexa9_0/libsrc/ttcps_v3_14/src

TRACE::2026-09-23.20:14:01::SCWBDomain::make -C ps7_cortexa9_0/libsrc/ttcps_v3_14/src -s include  "SHELL=/bin/sh" "COMPILER=arm-none-eabi-gcc" "ASSEMBLER=arm-none-eabi
TRACE::2026-09-23.20:14:01::SCWBDomain::-as" "ARCHIVER=arm-none-eabi-ar" "COMPILER_FLAGS=  -O2 -c" "EXTRA_COMPILER_FLAGS=-mcpu=cortex-a9 -mfpu=vfpv3 -mfloat-abi=hard -
TRACE::2026-09-23.20:14:01::SCWBDomain::nostartfiles -g -Wall -Wextra -fno-tree-loop-distribute-patterns"

TRACE::2026-09-23.20:14:02::SCWBDomain::Running Make include in ps7_cortexa9_0/libsrc/usbps_v2_7/src

TRACE::2026-09-23.20:14:02::SCWBDomain::make -C ps7_cortexa9_0/libsrc/usbps_v2_7/src -s include  "SHELL=/bin/sh" "COMPILER=arm-none-eabi-gcc" "ASSEMBLER=arm-none-eabi-
TRACE::2026-09-23.20:14:02::SCWBDomain::as" "ARCHIVER=arm-none-eabi-ar" "COMPILER_FLAGS=  -O2 -c" "EXTRA_COMPILER_FLAGS=-mcpu=cortex-a9 -mfpu=vfpv3 -mfloat-abi=hard -n
TRACE::2026-09-23.20:14:02::SCWBDomain::ostartfiles -g -Wall -Wextra -fno-tree-loop-distribute-patterns"

TRACE::2026-09-23.20:14:02::SCWBDomain::Running Make include in ps7_cortexa9_0/libsrc/coresightps_dcc_v1_8/src

TRACE::2026-09-23.20:14:02::SCWBDomain::make -C ps7_cortexa9_0/libsrc/coresightps_dcc_v1_8/src -s include  "SHELL=/bin/sh" "COMPILER=arm-none-eabi-gcc" "ASSEMBLER=arm-
TRACE::2026-09-23.20:14:02::SCWBDomain::none-eabi-as" "ARCHIVER=arm-none-eabi-ar" "COMPILER_FLAGS=  -O2 -c" "EXTRA_COMPILER_FLAGS=-mcpu=cortex-a9 -mfpu=vfpv3 -mfloat-a
TRACE::2026-09-23.20:14:02::SCWBDomain::bi=hard -nostartfiles -g -Wall -Wextra -fno-tree-loop-distribute-patterns"

TRACE::2026-09-23.20:14:02::SCWBDomain::Running Make include in ps7_cortexa9_0/libsrc/ddrps_v1_2/src

TRACE::2026-09-23.20:14:02::SCWBDomain::make -C ps7_cortexa9_0/libsrc/ddrps_v1_2/src -s include  "SHELL=/bin/sh" "COMPILER=arm-none-eabi-gcc" "ASSEMBLER=arm-none-eabi-
TRACE::2026-09-23.20:14:02::SCWBDomain::as" "ARCHIVER=arm-none-eabi-ar" "COMPILER_FLAGS=  -O2 -c" "EXTRA_COMPILER_FLAGS=-mcpu=cortex-a9 -mfpu=vfpv3 -mfloat-abi=hard -n
TRACE::2026-09-23.20:14:02::SCWBDomain::ostartfiles -g -Wall -Wextra -fno-tree-loop-distribute-patterns"

TRACE::2026-09-23.20:14:02::SCWBDomain::Running Make include in ps7_cortexa9_0/libsrc/xadcps_v2_6/src

TRACE::2026-09-23.20:14:02::SCWBDomain::make -C ps7_cortexa9_0/libsrc/xadcps_v2_6/src -s include  "SHELL=/bin/sh" "COMPILER=arm-none-eabi-gcc" "ASSEMBLER=arm-none-eabi
TRACE::2026-09-23.20:14:02::SCWBDomain::-as" "ARCHIVER=arm-none-eabi-ar" "COMPILER_FLAGS=  -O2 -c" "EXTRA_COMPILER_FLAGS=-mcpu=cortex-a9 -mfpu=vfpv3 -mfloat-abi=hard -
TRACE::2026-09-23.20:14:02::SCWBDomain::nostartfiles -g -Wall -Wextra -fno-tree-loop-distribute-patterns"

TRACE::2026-09-23.20:14:02::SCWBDomain::Running Make include in ps7_cortexa9_0/libsrc/cpu_cortexa9_v2_11/src

TRACE::2026-09-23.20:14:02::SCWBDomain::make -C ps7_cortexa9_0/libsrc/cpu_cortexa9_v2_11/src -s include  "SHELL=/bin/sh" "COMPILER=arm-none-eabi-gcc" "ASSEMBLER=arm-no
TRACE::2026-09-23.20:14:02::SCWBDomain::ne-eabi-as" "ARCHIVER=arm-none-eabi-ar" "COMPILER_FLAGS=  -O2 -c" "EXTRA_COMPILER_FLAGS=-mcpu=cortex-a9 -mfpu=vfpv3 -mfloat-abi
TRACE::2026-09-23.20:14:02::SCWBDomain::=hard -nostartfiles -g -Wall -Wextra -fno-tree-loop-distribute-patterns"

TRACE::2026-09-23.20:14:02::SCWBDomain::Running Make include in ps7_cortexa9_0/libsrc/qspips_v3_9/src

TRACE::2026-09-23.20:14:02::SCWBDomain::make -C ps7_cortexa9_0/libsrc/qspips_v3_9/src -s include  "SHELL=/bin/sh" "COMPILER=arm-none-eabi-gcc" "ASSEMBLER=arm-none-eabi
TRACE::2026-09-23.20:14:02::SCWBDomain::-as" "ARCHIVER=arm-none-eabi-ar" "COMPILER_FLAGS=  -O2 -c" "EXTRA_COMPILER_FLAGS=-mcpu=cortex-a9 -mfpu=vfpv3 -mfloat-abi=hard -
TRACE::2026-09-23.20:14:02::SCWBDomain::nostartfiles -g -Wall -Wextra -fno-tree-loop-distribute-patterns"

TRACE::2026-09-23.20:14:02::SCWBDomain::Running Make include in ps7_cortexa9_0/libsrc/dmaps_v2_8/src

TRACE::2026-09-23.20:14:02::SCWBDomain::make -C ps7_cortexa9_0/libsrc/dmaps_v2_8/src -s include  "SHELL=/bin/sh" "COMPILER=arm-none-eabi-gcc" "ASSEMBLER=arm-none-eabi-
TRACE::2026-09-23.20:14:02::SCWBDomain::as" "ARCHIVER=arm-none-eabi-ar" "COMPILER_FLAGS=  -O2 -c" "EXTRA_COMPILER_FLAGS=-mcpu=cortex-a9 -mfpu=vfpv3 -mfloat-abi=hard -n
TRACE::2026-09-23.20:14:02::SCWBDomain::ostartfiles -g -Wall -Wextra -fno-tree-loop-distribute-patterns"

TRACE::2026-09-23.20:14:02::SCWBDomain::Running Make include in ps7_cortexa9_0/libsrc/PmodKYPD_v1_0/src

TRACE::2026-09-23.20:14:02::SCWBDomain::make -C ps7_cortexa9_0/libsrc/PmodKYPD_v1_0/src -s include  "SHELL=/bin/sh" "COMPILER=arm-none-eabi-gcc" "ASSEMBLER=arm-none-ea
TRACE::2026-09-23.20:14:02::SCWBDomain::bi-as" "ARCHIVER=arm-none-eabi-ar" "COMPILER_FLAGS=  -O2 -c" "EXTRA_COMPILER_FLAGS=-mcpu=cortex-a9 -mfpu=vfpv3 -mfloat-abi=hard
TRACE::2026-09-23.20:14:02::SCWBDomain:: -nostartfiles -g -Wall -Wextra -fno-tree-loop-distribute-patterns"

TRACE::2026-09-23.20:14:02::SCWBDomain::Running Make libs in ps7_cortexa9_0/libsrc/PmodKYPD_v1_0/src

TRACE::2026-09-23.20:14:02::SCWBDomain::make -C ps7_cortexa9_0/libsrc/PmodKYPD_v1_0/src -s libs  "SHELL=/bin/sh" "COMPILER=arm-none-eabi-gcc" "ASSEMBLER=arm-none-eabi-
TRACE::2026-09-23.20:14:02::SCWBDomain::as" "ARCHIVER=arm-none-eabi-ar" "COMPILER_FLAGS=  -O2 -c" "EXTRA_COMPILER_FLAGS=-mcpu=cortex-a9 -mfpu=vfpv3 -mfloat-abi=hard -n
TRACE::2026-09-23.20:14:02::SCWBDomain::ostartfiles -g -Wall -Wextra -fno-tree-loop-distribute-patterns"

TRACE::2026-09-23.20:14:02::SCWBDomain::Compiling PmodKYPD

TRACE::2026-09-23.20:14:02::SCWBDomain::Running Make libs in ps7_cortexa9_0/libsrc/xilrsa_v1_6/src

TRACE::2026-09-23.20:14:02::SCWBDomain::make -C ps7_cortexa9_0/libsrc/xilrsa_v1_6/src -s libs  "SHELL=/bin/sh" "COMPILER=arm-none-eabi-gcc" "ASSEMBLER=arm-none-eabi-as
TRACE::2026-09-23.20:14:02::SCWBDomain::" "ARCHIVER=arm-none-eabi-ar" "COMPILER_FLAGS=  -O2 -c" "EXTRA_COMPILER_FLAGS=-mcpu=cortex-a9 -mfpu=vfpv3 -mfloat-abi=hard -nos
TRACE::2026-09-23.20:14:02::SCWBDomain::tartfiles -g -Wall -Wextra -fno-tree-loop-distribute-patterns"

TRACE::2026-09-23.20:14:02::SCWBDomain::Finished building libraries sequentially.

TRACE::2026-09-23.20:14:02::SCWBDomain::make -j 6 --no-print-directory par_libs

TRACE::2026-09-23.20:14:02::SCWBDomain::Running Make include in ps7_cortexa9_0/libsrc/scugic_v4_5/src

TRACE::2026-09-23.20:14:02::SCWBDomain::Running Make include in ps7_cortexa9_0/libsrc/xilffs_v4_5/src

TRACE::2026-09-23.20:14:02::SCWBDomain::Running Make include in ps7_cortexa9_0/libsrc/gpiops_v3_9/src

TRACE::2026-09-23.20:14:02::SCWBDomain::Running Make include in ps7_cortexa9_0/libsrc/scuwdt_v2_4/src

TRACE::2026-09-23.20:14:02::SCWBDomain::make -C ps7_cortexa9_0/libsrc/scugic_v4_5/src -s include  "SHELL=/bin/sh" "COMPILER=arm-none-eabi-gcc" "ASSEMBLER=arm-none-eabi
TRACE::2026-09-23.20:14:02::SCWBDomain::-as" "ARCHIVER=arm-none-eabi-ar" "COMPILER_FLAGS=  -O2 -c" "EXTRA_COMPILER_FLAGS=-mcpu=cortex-a9 -mfpu=vfpv3 -mfloat-abi=hard -
TRACE::2026-09-23.20:14:02::SCWBDomain::nostartfiles -g -Wall -Wextra -fno-tree-loop-distribute-patterns"

TRACE::2026-09-23.20:14:02::SCWBDomain::Running Make include in ps7_cortexa9_0/libsrc/devcfg_v3_7/src

TRACE::2026-09-23.20:14:02::SCWBDomain::make -C ps7_cortexa9_0/libsrc/gpiops_v3_9/src -s include  "SHELL=/bin/sh" "COMPILER=arm-none-eabi-gcc" "ASSEMBLER=arm-none-eabi
TRACE::2026-09-23.20:14:02::SCWBDomain::-as" "ARCHIVER=arm-none-eabi-ar" "COMPILER_FLAGS=  -O2 -c" "EXTRA_COMPILER_FLAGS=-mcpu=cortex-a9 -mfpu=vfpv3 -mfloat-abi=hard -
TRACE::2026-09-23.20:14:02::SCWBDomain::nostartfiles -g -Wall -Wextra -fno-tree-loop-distribute-patterns"

TRACE::2026-09-23.20:14:02::SCWBDomain::Running Make include in ps7_cortexa9_0/libsrc/standalone_v7_5/src

TRACE::2026-09-23.20:14:02::SCWBDomain::make -C ps7_cortexa9_0/libsrc/scuwdt_v2_4/src -s include  "SHELL=/bin/sh" "COMPILER=arm-none-eabi-gcc" "ASSEMBLER=arm-none-eabi
TRACE::2026-09-23.20:14:02::SCWBDomain::-as" "ARCHIVER=arm-none-eabi-ar" "COMPILER_FLAGS=  -O2 -c" "EXTRA_COMPILER_FLAGS=-mcpu=cortex-a9 -mfpu=vfpv3 -mfloat-abi=hard -
TRACE::2026-09-23.20:14:02::SCWBDomain::nostartfiles -g -Wall -Wextra -fno-tree-loop-distribute-patterns"

TRACE::2026-09-23.20:14:02::SCWBDomain::make -C ps7_cortexa9_0/libsrc/devcfg_v3_7/src -s include  "SHELL=/bin/sh" "COMPILER=arm-none-eabi-gcc" "ASSEMBLER=arm-none-eabi
TRACE::2026-09-23.20:14:02::SCWBDomain::-as" "ARCHIVER=arm-none-eabi-ar" "COMPILER_FLAGS=  -O2 -c" "EXTRA_COMPILER_FLAGS=-mcpu=cortex-a9 -mfpu=vfpv3 -mfloat-abi=hard -
TRACE::2026-09-23.20:14:02::SCWBDomain::nostartfiles -g -Wall -Wextra -fno-tree-loop-distribute-patterns"

TRACE::2026-09-23.20:14:02::SCWBDomain::make -C ps7_cortexa9_0/libsrc/standalone_v7_5/src -s include  "SHELL=/bin/sh" "COMPILER=arm-none-eabi-gcc" "ASSEMBLER=arm-none-
TRACE::2026-09-23.20:14:02::SCWBDomain::eabi-as" "ARCHIVER=arm-none-eabi-ar" "COMPILER_FLAGS=  -O2 -c" "EXTRA_COMPILER_FLAGS=-mcpu=cortex-a9 -mfpu=vfpv3 -mfloat-abi=ha
TRACE::2026-09-23.20:14:02::SCWBDomain::rd -nostartfiles -g -Wall -Wextra -fno-tree-loop-distribute-patterns"

TRACE::2026-09-23.20:14:02::SCWBDomain::make -C ps7_cortexa9_0/libsrc/xilffs_v4_5/src -s include  "SHELL=/bin/sh" "COMPILER=arm-none-eabi-gcc" "ASSEMBLER=arm-none-eabi
TRACE::2026-09-23.20:14:02::SCWBDomain::-as" "ARCHIVER=arm-none-eabi-ar" "COMPILER_FLAGS=  -O2 -c" "EXTRA_COMPILER_FLAGS=-mcpu=cortex-a9 -mfpu=vfpv3 -mfloat-abi=hard -
TRACE::2026-09-23.20:14:02::SCWBDomain::nostartfiles -g -Wall -Wextra -fno-tree-loop-distribute-patterns"

TRACE::2026-09-23.20:14:02::SCWBDomain::Running Make include in ps7_cortexa9_0/libsrc/xilrsa_v1_6/src

TRACE::2026-09-23.20:14:02::SCWBDomain::make -C ps7_cortexa9_0/libsrc/xilrsa_v1_6/src -s include  "SHELL=/bin/sh" "COMPILER=arm-none-eabi-gcc" "ASSEMBLER=arm-none-eabi
TRACE::2026-09-23.20:14:02::SCWBDomain::-as" "ARCHIVER=arm-none-eabi-ar" "COMPILER_FLAGS=  -O2 -c" "EXTRA_COMPILER_FLAGS=-mcpu=cortex-a9 -mfpu=vfpv3 -mfloat-abi=hard -
TRACE::2026-09-23.20:14:02::SCWBDomain::nostartfiles -g -Wall -Wextra -fno-tree-loop-distribute-patterns"

TRACE::2026-09-23.20:14:02::SCWBDomain::Running Make include in ps7_cortexa9_0/libsrc/uartps_v3_11/src

TRACE::2026-09-23.20:14:02::SCWBDomain::Running Make include in ps7_cortexa9_0/libsrc/sdps_v3_12/src

TRACE::2026-09-23.20:14:02::SCWBDomain::Running Make include in ps7_cortexa9_0/libsrc/scutimer_v2_3/src

TRACE::2026-09-23.20:14:02::SCWBDomain::make -C ps7_cortexa9_0/libsrc/uartps_v3_11/src -s include  "SHELL=/bin/sh" "COMPILER=arm-none-eabi-gcc" "ASSEMBLER=arm-none-eab
TRACE::2026-09-23.20:14:02::SCWBDomain::i-as" "ARCHIVER=arm-none-eabi-ar" "COMPILER_FLAGS=  -O2 -c" "EXTRA_COMPILER_FLAGS=-mcpu=cortex-a9 -mfpu=vfpv3 -mfloat-abi=hard 
TRACE::2026-09-23.20:14:02::SCWBDomain::-nostartfiles -g -Wall -Wextra -fno-tree-loop-distribute-patterns"

TRACE::2026-09-23.20:14:02::SCWBDomain::make -C ps7_cortexa9_0/libsrc/scutimer_v2_3/src -s include  "SHELL=/bin/sh" "COMPILER=arm-none-eabi-gcc" "ASSEMBLER=arm-none-ea
TRACE::2026-09-23.20:14:02::SCWBDomain::bi-as" "ARCHIVER=arm-none-eabi-ar" "COMPILER_FLAGS=  -O2 -c" "EXTRA_COMPILER_FLAGS=-mcpu=cortex-a9 -mfpu=vfpv3 -mfloat-abi=hard
TRACE::2026-09-23.20:14:02::SCWBDomain:: -nostartfiles -g -Wall -Wextra -fno-tree-loop-distribute-patterns"

TRACE::2026-09-23.20:14:02::SCWBDomain::make -C ps7_cortexa9_0/libsrc/sdps_v3_12/src -s include  "SHELL=/bin/sh" "COMPILER=arm-none-eabi-gcc" "ASSEMBLER=arm-none-eabi-
TRACE::2026-09-23.20:14:02::SCWBDomain::as" "ARCHIVER=arm-none-eabi-ar" "COMPILER_FLAGS=  -O2 -c" "EXTRA_COMPILER_FLAGS=-mcpu=cortex-a9 -mfpu=vfpv3 -mfloat-abi=hard -n
TRACE::2026-09-23.20:14:02::SCWBDomain::ostartfiles -g -Wall -Wextra -fno-tree-loop-distribute-patterns"

TRACE::2026-09-23.20:14:02::SCWBDomain::Running Make include in ps7_cortexa9_0/libsrc/emacps_v3_14/src

TRACE::2026-09-23.20:14:02::SCWBDomain::make -C ps7_cortexa9_0/libsrc/emacps_v3_14/src -s include  "SHELL=/bin/sh" "COMPILER=arm-none-eabi-gcc" "ASSEMBLER=arm-none-eab
TRACE::2026-09-23.20:14:02::SCWBDomain::i-as" "ARCHIVER=arm-none-eabi-ar" "COMPILER_FLAGS=  -O2 -c" "EXTRA_COMPILER_FLAGS=-mcpu=cortex-a9 -mfpu=vfpv3 -mfloat-abi=hard 
TRACE::2026-09-23.20:14:02::SCWBDomain::-nostartfiles -g -Wall -Wextra -fno-tree-loop-distribute-patterns"

TRACE::2026-09-23.20:14:02::SCWBDomain::Running Make include in ps7_cortexa9_0/libsrc/ttcps_v3_14/src

TRACE::2026-09-23.20:14:02::SCWBDomain::Running Make include in ps7_cortexa9_0/libsrc/usbps_v2_7/src

TRACE::2026-09-23.20:14:02::SCWBDomain::make -C ps7_cortexa9_0/libsrc/ttcps_v3_14/src -s include  "SHELL=/bin/sh" "COMPILER=arm-none-eabi-gcc" "ASSEMBLER=arm-none-eabi
TRACE::2026-09-23.20:14:02::SCWBDomain::-as" "ARCHIVER=arm-none-eabi-ar" "COMPILER_FLAGS=  -O2 -c" "EXTRA_COMPILER_FLAGS=-mcpu=cortex-a9 -mfpu=vfpv3 -mfloat-abi=hard -
TRACE::2026-09-23.20:14:02::SCWBDomain::nostartfiles -g -Wall -Wextra -fno-tree-loop-distribute-patterns"

TRACE::2026-09-23.20:14:02::SCWBDomain::Running Make include in ps7_cortexa9_0/libsrc/coresightps_dcc_v1_8/src

TRACE::2026-09-23.20:14:02::SCWBDomain::make -C ps7_cortexa9_0/libsrc/usbps_v2_7/src -s include  "SHELL=/bin/sh" "COMPILER=arm-none-eabi-gcc" "ASSEMBLER=arm-none-eabi-
TRACE::2026-09-23.20:14:02::SCWBDomain::as" "ARCHIVER=arm-none-eabi-ar" "COMPILER_FLAGS=  -O2 -c" "EXTRA_COMPILER_FLAGS=-mcpu=cortex-a9 -mfpu=vfpv3 -mfloat-abi=hard -n
TRACE::2026-09-23.20:14:02::SCWBDomain::ostartfiles -g -Wall -Wextra -fno-tree-loop-distribute-patterns"

TRACE::2026-09-23.20:14:02::SCWBDomain::Running Make include in ps7_cortexa9_0/libsrc/ddrps_v1_2/src

TRACE::2026-09-23.20:14:02::SCWBDomain::make -C ps7_cortexa9_0/libsrc/coresightps_dcc_v1_8/src -s include  "SHELL=/bin/sh" "COMPILER=arm-none-eabi-gcc" "ASSEMBLER=arm-
TRACE::2026-09-23.20:14:02::SCWBDomain::none-eabi-as" "ARCHIVER=arm-none-eabi-ar" "COMPILER_FLAGS=  -O2 -c" "EXTRA_COMPILER_FLAGS=-mcpu=cortex-a9 -mfpu=vfpv3 -mfloat-a
TRACE::2026-09-23.20:14:02::SCWBDomain::bi=hard -nostartfiles -g -Wall -Wextra -fno-tree-loop-distribute-patterns"

TRACE::2026-09-23.20:14:02::SCWBDomain::Running Make include in ps7_cortexa9_0/libsrc/xadcps_v2_6/src

TRACE::2026-09-23.20:14:02::SCWBDomain::make -C ps7_cortexa9_0/libsrc/ddrps_v1_2/src -s include  "SHELL=/bin/sh" "COMPILER=arm-none-eabi-gcc" "ASSEMBLER=arm-none-eabi-
TRACE::2026-09-23.20:14:02::SCWBDomain::as" "ARCHIVER=arm-none-eabi-ar" "COMPILER_FLAGS=  -O2 -c" "EXTRA_COMPILER_FLAGS=-mcpu=cortex-a9 -mfpu=vfpv3 -mfloat-abi=hard -n
TRACE::2026-09-23.20:14:02::SCWBDomain::ostartfiles -g -Wall -Wextra -fno-tree-loop-distribute-patterns"

TRACE::2026-09-23.20:14:02::SCWBDomain::make -C ps7_cortexa9_0/libsrc/xadcps_v2_6/src -s include  "SHELL=/bin/sh" "COMPILER=arm-none-eabi-gcc" "ASSEMBLER=arm-none-eabi
TRACE::2026-09-23.20:14:02::SCWBDomain::-as" "ARCHIVER=arm-none-eabi-ar" "COMPILER_FLAGS=  -O2 -c" "EXTRA_COMPILER_FLAGS=-mcpu=cortex-a9 -mfpu=vfpv3 -mfloat-abi=hard -
TRACE::2026-09-23.20:14:02::SCWBDomain::nostartfiles -g -Wall -Wextra -fno-tree-loop-distribute-patterns"

TRACE::2026-09-23.20:14:02::SCWBDomain::Running Make include in ps7_cortexa9_0/libsrc/cpu_cortexa9_v2_11/src

TRACE::2026-09-23.20:14:02::SCWBDomain::make -C ps7_cortexa9_0/libsrc/cpu_cortexa9_v2_11/src -s include  "SHELL=/bin/sh" "COMPILER=arm-none-eabi-gcc" "ASSEMBLER=arm-no
TRACE::2026-09-23.20:14:02::SCWBDomain::ne-eabi-as" "ARCHIVER=arm-none-eabi-ar" "COMPILER_FLAGS=  -O2 -c" "EXTRA_COMPILER_FLAGS=-mcpu=cortex-a9 -mfpu=vfpv3 -mfloat-abi
TRACE::2026-09-23.20:14:02::SCWBDomain::=hard -nostartfiles -g -Wall -Wextra -fno-tree-loop-distribute-patterns"

TRACE::2026-09-23.20:14:02::SCWBDomain::Running Make include in ps7_cortexa9_0/libsrc/qspips_v3_9/src

TRACE::2026-09-23.20:14:02::SCWBDomain::make -C ps7_cortexa9_0/libsrc/qspips_v3_9/src -s include  "SHELL=/bin/sh" "COMPILER=arm-none-eabi-gcc" "ASSEMBLER=arm-none-eabi
TRACE::2026-09-23.20:14:02::SCWBDomain::-as" "ARCHIVER=arm-none-eabi-ar" "COMPILER_FLAGS=  -O2 -c" "EXTRA_COMPILER_FLAGS=-mcpu=cortex-a9 -mfpu=vfpv3 -mfloat-abi=hard -
TRACE::2026-09-23.20:14:02::SCWBDomain::nostartfiles -g -Wall -Wextra -fno-tree-loop-distribute-patterns"

TRACE::2026-09-23.20:14:02::SCWBDomain::Running Make include in ps7_cortexa9_0/libsrc/dmaps_v2_8/src

TRACE::2026-09-23.20:14:02::SCWBDomain::make -C ps7_cortexa9_0/libsrc/dmaps_v2_8/src -s include  "SHELL=/bin/sh" "COMPILER=arm-none-eabi-gcc" "ASSEMBLER=arm-none-eabi-
TRACE::2026-09-23.20:14:02::SCWBDomain::as" "ARCHIVER=arm-none-eabi-ar" "COMPILER_FLAGS=  -O2 -c" "EXTRA_COMPILER_FLAGS=-mcpu=cortex-a9 -mfpu=vfpv3 -mfloat-abi=hard -n
TRACE::2026-09-23.20:14:02::SCWBDomain::ostartfiles -g -Wall -Wextra -fno-tree-loop-distribute-patterns"

TRACE::2026-09-23.20:14:02::SCWBDomain::Running Make include in ps7_cortexa9_0/libsrc/PmodKYPD_v1_0/src

TRACE::2026-09-23.20:14:02::SCWBDomain::make -C ps7_cortexa9_0/libsrc/PmodKYPD_v1_0/src -s include  "SHELL=/bin/sh" "COMPILER=arm-none-eabi-gcc" "ASSEMBLER=arm-none-ea
TRACE::2026-09-23.20:14:02::SCWBDomain::bi-as" "ARCHIVER=arm-none-eabi-ar" "COMPILER_FLAGS=  -O2 -c" "EXTRA_COMPILER_FLAGS=-mcpu=cortex-a9 -mfpu=vfpv3 -mfloat-abi=hard
TRACE::2026-09-23.20:14:02::SCWBDomain:: -nostartfiles -g -Wall -Wextra -fno-tree-loop-distribute-patterns"

TRACE::2026-09-23.20:14:02::SCWBDomain::Running Make libs in ps7_cortexa9_0/libsrc/gpiops_v3_9/src

TRACE::2026-09-23.20:14:02::SCWBDomain::Running Make libs in ps7_cortexa9_0/libsrc/scugic_v4_5/src

TRACE::2026-09-23.20:14:02::SCWBDomain::Running Make libs in ps7_cortexa9_0/libsrc/scuwdt_v2_4/src

TRACE::2026-09-23.20:14:02::SCWBDomain::Running Make libs in ps7_cortexa9_0/libsrc/xilffs_v4_5/src

TRACE::2026-09-23.20:14:02::SCWBDomain::Running Make libs in ps7_cortexa9_0/libsrc/devcfg_v3_7/src

TRACE::2026-09-23.20:14:02::SCWBDomain::make -C ps7_cortexa9_0/libsrc/gpiops_v3_9/src -s libs  "SHELL=/bin/sh" "COMPILER=arm-none-eabi-gcc" "ASSEMBLER=arm-none-eabi-as
TRACE::2026-09-23.20:14:02::SCWBDomain::" "ARCHIVER=arm-none-eabi-ar" "COMPILER_FLAGS=  -O2 -c" "EXTRA_COMPILER_FLAGS=-mcpu=cortex-a9 -mfpu=vfpv3 -mfloat-abi=hard -nos
TRACE::2026-09-23.20:14:02::SCWBDomain::tartfiles -g -Wall -Wextra -fno-tree-loop-distribute-patterns"

TRACE::2026-09-23.20:14:02::SCWBDomain::make -C ps7_cortexa9_0/libsrc/scugic_v4_5/src -s libs  "SHELL=/bin/sh" "COMPILER=arm-none-eabi-gcc" "ASSEMBLER=arm-none-eabi-as
TRACE::2026-09-23.20:14:02::SCWBDomain::" "ARCHIVER=arm-none-eabi-ar" "COMPILER_FLAGS=  -O2 -c" "EXTRA_COMPILER_FLAGS=-mcpu=cortex-a9 -mfpu=vfpv3 -mfloat-abi=hard -nos
TRACE::2026-09-23.20:14:02::SCWBDomain::tartfiles -g -Wall -Wextra -fno-tree-loop-distribute-patterns"

TRACE::2026-09-23.20:14:02::SCWBDomain::make -C ps7_cortexa9_0/libsrc/xilffs_v4_5/src -s libs  "SHELL=/bin/sh" "COMPILER=arm-none-eabi-gcc" "ASSEMBLER=arm-none-eabi-as
TRACE::2026-09-23.20:14:02::SCWBDomain::" "ARCHIVER=arm-none-eabi-ar" "COMPILER_FLAGS=  -O2 -c" "EXTRA_COMPILER_FLAGS=-mcpu=cortex-a9 -mfpu=vfpv3 -mfloat-abi=hard -nos
TRACE::2026-09-23.20:14:02::SCWBDomain::tartfiles -g -Wall -Wextra -fno-tree-loop-distribute-patterns"

TRACE::2026-09-23.20:14:02::SCWBDomain::make -C ps7_cortexa9_0/libsrc/scuwdt_v2_4/src -s libs  "SHELL=/bin/sh" "COMPILER=arm-none-eabi-gcc" "ASSEMBLER=arm-none-eabi-as
TRACE::2026-09-23.20:14:02::SCWBDomain::" "ARCHIVER=arm-none-eabi-ar" "COMPILER_FLAGS=  -O2 -c" "EXTRA_COMPILER_FLAGS=-mcpu=cortex-a9 -mfpu=vfpv3 -mfloat-abi=hard -nos
TRACE::2026-09-23.20:14:02::SCWBDomain::tartfiles -g -Wall -Wextra -fno-tree-loop-distribute-patterns"

TRACE::2026-09-23.20:14:02::SCWBDomain::make -C ps7_cortexa9_0/libsrc/devcfg_v3_7/src -s libs  "SHELL=/bin/sh" "COMPILER=arm-none-eabi-gcc" "ASSEMBLER=arm-none-eabi-as
TRACE::2026-09-23.20:14:02::SCWBDomain::" "ARCHIVER=arm-none-eabi-ar" "COMPILER_FLAGS=  -O2 -c" "EXTRA_COMPILER_FLAGS=-mcpu=cortex-a9 -mfpu=vfpv3 -mfloat-abi=hard -nos
TRACE::2026-09-23.20:14:02::SCWBDomain::tartfiles -g -Wall -Wextra -fno-tree-loop-distribute-patterns"

TRACE::2026-09-23.20:14:02::SCWBDomain::Running Make libs in ps7_cortexa9_0/libsrc/standalone_v7_5/src

TRACE::2026-09-23.20:14:02::SCWBDomain::make -C ps7_cortexa9_0/libsrc/standalone_v7_5/src -s libs  "SHELL=/bin/sh" "COMPILER=arm-none-eabi-gcc" "ASSEMBLER=arm-none-eab
TRACE::2026-09-23.20:14:02::SCWBDomain::i-as" "ARCHIVER=arm-none-eabi-ar" "COMPILER_FLAGS=  -O2 -c" "EXTRA_COMPILER_FLAGS=-mcpu=cortex-a9 -mfpu=vfpv3 -mfloat-abi=hard 
TRACE::2026-09-23.20:14:02::SCWBDomain::-nostartfiles -g -Wall -Wextra -fno-tree-loop-distribute-patterns"

TRACE::2026-09-23.20:14:02::SCWBDomain::Running Make libs in ps7_cortexa9_0/libsrc/uartps_v3_11/src

TRACE::2026-09-23.20:14:02::SCWBDomain::make -C ps7_cortexa9_0/libsrc/uartps_v3_11/src -s libs  "SHELL=/bin/sh" "COMPILER=arm-none-eabi-gcc" "ASSEMBLER=arm-none-eabi-a
TRACE::2026-09-23.20:14:02::SCWBDomain::s" "ARCHIVER=arm-none-eabi-ar" "COMPILER_FLAGS=  -O2 -c" "EXTRA_COMPILER_FLAGS=-mcpu=cortex-a9 -mfpu=vfpv3 -mfloat-abi=hard -no
TRACE::2026-09-23.20:14:02::SCWBDomain::startfiles -g -Wall -Wextra -fno-tree-loop-distribute-patterns"

TRACE::2026-09-23.20:14:03::SCWBDomain::Running Make libs in ps7_cortexa9_0/libsrc/scutimer_v2_3/src

TRACE::2026-09-23.20:14:03::SCWBDomain::make -C ps7_cortexa9_0/libsrc/scutimer_v2_3/src -s libs  "SHELL=/bin/sh" "COMPILER=arm-none-eabi-gcc" "ASSEMBLER=arm-none-eabi-
TRACE::2026-09-23.20:14:03::SCWBDomain::as" "ARCHIVER=arm-none-eabi-ar" "COMPILER_FLAGS=  -O2 -c" "EXTRA_COMPILER_FLAGS=-mcpu=cortex-a9 -mfpu=vfpv3 -mfloat-abi=hard -n
TRACE::2026-09-23.20:14:03::SCWBDomain::ostartfiles -g -Wall -Wextra -fno-tree-loop-distribute-patterns"

TRACE::2026-09-23.20:14:03::SCWBDomain::Running Make libs in ps7_cortexa9_0/libsrc/sdps_v3_12/src

TRACE::2026-09-23.20:14:03::SCWBDomain::make -C ps7_cortexa9_0/libsrc/sdps_v3_12/src -s libs  "SHELL=/bin/sh" "COMPILER=arm-none-eabi-gcc" "ASSEMBLER=arm-none-eabi-as"
TRACE::2026-09-23.20:14:03::SCWBDomain:: "ARCHIVER=arm-none-eabi-ar" "COMPILER_FLAGS=  -O2 -c" "EXTRA_COMPILER_FLAGS=-mcpu=cortex-a9 -mfpu=vfpv3 -mfloat-abi=hard -nost
TRACE::2026-09-23.20:14:03::SCWBDomain::artfiles -g -Wall -Wextra -fno-tree-loop-distribute-patterns"

TRACE::2026-09-23.20:14:03::SCWBDomain::Running Make libs in ps7_cortexa9_0/libsrc/emacps_v3_14/src

TRACE::2026-09-23.20:14:03::SCWBDomain::make -C ps7_cortexa9_0/libsrc/emacps_v3_14/src -s libs  "SHELL=/bin/sh" "COMPILER=arm-none-eabi-gcc" "ASSEMBLER=arm-none-eabi-a
TRACE::2026-09-23.20:14:03::SCWBDomain::s" "ARCHIVER=arm-none-eabi-ar" "COMPILER_FLAGS=  -O2 -c" "EXTRA_COMPILER_FLAGS=-mcpu=cortex-a9 -mfpu=vfpv3 -mfloat-abi=hard -no
TRACE::2026-09-23.20:14:03::SCWBDomain::startfiles -g -Wall -Wextra -fno-tree-loop-distribute-patterns"

TRACE::2026-09-23.20:14:03::SCWBDomain::Running Make libs in ps7_cortexa9_0/libsrc/ttcps_v3_14/src

TRACE::2026-09-23.20:14:03::SCWBDomain::make -C ps7_cortexa9_0/libsrc/ttcps_v3_14/src -s libs  "SHELL=/bin/sh" "COMPILER=arm-none-eabi-gcc" "ASSEMBLER=arm-none-eabi-as
TRACE::2026-09-23.20:14:03::SCWBDomain::" "ARCHIVER=arm-none-eabi-ar" "COMPILER_FLAGS=  -O2 -c" "EXTRA_COMPILER_FLAGS=-mcpu=cortex-a9 -mfpu=vfpv3 -mfloat-abi=hard -nos
TRACE::2026-09-23.20:14:03::SCWBDomain::tartfiles -g -Wall -Wextra -fno-tree-loop-distribute-patterns"

TRACE::2026-09-23.20:14:03::SCWBDomain::Running Make libs in ps7_cortexa9_0/libsrc/usbps_v2_7/src

TRACE::2026-09-23.20:14:03::SCWBDomain::make -C ps7_cortexa9_0/libsrc/usbps_v2_7/src -s libs  "SHELL=/bin/sh" "COMPILER=arm-none-eabi-gcc" "ASSEMBLER=arm-none-eabi-as"
TRACE::2026-09-23.20:14:03::SCWBDomain:: "ARCHIVER=arm-none-eabi-ar" "COMPILER_FLAGS=  -O2 -c" "EXTRA_COMPILER_FLAGS=-mcpu=cortex-a9 -mfpu=vfpv3 -mfloat-abi=hard -nost
TRACE::2026-09-23.20:14:03::SCWBDomain::artfiles -g -Wall -Wextra -fno-tree-loop-distribute-patterns"

TRACE::2026-09-23.20:14:04::SCWBDomain::Running Make libs in ps7_cortexa9_0/libsrc/coresightps_dcc_v1_8/src

TRACE::2026-09-23.20:14:04::SCWBDomain::make -C ps7_cortexa9_0/libsrc/coresightps_dcc_v1_8/src -s libs  "SHELL=/bin/sh" "COMPILER=arm-none-eabi-gcc" "ASSEMBLER=arm-non
TRACE::2026-09-23.20:14:04::SCWBDomain::e-eabi-as" "ARCHIVER=arm-none-eabi-ar" "COMPILER_FLAGS=  -O2 -c" "EXTRA_COMPILER_FLAGS=-mcpu=cortex-a9 -mfpu=vfpv3 -mfloat-abi=
TRACE::2026-09-23.20:14:04::SCWBDomain::hard -nostartfiles -g -Wall -Wextra -fno-tree-loop-distribute-patterns"

TRACE::2026-09-23.20:14:04::SCWBDomain::Running Make libs in ps7_cortexa9_0/libsrc/ddrps_v1_2/src

TRACE::2026-09-23.20:14:04::SCWBDomain::make -C ps7_cortexa9_0/libsrc/ddrps_v1_2/src -s libs  "SHELL=/bin/sh" "COMPILER=arm-none-eabi-gcc" "ASSEMBLER=arm-none-eabi-as"
TRACE::2026-09-23.20:14:04::SCWBDomain:: "ARCHIVER=arm-none-eabi-ar" "COMPILER_FLAGS=  -O2 -c" "EXTRA_COMPILER_FLAGS=-mcpu=cortex-a9 -mfpu=vfpv3 -mfloat-abi=hard -nost
TRACE::2026-09-23.20:14:04::SCWBDomain::artfiles -g -Wall -Wextra -fno-tree-loop-distribute-patterns"

TRACE::2026-09-23.20:14:04::SCWBDomain::Running Make libs in ps7_cortexa9_0/libsrc/xadcps_v2_6/src

TRACE::2026-09-23.20:14:04::SCWBDomain::make -C ps7_cortexa9_0/libsrc/xadcps_v2_6/src -s libs  "SHELL=/bin/sh" "COMPILER=arm-none-eabi-gcc" "ASSEMBLER=arm-none-eabi-as
TRACE::2026-09-23.20:14:04::SCWBDomain::" "ARCHIVER=arm-none-eabi-ar" "COMPILER_FLAGS=  -O2 -c" "EXTRA_COMPILER_FLAGS=-mcpu=cortex-a9 -mfpu=vfpv3 -mfloat-abi=hard -nos
TRACE::2026-09-23.20:14:04::SCWBDomain::tartfiles -g -Wall -Wextra -fno-tree-loop-distribute-patterns"

TRACE::2026-09-23.20:14:04::SCWBDomain::Running Make libs in ps7_cortexa9_0/libsrc/cpu_cortexa9_v2_11/src

TRACE::2026-09-23.20:14:04::SCWBDomain::make -C ps7_cortexa9_0/libsrc/cpu_cortexa9_v2_11/src -s libs  "SHELL=/bin/sh" "COMPILER=arm-none-eabi-gcc" "ASSEMBLER=arm-none-
TRACE::2026-09-23.20:14:04::SCWBDomain::eabi-as" "ARCHIVER=arm-none-eabi-ar" "COMPILER_FLAGS=  -O2 -c" "EXTRA_COMPILER_FLAGS=-mcpu=cortex-a9 -mfpu=vfpv3 -mfloat-abi=ha
TRACE::2026-09-23.20:14:04::SCWBDomain::rd -nostartfiles -g -Wall -Wextra -fno-tree-loop-distribute-patterns"

TRACE::2026-09-23.20:14:04::SCWBDomain::Running Make libs in ps7_cortexa9_0/libsrc/qspips_v3_9/src

TRACE::2026-09-23.20:14:04::SCWBDomain::make -C ps7_cortexa9_0/libsrc/qspips_v3_9/src -s libs  "SHELL=/bin/sh" "COMPILER=arm-none-eabi-gcc" "ASSEMBLER=arm-none-eabi-as
TRACE::2026-09-23.20:14:04::SCWBDomain::" "ARCHIVER=arm-none-eabi-ar" "COMPILER_FLAGS=  -O2 -c" "EXTRA_COMPILER_FLAGS=-mcpu=cortex-a9 -mfpu=vfpv3 -mfloat-abi=hard -nos
TRACE::2026-09-23.20:14:04::SCWBDomain::tartfiles -g -Wall -Wextra -fno-tree-loop-distribute-patterns"

TRACE::2026-09-23.20:14:04::SCWBDomain::Running Make libs in ps7_cortexa9_0/libsrc/dmaps_v2_8/src

TRACE::2026-09-23.20:14:04::SCWBDomain::make -C ps7_cortexa9_0/libsrc/dmaps_v2_8/src -s libs  "SHELL=/bin/sh" "COMPILER=arm-none-eabi-gcc" "ASSEMBLER=arm-none-eabi-as"
TRACE::2026-09-23.20:14:04::SCWBDomain:: "ARCHIVER=arm-none-eabi-ar" "COMPILER_FLAGS=  -O2 -c" "EXTRA_COMPILER_FLAGS=-mcpu=cortex-a9 -mfpu=vfpv3 -mfloat-abi=hard -nost
TRACE::2026-09-23.20:14:04::SCWBDomain::artfiles -g -Wall -Wextra -fno-tree-loop-distribute-patterns"

TRACE::2026-09-23.20:14:04::SCWBDomain::Finished building libraries parallelly.

TRACE::2026-09-23.20:14:04::SCWBDomain::make --no-print-directory archive

TRACE::2026-09-23.20:14:04::SCWBDomain::arm-none-eabi-ar -r  ps7_cortexa9_0/lib/libxil.a ps7_cortexa9_0/lib/xsdps_host.o ps7_cortexa9_0/lib/xusbps_intr.o ps7_cortexa9_
TRACE::2026-09-23.20:14:04::SCWBDomain::0/lib/xil_assert.o ps7_cortexa9_0/lib/xscugic_intr.o ps7_cortexa9_0/lib/open.o ps7_cortexa9_0/lib/xemacps_control.o ps7_cortexa
TRACE::2026-09-23.20:14:04::SCWBDomain::9_0/lib/xusbps.o ps7_cortexa9_0/lib/xil_exception.o ps7_cortexa9_0/lib/xqspips_selftest.o ps7_cortexa9_0/lib/abort.o ps7_cortex
TRACE::2026-09-23.20:14:04::SCWBDomain::a9_0/lib/xsdps_sinit.o ps7_cortexa9_0/lib/xusbps_g.o ps7_cortexa9_0/lib/xsdps_g.o ps7_cortexa9_0/lib/xdmaps_selftest.o ps7_cort
TRACE::2026-09-23.20:14:04::SCWBDomain::exa9_0/lib/xqspips_g.o ps7_cortexa9_0/lib/_sbrk.o ps7_cortexa9_0/lib/xpm_counter.o ps7_cortexa9_0/lib/xttcps.o ps7_cortexa9_0/l
TRACE::2026-09-23.20:14:04::SCWBDomain::ib/xdevcfg_selftest.o ps7_cortexa9_0/lib/xscutimer.o ps7_cortexa9_0/lib/xdmaps.o ps7_cortexa9_0/lib/xdevcfg_sinit.o ps7_cortexa
TRACE::2026-09-23.20:14:04::SCWBDomain::9_0/lib/xil_testcache.o ps7_cortexa9_0/lib/getpid.o ps7_cortexa9_0/lib/xdevcfg_g.o ps7_cortexa9_0/lib/asm_vectors.o ps7_cortexa
TRACE::2026-09-23.20:14:04::SCWBDomain::9_0/lib/xl2cc_counter.o ps7_cortexa9_0/lib/xusbps_hw.o ps7_cortexa9_0/lib/xil_testmem.o ps7_cortexa9_0/lib/lseek.o ps7_cortexa9
TRACE::2026-09-23.20:14:04::SCWBDomain::_0/lib/outbyte.o ps7_cortexa9_0/lib/xuartps_selftest.o ps7_cortexa9_0/lib/xuartps_sinit.o ps7_cortexa9_0/lib/xgpiops.o ps7_cort
TRACE::2026-09-23.20:14:04::SCWBDomain::exa9_0/lib/xadcps.o ps7_cortexa9_0/lib/xuartps_g.o ps7_cortexa9_0/lib/kill.o ps7_cortexa9_0/lib/xil_printf.o ps7_cortexa9_0/lib
TRACE::2026-09-23.20:14:04::SCWBDomain::/xscuwdt.o ps7_cortexa9_0/lib/xgpiops_selftest.o ps7_cortexa9_0/lib/xusbps_sinit.o ps7_cortexa9_0/lib/xemacps_g.o ps7_cortexa9_
TRACE::2026-09-23.20:14:04::SCWBDomain::0/lib/close.o ps7_cortexa9_0/lib/xsdps.o ps7_cortexa9_0/lib/xgpiops_g.o ps7_cortexa9_0/lib/xqspips_hw.o ps7_cortexa9_0/lib/xttc
TRACE::2026-09-23.20:14:04::SCWBDomain::ps_selftest.o ps7_cortexa9_0/lib/putnum.o ps7_cortexa9_0/lib/xscutimer_selftest.o ps7_cortexa9_0/lib/xttcps_sinit.o ps7_cortexa
TRACE::2026-09-23.20:14:04::SCWBDomain::9_0/lib/inbyte.o ps7_cortexa9_0/lib/xscutimer_sinit.o ps7_cortexa9_0/lib/xdmaps_sinit.o ps7_cortexa9_0/lib/xil_misc_psreset_api
TRACE::2026-09-23.20:14:04::SCWBDomain::.o ps7_cortexa9_0/lib/xscutimer_g.o ps7_cortexa9_0/lib/xdmaps_g.o ps7_cortexa9_0/lib/xsdps_options.o ps7_cortexa9_0/lib/xil_sle
TRACE::2026-09-23.20:14:04::SCWBDomain::eptimer.o ps7_cortexa9_0/lib/xdevcfg_hw.o ps7_cortexa9_0/lib/xusbps_endpoint.o ps7_cortexa9_0/lib/_exit.o ps7_cortexa9_0/lib/ti
TRACE::2026-09-23.20:14:04::SCWBDomain::me.o ps7_cortexa9_0/lib/xplatform_info.o ps7_cortexa9_0/lib/xadcps_selftest.o ps7_cortexa9_0/lib/xadcps_sinit.o ps7_cortexa9_0/
TRACE::2026-09-23.20:14:04::SCWBDomain::lib/xqspips_sinit.o ps7_cortexa9_0/lib/xadcps_g.o ps7_cortexa9_0/lib/xscugic.o ps7_cortexa9_0/lib/xil-crt0.o ps7_cortexa9_0/lib
TRACE::2026-09-23.20:14:04::SCWBDomain::/isatty.o ps7_cortexa9_0/lib/xscuwdt_selftest.o ps7_cortexa9_0/lib/xemacps_intr.o ps7_cortexa9_0/lib/xil_clocking.o ps7_cortexa
TRACE::2026-09-23.20:14:04::SCWBDomain::9_0/lib/xgpiops_sinit.o ps7_cortexa9_0/lib/xscuwdt_g.o ps7_cortexa9_0/lib/vectors.o ps7_cortexa9_0/lib/xuartps_options.o ps7_co
TRACE::2026-09-23.20:14:04::SCWBDomain::rtexa9_0/lib/xdevcfg_intr.o ps7_cortexa9_0/lib/errno.o ps7_cortexa9_0/lib/fstat.o ps7_cortexa9_0/lib/xgpiops_hw.o ps7_cortexa9_
TRACE::2026-09-23.20:14:04::SCWBDomain::0/lib/sbrk.o ps7_cortexa9_0/lib/xdmaps_hw.o ps7_cortexa9_0/lib/xsdps_card.o ps7_cortexa9_0/lib/xuartps_intr.o ps7_cortexa9_0/li
TRACE::2026-09-23.20:14:04::SCWBDomain::b/xil_util.o ps7_cortexa9_0/lib/xscugic_selftest.o ps7_cortexa9_0/lib/xemacps_sinit.o ps7_cortexa9_0/lib/xttcps_options.o ps7_c
TRACE::2026-09-23.20:14:04::SCWBDomain::ortexa9_0/lib/xtime_l.o ps7_cortexa9_0/lib/xemacps_hw.o ps7_cortexa9_0/lib/xttcps_g.o ps7_cortexa9_0/lib/read.o ps7_cortexa9_0/
TRACE::2026-09-23.20:14:04::SCWBDomain::lib/xuartps_hw.o ps7_cortexa9_0/lib/xscugic_sinit.o ps7_cortexa9_0/lib/xgpiops_intr.o ps7_cortexa9_0/lib/xscugic_g.o ps7_cortex
TRACE::2026-09-23.20:14:04::SCWBDomain::a9_0/lib/xil_sleepcommon.o ps7_cortexa9_0/lib/usleep.o ps7_cortexa9_0/lib/xadcps_intr.o ps7_cortexa9_0/lib/xscuwdt_sinit.o ps7_
TRACE::2026-09-23.20:14:04::SCWBDomain::cortexa9_0/lib/cpu_init.o ps7_cortexa9_0/lib/xemacps_bdring.o ps7_cortexa9_0/lib/boot.o ps7_cortexa9_0/lib/xil_mmu.o ps7_cortex
TRACE::2026-09-23.20:14:04::SCWBDomain::a9_0/lib/write.o ps7_cortexa9_0/lib/translation_table.o ps7_cortexa9_0/lib/xil_spinlock.o ps7_cortexa9_0/lib/unlink.o ps7_corte
TRACE::2026-09-23.20:14:04::SCWBDomain::xa9_0/lib/print.o ps7_cortexa9_0/lib/xil_testio.o ps7_cortexa9_0/lib/xil_cache.o ps7_cortexa9_0/lib/xemacps.o ps7_cortexa9_0/li
TRACE::2026-09-23.20:14:04::SCWBDomain::b/xqspips.o ps7_cortexa9_0/lib/xdevcfg.o ps7_cortexa9_0/lib/xqspips_options.o ps7_cortexa9_0/lib/fcntl.o ps7_cortexa9_0/lib/_op
TRACE::2026-09-23.20:14:04::SCWBDomain::en.o ps7_cortexa9_0/lib/xil_mem.o ps7_cortexa9_0/lib/cpputest_time.o ps7_cortexa9_0/lib/sleep.o ps7_cortexa9_0/lib/xuartps.o ps
TRACE::2026-09-23.20:14:04::SCWBDomain::7_cortexa9_0/lib/xscugic_hw.o ps7_cortexa9_0/lib/xcoresightpsdcc.o

TRACE::2026-09-23.20:14:04::SCWBDomain::Finished building libraries

TRACE::2026-09-23.20:14:04::SCWBDomain::make: Leaving directory '/home/user/Desktop/lab_3/Vitis/zynq_keypad_system_wrapper/zynq_fsbl/zynq_fsbl_bsp'

TRACE::2026-09-23.20:14:04::SCWBDomain::arm-none-eabi-gcc -MMD -MP       -mcpu=cortex-a9 -mfpu=vfpv3 -mfloat-abi=hard   -O2 -c -c pcap.c -o pcap.o -Izynq_fsbl_bsp/ps7_
TRACE::2026-09-23.20:14:04::SCWBDomain::cortexa9_0/include -I.

TRACE::2026-09-23.20:14:04::SCWBDomain::arm-none-eabi-gcc -MMD -MP       -mcpu=cortex-a9 -mfpu=vfpv3 -mfloat-abi=hard   -O2 -c -c nand.c -o nand.o -Izynq_fsbl_bsp/ps7_
TRACE::2026-09-23.20:14:04::SCWBDomain::cortexa9_0/include -I.

TRACE::2026-09-23.20:14:05::SCWBDomain::arm-none-eabi-gcc -MMD -MP       -mcpu=cortex-a9 -mfpu=vfpv3 -mfloat-abi=hard   -O2 -c -c qspi.c -o qspi.o -Izynq_fsbl_bsp/ps7_
TRACE::2026-09-23.20:14:05::SCWBDomain::cortexa9_0/include -I.

TRACE::2026-09-23.20:14:05::SCWBDomain::arm-none-eabi-gcc -MMD -MP       -mcpu=cortex-a9 -mfpu=vfpv3 -mfloat-abi=hard   -O2 -c -c rsa.c -o rsa.o -Izynq_fsbl_bsp/ps7_co
TRACE::2026-09-23.20:14:05::SCWBDomain::rtexa9_0/include -I.

TRACE::2026-09-23.20:14:05::SCWBDomain::arm-none-eabi-gcc -MMD -MP       -mcpu=cortex-a9 -mfpu=vfpv3 -mfloat-abi=hard   -O2 -c -c main.c -o main.o -Izynq_fsbl_bsp/ps7_
TRACE::2026-09-23.20:14:05::SCWBDomain::cortexa9_0/include -I.

TRACE::2026-09-23.20:14:05::SCWBDomain::arm-none-eabi-gcc -MMD -MP       -mcpu=cortex-a9 -mfpu=vfpv3 -mfloat-abi=hard   -O2 -c -c md5.c -o md5.o -Izynq_fsbl_bsp/ps7_co
TRACE::2026-09-23.20:14:05::SCWBDomain::rtexa9_0/include -I.

TRACE::2026-09-23.20:14:05::SCWBDomain::arm-none-eabi-gcc -MMD -MP       -mcpu=cortex-a9 -mfpu=vfpv3 -mfloat-abi=hard   -O2 -c -c image_mover.c -o image_mover.o -Izynq
TRACE::2026-09-23.20:14:05::SCWBDomain::_fsbl_bsp/ps7_cortexa9_0/include -I.

TRACE::2026-09-23.20:14:05::SCWBDomain::arm-none-eabi-gcc -MMD -MP       -mcpu=cortex-a9 -mfpu=vfpv3 -mfloat-abi=hard   -O2 -c -c ps7_init.c -o ps7_init.o -Izynq_fsbl_
TRACE::2026-09-23.20:14:05::SCWBDomain::bsp/ps7_cortexa9_0/include -I.

TRACE::2026-09-23.20:14:05::SCWBDomain::arm-none-eabi-gcc -MMD -MP       -mcpu=cortex-a9 -mfpu=vfpv3 -mfloat-abi=hard   -O2 -c -c nor.c -o nor.o -Izynq_fsbl_bsp/ps7_co
TRACE::2026-09-23.20:14:05::SCWBDomain::rtexa9_0/include -I.

TRACE::2026-09-23.20:14:05::SCWBDomain::arm-none-eabi-gcc -MMD -MP       -mcpu=cortex-a9 -mfpu=vfpv3 -mfloat-abi=hard   -O2 -c -c fsbl_hooks.c -o fsbl_hooks.o -Izynq_f
TRACE::2026-09-23.20:14:05::SCWBDomain::sbl_bsp/ps7_cortexa9_0/include -I.

TRACE::2026-09-23.20:14:05::SCWBDomain::arm-none-eabi-gcc -MMD -MP       -mcpu=cortex-a9 -mfpu=vfpv3 -mfloat-abi=hard   -O2 -c -c sd.c -o sd.o -Izynq_fsbl_bsp/ps7_cort
TRACE::2026-09-23.20:14:05::SCWBDomain::exa9_0/include -I.

TRACE::2026-09-23.20:14:05::SCWBDomain::arm-none-eabi-gcc -MMD -MP       -mcpu=cortex-a9 -mfpu=vfpv3 -mfloat-abi=hard   -O2 -c -c fsbl_handoff.S -o fsbl_handoff.o -Izy
TRACE::2026-09-23.20:14:05::SCWBDomain::nq_fsbl_bsp/ps7_cortexa9_0/include -I.

TRACE::2026-09-23.20:14:05::SCWBDomain::arm-none-eabi-gcc -o fsbl.elf  pcap.o  nand.o  qspi.o  rsa.o  main.o  md5.o  image_mover.o  ps7_init.o  nor.o  fsbl_hooks.o  sd
TRACE::2026-09-23.20:14:05::SCWBDomain::.o  fsbl_handoff.o  -MMD -MP       -mcpu=cortex-a9 -mfpu=vfpv3 -mfloat-abi=hard   -mcpu=cortex-a9 -mfpu=vfpv3 -mfloat-abi=hard 
TRACE::2026-09-23.20:14:05::SCWBDomain::-Wl,-build-id=none -specs=Xilinx.spec  -lrsa -Wl,--start-group,-lxil,-lgcc,-lc,--end-group -Wl,--start-group,-lxilffs,-lxil,-lg
TRACE::2026-09-23.20:14:05::SCWBDomain::cc,-lc,--end-group -Wl,--start-group,-lrsa,-lxil,-lgcc,-lc,--end-group                                     -Wl,--gc-sections -L
TRACE::2026-09-23.20:14:05::SCWBDomain::zynq_fsbl_bsp/ps7_cortexa9_0/lib -L./ -Tlscript.ld

LOG::2026-09-23.20:14:05::SCWSystem::Checking the domain standalone_ps7_cortexa9_0
LOG::2026-09-23.20:14:05::SCWSystem::Not a boot domain 
LOG::2026-09-23.20:14:05::SCWSystem::Started Processing the domain standalone_ps7_cortexa9_0
TRACE::2026-09-23.20:14:05::SCWDomain::Generating domain artifcats
TRACE::2026-09-23.20:14:05::SCWMssOS::Generating standalone artifcats
TRACE::2026-09-23.20:14:05::SCWMssOS::Copying the qemu file from  /home/software/Xilinx/Vitis/2021.1/data/emulation/platforms/zynq/sw/a9_standalone/qemu/qemu_args.txt To /home/user/Desktop/lab_3/Vitis/zynq_keypad_system_wrapper/export/zynq_keypad_system_wrapper/sw/zynq_keypad_system_wrapper/qemu/
TRACE::2026-09-23.20:14:05::SCWMssOS::Copying the qemu file from  /home/software/Xilinx/Vitis/2021.1/data/emulation/platforms/zynq/sw/a9_standalone/qemu/qemu_args.txt To /home/user/Desktop/lab_3/Vitis/zynq_keypad_system_wrapper/export/zynq_keypad_system_wrapper/sw/zynq_keypad_system_wrapper/standalone_ps7_cortexa9_0/qemu/
TRACE::2026-09-23.20:14:05::SCWMssOS:: Copying the user libraries. 
TRACE::2026-09-23.20:14:05::SCWPlatform::Trying to open the hw design at /home/user/Desktop/lab_3/Vitis/zynq_keypad_system_wrapper/hw/zynq_keypad_system_wrapper.xsa
TRACE::2026-09-23.20:14:05::SCWPlatform::DSA given /home/user/Desktop/lab_3/Vitis/zynq_keypad_system_wrapper/hw/zynq_keypad_system_wrapper.xsa
TRACE::2026-09-23.20:14:05::SCWPlatform::DSA absoulate path /home/user/Desktop/lab_3/Vitis/zynq_keypad_system_wrapper/hw/zynq_keypad_system_wrapper.xsa
TRACE::2026-09-23.20:14:05::SCWPlatform::DSA directory /home/user/Desktop/lab_3/Vitis/zynq_keypad_system_wrapper/hw
TRACE::2026-09-23.20:14:05::SCWPlatform:: Platform Path /home/user/Desktop/lab_3/Vitis/zynq_keypad_system_wrapper/hw/zynq_keypad_system_wrapper.xsa
TRACE::2026-09-23.20:14:05::SCWPlatform:: Unique name xilinx:zybo::0.0
TRACE::2026-09-23.20:14:05::SCWPlatform::Trying to set the existing hwdb with name zynq_keypad_system_wrapper_0
TRACE::2026-09-23.20:14:05::SCWPlatform::Opened existing hwdb zynq_keypad_system_wrapper_0
TRACE::2026-09-23.20:14:05::SCWPlatform::Found the Hw Db part of the input DSA
TRACE::2026-09-23.20:14:05::SCWMssOS::Checking the sw design at  /home/user/Desktop/lab_3/Vitis/zynq_keypad_system_wrapper/ps7_cortexa9_0/standalone_ps7_cortexa9_0/bsp/system.mss
TRACE::2026-09-23.20:14:05::SCWMssOS::DEBUG:  swdes dump  /home/user/Desktop/lab_3/Vitis/zynq_keypad_system_wrapper/ps7_cortexa9_0/standalone_ps7_cortexa9_0/bsp/system.mss|system_0||
/home/user/Desktop/lab_3/Vitis/zynq_keypad_system_wrapper/zynq_fsbl/zynq_fsbl_bsp/system.mss|system||

TRACE::2026-09-23.20:14:05::SCWMssOS::Sw design exists and opened at  /home/user/Desktop/lab_3/Vitis/zynq_keypad_system_wrapper/ps7_cortexa9_0/standalone_ps7_cortexa9_0/bsp/system.mss
TRACE::2026-09-23.20:14:05::SCWMssOS::Completed writing the mss file at /home/user/Desktop/lab_3/Vitis/zynq_keypad_system_wrapper/ps7_cortexa9_0/standalone_ps7_cortexa9_0/bsp
TRACE::2026-09-23.20:14:05::SCWMssOS::Mss edits present, copying mssfile into export location /home/user/Desktop/lab_3/Vitis/zynq_keypad_system_wrapper/ps7_cortexa9_0/standalone_ps7_cortexa9_0/bsp/system.mss
TRACE::2026-09-23.20:14:05::SCWMssOS::bsp generated is upto date with the mss file. Skipping bsp generation.
TRACE::2026-09-23.20:14:05::SCWMssOS::BSP is already built. skipping the bsp build ... 
TRACE::2026-09-23.20:14:05::SCWDomain::Building the domain as part of full build :  standalone_ps7_cortexa9_0
TRACE::2026-09-23.20:14:05::SCWMssOS::doing bsp build ... 
TRACE::2026-09-23.20:14:05::SCWMssOS::System Command Ran  cd  /home/user/Desktop/lab_3/Vitis/zynq_keypad_system_wrapper/ps7_cortexa9_0/standalone_ps7_cortexa9_0/bsp ; bash -c "make  " 
TRACE::2026-09-23.20:14:05::SCWMssOS::make --no-print-directory seq_libs

TRACE::2026-09-23.20:14:05::SCWMssOS::Running Make include in ps7_cortexa9_0/libsrc/gpiops_v3_9/src

TRACE::2026-09-23.20:14:05::SCWMssOS::make -C ps7_cortexa9_0/libsrc/gpiops_v3_9/src -s include  "SHELL=/bin/sh" "COMPILER=arm-none-eabi-gcc" "ASSEMBLER=arm-none-eabi
TRACE::2026-09-23.20:14:05::SCWMssOS::-as" "ARCHIVER=arm-none-eabi-ar" "COMPILER_FLAGS=  -O2 -c" "EXTRA_COMPILER_FLAGS=-mcpu=cortex-a9 -mfpu=vfpv3 -mfloat-abi=hard -
TRACE::2026-09-23.20:14:05::SCWMssOS::nostartfiles -g -Wall -Wextra -fno-tree-loop-distribute-patterns"

TRACE::2026-09-23.20:14:05::SCWMssOS::Running Make include in ps7_cortexa9_0/libsrc/scugic_v4_5/src

TRACE::2026-09-23.20:14:05::SCWMssOS::make -C ps7_cortexa9_0/libsrc/scugic_v4_5/src -s include  "SHELL=/bin/sh" "COMPILER=arm-none-eabi-gcc" "ASSEMBLER=arm-none-eabi
TRACE::2026-09-23.20:14:05::SCWMssOS::-as" "ARCHIVER=arm-none-eabi-ar" "COMPILER_FLAGS=  -O2 -c" "EXTRA_COMPILER_FLAGS=-mcpu=cortex-a9 -mfpu=vfpv3 -mfloat-abi=hard -
TRACE::2026-09-23.20:14:05::SCWMssOS::nostartfiles -g -Wall -Wextra -fno-tree-loop-distribute-patterns"

TRACE::2026-09-23.20:14:05::SCWMssOS::Running Make include in ps7_cortexa9_0/libsrc/scuwdt_v2_4/src

TRACE::2026-09-23.20:14:05::SCWMssOS::make -C ps7_cortexa9_0/libsrc/scuwdt_v2_4/src -s include  "SHELL=/bin/sh" "COMPILER=arm-none-eabi-gcc" "ASSEMBLER=arm-none-eabi
TRACE::2026-09-23.20:14:05::SCWMssOS::-as" "ARCHIVER=arm-none-eabi-ar" "COMPILER_FLAGS=  -O2 -c" "EXTRA_COMPILER_FLAGS=-mcpu=cortex-a9 -mfpu=vfpv3 -mfloat-abi=hard -
TRACE::2026-09-23.20:14:05::SCWMssOS::nostartfiles -g -Wall -Wextra -fno-tree-loop-distribute-patterns"

TRACE::2026-09-23.20:14:05::SCWMssOS::Running Make include in ps7_cortexa9_0/libsrc/devcfg_v3_7/src

TRACE::2026-09-23.20:14:05::SCWMssOS::make -C ps7_cortexa9_0/libsrc/devcfg_v3_7/src -s include  "SHELL=/bin/sh" "COMPILER=arm-none-eabi-gcc" "ASSEMBLER=arm-none-eabi
TRACE::2026-09-23.20:14:05::SCWMssOS::-as" "ARCHIVER=arm-none-eabi-ar" "COMPILER_FLAGS=  -O2 -c" "EXTRA_COMPILER_FLAGS=-mcpu=cortex-a9 -mfpu=vfpv3 -mfloat-abi=hard -
TRACE::2026-09-23.20:14:05::SCWMssOS::nostartfiles -g -Wall -Wextra -fno-tree-loop-distribute-patterns"

TRACE::2026-09-23.20:14:05::SCWMssOS::Running Make include in ps7_cortexa9_0/libsrc/standalone_v7_5/src

TRACE::2026-09-23.20:14:05::SCWMssOS::make -C ps7_cortexa9_0/libsrc/standalone_v7_5/src -s include  "SHELL=/bin/sh" "COMPILER=arm-none-eabi-gcc" "ASSEMBLER=arm-none-
TRACE::2026-09-23.20:14:05::SCWMssOS::eabi-as" "ARCHIVER=arm-none-eabi-ar" "COMPILER_FLAGS=  -O2 -c" "EXTRA_COMPILER_FLAGS=-mcpu=cortex-a9 -mfpu=vfpv3 -mfloat-abi=ha
TRACE::2026-09-23.20:14:05::SCWMssOS::rd -nostartfiles -g -Wall -Wextra -fno-tree-loop-distribute-patterns"

TRACE::2026-09-23.20:14:05::SCWMssOS::Running Make include in ps7_cortexa9_0/libsrc/uartps_v3_11/src

TRACE::2026-09-23.20:14:05::SCWMssOS::make -C ps7_cortexa9_0/libsrc/uartps_v3_11/src -s include  "SHELL=/bin/sh" "COMPILER=arm-none-eabi-gcc" "ASSEMBLER=arm-none-eab
TRACE::2026-09-23.20:14:05::SCWMssOS::i-as" "ARCHIVER=arm-none-eabi-ar" "COMPILER_FLAGS=  -O2 -c" "EXTRA_COMPILER_FLAGS=-mcpu=cortex-a9 -mfpu=vfpv3 -mfloat-abi=hard 
TRACE::2026-09-23.20:14:05::SCWMssOS::-nostartfiles -g -Wall -Wextra -fno-tree-loop-distribute-patterns"

TRACE::2026-09-23.20:14:05::SCWMssOS::Running Make include in ps7_cortexa9_0/libsrc/scutimer_v2_3/src

TRACE::2026-09-23.20:14:05::SCWMssOS::make -C ps7_cortexa9_0/libsrc/scutimer_v2_3/src -s include  "SHELL=/bin/sh" "COMPILER=arm-none-eabi-gcc" "ASSEMBLER=arm-none-ea
TRACE::2026-09-23.20:14:05::SCWMssOS::bi-as" "ARCHIVER=arm-none-eabi-ar" "COMPILER_FLAGS=  -O2 -c" "EXTRA_COMPILER_FLAGS=-mcpu=cortex-a9 -mfpu=vfpv3 -mfloat-abi=hard
TRACE::2026-09-23.20:14:05::SCWMssOS:: -nostartfiles -g -Wall -Wextra -fno-tree-loop-distribute-patterns"

TRACE::2026-09-23.20:14:05::SCWMssOS::Running Make include in ps7_cortexa9_0/libsrc/sdps_v3_12/src

TRACE::2026-09-23.20:14:05::SCWMssOS::make -C ps7_cortexa9_0/libsrc/sdps_v3_12/src -s include  "SHELL=/bin/sh" "COMPILER=arm-none-eabi-gcc" "ASSEMBLER=arm-none-eabi-
TRACE::2026-09-23.20:14:05::SCWMssOS::as" "ARCHIVER=arm-none-eabi-ar" "COMPILER_FLAGS=  -O2 -c" "EXTRA_COMPILER_FLAGS=-mcpu=cortex-a9 -mfpu=vfpv3 -mfloat-abi=hard -n
TRACE::2026-09-23.20:14:05::SCWMssOS::ostartfiles -g -Wall -Wextra -fno-tree-loop-distribute-patterns"

TRACE::2026-09-23.20:14:05::SCWMssOS::Running Make include in ps7_cortexa9_0/libsrc/emacps_v3_14/src

TRACE::2026-09-23.20:14:05::SCWMssOS::make -C ps7_cortexa9_0/libsrc/emacps_v3_14/src -s include  "SHELL=/bin/sh" "COMPILER=arm-none-eabi-gcc" "ASSEMBLER=arm-none-eab
TRACE::2026-09-23.20:14:05::SCWMssOS::i-as" "ARCHIVER=arm-none-eabi-ar" "COMPILER_FLAGS=  -O2 -c" "EXTRA_COMPILER_FLAGS=-mcpu=cortex-a9 -mfpu=vfpv3 -mfloat-abi=hard 
TRACE::2026-09-23.20:14:05::SCWMssOS::-nostartfiles -g -Wall -Wextra -fno-tree-loop-distribute-patterns"

TRACE::2026-09-23.20:14:05::SCWMssOS::Running Make include in ps7_cortexa9_0/libsrc/ttcps_v3_14/src

TRACE::2026-09-23.20:14:05::SCWMssOS::make -C ps7_cortexa9_0/libsrc/ttcps_v3_14/src -s include  "SHELL=/bin/sh" "COMPILER=arm-none-eabi-gcc" "ASSEMBLER=arm-none-eabi
TRACE::2026-09-23.20:14:05::SCWMssOS::-as" "ARCHIVER=arm-none-eabi-ar" "COMPILER_FLAGS=  -O2 -c" "EXTRA_COMPILER_FLAGS=-mcpu=cortex-a9 -mfpu=vfpv3 -mfloat-abi=hard -
TRACE::2026-09-23.20:14:05::SCWMssOS::nostartfiles -g -Wall -Wextra -fno-tree-loop-distribute-patterns"

TRACE::2026-09-23.20:14:05::SCWMssOS::Running Make include in ps7_cortexa9_0/libsrc/usbps_v2_7/src

TRACE::2026-09-23.20:14:05::SCWMssOS::make -C ps7_cortexa9_0/libsrc/usbps_v2_7/src -s include  "SHELL=/bin/sh" "COMPILER=arm-none-eabi-gcc" "ASSEMBLER=arm-none-eabi-
TRACE::2026-09-23.20:14:05::SCWMssOS::as" "ARCHIVER=arm-none-eabi-ar" "COMPILER_FLAGS=  -O2 -c" "EXTRA_COMPILER_FLAGS=-mcpu=cortex-a9 -mfpu=vfpv3 -mfloat-abi=hard -n
TRACE::2026-09-23.20:14:05::SCWMssOS::ostartfiles -g -Wall -Wextra -fno-tree-loop-distribute-patterns"

TRACE::2026-09-23.20:14:05::SCWMssOS::Running Make include in ps7_cortexa9_0/libsrc/coresightps_dcc_v1_8/src

TRACE::2026-09-23.20:14:05::SCWMssOS::make -C ps7_cortexa9_0/libsrc/coresightps_dcc_v1_8/src -s include  "SHELL=/bin/sh" "COMPILER=arm-none-eabi-gcc" "ASSEMBLER=arm-
TRACE::2026-09-23.20:14:05::SCWMssOS::none-eabi-as" "ARCHIVER=arm-none-eabi-ar" "COMPILER_FLAGS=  -O2 -c" "EXTRA_COMPILER_FLAGS=-mcpu=cortex-a9 -mfpu=vfpv3 -mfloat-a
TRACE::2026-09-23.20:14:05::SCWMssOS::bi=hard -nostartfiles -g -Wall -Wextra -fno-tree-loop-distribute-patterns"

TRACE::2026-09-23.20:14:05::SCWMssOS::Running Make include in ps7_cortexa9_0/libsrc/ddrps_v1_2/src

TRACE::2026-09-23.20:14:05::SCWMssOS::make -C ps7_cortexa9_0/libsrc/ddrps_v1_2/src -s include  "SHELL=/bin/sh" "COMPILER=arm-none-eabi-gcc" "ASSEMBLER=arm-none-eabi-
TRACE::2026-09-23.20:14:05::SCWMssOS::as" "ARCHIVER=arm-none-eabi-ar" "COMPILER_FLAGS=  -O2 -c" "EXTRA_COMPILER_FLAGS=-mcpu=cortex-a9 -mfpu=vfpv3 -mfloat-abi=hard -n
TRACE::2026-09-23.20:14:05::SCWMssOS::ostartfiles -g -Wall -Wextra -fno-tree-loop-distribute-patterns"

TRACE::2026-09-23.20:14:05::SCWMssOS::Running Make include in ps7_cortexa9_0/libsrc/xadcps_v2_6/src

TRACE::2026-09-23.20:14:05::SCWMssOS::make -C ps7_cortexa9_0/libsrc/xadcps_v2_6/src -s include  "SHELL=/bin/sh" "COMPILER=arm-none-eabi-gcc" "ASSEMBLER=arm-none-eabi
TRACE::2026-09-23.20:14:05::SCWMssOS::-as" "ARCHIVER=arm-none-eabi-ar" "COMPILER_FLAGS=  -O2 -c" "EXTRA_COMPILER_FLAGS=-mcpu=cortex-a9 -mfpu=vfpv3 -mfloat-abi=hard -
TRACE::2026-09-23.20:14:05::SCWMssOS::nostartfiles -g -Wall -Wextra -fno-tree-loop-distribute-patterns"

TRACE::2026-09-23.20:14:05::SCWMssOS::Running Make include in ps7_cortexa9_0/libsrc/cpu_cortexa9_v2_11/src

TRACE::2026-09-23.20:14:05::SCWMssOS::make -C ps7_cortexa9_0/libsrc/cpu_cortexa9_v2_11/src -s include  "SHELL=/bin/sh" "COMPILER=arm-none-eabi-gcc" "ASSEMBLER=arm-no
TRACE::2026-09-23.20:14:05::SCWMssOS::ne-eabi-as" "ARCHIVER=arm-none-eabi-ar" "COMPILER_FLAGS=  -O2 -c" "EXTRA_COMPILER_FLAGS=-mcpu=cortex-a9 -mfpu=vfpv3 -mfloat-abi
TRACE::2026-09-23.20:14:05::SCWMssOS::=hard -nostartfiles -g -Wall -Wextra -fno-tree-loop-distribute-patterns"

TRACE::2026-09-23.20:14:05::SCWMssOS::Running Make include in ps7_cortexa9_0/libsrc/qspips_v3_9/src

TRACE::2026-09-23.20:14:05::SCWMssOS::make -C ps7_cortexa9_0/libsrc/qspips_v3_9/src -s include  "SHELL=/bin/sh" "COMPILER=arm-none-eabi-gcc" "ASSEMBLER=arm-none-eabi
TRACE::2026-09-23.20:14:05::SCWMssOS::-as" "ARCHIVER=arm-none-eabi-ar" "COMPILER_FLAGS=  -O2 -c" "EXTRA_COMPILER_FLAGS=-mcpu=cortex-a9 -mfpu=vfpv3 -mfloat-abi=hard -
TRACE::2026-09-23.20:14:05::SCWMssOS::nostartfiles -g -Wall -Wextra -fno-tree-loop-distribute-patterns"

TRACE::2026-09-23.20:14:05::SCWMssOS::Running Make include in ps7_cortexa9_0/libsrc/dmaps_v2_8/src

TRACE::2026-09-23.20:14:05::SCWMssOS::make -C ps7_cortexa9_0/libsrc/dmaps_v2_8/src -s include  "SHELL=/bin/sh" "COMPILER=arm-none-eabi-gcc" "ASSEMBLER=arm-none-eabi-
TRACE::2026-09-23.20:14:05::SCWMssOS::as" "ARCHIVER=arm-none-eabi-ar" "COMPILER_FLAGS=  -O2 -c" "EXTRA_COMPILER_FLAGS=-mcpu=cortex-a9 -mfpu=vfpv3 -mfloat-abi=hard -n
TRACE::2026-09-23.20:14:05::SCWMssOS::ostartfiles -g -Wall -Wextra -fno-tree-loop-distribute-patterns"

TRACE::2026-09-23.20:14:05::SCWMssOS::Running Make include in ps7_cortexa9_0/libsrc/PmodKYPD_v1_0/src

TRACE::2026-09-23.20:14:05::SCWMssOS::make -C ps7_cortexa9_0/libsrc/PmodKYPD_v1_0/src -s include  "SHELL=/bin/sh" "COMPILER=arm-none-eabi-gcc" "ASSEMBLER=arm-none-ea
TRACE::2026-09-23.20:14:05::SCWMssOS::bi-as" "ARCHIVER=arm-none-eabi-ar" "COMPILER_FLAGS=  -O2 -c" "EXTRA_COMPILER_FLAGS=-mcpu=cortex-a9 -mfpu=vfpv3 -mfloat-abi=hard
TRACE::2026-09-23.20:14:05::SCWMssOS:: -nostartfiles -g -Wall -Wextra -fno-tree-loop-distribute-patterns"

TRACE::2026-09-23.20:14:05::SCWMssOS::Running Make libs in ps7_cortexa9_0/libsrc/PmodKYPD_v1_0/src

TRACE::2026-09-23.20:14:05::SCWMssOS::make -C ps7_cortexa9_0/libsrc/PmodKYPD_v1_0/src -s libs  "SHELL=/bin/sh" "COMPILER=arm-none-eabi-gcc" "ASSEMBLER=arm-none-eabi-
TRACE::2026-09-23.20:14:05::SCWMssOS::as" "ARCHIVER=arm-none-eabi-ar" "COMPILER_FLAGS=  -O2 -c" "EXTRA_COMPILER_FLAGS=-mcpu=cortex-a9 -mfpu=vfpv3 -mfloat-abi=hard -n
TRACE::2026-09-23.20:14:05::SCWMssOS::ostartfiles -g -Wall -Wextra -fno-tree-loop-distribute-patterns"

TRACE::2026-09-23.20:14:05::SCWMssOS::Compiling PmodKYPD

TRACE::2026-09-23.20:14:06::SCWMssOS::Finished building libraries sequentially.

TRACE::2026-09-23.20:14:06::SCWMssOS::make -j 6 --no-print-directory par_libs

TRACE::2026-09-23.20:14:06::SCWMssOS::Running Make include in ps7_cortexa9_0/libsrc/gpiops_v3_9/src

TRACE::2026-09-23.20:14:06::SCWMssOS::Running Make include in ps7_cortexa9_0/libsrc/scugic_v4_5/src

TRACE::2026-09-23.20:14:06::SCWMssOS::make -C ps7_cortexa9_0/libsrc/scugic_v4_5/src -s include  "SHELL=/bin/sh" "COMPILER=arm-none-eabi-gcc" "ASSEMBLER=arm-none-eabi
TRACE::2026-09-23.20:14:06::SCWMssOS::-as" "ARCHIVER=arm-none-eabi-ar" "COMPILER_FLAGS=  -O2 -c" "EXTRA_COMPILER_FLAGS=-mcpu=cortex-a9 -mfpu=vfpv3 -mfloat-abi=hard -
TRACE::2026-09-23.20:14:06::SCWMssOS::nostartfiles -g -Wall -Wextra -fno-tree-loop-distribute-patterns"

TRACE::2026-09-23.20:14:06::SCWMssOS::Running Make include in ps7_cortexa9_0/libsrc/scuwdt_v2_4/src

TRACE::2026-09-23.20:14:06::SCWMssOS::Running Make include in ps7_cortexa9_0/libsrc/devcfg_v3_7/src

TRACE::2026-09-23.20:14:06::SCWMssOS::make -C ps7_cortexa9_0/libsrc/scuwdt_v2_4/src -s include  "SHELL=/bin/sh" "COMPILER=arm-none-eabi-gcc" "ASSEMBLER=arm-none-eabi
TRACE::2026-09-23.20:14:06::SCWMssOS::-as" "ARCHIVER=arm-none-eabi-ar" "COMPILER_FLAGS=  -O2 -c" "EXTRA_COMPILER_FLAGS=-mcpu=cortex-a9 -mfpu=vfpv3 -mfloat-abi=hard -
TRACE::2026-09-23.20:14:06::SCWMssOS::nostartfiles -g -Wall -Wextra -fno-tree-loop-distribute-patterns"

TRACE::2026-09-23.20:14:06::SCWMssOS::Running Make include in ps7_cortexa9_0/libsrc/standalone_v7_5/src

TRACE::2026-09-23.20:14:06::SCWMssOS::make -C ps7_cortexa9_0/libsrc/gpiops_v3_9/src -s include  "SHELL=/bin/sh" "COMPILER=arm-none-eabi-gcc" "ASSEMBLER=arm-none-eabi
TRACE::2026-09-23.20:14:06::SCWMssOS::-as" "ARCHIVER=arm-none-eabi-ar" "COMPILER_FLAGS=  -O2 -c" "EXTRA_COMPILER_FLAGS=-mcpu=cortex-a9 -mfpu=vfpv3 -mfloat-abi=hard -
TRACE::2026-09-23.20:14:06::SCWMssOS::nostartfiles -g -Wall -Wextra -fno-tree-loop-distribute-patterns"

TRACE::2026-09-23.20:14:06::SCWMssOS::make -C ps7_cortexa9_0/libsrc/devcfg_v3_7/src -s include  "SHELL=/bin/sh" "COMPILER=arm-none-eabi-gcc" "ASSEMBLER=arm-none-eabi
TRACE::2026-09-23.20:14:06::SCWMssOS::-as" "ARCHIVER=arm-none-eabi-ar" "COMPILER_FLAGS=  -O2 -c" "EXTRA_COMPILER_FLAGS=-mcpu=cortex-a9 -mfpu=vfpv3 -mfloat-abi=hard -
TRACE::2026-09-23.20:14:06::SCWMssOS::nostartfiles -g -Wall -Wextra -fno-tree-loop-distribute-patterns"

TRACE::2026-09-23.20:14:06::SCWMssOS::Running Make include in ps7_cortexa9_0/libsrc/uartps_v3_11/src

TRACE::2026-09-23.20:14:06::SCWMssOS::make -C ps7_cortexa9_0/libsrc/standalone_v7_5/src -s include  "SHELL=/bin/sh" "COMPILER=arm-none-eabi-gcc" "ASSEMBLER=arm-none-
TRACE::2026-09-23.20:14:06::SCWMssOS::eabi-as" "ARCHIVER=arm-none-eabi-ar" "COMPILER_FLAGS=  -O2 -c" "EXTRA_COMPILER_FLAGS=-mcpu=cortex-a9 -mfpu=vfpv3 -mfloat-abi=ha
TRACE::2026-09-23.20:14:06::SCWMssOS::rd -nostartfiles -g -Wall -Wextra -fno-tree-loop-distribute-patterns"

TRACE::2026-09-23.20:14:06::SCWMssOS::make -C ps7_cortexa9_0/libsrc/uartps_v3_11/src -s include  "SHELL=/bin/sh" "COMPILER=arm-none-eabi-gcc" "ASSEMBLER=arm-none-eab
TRACE::2026-09-23.20:14:06::SCWMssOS::i-as" "ARCHIVER=arm-none-eabi-ar" "COMPILER_FLAGS=  -O2 -c" "EXTRA_COMPILER_FLAGS=-mcpu=cortex-a9 -mfpu=vfpv3 -mfloat-abi=hard 
TRACE::2026-09-23.20:14:06::SCWMssOS::-nostartfiles -g -Wall -Wextra -fno-tree-loop-distribute-patterns"

TRACE::2026-09-23.20:14:06::SCWMssOS::Running Make include in ps7_cortexa9_0/libsrc/scutimer_v2_3/src

TRACE::2026-09-23.20:14:06::SCWMssOS::make -C ps7_cortexa9_0/libsrc/scutimer_v2_3/src -s include  "SHELL=/bin/sh" "COMPILER=arm-none-eabi-gcc" "ASSEMBLER=arm-none-ea
TRACE::2026-09-23.20:14:06::SCWMssOS::bi-as" "ARCHIVER=arm-none-eabi-ar" "COMPILER_FLAGS=  -O2 -c" "EXTRA_COMPILER_FLAGS=-mcpu=cortex-a9 -mfpu=vfpv3 -mfloat-abi=hard
TRACE::2026-09-23.20:14:06::SCWMssOS:: -nostartfiles -g -Wall -Wextra -fno-tree-loop-distribute-patterns"

TRACE::2026-09-23.20:14:06::SCWMssOS::Running Make include in ps7_cortexa9_0/libsrc/sdps_v3_12/src

TRACE::2026-09-23.20:14:06::SCWMssOS::Running Make include in ps7_cortexa9_0/libsrc/ttcps_v3_14/src

TRACE::2026-09-23.20:14:06::SCWMssOS::make -C ps7_cortexa9_0/libsrc/sdps_v3_12/src -s include  "SHELL=/bin/sh" "COMPILER=arm-none-eabi-gcc" "ASSEMBLER=arm-none-eabi-
TRACE::2026-09-23.20:14:06::SCWMssOS::as" "ARCHIVER=arm-none-eabi-ar" "COMPILER_FLAGS=  -O2 -c" "EXTRA_COMPILER_FLAGS=-mcpu=cortex-a9 -mfpu=vfpv3 -mfloat-abi=hard -n
TRACE::2026-09-23.20:14:06::SCWMssOS::ostartfiles -g -Wall -Wextra -fno-tree-loop-distribute-patterns"

TRACE::2026-09-23.20:14:06::SCWMssOS::Running Make include in ps7_cortexa9_0/libsrc/emacps_v3_14/src

TRACE::2026-09-23.20:14:06::SCWMssOS::make -C ps7_cortexa9_0/libsrc/emacps_v3_14/src -s include  "SHELL=/bin/sh" "COMPILER=arm-none-eabi-gcc" "ASSEMBLER=arm-none-eab
TRACE::2026-09-23.20:14:06::SCWMssOS::i-as" "ARCHIVER=arm-none-eabi-ar" "COMPILER_FLAGS=  -O2 -c" "EXTRA_COMPILER_FLAGS=-mcpu=cortex-a9 -mfpu=vfpv3 -mfloat-abi=hard 
TRACE::2026-09-23.20:14:06::SCWMssOS::-nostartfiles -g -Wall -Wextra -fno-tree-loop-distribute-patterns"

TRACE::2026-09-23.20:14:06::SCWMssOS::make -C ps7_cortexa9_0/libsrc/ttcps_v3_14/src -s include  "SHELL=/bin/sh" "COMPILER=arm-none-eabi-gcc" "ASSEMBLER=arm-none-eabi
TRACE::2026-09-23.20:14:06::SCWMssOS::-as" "ARCHIVER=arm-none-eabi-ar" "COMPILER_FLAGS=  -O2 -c" "EXTRA_COMPILER_FLAGS=-mcpu=cortex-a9 -mfpu=vfpv3 -mfloat-abi=hard -
TRACE::2026-09-23.20:14:06::SCWMssOS::nostartfiles -g -Wall -Wextra -fno-tree-loop-distribute-patterns"

TRACE::2026-09-23.20:14:06::SCWMssOS::Running Make include in ps7_cortexa9_0/libsrc/usbps_v2_7/src

TRACE::2026-09-23.20:14:06::SCWMssOS::Running Make include in ps7_cortexa9_0/libsrc/coresightps_dcc_v1_8/src

TRACE::2026-09-23.20:14:06::SCWMssOS::Running Make include in ps7_cortexa9_0/libsrc/ddrps_v1_2/src

TRACE::2026-09-23.20:14:06::SCWMssOS::make -C ps7_cortexa9_0/libsrc/usbps_v2_7/src -s include  "SHELL=/bin/sh" "COMPILER=arm-none-eabi-gcc" "ASSEMBLER=arm-none-eabi-
TRACE::2026-09-23.20:14:06::SCWMssOS::as" "ARCHIVER=arm-none-eabi-ar" "COMPILER_FLAGS=  -O2 -c" "EXTRA_COMPILER_FLAGS=-mcpu=cortex-a9 -mfpu=vfpv3 -mfloat-abi=hard -n
TRACE::2026-09-23.20:14:06::SCWMssOS::ostartfiles -g -Wall -Wextra -fno-tree-loop-distribute-patterns"

TRACE::2026-09-23.20:14:06::SCWMssOS::Running Make include in ps7_cortexa9_0/libsrc/xadcps_v2_6/src

TRACE::2026-09-23.20:14:06::SCWMssOS::make -C ps7_cortexa9_0/libsrc/coresightps_dcc_v1_8/src -s include  "SHELL=/bin/sh" "COMPILER=arm-none-eabi-gcc" "ASSEMBLER=arm-
TRACE::2026-09-23.20:14:06::SCWMssOS::none-eabi-as" "ARCHIVER=arm-none-eabi-ar" "COMPILER_FLAGS=  -O2 -c" "EXTRA_COMPILER_FLAGS=-mcpu=cortex-a9 -mfpu=vfpv3 -mfloat-a
TRACE::2026-09-23.20:14:06::SCWMssOS::bi=hard -nostartfiles -g -Wall -Wextra -fno-tree-loop-distribute-patterns"

TRACE::2026-09-23.20:14:06::SCWMssOS::make -C ps7_cortexa9_0/libsrc/ddrps_v1_2/src -s include  "SHELL=/bin/sh" "COMPILER=arm-none-eabi-gcc" "ASSEMBLER=arm-none-eabi-
TRACE::2026-09-23.20:14:06::SCWMssOS::as" "ARCHIVER=arm-none-eabi-ar" "COMPILER_FLAGS=  -O2 -c" "EXTRA_COMPILER_FLAGS=-mcpu=cortex-a9 -mfpu=vfpv3 -mfloat-abi=hard -n
TRACE::2026-09-23.20:14:06::SCWMssOS::ostartfiles -g -Wall -Wextra -fno-tree-loop-distribute-patterns"

TRACE::2026-09-23.20:14:06::SCWMssOS::Running Make include in ps7_cortexa9_0/libsrc/cpu_cortexa9_v2_11/src

TRACE::2026-09-23.20:14:06::SCWMssOS::make -C ps7_cortexa9_0/libsrc/xadcps_v2_6/src -s include  "SHELL=/bin/sh" "COMPILER=arm-none-eabi-gcc" "ASSEMBLER=arm-none-eabi
TRACE::2026-09-23.20:14:06::SCWMssOS::-as" "ARCHIVER=arm-none-eabi-ar" "COMPILER_FLAGS=  -O2 -c" "EXTRA_COMPILER_FLAGS=-mcpu=cortex-a9 -mfpu=vfpv3 -mfloat-abi=hard -
TRACE::2026-09-23.20:14:06::SCWMssOS::nostartfiles -g -Wall -Wextra -fno-tree-loop-distribute-patterns"

TRACE::2026-09-23.20:14:06::SCWMssOS::make -C ps7_cortexa9_0/libsrc/cpu_cortexa9_v2_11/src -s include  "SHELL=/bin/sh" "COMPILER=arm-none-eabi-gcc" "ASSEMBLER=arm-no
TRACE::2026-09-23.20:14:06::SCWMssOS::ne-eabi-as" "ARCHIVER=arm-none-eabi-ar" "COMPILER_FLAGS=  -O2 -c" "EXTRA_COMPILER_FLAGS=-mcpu=cortex-a9 -mfpu=vfpv3 -mfloat-abi
TRACE::2026-09-23.20:14:06::SCWMssOS::=hard -nostartfiles -g -Wall -Wextra -fno-tree-loop-distribute-patterns"

TRACE::2026-09-23.20:14:06::SCWMssOS::Running Make include in ps7_cortexa9_0/libsrc/qspips_v3_9/src

TRACE::2026-09-23.20:14:06::SCWMssOS::make -C ps7_cortexa9_0/libsrc/qspips_v3_9/src -s include  "SHELL=/bin/sh" "COMPILER=arm-none-eabi-gcc" "ASSEMBLER=arm-none-eabi
TRACE::2026-09-23.20:14:06::SCWMssOS::-as" "ARCHIVER=arm-none-eabi-ar" "COMPILER_FLAGS=  -O2 -c" "EXTRA_COMPILER_FLAGS=-mcpu=cortex-a9 -mfpu=vfpv3 -mfloat-abi=hard -
TRACE::2026-09-23.20:14:06::SCWMssOS::nostartfiles -g -Wall -Wextra -fno-tree-loop-distribute-patterns"

TRACE::2026-09-23.20:14:06::SCWMssOS::Running Make include in ps7_cortexa9_0/libsrc/dmaps_v2_8/src

TRACE::2026-09-23.20:14:06::SCWMssOS::Running Make include in ps7_cortexa9_0/libsrc/PmodKYPD_v1_0/src

TRACE::2026-09-23.20:14:06::SCWMssOS::make -C ps7_cortexa9_0/libsrc/PmodKYPD_v1_0/src -s include  "SHELL=/bin/sh" "COMPILER=arm-none-eabi-gcc" "ASSEMBLER=arm-none-ea
TRACE::2026-09-23.20:14:06::SCWMssOS::bi-as" "ARCHIVER=arm-none-eabi-ar" "COMPILER_FLAGS=  -O2 -c" "EXTRA_COMPILER_FLAGS=-mcpu=cortex-a9 -mfpu=vfpv3 -mfloat-abi=hard
TRACE::2026-09-23.20:14:06::SCWMssOS:: -nostartfiles -g -Wall -Wextra -fno-tree-loop-distribute-patterns"

TRACE::2026-09-23.20:14:06::SCWMssOS::make -C ps7_cortexa9_0/libsrc/dmaps_v2_8/src -s include  "SHELL=/bin/sh" "COMPILER=arm-none-eabi-gcc" "ASSEMBLER=arm-none-eabi-
TRACE::2026-09-23.20:14:06::SCWMssOS::as" "ARCHIVER=arm-none-eabi-ar" "COMPILER_FLAGS=  -O2 -c" "EXTRA_COMPILER_FLAGS=-mcpu=cortex-a9 -mfpu=vfpv3 -mfloat-abi=hard -n
TRACE::2026-09-23.20:14:06::SCWMssOS::ostartfiles -g -Wall -Wextra -fno-tree-loop-distribute-patterns"

TRACE::2026-09-23.20:14:06::SCWMssOS::Running Make libs in ps7_cortexa9_0/libsrc/gpiops_v3_9/src

TRACE::2026-09-23.20:14:06::SCWMssOS::Running Make libs in ps7_cortexa9_0/libsrc/scugic_v4_5/src

TRACE::2026-09-23.20:14:06::SCWMssOS::Running Make libs in ps7_cortexa9_0/libsrc/scuwdt_v2_4/src

TRACE::2026-09-23.20:14:06::SCWMssOS::make -C ps7_cortexa9_0/libsrc/gpiops_v3_9/src -s libs  "SHELL=/bin/sh" "COMPILER=arm-none-eabi-gcc" "ASSEMBLER=arm-none-eabi-as
TRACE::2026-09-23.20:14:06::SCWMssOS::" "ARCHIVER=arm-none-eabi-ar" "COMPILER_FLAGS=  -O2 -c" "EXTRA_COMPILER_FLAGS=-mcpu=cortex-a9 -mfpu=vfpv3 -mfloat-abi=hard -nos
TRACE::2026-09-23.20:14:06::SCWMssOS::tartfiles -g -Wall -Wextra -fno-tree-loop-distribute-patterns"

TRACE::2026-09-23.20:14:06::SCWMssOS::Running Make libs in ps7_cortexa9_0/libsrc/devcfg_v3_7/src

TRACE::2026-09-23.20:14:06::SCWMssOS::Running Make libs in ps7_cortexa9_0/libsrc/standalone_v7_5/src

TRACE::2026-09-23.20:14:06::SCWMssOS::Running Make libs in ps7_cortexa9_0/libsrc/uartps_v3_11/src

TRACE::2026-09-23.20:14:06::SCWMssOS::make -C ps7_cortexa9_0/libsrc/scugic_v4_5/src -s libs  "SHELL=/bin/sh" "COMPILER=arm-none-eabi-gcc" "ASSEMBLER=arm-none-eabi-as
TRACE::2026-09-23.20:14:06::SCWMssOS::" "ARCHIVER=arm-none-eabi-ar" "COMPILER_FLAGS=  -O2 -c" "EXTRA_COMPILER_FLAGS=-mcpu=cortex-a9 -mfpu=vfpv3 -mfloat-abi=hard -nos
TRACE::2026-09-23.20:14:06::SCWMssOS::tartfiles -g -Wall -Wextra -fno-tree-loop-distribute-patterns"

TRACE::2026-09-23.20:14:06::SCWMssOS::make -C ps7_cortexa9_0/libsrc/scuwdt_v2_4/src -s libs  "SHELL=/bin/sh" "COMPILER=arm-none-eabi-gcc" "ASSEMBLER=arm-none-eabi-as
TRACE::2026-09-23.20:14:06::SCWMssOS::" "ARCHIVER=arm-none-eabi-ar" "COMPILER_FLAGS=  -O2 -c" "EXTRA_COMPILER_FLAGS=-mcpu=cortex-a9 -mfpu=vfpv3 -mfloat-abi=hard -nos
TRACE::2026-09-23.20:14:06::SCWMssOS::tartfiles -g -Wall -Wextra -fno-tree-loop-distribute-patterns"

TRACE::2026-09-23.20:14:06::SCWMssOS::make -C ps7_cortexa9_0/libsrc/devcfg_v3_7/src -s libs  "SHELL=/bin/sh" "COMPILER=arm-none-eabi-gcc" "ASSEMBLER=arm-none-eabi-as
TRACE::2026-09-23.20:14:06::SCWMssOS::" "ARCHIVER=arm-none-eabi-ar" "COMPILER_FLAGS=  -O2 -c" "EXTRA_COMPILER_FLAGS=-mcpu=cortex-a9 -mfpu=vfpv3 -mfloat-abi=hard -nos
TRACE::2026-09-23.20:14:06::SCWMssOS::tartfiles -g -Wall -Wextra -fno-tree-loop-distribute-patterns"

TRACE::2026-09-23.20:14:06::SCWMssOS::make -C ps7_cortexa9_0/libsrc/standalone_v7_5/src -s libs  "SHELL=/bin/sh" "COMPILER=arm-none-eabi-gcc" "ASSEMBLER=arm-none-eab
TRACE::2026-09-23.20:14:06::SCWMssOS::i-as" "ARCHIVER=arm-none-eabi-ar" "COMPILER_FLAGS=  -O2 -c" "EXTRA_COMPILER_FLAGS=-mcpu=cortex-a9 -mfpu=vfpv3 -mfloat-abi=hard 
TRACE::2026-09-23.20:14:06::SCWMssOS::-nostartfiles -g -Wall -Wextra -fno-tree-loop-distribute-patterns"

TRACE::2026-09-23.20:14:06::SCWMssOS::make -C ps7_cortexa9_0/libsrc/uartps_v3_11/src -s libs  "SHELL=/bin/sh" "COMPILER=arm-none-eabi-gcc" "ASSEMBLER=arm-none-eabi-a
TRACE::2026-09-23.20:14:06::SCWMssOS::s" "ARCHIVER=arm-none-eabi-ar" "COMPILER_FLAGS=  -O2 -c" "EXTRA_COMPILER_FLAGS=-mcpu=cortex-a9 -mfpu=vfpv3 -mfloat-abi=hard -no
TRACE::2026-09-23.20:14:06::SCWMssOS::startfiles -g -Wall -Wextra -fno-tree-loop-distribute-patterns"

TRACE::2026-09-23.20:14:06::SCWMssOS::Running Make libs in ps7_cortexa9_0/libsrc/scutimer_v2_3/src

TRACE::2026-09-23.20:14:06::SCWMssOS::make -C ps7_cortexa9_0/libsrc/scutimer_v2_3/src -s libs  "SHELL=/bin/sh" "COMPILER=arm-none-eabi-gcc" "ASSEMBLER=arm-none-eabi-
TRACE::2026-09-23.20:14:06::SCWMssOS::as" "ARCHIVER=arm-none-eabi-ar" "COMPILER_FLAGS=  -O2 -c" "EXTRA_COMPILER_FLAGS=-mcpu=cortex-a9 -mfpu=vfpv3 -mfloat-abi=hard -n
TRACE::2026-09-23.20:14:06::SCWMssOS::ostartfiles -g -Wall -Wextra -fno-tree-loop-distribute-patterns"

TRACE::2026-09-23.20:14:06::SCWMssOS::Running Make libs in ps7_cortexa9_0/libsrc/sdps_v3_12/src

TRACE::2026-09-23.20:14:06::SCWMssOS::make -C ps7_cortexa9_0/libsrc/sdps_v3_12/src -s libs  "SHELL=/bin/sh" "COMPILER=arm-none-eabi-gcc" "ASSEMBLER=arm-none-eabi-as"
TRACE::2026-09-23.20:14:06::SCWMssOS:: "ARCHIVER=arm-none-eabi-ar" "COMPILER_FLAGS=  -O2 -c" "EXTRA_COMPILER_FLAGS=-mcpu=cortex-a9 -mfpu=vfpv3 -mfloat-abi=hard -nost
TRACE::2026-09-23.20:14:06::SCWMssOS::artfiles -g -Wall -Wextra -fno-tree-loop-distribute-patterns"

TRACE::2026-09-23.20:14:06::SCWMssOS::Running Make libs in ps7_cortexa9_0/libsrc/emacps_v3_14/src

TRACE::2026-09-23.20:14:06::SCWMssOS::make -C ps7_cortexa9_0/libsrc/emacps_v3_14/src -s libs  "SHELL=/bin/sh" "COMPILER=arm-none-eabi-gcc" "ASSEMBLER=arm-none-eabi-a
TRACE::2026-09-23.20:14:06::SCWMssOS::s" "ARCHIVER=arm-none-eabi-ar" "COMPILER_FLAGS=  -O2 -c" "EXTRA_COMPILER_FLAGS=-mcpu=cortex-a9 -mfpu=vfpv3 -mfloat-abi=hard -no
TRACE::2026-09-23.20:14:06::SCWMssOS::startfiles -g -Wall -Wextra -fno-tree-loop-distribute-patterns"

TRACE::2026-09-23.20:14:07::SCWMssOS::Running Make libs in ps7_cortexa9_0/libsrc/ttcps_v3_14/src

TRACE::2026-09-23.20:14:07::SCWMssOS::make -C ps7_cortexa9_0/libsrc/ttcps_v3_14/src -s libs  "SHELL=/bin/sh" "COMPILER=arm-none-eabi-gcc" "ASSEMBLER=arm-none-eabi-as
TRACE::2026-09-23.20:14:07::SCWMssOS::" "ARCHIVER=arm-none-eabi-ar" "COMPILER_FLAGS=  -O2 -c" "EXTRA_COMPILER_FLAGS=-mcpu=cortex-a9 -mfpu=vfpv3 -mfloat-abi=hard -nos
TRACE::2026-09-23.20:14:07::SCWMssOS::tartfiles -g -Wall -Wextra -fno-tree-loop-distribute-patterns"

TRACE::2026-09-23.20:14:07::SCWMssOS::Running Make libs in ps7_cortexa9_0/libsrc/usbps_v2_7/src

TRACE::2026-09-23.20:14:07::SCWMssOS::make -C ps7_cortexa9_0/libsrc/usbps_v2_7/src -s libs  "SHELL=/bin/sh" "COMPILER=arm-none-eabi-gcc" "ASSEMBLER=arm-none-eabi-as"
TRACE::2026-09-23.20:14:07::SCWMssOS:: "ARCHIVER=arm-none-eabi-ar" "COMPILER_FLAGS=  -O2 -c" "EXTRA_COMPILER_FLAGS=-mcpu=cortex-a9 -mfpu=vfpv3 -mfloat-abi=hard -nost
TRACE::2026-09-23.20:14:07::SCWMssOS::artfiles -g -Wall -Wextra -fno-tree-loop-distribute-patterns"

TRACE::2026-09-23.20:14:07::SCWMssOS::Running Make libs in ps7_cortexa9_0/libsrc/coresightps_dcc_v1_8/src

TRACE::2026-09-23.20:14:07::SCWMssOS::make -C ps7_cortexa9_0/libsrc/coresightps_dcc_v1_8/src -s libs  "SHELL=/bin/sh" "COMPILER=arm-none-eabi-gcc" "ASSEMBLER=arm-non
TRACE::2026-09-23.20:14:07::SCWMssOS::e-eabi-as" "ARCHIVER=arm-none-eabi-ar" "COMPILER_FLAGS=  -O2 -c" "EXTRA_COMPILER_FLAGS=-mcpu=cortex-a9 -mfpu=vfpv3 -mfloat-abi=
TRACE::2026-09-23.20:14:07::SCWMssOS::hard -nostartfiles -g -Wall -Wextra -fno-tree-loop-distribute-patterns"

TRACE::2026-09-23.20:14:07::SCWMssOS::Running Make libs in ps7_cortexa9_0/libsrc/ddrps_v1_2/src

TRACE::2026-09-23.20:14:07::SCWMssOS::make -C ps7_cortexa9_0/libsrc/ddrps_v1_2/src -s libs  "SHELL=/bin/sh" "COMPILER=arm-none-eabi-gcc" "ASSEMBLER=arm-none-eabi-as"
TRACE::2026-09-23.20:14:07::SCWMssOS:: "ARCHIVER=arm-none-eabi-ar" "COMPILER_FLAGS=  -O2 -c" "EXTRA_COMPILER_FLAGS=-mcpu=cortex-a9 -mfpu=vfpv3 -mfloat-abi=hard -nost
TRACE::2026-09-23.20:14:07::SCWMssOS::artfiles -g -Wall -Wextra -fno-tree-loop-distribute-patterns"

TRACE::2026-09-23.20:14:07::SCWMssOS::Running Make libs in ps7_cortexa9_0/libsrc/xadcps_v2_6/src

TRACE::2026-09-23.20:14:07::SCWMssOS::make -C ps7_cortexa9_0/libsrc/xadcps_v2_6/src -s libs  "SHELL=/bin/sh" "COMPILER=arm-none-eabi-gcc" "ASSEMBLER=arm-none-eabi-as
TRACE::2026-09-23.20:14:07::SCWMssOS::" "ARCHIVER=arm-none-eabi-ar" "COMPILER_FLAGS=  -O2 -c" "EXTRA_COMPILER_FLAGS=-mcpu=cortex-a9 -mfpu=vfpv3 -mfloat-abi=hard -nos
TRACE::2026-09-23.20:14:07::SCWMssOS::tartfiles -g -Wall -Wextra -fno-tree-loop-distribute-patterns"

TRACE::2026-09-23.20:14:07::SCWMssOS::Running Make libs in ps7_cortexa9_0/libsrc/cpu_cortexa9_v2_11/src

TRACE::2026-09-23.20:14:07::SCWMssOS::make -C ps7_cortexa9_0/libsrc/cpu_cortexa9_v2_11/src -s libs  "SHELL=/bin/sh" "COMPILER=arm-none-eabi-gcc" "ASSEMBLER=arm-none-
TRACE::2026-09-23.20:14:07::SCWMssOS::eabi-as" "ARCHIVER=arm-none-eabi-ar" "COMPILER_FLAGS=  -O2 -c" "EXTRA_COMPILER_FLAGS=-mcpu=cortex-a9 -mfpu=vfpv3 -mfloat-abi=ha
TRACE::2026-09-23.20:14:07::SCWMssOS::rd -nostartfiles -g -Wall -Wextra -fno-tree-loop-distribute-patterns"

TRACE::2026-09-23.20:14:07::SCWMssOS::Running Make libs in ps7_cortexa9_0/libsrc/qspips_v3_9/src

TRACE::2026-09-23.20:14:07::SCWMssOS::make -C ps7_cortexa9_0/libsrc/qspips_v3_9/src -s libs  "SHELL=/bin/sh" "COMPILER=arm-none-eabi-gcc" "ASSEMBLER=arm-none-eabi-as
TRACE::2026-09-23.20:14:07::SCWMssOS::" "ARCHIVER=arm-none-eabi-ar" "COMPILER_FLAGS=  -O2 -c" "EXTRA_COMPILER_FLAGS=-mcpu=cortex-a9 -mfpu=vfpv3 -mfloat-abi=hard -nos
TRACE::2026-09-23.20:14:07::SCWMssOS::tartfiles -g -Wall -Wextra -fno-tree-loop-distribute-patterns"

TRACE::2026-09-23.20:14:07::SCWMssOS::Running Make libs in ps7_cortexa9_0/libsrc/dmaps_v2_8/src

TRACE::2026-09-23.20:14:07::SCWMssOS::make -C ps7_cortexa9_0/libsrc/dmaps_v2_8/src -s libs  "SHELL=/bin/sh" "COMPILER=arm-none-eabi-gcc" "ASSEMBLER=arm-none-eabi-as"
TRACE::2026-09-23.20:14:07::SCWMssOS:: "ARCHIVER=arm-none-eabi-ar" "COMPILER_FLAGS=  -O2 -c" "EXTRA_COMPILER_FLAGS=-mcpu=cortex-a9 -mfpu=vfpv3 -mfloat-abi=hard -nost
TRACE::2026-09-23.20:14:07::SCWMssOS::artfiles -g -Wall -Wextra -fno-tree-loop-distribute-patterns"

TRACE::2026-09-23.20:14:08::SCWMssOS::Finished building libraries parallelly.

TRACE::2026-09-23.20:14:08::SCWMssOS::make --no-print-directory archive

TRACE::2026-09-23.20:14:08::SCWMssOS::arm-none-eabi-ar -r  ps7_cortexa9_0/lib/libxil.a ps7_cortexa9_0/lib/xscugic_hw.o ps7_cortexa9_0/lib/xcoresightpsdcc.o ps7_corte
TRACE::2026-09-23.20:14:08::SCWMssOS::xa9_0/lib/xsdps_host.o ps7_cortexa9_0/lib/xusbps_intr.o ps7_cortexa9_0/lib/xil_assert.o ps7_cortexa9_0/lib/putnum.o ps7_cortexa
TRACE::2026-09-23.20:14:08::SCWMssOS::9_0/lib/xemacps_control.o ps7_cortexa9_0/lib/xil_exception.o ps7_cortexa9_0/lib/xqspips_selftest.o ps7_cortexa9_0/lib/lseek.o p
TRACE::2026-09-23.20:14:08::SCWMssOS::s7_cortexa9_0/lib/xqspips_sinit.o ps7_cortexa9_0/lib/xusbps_g.o ps7_cortexa9_0/lib/xgpiops.o ps7_cortexa9_0/lib/xqspips_g.o ps7
TRACE::2026-09-23.20:14:08::SCWMssOS::_cortexa9_0/lib/xemacps_sinit.o ps7_cortexa9_0/lib/_sbrk.o ps7_cortexa9_0/lib/xpm_counter.o ps7_cortexa9_0/lib/xttcps.o ps7_cor
TRACE::2026-09-23.20:14:08::SCWMssOS::texa9_0/lib/xdevcfg_selftest.o ps7_cortexa9_0/lib/xgpiops_sinit.o ps7_cortexa9_0/lib/xdevcfg_sinit.o ps7_cortexa9_0/lib/xil_tes
TRACE::2026-09-23.20:14:08::SCWMssOS::tcache.o ps7_cortexa9_0/lib/getpid.o ps7_cortexa9_0/lib/xscugic_intr.o ps7_cortexa9_0/lib/asm_vectors.o ps7_cortexa9_0/lib/xl2c
TRACE::2026-09-23.20:14:08::SCWMssOS::c_counter.o ps7_cortexa9_0/lib/xusbps_hw.o ps7_cortexa9_0/lib/xil_testmem.o ps7_cortexa9_0/lib/xuartps_selftest.o ps7_cortexa9_
TRACE::2026-09-23.20:14:08::SCWMssOS::0/lib/xdmaps.o ps7_cortexa9_0/lib/xuartps_sinit.o ps7_cortexa9_0/lib/xadcps.o ps7_cortexa9_0/lib/xuartps_g.o ps7_cortexa9_0/lib
TRACE::2026-09-23.20:14:08::SCWMssOS::/unlink.o ps7_cortexa9_0/lib/xil_printf.o ps7_cortexa9_0/lib/abort.o ps7_cortexa9_0/lib/xdmaps_sinit.o ps7_cortexa9_0/lib/xscuw
TRACE::2026-09-23.20:14:08::SCWMssOS::dt.o ps7_cortexa9_0/lib/xgpiops_selftest.o ps7_cortexa9_0/lib/xusbps_sinit.o ps7_cortexa9_0/lib/xemacps_g.o ps7_cortexa9_0/lib/
TRACE::2026-09-23.20:14:08::SCWMssOS::close.o ps7_cortexa9_0/lib/xsdps.o ps7_cortexa9_0/lib/xgpiops_g.o ps7_cortexa9_0/lib/xqspips_hw.o ps7_cortexa9_0/lib/xttcps_sel
TRACE::2026-09-23.20:14:08::SCWMssOS::ftest.o ps7_cortexa9_0/lib/xscutimer_selftest.o ps7_cortexa9_0/lib/xdmaps_selftest.o ps7_cortexa9_0/lib/inbyte.o ps7_cortexa9_0
TRACE::2026-09-23.20:14:08::SCWMssOS::/lib/xscutimer_sinit.o ps7_cortexa9_0/lib/xttcps_g.o ps7_cortexa9_0/lib/xil_misc_psreset_api.o ps7_cortexa9_0/lib/xsdps_options
TRACE::2026-09-23.20:14:08::SCWMssOS::.o ps7_cortexa9_0/lib/xscutimer_g.o ps7_cortexa9_0/lib/xdmaps_g.o ps7_cortexa9_0/lib/xqspips_options.o ps7_cortexa9_0/lib/xil_s
TRACE::2026-09-23.20:14:08::SCWMssOS::leeptimer.o ps7_cortexa9_0/lib/xdevcfg_hw.o ps7_cortexa9_0/lib/sleep.o ps7_cortexa9_0/lib/xusbps_endpoint.o ps7_cortexa9_0/lib/
TRACE::2026-09-23.20:14:08::SCWMssOS::_exit.o ps7_cortexa9_0/lib/time.o ps7_cortexa9_0/lib/xplatform_info.o ps7_cortexa9_0/lib/xadcps_selftest.o ps7_cortexa9_0/lib/x
TRACE::2026-09-23.20:14:08::SCWMssOS::adcps_sinit.o ps7_cortexa9_0/lib/xttcps_sinit.o ps7_cortexa9_0/lib/xadcps_g.o ps7_cortexa9_0/lib/xuartps_hw.o ps7_cortexa9_0/li
TRACE::2026-09-23.20:14:08::SCWMssOS::b/xscugic.o ps7_cortexa9_0/lib/xil-crt0.o ps7_cortexa9_0/lib/isatty.o ps7_cortexa9_0/lib/xscuwdt_selftest.o ps7_cortexa9_0/lib/
TRACE::2026-09-23.20:14:08::SCWMssOS::xemacps_intr.o ps7_cortexa9_0/lib/xil_clocking.o ps7_cortexa9_0/lib/xscuwdt_g.o ps7_cortexa9_0/lib/vectors.o ps7_cortexa9_0/lib
TRACE::2026-09-23.20:14:08::SCWMssOS::/xsdps_g.o ps7_cortexa9_0/lib/xuartps_options.o ps7_cortexa9_0/lib/xdevcfg_intr.o ps7_cortexa9_0/lib/errno.o ps7_cortexa9_0/lib
TRACE::2026-09-23.20:14:08::SCWMssOS::/fstat.o ps7_cortexa9_0/lib/xgpiops_hw.o ps7_cortexa9_0/lib/sbrk.o ps7_cortexa9_0/lib/xdmaps_hw.o ps7_cortexa9_0/lib/xsdps_card
TRACE::2026-09-23.20:14:08::SCWMssOS::.o ps7_cortexa9_0/lib/xuartps.o ps7_cortexa9_0/lib/xuartps_intr.o ps7_cortexa9_0/lib/xil_util.o ps7_cortexa9_0/lib/xscugic_self
TRACE::2026-09-23.20:14:08::SCWMssOS::test.o ps7_cortexa9_0/lib/xtime_l.o ps7_cortexa9_0/lib/xemacps_hw.o ps7_cortexa9_0/lib/read.o ps7_cortexa9_0/lib/xscuwdt_sinit.
TRACE::2026-09-23.20:14:08::SCWMssOS::o ps7_cortexa9_0/lib/outbyte.o ps7_cortexa9_0/lib/xdevcfg_g.o ps7_cortexa9_0/lib/open.o ps7_cortexa9_0/lib/xscugic_sinit.o ps7_
TRACE::2026-09-23.20:14:08::SCWMssOS::cortexa9_0/lib/xgpiops_intr.o ps7_cortexa9_0/lib/xscugic_g.o ps7_cortexa9_0/lib/xil_sleepcommon.o ps7_cortexa9_0/lib/usleep.o p
TRACE::2026-09-23.20:14:08::SCWMssOS::s7_cortexa9_0/lib/xsdps_sinit.o ps7_cortexa9_0/lib/xadcps_intr.o ps7_cortexa9_0/lib/cpu_init.o ps7_cortexa9_0/lib/xemacps_bdrin
TRACE::2026-09-23.20:14:08::SCWMssOS::g.o ps7_cortexa9_0/lib/boot.o ps7_cortexa9_0/lib/xil_mmu.o ps7_cortexa9_0/lib/write.o ps7_cortexa9_0/lib/translation_table.o ps
TRACE::2026-09-23.20:14:08::SCWMssOS::7_cortexa9_0/lib/xil_spinlock.o ps7_cortexa9_0/lib/xusbps.o ps7_cortexa9_0/lib/xqspips.o ps7_cortexa9_0/lib/print.o ps7_cortexa
TRACE::2026-09-23.20:14:08::SCWMssOS::9_0/lib/xil_testio.o ps7_cortexa9_0/lib/xil_cache.o ps7_cortexa9_0/lib/xemacps.o ps7_cortexa9_0/lib/xdevcfg.o ps7_cortexa9_0/li
TRACE::2026-09-23.20:14:08::SCWMssOS::b/xscutimer.o ps7_cortexa9_0/lib/xttcps_options.o ps7_cortexa9_0/lib/kill.o ps7_cortexa9_0/lib/fcntl.o ps7_cortexa9_0/lib/_open
TRACE::2026-09-23.20:14:08::SCWMssOS::.o ps7_cortexa9_0/lib/xil_mem.o ps7_cortexa9_0/lib/cpputest_time.o

TRACE::2026-09-23.20:14:08::SCWMssOS::Finished building libraries

TRACE::2026-09-23.20:14:08::SCWMssOS::Copying to export directory.
TRACE::2026-09-23.20:14:08::SCWMssOS:: Checking if to create the Supporting Applications
TRACE::2026-09-23.20:14:08::SCWMssOS:: No Linux domain exists, trying to generate FSBL 
LOG::2026-09-23.20:14:08::SCWSystem::Completed Processing the domain standalone_ps7_cortexa9_0
LOG::2026-09-23.20:14:08::SCWSystem::Completed Processing the sysconfig zynq_keypad_system_wrapper
LOG::2026-09-23.20:14:08::SCWPlatform::Completed generating the artifacts for system configuration zynq_keypad_system_wrapper
TRACE::2026-09-23.20:14:08::SCWPlatform::Started preparing the platform 
TRACE::2026-09-23.20:14:08::SCWSystem::Writing the bif file for system config zynq_keypad_system_wrapper
TRACE::2026-09-23.20:14:08::SCWSystem::dir created 
TRACE::2026-09-23.20:14:08::SCWSystem::Writing the bif 
TRACE::2026-09-23.20:14:08::SCWPlatform::Started writing the spfm file 
TRACE::2026-09-23.20:14:08::SCWPlatform::Started writing the xpfm file 
TRACE::2026-09-23.20:14:08::SCWPlatform::Completed generating the platform
TRACE::2026-09-23.20:14:08::SCWMssOS::Saving the mss changes /home/user/Desktop/lab_3/Vitis/zynq_keypad_system_wrapper/zynq_fsbl/zynq_fsbl_bsp/system.mss
TRACE::2026-09-23.20:14:08::SCWMssOS::Found a swdesign opened with the mssfile.
TRACE::2026-09-23.20:14:08::SCWMssOS::Completed writemss as part of save.
TRACE::2026-09-23.20:14:08::SCWMssOS::Commit changes completed.
TRACE::2026-09-23.20:14:08::SCWMssOS::Saving the mss changes /home/user/Desktop/lab_3/Vitis/zynq_keypad_system_wrapper/ps7_cortexa9_0/standalone_ps7_cortexa9_0/bsp/system.mss
TRACE::2026-09-23.20:14:08::SCWMssOS::Found a swdesign opened with the mssfile.
TRACE::2026-09-23.20:14:08::SCWMssOS::Completed writemss as part of save.
TRACE::2026-09-23.20:14:08::SCWMssOS::Commit changes completed.
TRACE::2026-09-23.20:14:08::SCWPlatform::Trying to open the hw design at /home/user/Desktop/lab_3/Vitis/zynq_keypad_system_wrapper/hw/zynq_keypad_system_wrapper.xsa
TRACE::2026-09-23.20:14:08::SCWPlatform::DSA given /home/user/Desktop/lab_3/Vitis/zynq_keypad_system_wrapper/hw/zynq_keypad_system_wrapper.xsa
TRACE::2026-09-23.20:14:08::SCWPlatform::DSA absoulate path /home/user/Desktop/lab_3/Vitis/zynq_keypad_system_wrapper/hw/zynq_keypad_system_wrapper.xsa
TRACE::2026-09-23.20:14:08::SCWPlatform::DSA directory /home/user/Desktop/lab_3/Vitis/zynq_keypad_system_wrapper/hw
TRACE::2026-09-23.20:14:08::SCWPlatform:: Platform Path /home/user/Desktop/lab_3/Vitis/zynq_keypad_system_wrapper/hw/zynq_keypad_system_wrapper.xsa
TRACE::2026-09-23.20:14:08::SCWPlatform:: Unique name xilinx:zybo::0.0
TRACE::2026-09-23.20:14:08::SCWPlatform::Trying to set the existing hwdb with name zynq_keypad_system_wrapper_0
TRACE::2026-09-23.20:14:08::SCWPlatform::Opened existing hwdb zynq_keypad_system_wrapper_0
TRACE::2026-09-23.20:14:08::SCWPlatform::Found the Hw Db part of the input DSA
TRACE::2026-09-23.20:14:08::SCWMssOS::Checking the sw design at  /home/user/Desktop/lab_3/Vitis/zynq_keypad_system_wrapper/zynq_fsbl/zynq_fsbl_bsp/system.mss
TRACE::2026-09-23.20:14:08::SCWMssOS::DEBUG:  swdes dump  /home/user/Desktop/lab_3/Vitis/zynq_keypad_system_wrapper/ps7_cortexa9_0/standalone_ps7_cortexa9_0/bsp/system.mss|system_0||
/home/user/Desktop/lab_3/Vitis/zynq_keypad_system_wrapper/zynq_fsbl/zynq_fsbl_bsp/system.mss|system||

TRACE::2026-09-23.20:14:08::SCWMssOS::Sw design exists and opened at  /home/user/Desktop/lab_3/Vitis/zynq_keypad_system_wrapper/zynq_fsbl/zynq_fsbl_bsp/system.mss
TRACE::2026-09-23.20:14:08::SCWPlatform::Trying to open the hw design at /home/user/Desktop/lab_3/Vitis/zynq_keypad_system_wrapper/hw/zynq_keypad_system_wrapper.xsa
TRACE::2026-09-23.20:14:08::SCWPlatform::DSA given /home/user/Desktop/lab_3/Vitis/zynq_keypad_system_wrapper/hw/zynq_keypad_system_wrapper.xsa
TRACE::2026-09-23.20:14:08::SCWPlatform::DSA absoulate path /home/user/Desktop/lab_3/Vitis/zynq_keypad_system_wrapper/hw/zynq_keypad_system_wrapper.xsa
TRACE::2026-09-23.20:14:08::SCWPlatform::DSA directory /home/user/Desktop/lab_3/Vitis/zynq_keypad_system_wrapper/hw
TRACE::2026-09-23.20:14:08::SCWPlatform:: Platform Path /home/user/Desktop/lab_3/Vitis/zynq_keypad_system_wrapper/hw/zynq_keypad_system_wrapper.xsa
TRACE::2026-09-23.20:14:08::SCWPlatform:: Unique name xilinx:zybo::0.0
TRACE::2026-09-23.20:14:08::SCWPlatform::Trying to set the existing hwdb with name zynq_keypad_system_wrapper_0
TRACE::2026-09-23.20:14:08::SCWPlatform::Opened existing hwdb zynq_keypad_system_wrapper_0
TRACE::2026-09-23.20:14:08::SCWPlatform::Found the Hw Db part of the input DSA
TRACE::2026-09-23.20:14:08::SCWMssOS::Checking the sw design at  /home/user/Desktop/lab_3/Vitis/zynq_keypad_system_wrapper/zynq_fsbl/zynq_fsbl_bsp/system.mss
TRACE::2026-09-23.20:14:08::SCWMssOS::DEBUG:  swdes dump  /home/user/Desktop/lab_3/Vitis/zynq_keypad_system_wrapper/ps7_cortexa9_0/standalone_ps7_cortexa9_0/bsp/system.mss|system_0||
/home/user/Desktop/lab_3/Vitis/zynq_keypad_system_wrapper/zynq_fsbl/zynq_fsbl_bsp/system.mss|system||

TRACE::2026-09-23.20:14:08::SCWMssOS::Sw design exists and opened at  /home/user/Desktop/lab_3/Vitis/zynq_keypad_system_wrapper/zynq_fsbl/zynq_fsbl_bsp/system.mss
TRACE::2026-09-23.20:14:08::SCWPlatform::Trying to open the hw design at /home/user/Desktop/lab_3/Vitis/zynq_keypad_system_wrapper/hw/zynq_keypad_system_wrapper.xsa
TRACE::2026-09-23.20:14:08::SCWPlatform::DSA given /home/user/Desktop/lab_3/Vitis/zynq_keypad_system_wrapper/hw/zynq_keypad_system_wrapper.xsa
TRACE::2026-09-23.20:14:08::SCWPlatform::DSA absoulate path /home/user/Desktop/lab_3/Vitis/zynq_keypad_system_wrapper/hw/zynq_keypad_system_wrapper.xsa
TRACE::2026-09-23.20:14:08::SCWPlatform::DSA directory /home/user/Desktop/lab_3/Vitis/zynq_keypad_system_wrapper/hw
TRACE::2026-09-23.20:14:08::SCWPlatform:: Platform Path /home/user/Desktop/lab_3/Vitis/zynq_keypad_system_wrapper/hw/zynq_keypad_system_wrapper.xsa
TRACE::2026-09-23.20:14:08::SCWPlatform:: Unique name xilinx:zybo::0.0
TRACE::2026-09-23.20:14:08::SCWPlatform::Trying to set the existing hwdb with name zynq_keypad_system_wrapper_0
TRACE::2026-09-23.20:14:08::SCWPlatform::Opened existing hwdb zynq_keypad_system_wrapper_0
TRACE::2026-09-23.20:14:08::SCWPlatform::Found the Hw Db part of the input DSA
TRACE::2026-09-23.20:14:08::SCWMssOS::Checking the sw design at  /home/user/Desktop/lab_3/Vitis/zynq_keypad_system_wrapper/zynq_fsbl/zynq_fsbl_bsp/system.mss
TRACE::2026-09-23.20:14:08::SCWMssOS::DEBUG:  swdes dump  /home/user/Desktop/lab_3/Vitis/zynq_keypad_system_wrapper/ps7_cortexa9_0/standalone_ps7_cortexa9_0/bsp/system.mss|system_0||
/home/user/Desktop/lab_3/Vitis/zynq_keypad_system_wrapper/zynq_fsbl/zynq_fsbl_bsp/system.mss|system||

TRACE::2026-09-23.20:14:08::SCWMssOS::Sw design exists and opened at  /home/user/Desktop/lab_3/Vitis/zynq_keypad_system_wrapper/zynq_fsbl/zynq_fsbl_bsp/system.mss
TRACE::2026-09-23.20:14:08::SCWPlatform::Trying to open the hw design at /home/user/Desktop/lab_3/Vitis/zynq_keypad_system_wrapper/hw/zynq_keypad_system_wrapper.xsa
TRACE::2026-09-23.20:14:08::SCWPlatform::DSA given /home/user/Desktop/lab_3/Vitis/zynq_keypad_system_wrapper/hw/zynq_keypad_system_wrapper.xsa
TRACE::2026-09-23.20:14:08::SCWPlatform::DSA absoulate path /home/user/Desktop/lab_3/Vitis/zynq_keypad_system_wrapper/hw/zynq_keypad_system_wrapper.xsa
TRACE::2026-09-23.20:14:08::SCWPlatform::DSA directory /home/user/Desktop/lab_3/Vitis/zynq_keypad_system_wrapper/hw
TRACE::2026-09-23.20:14:08::SCWPlatform:: Platform Path /home/user/Desktop/lab_3/Vitis/zynq_keypad_system_wrapper/hw/zynq_keypad_system_wrapper.xsa
TRACE::2026-09-23.20:14:08::SCWPlatform:: Unique name xilinx:zybo::0.0
TRACE::2026-09-23.20:14:08::SCWPlatform::Trying to set the existing hwdb with name zynq_keypad_system_wrapper_0
TRACE::2026-09-23.20:14:08::SCWPlatform::Opened existing hwdb zynq_keypad_system_wrapper_0
TRACE::2026-09-23.20:14:08::SCWPlatform::Found the Hw Db part of the input DSA
TRACE::2026-09-23.20:14:08::SCWMssOS::Checking the sw design at  /home/user/Desktop/lab_3/Vitis/zynq_keypad_system_wrapper/ps7_cortexa9_0/standalone_ps7_cortexa9_0/bsp/system.mss
TRACE::2026-09-23.20:14:08::SCWMssOS::DEBUG:  swdes dump  /home/user/Desktop/lab_3/Vitis/zynq_keypad_system_wrapper/ps7_cortexa9_0/standalone_ps7_cortexa9_0/bsp/system.mss|system_0||
/home/user/Desktop/lab_3/Vitis/zynq_keypad_system_wrapper/zynq_fsbl/zynq_fsbl_bsp/system.mss|system||

TRACE::2026-09-23.20:14:08::SCWMssOS::Sw design exists and opened at  /home/user/Desktop/lab_3/Vitis/zynq_keypad_system_wrapper/ps7_cortexa9_0/standalone_ps7_cortexa9_0/bsp/system.mss
TRACE::2026-09-23.20:14:08::SCWPlatform::Trying to open the hw design at /home/user/Desktop/lab_3/Vitis/zynq_keypad_system_wrapper/hw/zynq_keypad_system_wrapper.xsa
TRACE::2026-09-23.20:14:08::SCWPlatform::DSA given /home/user/Desktop/lab_3/Vitis/zynq_keypad_system_wrapper/hw/zynq_keypad_system_wrapper.xsa
TRACE::2026-09-23.20:14:08::SCWPlatform::DSA absoulate path /home/user/Desktop/lab_3/Vitis/zynq_keypad_system_wrapper/hw/zynq_keypad_system_wrapper.xsa
TRACE::2026-09-23.20:14:08::SCWPlatform::DSA directory /home/user/Desktop/lab_3/Vitis/zynq_keypad_system_wrapper/hw
TRACE::2026-09-23.20:14:08::SCWPlatform:: Platform Path /home/user/Desktop/lab_3/Vitis/zynq_keypad_system_wrapper/hw/zynq_keypad_system_wrapper.xsa
TRACE::2026-09-23.20:14:08::SCWPlatform:: Unique name xilinx:zybo::0.0
TRACE::2026-09-23.20:14:08::SCWPlatform::Trying to set the existing hwdb with name zynq_keypad_system_wrapper_0
TRACE::2026-09-23.20:14:08::SCWPlatform::Opened existing hwdb zynq_keypad_system_wrapper_0
TRACE::2026-09-23.20:14:08::SCWPlatform::Found the Hw Db part of the input DSA
TRACE::2026-09-23.20:14:08::SCWMssOS::Checking the sw design at  /home/user/Desktop/lab_3/Vitis/zynq_keypad_system_wrapper/ps7_cortexa9_0/standalone_ps7_cortexa9_0/bsp/system.mss
TRACE::2026-09-23.20:14:08::SCWMssOS::DEBUG:  swdes dump  /home/user/Desktop/lab_3/Vitis/zynq_keypad_system_wrapper/ps7_cortexa9_0/standalone_ps7_cortexa9_0/bsp/system.mss|system_0||
/home/user/Desktop/lab_3/Vitis/zynq_keypad_system_wrapper/zynq_fsbl/zynq_fsbl_bsp/system.mss|system||

TRACE::2026-09-23.20:14:08::SCWMssOS::Sw design exists and opened at  /home/user/Desktop/lab_3/Vitis/zynq_keypad_system_wrapper/ps7_cortexa9_0/standalone_ps7_cortexa9_0/bsp/system.mss
TRACE::2026-09-23.20:14:08::SCWPlatform::Trying to open the hw design at /home/user/Desktop/lab_3/Vitis/zynq_keypad_system_wrapper/hw/zynq_keypad_system_wrapper.xsa
TRACE::2026-09-23.20:14:08::SCWPlatform::DSA given /home/user/Desktop/lab_3/Vitis/zynq_keypad_system_wrapper/hw/zynq_keypad_system_wrapper.xsa
TRACE::2026-09-23.20:14:08::SCWPlatform::DSA absoulate path /home/user/Desktop/lab_3/Vitis/zynq_keypad_system_wrapper/hw/zynq_keypad_system_wrapper.xsa
TRACE::2026-09-23.20:14:08::SCWPlatform::DSA directory /home/user/Desktop/lab_3/Vitis/zynq_keypad_system_wrapper/hw
TRACE::2026-09-23.20:14:08::SCWPlatform:: Platform Path /home/user/Desktop/lab_3/Vitis/zynq_keypad_system_wrapper/hw/zynq_keypad_system_wrapper.xsa
TRACE::2026-09-23.20:14:08::SCWPlatform:: Unique name xilinx:zybo::0.0
TRACE::2026-09-23.20:14:08::SCWPlatform::Trying to set the existing hwdb with name zynq_keypad_system_wrapper_0
TRACE::2026-09-23.20:14:08::SCWPlatform::Opened existing hwdb zynq_keypad_system_wrapper_0
TRACE::2026-09-23.20:14:08::SCWPlatform::Found the Hw Db part of the input DSA
TRACE::2026-09-23.20:14:08::SCWMssOS::Checking the sw design at  /home/user/Desktop/lab_3/Vitis/zynq_keypad_system_wrapper/ps7_cortexa9_0/standalone_ps7_cortexa9_0/bsp/system.mss
TRACE::2026-09-23.20:14:08::SCWMssOS::DEBUG:  swdes dump  /home/user/Desktop/lab_3/Vitis/zynq_keypad_system_wrapper/ps7_cortexa9_0/standalone_ps7_cortexa9_0/bsp/system.mss|system_0||
/home/user/Desktop/lab_3/Vitis/zynq_keypad_system_wrapper/zynq_fsbl/zynq_fsbl_bsp/system.mss|system||

TRACE::2026-09-23.20:14:08::SCWMssOS::Sw design exists and opened at  /home/user/Desktop/lab_3/Vitis/zynq_keypad_system_wrapper/ps7_cortexa9_0/standalone_ps7_cortexa9_0/bsp/system.mss
TRACE::2026-09-23.20:14:08::SCWWriter::formatted JSON is {
	"platformName":	"zynq_keypad_system_wrapper",
	"sprVersion":	"2.0",
	"mode":	"gui",
	"dsaType":	"Fixed",
	"platformDesc":	"zynq_keypad_system_wrapper",
	"platHandOff":	"/home/user/Desktop/lab_3/zynq_keypad_system_wrapper.xsa",
	"platIntHandOff":	"<platformDir>/hw/zynq_keypad_system_wrapper.xsa",
	"deviceType":	"zynq",
	"platIsPrebuiltAutogen":	"false",
	"platIsNoBootBsp":	"false",
	"platFsblTarget":	"ps7_cortexa9_0",
	"hasFsblMakeHasChanges":	"false",
	"hasPmufwMakeHasChanges":	"false",
	"fsblExtraCompilerFlags":	"-MMD -MP       -mcpu=cortex-a9 -mfpu=vfpv3 -mfloat-abi=hard ",
	"platPreBuiltFlag":	false,
	"platformSamplesDir":	"",
	"platActiveSys":	"zynq_keypad_system_wrapper",
	"systems":	[{
			"systemName":	"zynq_keypad_system_wrapper",
			"systemDesc":	"zynq_keypad_system_wrapper",
			"sysIsBootAutoGen":	"true",
			"systemDispName":	"zynq_keypad_system_wrapper",
			"sysActiveDom":	"standalone_ps7_cortexa9_0",
			"sysDefaultDom":	"standalone_ps7_cortexa9_0",
			"domains":	[{
					"domainName":	"zynq_fsbl",
					"domainDispName":	"zynq_fsbl",
					"domainDesc":	"FSBL Application BSP - Auto Generated.",
					"processors":	"ps7_cortexa9_0",
					"os":	"standalone",
					"sdxOs":	"standalone",
					"debugEnable":	"",
					"domRuntimes":	["cpp"],
					"swRepo":	"",
					"mssOsVer":	"7.5",
					"mssFile":	"",
					"md5Digest":	"986bdada04ec859b524eda169740ea2f",
					"compatibleApp":	"zynq_fsbl",
					"domType":	"bootDomain",
					"arch":	"32-bit",
					"appSettings":	{
						"appCompilerFlags":	"",
						"appLinkerFlags":	""
					},
					"addedLibs":	["xilffs:4.5", "xilrsa:1.6"],
					"libOptions":	{
						"libsContainingOptions":	[]
					},
					"prebuiltLibs":	{
						"prebuiltIncPath":	[],
						"prebuiltLibPath":	[]
					},
					"isolation":	{
					}
				}, {
					"domainName":	"standalone_ps7_cortexa9_0",
					"domainDispName":	"standalone_ps7_cortexa9_0",
					"domainDesc":	"standalone_ps7_cortexa9_0",
					"processors":	"ps7_cortexa9_0",
					"os":	"standalone",
					"sdxOs":	"standalone",
					"qemuArgs":	"/home/software/Xilinx/Vitis/2021.1/data/emulation/platforms/zynq/sw/a9_standalone/qemu/qemu_args.txt",
					"qemuData":	"/home/software/Xilinx/Vitis/2021.1/data/emulation/platforms/zynq/sw/a9_standalone/qemu/",
					"debugEnable":	"False",
					"domRuntimes":	["cpp"],
					"swRepo":	"",
					"mssOsVer":	"7.5",
					"mssFile":	"",
					"md5Digest":	"a513dc7d62ebf08984ba988e351c6210",
					"compatibleApp":	"empty_application",
					"domType":	"mssDomain",
					"arch":	"32-bit",
					"appSettings":	{
						"appCompilerFlags":	"",
						"appLinkerFlags":	""
					},
					"addedLibs":	[],
					"libOptions":	{
						"libsContainingOptions":	[]
					},
					"prebuiltLibs":	{
						"prebuiltIncPath":	[],
						"prebuiltLibPath":	[]
					},
					"isolation":	{
					}
				}]
		}]
}
KEYINFO::2026-09-23.20:14:08::SCWPlatform::updated the xpfm file.
TRACE::2026-09-23.20:14:08::SCWPlatform::Trying to open the hw design at /home/user/Desktop/lab_3/Vitis/zynq_keypad_system_wrapper/hw/zynq_keypad_system_wrapper.xsa
TRACE::2026-09-23.20:14:08::SCWPlatform::DSA given /home/user/Desktop/lab_3/Vitis/zynq_keypad_system_wrapper/hw/zynq_keypad_system_wrapper.xsa
TRACE::2026-09-23.20:14:08::SCWPlatform::DSA absoulate path /home/user/Desktop/lab_3/Vitis/zynq_keypad_system_wrapper/hw/zynq_keypad_system_wrapper.xsa
TRACE::2026-09-23.20:14:08::SCWPlatform::DSA directory /home/user/Desktop/lab_3/Vitis/zynq_keypad_system_wrapper/hw
TRACE::2026-09-23.20:14:08::SCWPlatform:: Platform Path /home/user/Desktop/lab_3/Vitis/zynq_keypad_system_wrapper/hw/zynq_keypad_system_wrapper.xsa
TRACE::2026-09-23.20:14:08::SCWPlatform:: Unique name xilinx:zybo::0.0
TRACE::2026-09-23.20:14:08::SCWPlatform::Trying to set the existing hwdb with name zynq_keypad_system_wrapper_0
TRACE::2026-09-23.20:14:08::SCWPlatform::Opened existing hwdb zynq_keypad_system_wrapper_0
TRACE::2026-09-23.20:14:08::SCWPlatform::Found the Hw Db part of the input DSA
TRACE::2026-09-23.20:14:08::SCWMssOS::Checking the sw design at  /home/user/Desktop/lab_3/Vitis/zynq_keypad_system_wrapper/ps7_cortexa9_0/standalone_ps7_cortexa9_0/bsp/system.mss
TRACE::2026-09-23.20:14:08::SCWMssOS::DEBUG:  swdes dump  /home/user/Desktop/lab_3/Vitis/zynq_keypad_system_wrapper/ps7_cortexa9_0/standalone_ps7_cortexa9_0/bsp/system.mss|system_0||
/home/user/Desktop/lab_3/Vitis/zynq_keypad_system_wrapper/zynq_fsbl/zynq_fsbl_bsp/system.mss|system||

TRACE::2026-09-23.20:14:08::SCWMssOS::Sw design exists and opened at  /home/user/Desktop/lab_3/Vitis/zynq_keypad_system_wrapper/ps7_cortexa9_0/standalone_ps7_cortexa9_0/bsp/system.mss
TRACE::2026-09-23.20:18:15::SCWBDomain::System Command Ran  cd  /home/user/Desktop/lab_3/Vitis/zynq_keypad_system_wrapper/zynq_fsbl ; bash -c "make  clean" 
TRACE::2026-09-23.20:18:15::SCWBDomain::rm -rf  pcap.o  nand.o  qspi.o  rsa.o  main.o  md5.o  image_mover.o  ps7_init.o  nor.o  fsbl_hooks.o  sd.o  fsbl_handoff.o  zyn
TRACE::2026-09-23.20:18:15::SCWBDomain::q_fsbl_bsp/ps7_cortexa9_0/lib/libxil.a fsbl.elf *.o

TRACE::2026-09-23.20:18:15::SCWBDomain::System Command Ran  cd  /home/user/Desktop/lab_3/Vitis/zynq_keypad_system_wrapper/zynq_fsbl/zynq_fsbl_bsp ; bash -c "make  clean" 
TRACE::2026-09-23.20:18:15::SCWBDomain::make -C ps7_cortexa9_0/libsrc/gpiops_v3_9/src -s clean 

TRACE::2026-09-23.20:18:15::SCWBDomain::make -C ps7_cortexa9_0/libsrc/scugic_v4_5/src -s clean 

TRACE::2026-09-23.20:18:15::SCWBDomain::make -C ps7_cortexa9_0/libsrc/xilffs_v4_5/src -s clean 

TRACE::2026-09-23.20:18:15::SCWBDomain::make -C ps7_cortexa9_0/libsrc/scuwdt_v2_4/src -s clean 

TRACE::2026-09-23.20:18:15::SCWBDomain::make -C ps7_cortexa9_0/libsrc/devcfg_v3_7/src -s clean 

TRACE::2026-09-23.20:18:15::SCWBDomain::make -C ps7_cortexa9_0/libsrc/standalone_v7_5/src -s clean 

TRACE::2026-09-23.20:18:15::SCWBDomain::make -C ps7_cortexa9_0/libsrc/xilrsa_v1_6/src -s clean 

TRACE::2026-09-23.20:18:15::SCWBDomain::make -C ps7_cortexa9_0/libsrc/uartps_v3_11/src -s clean 

TRACE::2026-09-23.20:18:15::SCWBDomain::make -C ps7_cortexa9_0/libsrc/scutimer_v2_3/src -s clean 

TRACE::2026-09-23.20:18:15::SCWBDomain::make -C ps7_cortexa9_0/libsrc/sdps_v3_12/src -s clean 

TRACE::2026-09-23.20:18:15::SCWBDomain::make -C ps7_cortexa9_0/libsrc/emacps_v3_14/src -s clean 

TRACE::2026-09-23.20:18:15::SCWBDomain::make -C ps7_cortexa9_0/libsrc/ttcps_v3_14/src -s clean 

TRACE::2026-09-23.20:18:15::SCWBDomain::make -C ps7_cortexa9_0/libsrc/usbps_v2_7/src -s clean 

TRACE::2026-09-23.20:18:15::SCWBDomain::make -C ps7_cortexa9_0/libsrc/coresightps_dcc_v1_8/src -s clean 

TRACE::2026-09-23.20:18:15::SCWBDomain::make -C ps7_cortexa9_0/libsrc/ddrps_v1_2/src -s clean 

TRACE::2026-09-23.20:18:15::SCWBDomain::make -C ps7_cortexa9_0/libsrc/xadcps_v2_6/src -s clean 

TRACE::2026-09-23.20:18:15::SCWBDomain::make -C ps7_cortexa9_0/libsrc/cpu_cortexa9_v2_11/src -s clean 

TRACE::2026-09-23.20:18:15::SCWBDomain::make -C ps7_cortexa9_0/libsrc/qspips_v3_9/src -s clean 

TRACE::2026-09-23.20:18:15::SCWBDomain::make -C ps7_cortexa9_0/libsrc/dmaps_v2_8/src -s clean 

TRACE::2026-09-23.20:18:15::SCWBDomain::make -C ps7_cortexa9_0/libsrc/PmodKYPD_v1_0/src -s clean 

TRACE::2026-09-23.20:18:15::SCWBDomain::rm -f ps7_cortexa9_0/lib/libxil.a

TRACE::2026-09-23.20:18:15::SCWMssOS::cleaning the bsp 
TRACE::2026-09-23.20:18:15::SCWMssOS::System Command Ran  cd  /home/user/Desktop/lab_3/Vitis/zynq_keypad_system_wrapper/ps7_cortexa9_0/standalone_ps7_cortexa9_0/bsp ; bash -c "make  clean " 
TRACE::2026-09-23.20:18:15::SCWMssOS::make -C ps7_cortexa9_0/libsrc/gpiops_v3_9/src -s clean 

TRACE::2026-09-23.20:18:15::SCWMssOS::make -C ps7_cortexa9_0/libsrc/scugic_v4_5/src -s clean 

TRACE::2026-09-23.20:18:15::SCWMssOS::make -C ps7_cortexa9_0/libsrc/scuwdt_v2_4/src -s clean 

TRACE::2026-09-23.20:18:15::SCWMssOS::make -C ps7_cortexa9_0/libsrc/devcfg_v3_7/src -s clean 

TRACE::2026-09-23.20:18:15::SCWMssOS::make -C ps7_cortexa9_0/libsrc/standalone_v7_5/src -s clean 

TRACE::2026-09-23.20:18:15::SCWMssOS::make -C ps7_cortexa9_0/libsrc/uartps_v3_11/src -s clean 

TRACE::2026-09-23.20:18:15::SCWMssOS::make -C ps7_cortexa9_0/libsrc/scutimer_v2_3/src -s clean 

TRACE::2026-09-23.20:18:15::SCWMssOS::make -C ps7_cortexa9_0/libsrc/sdps_v3_12/src -s clean 

TRACE::2026-09-23.20:18:15::SCWMssOS::make -C ps7_cortexa9_0/libsrc/emacps_v3_14/src -s clean 

TRACE::2026-09-23.20:18:15::SCWMssOS::make -C ps7_cortexa9_0/libsrc/ttcps_v3_14/src -s clean 

TRACE::2026-09-23.20:18:15::SCWMssOS::make -C ps7_cortexa9_0/libsrc/usbps_v2_7/src -s clean 

TRACE::2026-09-23.20:18:15::SCWMssOS::make -C ps7_cortexa9_0/libsrc/coresightps_dcc_v1_8/src -s clean 

TRACE::2026-09-23.20:18:15::SCWMssOS::make -C ps7_cortexa9_0/libsrc/ddrps_v1_2/src -s clean 

TRACE::2026-09-23.20:18:15::SCWMssOS::make -C ps7_cortexa9_0/libsrc/xadcps_v2_6/src -s clean 

TRACE::2026-09-23.20:18:15::SCWMssOS::make -C ps7_cortexa9_0/libsrc/cpu_cortexa9_v2_11/src -s clean 

TRACE::2026-09-23.20:18:15::SCWMssOS::make -C ps7_cortexa9_0/libsrc/qspips_v3_9/src -s clean 

TRACE::2026-09-23.20:18:15::SCWMssOS::make -C ps7_cortexa9_0/libsrc/dmaps_v2_8/src -s clean 

TRACE::2026-09-23.20:18:15::SCWMssOS::make -C ps7_cortexa9_0/libsrc/PmodKYPD_v1_0/src -s clean 

TRACE::2026-09-23.20:18:15::SCWMssOS::rm -f ps7_cortexa9_0/lib/libxil.a

LOG::2026-09-23.20:18:26::SCWPlatform::Started generating the artifacts platform zynq_keypad_system_wrapper
TRACE::2026-09-23.20:18:26::SCWPlatform::Sanity checking of platform is completed
LOG::2026-09-23.20:18:26::SCWPlatform::Started generating the artifacts for system configuration zynq_keypad_system_wrapper
LOG::2026-09-23.20:18:26::SCWSystem::Checking the domain zynq_fsbl
LOG::2026-09-23.20:18:26::SCWSystem::Doing application build for :  zynq_fsbl
TRACE::2026-09-23.20:18:26::SCWBDomain::Not a forced makefile updation, No changes are present. 
TRACE::2026-09-23.20:18:26::SCWDomain::Building the domain as part of full build :  zynq_fsbl
TRACE::2026-09-23.20:18:26::SCWPlatform::Trying to open the hw design at /home/user/Desktop/lab_3/Vitis/zynq_keypad_system_wrapper/hw/zynq_keypad_system_wrapper.xsa
TRACE::2026-09-23.20:18:26::SCWPlatform::DSA given /home/user/Desktop/lab_3/Vitis/zynq_keypad_system_wrapper/hw/zynq_keypad_system_wrapper.xsa
TRACE::2026-09-23.20:18:26::SCWPlatform::DSA absoulate path /home/user/Desktop/lab_3/Vitis/zynq_keypad_system_wrapper/hw/zynq_keypad_system_wrapper.xsa
TRACE::2026-09-23.20:18:26::SCWPlatform::DSA directory /home/user/Desktop/lab_3/Vitis/zynq_keypad_system_wrapper/hw
TRACE::2026-09-23.20:18:26::SCWPlatform:: Platform Path /home/user/Desktop/lab_3/Vitis/zynq_keypad_system_wrapper/hw/zynq_keypad_system_wrapper.xsa
TRACE::2026-09-23.20:18:26::SCWPlatform:: Unique name xilinx:zybo::0.0
TRACE::2026-09-23.20:18:26::SCWPlatform::Trying to set the existing hwdb with name zynq_keypad_system_wrapper_0
TRACE::2026-09-23.20:18:26::SCWPlatform::Opened existing hwdb zynq_keypad_system_wrapper_0
TRACE::2026-09-23.20:18:26::SCWPlatform::Found the Hw Db part of the input DSA
TRACE::2026-09-23.20:18:26::SCWMssOS::Checking the sw design at  /home/user/Desktop/lab_3/Vitis/zynq_keypad_system_wrapper/zynq_fsbl/zynq_fsbl_bsp/system.mss
TRACE::2026-09-23.20:18:26::SCWMssOS::DEBUG:  swdes dump  /home/user/Desktop/lab_3/Vitis/zynq_keypad_system_wrapper/ps7_cortexa9_0/standalone_ps7_cortexa9_0/bsp/system.mss|system_0||
/home/user/Desktop/lab_3/Vitis/zynq_keypad_system_wrapper/zynq_fsbl/zynq_fsbl_bsp/system.mss|system||

TRACE::2026-09-23.20:18:26::SCWMssOS::Sw design exists and opened at  /home/user/Desktop/lab_3/Vitis/zynq_keypad_system_wrapper/zynq_fsbl/zynq_fsbl_bsp/system.mss
TRACE::2026-09-23.20:18:26::SCWBDomain::Completed writing the mss file at /home/user/Desktop/lab_3/Vitis/zynq_keypad_system_wrapper/zynq_fsbl/zynq_fsbl_bsp
TRACE::2026-09-23.20:18:26::SCWBDomain::bsp generated is upto date with the mss file. Skipping bsp generation.
TRACE::2026-09-23.20:18:26::SCWBDomain::Not a forced makefile updation, No changes are present. 
TRACE::2026-09-23.20:18:26::SCWBDomain::System Command Ran  cd  /home/user/Desktop/lab_3/Vitis/zynq_keypad_system_wrapper/zynq_fsbl ; bash -c " make -C zynq_fsbl_bsp ; make  " 
TRACE::2026-09-23.20:18:26::SCWBDomain::make: Entering directory '/home/user/Desktop/lab_3/Vitis/zynq_keypad_system_wrapper/zynq_fsbl/zynq_fsbl_bsp'

TRACE::2026-09-23.20:18:26::SCWBDomain::make --no-print-directory seq_libs

TRACE::2026-09-23.20:18:26::SCWBDomain::Running Make include in ps7_cortexa9_0/libsrc/gpiops_v3_9/src

TRACE::2026-09-23.20:18:26::SCWBDomain::make -C ps7_cortexa9_0/libsrc/gpiops_v3_9/src -s include  "SHELL=/bin/sh" "COMPILER=arm-none-eabi-gcc" "ASSEMBLER=arm-none-eabi
TRACE::2026-09-23.20:18:26::SCWBDomain::-as" "ARCHIVER=arm-none-eabi-ar" "COMPILER_FLAGS=  -O2 -c" "EXTRA_COMPILER_FLAGS=-mcpu=cortex-a9 -mfpu=vfpv3 -mfloat-abi=hard -
TRACE::2026-09-23.20:18:26::SCWBDomain::nostartfiles -g -Wall -Wextra -fno-tree-loop-distribute-patterns"

TRACE::2026-09-23.20:18:26::SCWBDomain::Running Make include in ps7_cortexa9_0/libsrc/scugic_v4_5/src

TRACE::2026-09-23.20:18:26::SCWBDomain::make -C ps7_cortexa9_0/libsrc/scugic_v4_5/src -s include  "SHELL=/bin/sh" "COMPILER=arm-none-eabi-gcc" "ASSEMBLER=arm-none-eabi
TRACE::2026-09-23.20:18:26::SCWBDomain::-as" "ARCHIVER=arm-none-eabi-ar" "COMPILER_FLAGS=  -O2 -c" "EXTRA_COMPILER_FLAGS=-mcpu=cortex-a9 -mfpu=vfpv3 -mfloat-abi=hard -
TRACE::2026-09-23.20:18:26::SCWBDomain::nostartfiles -g -Wall -Wextra -fno-tree-loop-distribute-patterns"

TRACE::2026-09-23.20:18:26::SCWBDomain::Running Make include in ps7_cortexa9_0/libsrc/xilffs_v4_5/src

TRACE::2026-09-23.20:18:26::SCWBDomain::make -C ps7_cortexa9_0/libsrc/xilffs_v4_5/src -s include  "SHELL=/bin/sh" "COMPILER=arm-none-eabi-gcc" "ASSEMBLER=arm-none-eabi
TRACE::2026-09-23.20:18:26::SCWBDomain::-as" "ARCHIVER=arm-none-eabi-ar" "COMPILER_FLAGS=  -O2 -c" "EXTRA_COMPILER_FLAGS=-mcpu=cortex-a9 -mfpu=vfpv3 -mfloat-abi=hard -
TRACE::2026-09-23.20:18:26::SCWBDomain::nostartfiles -g -Wall -Wextra -fno-tree-loop-distribute-patterns"

TRACE::2026-09-23.20:18:26::SCWBDomain::Running Make include in ps7_cortexa9_0/libsrc/scuwdt_v2_4/src

TRACE::2026-09-23.20:18:26::SCWBDomain::make -C ps7_cortexa9_0/libsrc/scuwdt_v2_4/src -s include  "SHELL=/bin/sh" "COMPILER=arm-none-eabi-gcc" "ASSEMBLER=arm-none-eabi
TRACE::2026-09-23.20:18:26::SCWBDomain::-as" "ARCHIVER=arm-none-eabi-ar" "COMPILER_FLAGS=  -O2 -c" "EXTRA_COMPILER_FLAGS=-mcpu=cortex-a9 -mfpu=vfpv3 -mfloat-abi=hard -
TRACE::2026-09-23.20:18:26::SCWBDomain::nostartfiles -g -Wall -Wextra -fno-tree-loop-distribute-patterns"

TRACE::2026-09-23.20:18:26::SCWBDomain::Running Make include in ps7_cortexa9_0/libsrc/devcfg_v3_7/src

TRACE::2026-09-23.20:18:26::SCWBDomain::make -C ps7_cortexa9_0/libsrc/devcfg_v3_7/src -s include  "SHELL=/bin/sh" "COMPILER=arm-none-eabi-gcc" "ASSEMBLER=arm-none-eabi
TRACE::2026-09-23.20:18:26::SCWBDomain::-as" "ARCHIVER=arm-none-eabi-ar" "COMPILER_FLAGS=  -O2 -c" "EXTRA_COMPILER_FLAGS=-mcpu=cortex-a9 -mfpu=vfpv3 -mfloat-abi=hard -
TRACE::2026-09-23.20:18:26::SCWBDomain::nostartfiles -g -Wall -Wextra -fno-tree-loop-distribute-patterns"

TRACE::2026-09-23.20:18:26::SCWBDomain::Running Make include in ps7_cortexa9_0/libsrc/standalone_v7_5/src

TRACE::2026-09-23.20:18:26::SCWBDomain::make -C ps7_cortexa9_0/libsrc/standalone_v7_5/src -s include  "SHELL=/bin/sh" "COMPILER=arm-none-eabi-gcc" "ASSEMBLER=arm-none-
TRACE::2026-09-23.20:18:26::SCWBDomain::eabi-as" "ARCHIVER=arm-none-eabi-ar" "COMPILER_FLAGS=  -O2 -c" "EXTRA_COMPILER_FLAGS=-mcpu=cortex-a9 -mfpu=vfpv3 -mfloat-abi=ha
TRACE::2026-09-23.20:18:26::SCWBDomain::rd -nostartfiles -g -Wall -Wextra -fno-tree-loop-distribute-patterns"

TRACE::2026-09-23.20:18:26::SCWBDomain::Running Make include in ps7_cortexa9_0/libsrc/xilrsa_v1_6/src

TRACE::2026-09-23.20:18:26::SCWBDomain::make -C ps7_cortexa9_0/libsrc/xilrsa_v1_6/src -s include  "SHELL=/bin/sh" "COMPILER=arm-none-eabi-gcc" "ASSEMBLER=arm-none-eabi
TRACE::2026-09-23.20:18:26::SCWBDomain::-as" "ARCHIVER=arm-none-eabi-ar" "COMPILER_FLAGS=  -O2 -c" "EXTRA_COMPILER_FLAGS=-mcpu=cortex-a9 -mfpu=vfpv3 -mfloat-abi=hard -
TRACE::2026-09-23.20:18:26::SCWBDomain::nostartfiles -g -Wall -Wextra -fno-tree-loop-distribute-patterns"

TRACE::2026-09-23.20:18:26::SCWBDomain::Running Make include in ps7_cortexa9_0/libsrc/uartps_v3_11/src

TRACE::2026-09-23.20:18:26::SCWBDomain::make -C ps7_cortexa9_0/libsrc/uartps_v3_11/src -s include  "SHELL=/bin/sh" "COMPILER=arm-none-eabi-gcc" "ASSEMBLER=arm-none-eab
TRACE::2026-09-23.20:18:26::SCWBDomain::i-as" "ARCHIVER=arm-none-eabi-ar" "COMPILER_FLAGS=  -O2 -c" "EXTRA_COMPILER_FLAGS=-mcpu=cortex-a9 -mfpu=vfpv3 -mfloat-abi=hard 
TRACE::2026-09-23.20:18:26::SCWBDomain::-nostartfiles -g -Wall -Wextra -fno-tree-loop-distribute-patterns"

TRACE::2026-09-23.20:18:26::SCWBDomain::Running Make include in ps7_cortexa9_0/libsrc/scutimer_v2_3/src

TRACE::2026-09-23.20:18:26::SCWBDomain::make -C ps7_cortexa9_0/libsrc/scutimer_v2_3/src -s include  "SHELL=/bin/sh" "COMPILER=arm-none-eabi-gcc" "ASSEMBLER=arm-none-ea
TRACE::2026-09-23.20:18:26::SCWBDomain::bi-as" "ARCHIVER=arm-none-eabi-ar" "COMPILER_FLAGS=  -O2 -c" "EXTRA_COMPILER_FLAGS=-mcpu=cortex-a9 -mfpu=vfpv3 -mfloat-abi=hard
TRACE::2026-09-23.20:18:26::SCWBDomain:: -nostartfiles -g -Wall -Wextra -fno-tree-loop-distribute-patterns"

TRACE::2026-09-23.20:18:26::SCWBDomain::Running Make include in ps7_cortexa9_0/libsrc/sdps_v3_12/src

TRACE::2026-09-23.20:18:26::SCWBDomain::make -C ps7_cortexa9_0/libsrc/sdps_v3_12/src -s include  "SHELL=/bin/sh" "COMPILER=arm-none-eabi-gcc" "ASSEMBLER=arm-none-eabi-
TRACE::2026-09-23.20:18:26::SCWBDomain::as" "ARCHIVER=arm-none-eabi-ar" "COMPILER_FLAGS=  -O2 -c" "EXTRA_COMPILER_FLAGS=-mcpu=cortex-a9 -mfpu=vfpv3 -mfloat-abi=hard -n
TRACE::2026-09-23.20:18:26::SCWBDomain::ostartfiles -g -Wall -Wextra -fno-tree-loop-distribute-patterns"

TRACE::2026-09-23.20:18:26::SCWBDomain::Running Make include in ps7_cortexa9_0/libsrc/emacps_v3_14/src

TRACE::2026-09-23.20:18:26::SCWBDomain::make -C ps7_cortexa9_0/libsrc/emacps_v3_14/src -s include  "SHELL=/bin/sh" "COMPILER=arm-none-eabi-gcc" "ASSEMBLER=arm-none-eab
TRACE::2026-09-23.20:18:26::SCWBDomain::i-as" "ARCHIVER=arm-none-eabi-ar" "COMPILER_FLAGS=  -O2 -c" "EXTRA_COMPILER_FLAGS=-mcpu=cortex-a9 -mfpu=vfpv3 -mfloat-abi=hard 
TRACE::2026-09-23.20:18:26::SCWBDomain::-nostartfiles -g -Wall -Wextra -fno-tree-loop-distribute-patterns"

TRACE::2026-09-23.20:18:26::SCWBDomain::Running Make include in ps7_cortexa9_0/libsrc/ttcps_v3_14/src

TRACE::2026-09-23.20:18:26::SCWBDomain::make -C ps7_cortexa9_0/libsrc/ttcps_v3_14/src -s include  "SHELL=/bin/sh" "COMPILER=arm-none-eabi-gcc" "ASSEMBLER=arm-none-eabi
TRACE::2026-09-23.20:18:26::SCWBDomain::-as" "ARCHIVER=arm-none-eabi-ar" "COMPILER_FLAGS=  -O2 -c" "EXTRA_COMPILER_FLAGS=-mcpu=cortex-a9 -mfpu=vfpv3 -mfloat-abi=hard -
TRACE::2026-09-23.20:18:26::SCWBDomain::nostartfiles -g -Wall -Wextra -fno-tree-loop-distribute-patterns"

TRACE::2026-09-23.20:18:26::SCWBDomain::Running Make include in ps7_cortexa9_0/libsrc/usbps_v2_7/src

TRACE::2026-09-23.20:18:26::SCWBDomain::make -C ps7_cortexa9_0/libsrc/usbps_v2_7/src -s include  "SHELL=/bin/sh" "COMPILER=arm-none-eabi-gcc" "ASSEMBLER=arm-none-eabi-
TRACE::2026-09-23.20:18:26::SCWBDomain::as" "ARCHIVER=arm-none-eabi-ar" "COMPILER_FLAGS=  -O2 -c" "EXTRA_COMPILER_FLAGS=-mcpu=cortex-a9 -mfpu=vfpv3 -mfloat-abi=hard -n
TRACE::2026-09-23.20:18:26::SCWBDomain::ostartfiles -g -Wall -Wextra -fno-tree-loop-distribute-patterns"

TRACE::2026-09-23.20:18:26::SCWBDomain::Running Make include in ps7_cortexa9_0/libsrc/coresightps_dcc_v1_8/src

TRACE::2026-09-23.20:18:26::SCWBDomain::make -C ps7_cortexa9_0/libsrc/coresightps_dcc_v1_8/src -s include  "SHELL=/bin/sh" "COMPILER=arm-none-eabi-gcc" "ASSEMBLER=arm-
TRACE::2026-09-23.20:18:26::SCWBDomain::none-eabi-as" "ARCHIVER=arm-none-eabi-ar" "COMPILER_FLAGS=  -O2 -c" "EXTRA_COMPILER_FLAGS=-mcpu=cortex-a9 -mfpu=vfpv3 -mfloat-a
TRACE::2026-09-23.20:18:26::SCWBDomain::bi=hard -nostartfiles -g -Wall -Wextra -fno-tree-loop-distribute-patterns"

TRACE::2026-09-23.20:18:26::SCWBDomain::Running Make include in ps7_cortexa9_0/libsrc/ddrps_v1_2/src

TRACE::2026-09-23.20:18:26::SCWBDomain::make -C ps7_cortexa9_0/libsrc/ddrps_v1_2/src -s include  "SHELL=/bin/sh" "COMPILER=arm-none-eabi-gcc" "ASSEMBLER=arm-none-eabi-
TRACE::2026-09-23.20:18:26::SCWBDomain::as" "ARCHIVER=arm-none-eabi-ar" "COMPILER_FLAGS=  -O2 -c" "EXTRA_COMPILER_FLAGS=-mcpu=cortex-a9 -mfpu=vfpv3 -mfloat-abi=hard -n
TRACE::2026-09-23.20:18:26::SCWBDomain::ostartfiles -g -Wall -Wextra -fno-tree-loop-distribute-patterns"

TRACE::2026-09-23.20:18:26::SCWBDomain::Running Make include in ps7_cortexa9_0/libsrc/xadcps_v2_6/src

TRACE::2026-09-23.20:18:26::SCWBDomain::make -C ps7_cortexa9_0/libsrc/xadcps_v2_6/src -s include  "SHELL=/bin/sh" "COMPILER=arm-none-eabi-gcc" "ASSEMBLER=arm-none-eabi
TRACE::2026-09-23.20:18:26::SCWBDomain::-as" "ARCHIVER=arm-none-eabi-ar" "COMPILER_FLAGS=  -O2 -c" "EXTRA_COMPILER_FLAGS=-mcpu=cortex-a9 -mfpu=vfpv3 -mfloat-abi=hard -
TRACE::2026-09-23.20:18:26::SCWBDomain::nostartfiles -g -Wall -Wextra -fno-tree-loop-distribute-patterns"

TRACE::2026-09-23.20:18:26::SCWBDomain::Running Make include in ps7_cortexa9_0/libsrc/cpu_cortexa9_v2_11/src

TRACE::2026-09-23.20:18:26::SCWBDomain::make -C ps7_cortexa9_0/libsrc/cpu_cortexa9_v2_11/src -s include  "SHELL=/bin/sh" "COMPILER=arm-none-eabi-gcc" "ASSEMBLER=arm-no
TRACE::2026-09-23.20:18:26::SCWBDomain::ne-eabi-as" "ARCHIVER=arm-none-eabi-ar" "COMPILER_FLAGS=  -O2 -c" "EXTRA_COMPILER_FLAGS=-mcpu=cortex-a9 -mfpu=vfpv3 -mfloat-abi
TRACE::2026-09-23.20:18:26::SCWBDomain::=hard -nostartfiles -g -Wall -Wextra -fno-tree-loop-distribute-patterns"

TRACE::2026-09-23.20:18:26::SCWBDomain::Running Make include in ps7_cortexa9_0/libsrc/qspips_v3_9/src

TRACE::2026-09-23.20:18:26::SCWBDomain::make -C ps7_cortexa9_0/libsrc/qspips_v3_9/src -s include  "SHELL=/bin/sh" "COMPILER=arm-none-eabi-gcc" "ASSEMBLER=arm-none-eabi
TRACE::2026-09-23.20:18:26::SCWBDomain::-as" "ARCHIVER=arm-none-eabi-ar" "COMPILER_FLAGS=  -O2 -c" "EXTRA_COMPILER_FLAGS=-mcpu=cortex-a9 -mfpu=vfpv3 -mfloat-abi=hard -
TRACE::2026-09-23.20:18:26::SCWBDomain::nostartfiles -g -Wall -Wextra -fno-tree-loop-distribute-patterns"

TRACE::2026-09-23.20:18:26::SCWBDomain::Running Make include in ps7_cortexa9_0/libsrc/dmaps_v2_8/src

TRACE::2026-09-23.20:18:26::SCWBDomain::make -C ps7_cortexa9_0/libsrc/dmaps_v2_8/src -s include  "SHELL=/bin/sh" "COMPILER=arm-none-eabi-gcc" "ASSEMBLER=arm-none-eabi-
TRACE::2026-09-23.20:18:26::SCWBDomain::as" "ARCHIVER=arm-none-eabi-ar" "COMPILER_FLAGS=  -O2 -c" "EXTRA_COMPILER_FLAGS=-mcpu=cortex-a9 -mfpu=vfpv3 -mfloat-abi=hard -n
TRACE::2026-09-23.20:18:26::SCWBDomain::ostartfiles -g -Wall -Wextra -fno-tree-loop-distribute-patterns"

TRACE::2026-09-23.20:18:26::SCWBDomain::Running Make include in ps7_cortexa9_0/libsrc/PmodKYPD_v1_0/src

TRACE::2026-09-23.20:18:26::SCWBDomain::make -C ps7_cortexa9_0/libsrc/PmodKYPD_v1_0/src -s include  "SHELL=/bin/sh" "COMPILER=arm-none-eabi-gcc" "ASSEMBLER=arm-none-ea
TRACE::2026-09-23.20:18:26::SCWBDomain::bi-as" "ARCHIVER=arm-none-eabi-ar" "COMPILER_FLAGS=  -O2 -c" "EXTRA_COMPILER_FLAGS=-mcpu=cortex-a9 -mfpu=vfpv3 -mfloat-abi=hard
TRACE::2026-09-23.20:18:26::SCWBDomain:: -nostartfiles -g -Wall -Wextra -fno-tree-loop-distribute-patterns"

TRACE::2026-09-23.20:18:26::SCWBDomain::Running Make libs in ps7_cortexa9_0/libsrc/PmodKYPD_v1_0/src

TRACE::2026-09-23.20:18:26::SCWBDomain::make -C ps7_cortexa9_0/libsrc/PmodKYPD_v1_0/src -s libs  "SHELL=/bin/sh" "COMPILER=arm-none-eabi-gcc" "ASSEMBLER=arm-none-eabi-
TRACE::2026-09-23.20:18:26::SCWBDomain::as" "ARCHIVER=arm-none-eabi-ar" "COMPILER_FLAGS=  -O2 -c" "EXTRA_COMPILER_FLAGS=-mcpu=cortex-a9 -mfpu=vfpv3 -mfloat-abi=hard -n
TRACE::2026-09-23.20:18:26::SCWBDomain::ostartfiles -g -Wall -Wextra -fno-tree-loop-distribute-patterns"

TRACE::2026-09-23.20:18:26::SCWBDomain::Compiling PmodKYPD

TRACE::2026-09-23.20:18:26::SCWBDomain::Running Make libs in ps7_cortexa9_0/libsrc/xilrsa_v1_6/src

TRACE::2026-09-23.20:18:26::SCWBDomain::make -C ps7_cortexa9_0/libsrc/xilrsa_v1_6/src -s libs  "SHELL=/bin/sh" "COMPILER=arm-none-eabi-gcc" "ASSEMBLER=arm-none-eabi-as
TRACE::2026-09-23.20:18:26::SCWBDomain::" "ARCHIVER=arm-none-eabi-ar" "COMPILER_FLAGS=  -O2 -c" "EXTRA_COMPILER_FLAGS=-mcpu=cortex-a9 -mfpu=vfpv3 -mfloat-abi=hard -nos
TRACE::2026-09-23.20:18:26::SCWBDomain::tartfiles -g -Wall -Wextra -fno-tree-loop-distribute-patterns"

TRACE::2026-09-23.20:18:26::SCWBDomain::Finished building libraries sequentially.

TRACE::2026-09-23.20:18:26::SCWBDomain::make -j 6 --no-print-directory par_libs

TRACE::2026-09-23.20:18:26::SCWBDomain::Running Make include in ps7_cortexa9_0/libsrc/scugic_v4_5/src

TRACE::2026-09-23.20:18:26::SCWBDomain::Running Make include in ps7_cortexa9_0/libsrc/gpiops_v3_9/src

TRACE::2026-09-23.20:18:26::SCWBDomain::make -C ps7_cortexa9_0/libsrc/gpiops_v3_9/src -s include  "SHELL=/bin/sh" "COMPILER=arm-none-eabi-gcc" "ASSEMBLER=arm-none-eabi
TRACE::2026-09-23.20:18:26::SCWBDomain::-as" "ARCHIVER=arm-none-eabi-ar" "COMPILER_FLAGS=  -O2 -c" "EXTRA_COMPILER_FLAGS=-mcpu=cortex-a9 -mfpu=vfpv3 -mfloat-abi=hard -
TRACE::2026-09-23.20:18:26::SCWBDomain::nostartfiles -g -Wall -Wextra -fno-tree-loop-distribute-patterns"

TRACE::2026-09-23.20:18:26::SCWBDomain::make -C ps7_cortexa9_0/libsrc/scugic_v4_5/src -s include  "SHELL=/bin/sh" "COMPILER=arm-none-eabi-gcc" "ASSEMBLER=arm-none-eabi
TRACE::2026-09-23.20:18:26::SCWBDomain::-as" "ARCHIVER=arm-none-eabi-ar" "COMPILER_FLAGS=  -O2 -c" "EXTRA_COMPILER_FLAGS=-mcpu=cortex-a9 -mfpu=vfpv3 -mfloat-abi=hard -
TRACE::2026-09-23.20:18:26::SCWBDomain::nostartfiles -g -Wall -Wextra -fno-tree-loop-distribute-patterns"

TRACE::2026-09-23.20:18:26::SCWBDomain::Running Make include in ps7_cortexa9_0/libsrc/xilffs_v4_5/src

TRACE::2026-09-23.20:18:26::SCWBDomain::Running Make include in ps7_cortexa9_0/libsrc/scuwdt_v2_4/src

TRACE::2026-09-23.20:18:26::SCWBDomain::make -C ps7_cortexa9_0/libsrc/xilffs_v4_5/src -s include  "SHELL=/bin/sh" "COMPILER=arm-none-eabi-gcc" "ASSEMBLER=arm-none-eabi
TRACE::2026-09-23.20:18:26::SCWBDomain::-as" "ARCHIVER=arm-none-eabi-ar" "COMPILER_FLAGS=  -O2 -c" "EXTRA_COMPILER_FLAGS=-mcpu=cortex-a9 -mfpu=vfpv3 -mfloat-abi=hard -
TRACE::2026-09-23.20:18:26::SCWBDomain::nostartfiles -g -Wall -Wextra -fno-tree-loop-distribute-patterns"

TRACE::2026-09-23.20:18:26::SCWBDomain::Running Make include in ps7_cortexa9_0/libsrc/devcfg_v3_7/src

TRACE::2026-09-23.20:18:26::SCWBDomain::make -C ps7_cortexa9_0/libsrc/scuwdt_v2_4/src -s include  "SHELL=/bin/sh" "COMPILER=arm-none-eabi-gcc" "ASSEMBLER=arm-none-eabi
TRACE::2026-09-23.20:18:26::SCWBDomain::-as" "ARCHIVER=arm-none-eabi-ar" "COMPILER_FLAGS=  -O2 -c" "EXTRA_COMPILER_FLAGS=-mcpu=cortex-a9 -mfpu=vfpv3 -mfloat-abi=hard -
TRACE::2026-09-23.20:18:26::SCWBDomain::nostartfiles -g -Wall -Wextra -fno-tree-loop-distribute-patterns"

TRACE::2026-09-23.20:18:26::SCWBDomain::Running Make include in ps7_cortexa9_0/libsrc/standalone_v7_5/src

TRACE::2026-09-23.20:18:26::SCWBDomain::make -C ps7_cortexa9_0/libsrc/devcfg_v3_7/src -s include  "SHELL=/bin/sh" "COMPILER=arm-none-eabi-gcc" "ASSEMBLER=arm-none-eabi
TRACE::2026-09-23.20:18:26::SCWBDomain::-as" "ARCHIVER=arm-none-eabi-ar" "COMPILER_FLAGS=  -O2 -c" "EXTRA_COMPILER_FLAGS=-mcpu=cortex-a9 -mfpu=vfpv3 -mfloat-abi=hard -
TRACE::2026-09-23.20:18:26::SCWBDomain::nostartfiles -g -Wall -Wextra -fno-tree-loop-distribute-patterns"

TRACE::2026-09-23.20:18:26::SCWBDomain::make -C ps7_cortexa9_0/libsrc/standalone_v7_5/src -s include  "SHELL=/bin/sh" "COMPILER=arm-none-eabi-gcc" "ASSEMBLER=arm-none-
TRACE::2026-09-23.20:18:26::SCWBDomain::eabi-as" "ARCHIVER=arm-none-eabi-ar" "COMPILER_FLAGS=  -O2 -c" "EXTRA_COMPILER_FLAGS=-mcpu=cortex-a9 -mfpu=vfpv3 -mfloat-abi=ha
TRACE::2026-09-23.20:18:26::SCWBDomain::rd -nostartfiles -g -Wall -Wextra -fno-tree-loop-distribute-patterns"

TRACE::2026-09-23.20:18:26::SCWBDomain::Running Make include in ps7_cortexa9_0/libsrc/xilrsa_v1_6/src

TRACE::2026-09-23.20:18:26::SCWBDomain::Running Make include in ps7_cortexa9_0/libsrc/uartps_v3_11/src

TRACE::2026-09-23.20:18:26::SCWBDomain::make -C ps7_cortexa9_0/libsrc/xilrsa_v1_6/src -s include  "SHELL=/bin/sh" "COMPILER=arm-none-eabi-gcc" "ASSEMBLER=arm-none-eabi
TRACE::2026-09-23.20:18:26::SCWBDomain::-as" "ARCHIVER=arm-none-eabi-ar" "COMPILER_FLAGS=  -O2 -c" "EXTRA_COMPILER_FLAGS=-mcpu=cortex-a9 -mfpu=vfpv3 -mfloat-abi=hard -
TRACE::2026-09-23.20:18:26::SCWBDomain::nostartfiles -g -Wall -Wextra -fno-tree-loop-distribute-patterns"

TRACE::2026-09-23.20:18:26::SCWBDomain::Running Make include in ps7_cortexa9_0/libsrc/sdps_v3_12/src

TRACE::2026-09-23.20:18:26::SCWBDomain::Running Make include in ps7_cortexa9_0/libsrc/scutimer_v2_3/src

TRACE::2026-09-23.20:18:26::SCWBDomain::make -C ps7_cortexa9_0/libsrc/uartps_v3_11/src -s include  "SHELL=/bin/sh" "COMPILER=arm-none-eabi-gcc" "ASSEMBLER=arm-none-eab
TRACE::2026-09-23.20:18:26::SCWBDomain::i-as" "ARCHIVER=arm-none-eabi-ar" "COMPILER_FLAGS=  -O2 -c" "EXTRA_COMPILER_FLAGS=-mcpu=cortex-a9 -mfpu=vfpv3 -mfloat-abi=hard 
TRACE::2026-09-23.20:18:26::SCWBDomain::-nostartfiles -g -Wall -Wextra -fno-tree-loop-distribute-patterns"

TRACE::2026-09-23.20:18:26::SCWBDomain::make -C ps7_cortexa9_0/libsrc/scutimer_v2_3/src -s include  "SHELL=/bin/sh" "COMPILER=arm-none-eabi-gcc" "ASSEMBLER=arm-none-ea
TRACE::2026-09-23.20:18:26::SCWBDomain::bi-as" "ARCHIVER=arm-none-eabi-ar" "COMPILER_FLAGS=  -O2 -c" "EXTRA_COMPILER_FLAGS=-mcpu=cortex-a9 -mfpu=vfpv3 -mfloat-abi=hard
TRACE::2026-09-23.20:18:26::SCWBDomain:: -nostartfiles -g -Wall -Wextra -fno-tree-loop-distribute-patterns"

TRACE::2026-09-23.20:18:26::SCWBDomain::Running Make include in ps7_cortexa9_0/libsrc/emacps_v3_14/src

TRACE::2026-09-23.20:18:26::SCWBDomain::make -C ps7_cortexa9_0/libsrc/sdps_v3_12/src -s include  "SHELL=/bin/sh" "COMPILER=arm-none-eabi-gcc" "ASSEMBLER=arm-none-eabi-
TRACE::2026-09-23.20:18:26::SCWBDomain::as" "ARCHIVER=arm-none-eabi-ar" "COMPILER_FLAGS=  -O2 -c" "EXTRA_COMPILER_FLAGS=-mcpu=cortex-a9 -mfpu=vfpv3 -mfloat-abi=hard -n
TRACE::2026-09-23.20:18:26::SCWBDomain::ostartfiles -g -Wall -Wextra -fno-tree-loop-distribute-patterns"

TRACE::2026-09-23.20:18:26::SCWBDomain::make -C ps7_cortexa9_0/libsrc/emacps_v3_14/src -s include  "SHELL=/bin/sh" "COMPILER=arm-none-eabi-gcc" "ASSEMBLER=arm-none-eab
TRACE::2026-09-23.20:18:26::SCWBDomain::i-as" "ARCHIVER=arm-none-eabi-ar" "COMPILER_FLAGS=  -O2 -c" "EXTRA_COMPILER_FLAGS=-mcpu=cortex-a9 -mfpu=vfpv3 -mfloat-abi=hard 
TRACE::2026-09-23.20:18:26::SCWBDomain::-nostartfiles -g -Wall -Wextra -fno-tree-loop-distribute-patterns"

TRACE::2026-09-23.20:18:26::SCWBDomain::Running Make include in ps7_cortexa9_0/libsrc/ttcps_v3_14/src

TRACE::2026-09-23.20:18:26::SCWBDomain::make -C ps7_cortexa9_0/libsrc/ttcps_v3_14/src -s include  "SHELL=/bin/sh" "COMPILER=arm-none-eabi-gcc" "ASSEMBLER=arm-none-eabi
TRACE::2026-09-23.20:18:26::SCWBDomain::-as" "ARCHIVER=arm-none-eabi-ar" "COMPILER_FLAGS=  -O2 -c" "EXTRA_COMPILER_FLAGS=-mcpu=cortex-a9 -mfpu=vfpv3 -mfloat-abi=hard -
TRACE::2026-09-23.20:18:26::SCWBDomain::nostartfiles -g -Wall -Wextra -fno-tree-loop-distribute-patterns"

TRACE::2026-09-23.20:18:26::SCWBDomain::Running Make include in ps7_cortexa9_0/libsrc/usbps_v2_7/src

TRACE::2026-09-23.20:18:26::SCWBDomain::make -C ps7_cortexa9_0/libsrc/usbps_v2_7/src -s include  "SHELL=/bin/sh" "COMPILER=arm-none-eabi-gcc" "ASSEMBLER=arm-none-eabi-
TRACE::2026-09-23.20:18:26::SCWBDomain::as" "ARCHIVER=arm-none-eabi-ar" "COMPILER_FLAGS=  -O2 -c" "EXTRA_COMPILER_FLAGS=-mcpu=cortex-a9 -mfpu=vfpv3 -mfloat-abi=hard -n
TRACE::2026-09-23.20:18:26::SCWBDomain::ostartfiles -g -Wall -Wextra -fno-tree-loop-distribute-patterns"

TRACE::2026-09-23.20:18:26::SCWBDomain::Running Make include in ps7_cortexa9_0/libsrc/coresightps_dcc_v1_8/src

TRACE::2026-09-23.20:18:26::SCWBDomain::Running Make include in ps7_cortexa9_0/libsrc/ddrps_v1_2/src

TRACE::2026-09-23.20:18:26::SCWBDomain::Running Make include in ps7_cortexa9_0/libsrc/xadcps_v2_6/src

TRACE::2026-09-23.20:18:26::SCWBDomain::make -C ps7_cortexa9_0/libsrc/coresightps_dcc_v1_8/src -s include  "SHELL=/bin/sh" "COMPILER=arm-none-eabi-gcc" "ASSEMBLER=arm-
TRACE::2026-09-23.20:18:26::SCWBDomain::none-eabi-as" "ARCHIVER=arm-none-eabi-ar" "COMPILER_FLAGS=  -O2 -c" "EXTRA_COMPILER_FLAGS=-mcpu=cortex-a9 -mfpu=vfpv3 -mfloat-a
TRACE::2026-09-23.20:18:26::SCWBDomain::bi=hard -nostartfiles -g -Wall -Wextra -fno-tree-loop-distribute-patterns"

TRACE::2026-09-23.20:18:26::SCWBDomain::make -C ps7_cortexa9_0/libsrc/ddrps_v1_2/src -s include  "SHELL=/bin/sh" "COMPILER=arm-none-eabi-gcc" "ASSEMBLER=arm-none-eabi-
TRACE::2026-09-23.20:18:26::SCWBDomain::as" "ARCHIVER=arm-none-eabi-ar" "COMPILER_FLAGS=  -O2 -c" "EXTRA_COMPILER_FLAGS=-mcpu=cortex-a9 -mfpu=vfpv3 -mfloat-abi=hard -n
TRACE::2026-09-23.20:18:26::SCWBDomain::ostartfiles -g -Wall -Wextra -fno-tree-loop-distribute-patterns"

TRACE::2026-09-23.20:18:26::SCWBDomain::make -C ps7_cortexa9_0/libsrc/xadcps_v2_6/src -s include  "SHELL=/bin/sh" "COMPILER=arm-none-eabi-gcc" "ASSEMBLER=arm-none-eabi
TRACE::2026-09-23.20:18:26::SCWBDomain::-as" "ARCHIVER=arm-none-eabi-ar" "COMPILER_FLAGS=  -O2 -c" "EXTRA_COMPILER_FLAGS=-mcpu=cortex-a9 -mfpu=vfpv3 -mfloat-abi=hard -
TRACE::2026-09-23.20:18:26::SCWBDomain::nostartfiles -g -Wall -Wextra -fno-tree-loop-distribute-patterns"

TRACE::2026-09-23.20:18:26::SCWBDomain::Running Make include in ps7_cortexa9_0/libsrc/cpu_cortexa9_v2_11/src

TRACE::2026-09-23.20:18:26::SCWBDomain::Running Make include in ps7_cortexa9_0/libsrc/qspips_v3_9/src

TRACE::2026-09-23.20:18:26::SCWBDomain::make -C ps7_cortexa9_0/libsrc/cpu_cortexa9_v2_11/src -s include  "SHELL=/bin/sh" "COMPILER=arm-none-eabi-gcc" "ASSEMBLER=arm-no
TRACE::2026-09-23.20:18:26::SCWBDomain::ne-eabi-as" "ARCHIVER=arm-none-eabi-ar" "COMPILER_FLAGS=  -O2 -c" "EXTRA_COMPILER_FLAGS=-mcpu=cortex-a9 -mfpu=vfpv3 -mfloat-abi
TRACE::2026-09-23.20:18:26::SCWBDomain::=hard -nostartfiles -g -Wall -Wextra -fno-tree-loop-distribute-patterns"

TRACE::2026-09-23.20:18:26::SCWBDomain::Running Make include in ps7_cortexa9_0/libsrc/dmaps_v2_8/src

TRACE::2026-09-23.20:18:26::SCWBDomain::make -C ps7_cortexa9_0/libsrc/qspips_v3_9/src -s include  "SHELL=/bin/sh" "COMPILER=arm-none-eabi-gcc" "ASSEMBLER=arm-none-eabi
TRACE::2026-09-23.20:18:26::SCWBDomain::-as" "ARCHIVER=arm-none-eabi-ar" "COMPILER_FLAGS=  -O2 -c" "EXTRA_COMPILER_FLAGS=-mcpu=cortex-a9 -mfpu=vfpv3 -mfloat-abi=hard -
TRACE::2026-09-23.20:18:26::SCWBDomain::nostartfiles -g -Wall -Wextra -fno-tree-loop-distribute-patterns"

TRACE::2026-09-23.20:18:26::SCWBDomain::make -C ps7_cortexa9_0/libsrc/dmaps_v2_8/src -s include  "SHELL=/bin/sh" "COMPILER=arm-none-eabi-gcc" "ASSEMBLER=arm-none-eabi-
TRACE::2026-09-23.20:18:26::SCWBDomain::as" "ARCHIVER=arm-none-eabi-ar" "COMPILER_FLAGS=  -O2 -c" "EXTRA_COMPILER_FLAGS=-mcpu=cortex-a9 -mfpu=vfpv3 -mfloat-abi=hard -n
TRACE::2026-09-23.20:18:26::SCWBDomain::ostartfiles -g -Wall -Wextra -fno-tree-loop-distribute-patterns"

TRACE::2026-09-23.20:18:26::SCWBDomain::Running Make include in ps7_cortexa9_0/libsrc/PmodKYPD_v1_0/src

TRACE::2026-09-23.20:18:26::SCWBDomain::make -C ps7_cortexa9_0/libsrc/PmodKYPD_v1_0/src -s include  "SHELL=/bin/sh" "COMPILER=arm-none-eabi-gcc" "ASSEMBLER=arm-none-ea
TRACE::2026-09-23.20:18:26::SCWBDomain::bi-as" "ARCHIVER=arm-none-eabi-ar" "COMPILER_FLAGS=  -O2 -c" "EXTRA_COMPILER_FLAGS=-mcpu=cortex-a9 -mfpu=vfpv3 -mfloat-abi=hard
TRACE::2026-09-23.20:18:26::SCWBDomain:: -nostartfiles -g -Wall -Wextra -fno-tree-loop-distribute-patterns"

TRACE::2026-09-23.20:18:26::SCWBDomain::Running Make libs in ps7_cortexa9_0/libsrc/scugic_v4_5/src

TRACE::2026-09-23.20:18:26::SCWBDomain::Running Make libs in ps7_cortexa9_0/libsrc/gpiops_v3_9/src

TRACE::2026-09-23.20:18:26::SCWBDomain::make -C ps7_cortexa9_0/libsrc/gpiops_v3_9/src -s libs  "SHELL=/bin/sh" "COMPILER=arm-none-eabi-gcc" "ASSEMBLER=arm-none-eabi-as
TRACE::2026-09-23.20:18:26::SCWBDomain::" "ARCHIVER=arm-none-eabi-ar" "COMPILER_FLAGS=  -O2 -c" "EXTRA_COMPILER_FLAGS=-mcpu=cortex-a9 -mfpu=vfpv3 -mfloat-abi=hard -nos
TRACE::2026-09-23.20:18:26::SCWBDomain::tartfiles -g -Wall -Wextra -fno-tree-loop-distribute-patterns"

TRACE::2026-09-23.20:18:26::SCWBDomain::Running Make libs in ps7_cortexa9_0/libsrc/xilffs_v4_5/src

TRACE::2026-09-23.20:18:26::SCWBDomain::make -C ps7_cortexa9_0/libsrc/scugic_v4_5/src -s libs  "SHELL=/bin/sh" "COMPILER=arm-none-eabi-gcc" "ASSEMBLER=arm-none-eabi-as
TRACE::2026-09-23.20:18:26::SCWBDomain::" "ARCHIVER=arm-none-eabi-ar" "COMPILER_FLAGS=  -O2 -c" "EXTRA_COMPILER_FLAGS=-mcpu=cortex-a9 -mfpu=vfpv3 -mfloat-abi=hard -nos
TRACE::2026-09-23.20:18:26::SCWBDomain::tartfiles -g -Wall -Wextra -fno-tree-loop-distribute-patterns"

TRACE::2026-09-23.20:18:26::SCWBDomain::Running Make libs in ps7_cortexa9_0/libsrc/devcfg_v3_7/src

TRACE::2026-09-23.20:18:26::SCWBDomain::Running Make libs in ps7_cortexa9_0/libsrc/scuwdt_v2_4/src

TRACE::2026-09-23.20:18:26::SCWBDomain::make -C ps7_cortexa9_0/libsrc/xilffs_v4_5/src -s libs  "SHELL=/bin/sh" "COMPILER=arm-none-eabi-gcc" "ASSEMBLER=arm-none-eabi-as
TRACE::2026-09-23.20:18:26::SCWBDomain::" "ARCHIVER=arm-none-eabi-ar" "COMPILER_FLAGS=  -O2 -c" "EXTRA_COMPILER_FLAGS=-mcpu=cortex-a9 -mfpu=vfpv3 -mfloat-abi=hard -nos
TRACE::2026-09-23.20:18:26::SCWBDomain::tartfiles -g -Wall -Wextra -fno-tree-loop-distribute-patterns"

TRACE::2026-09-23.20:18:26::SCWBDomain::make -C ps7_cortexa9_0/libsrc/devcfg_v3_7/src -s libs  "SHELL=/bin/sh" "COMPILER=arm-none-eabi-gcc" "ASSEMBLER=arm-none-eabi-as
TRACE::2026-09-23.20:18:26::SCWBDomain::" "ARCHIVER=arm-none-eabi-ar" "COMPILER_FLAGS=  -O2 -c" "EXTRA_COMPILER_FLAGS=-mcpu=cortex-a9 -mfpu=vfpv3 -mfloat-abi=hard -nos
TRACE::2026-09-23.20:18:26::SCWBDomain::tartfiles -g -Wall -Wextra -fno-tree-loop-distribute-patterns"

TRACE::2026-09-23.20:18:26::SCWBDomain::make -C ps7_cortexa9_0/libsrc/scuwdt_v2_4/src -s libs  "SHELL=/bin/sh" "COMPILER=arm-none-eabi-gcc" "ASSEMBLER=arm-none-eabi-as
TRACE::2026-09-23.20:18:26::SCWBDomain::" "ARCHIVER=arm-none-eabi-ar" "COMPILER_FLAGS=  -O2 -c" "EXTRA_COMPILER_FLAGS=-mcpu=cortex-a9 -mfpu=vfpv3 -mfloat-abi=hard -nos
TRACE::2026-09-23.20:18:26::SCWBDomain::tartfiles -g -Wall -Wextra -fno-tree-loop-distribute-patterns"

TRACE::2026-09-23.20:18:26::SCWBDomain::Running Make libs in ps7_cortexa9_0/libsrc/standalone_v7_5/src

TRACE::2026-09-23.20:18:26::SCWBDomain::make -C ps7_cortexa9_0/libsrc/standalone_v7_5/src -s libs  "SHELL=/bin/sh" "COMPILER=arm-none-eabi-gcc" "ASSEMBLER=arm-none-eab
TRACE::2026-09-23.20:18:26::SCWBDomain::i-as" "ARCHIVER=arm-none-eabi-ar" "COMPILER_FLAGS=  -O2 -c" "EXTRA_COMPILER_FLAGS=-mcpu=cortex-a9 -mfpu=vfpv3 -mfloat-abi=hard 
TRACE::2026-09-23.20:18:26::SCWBDomain::-nostartfiles -g -Wall -Wextra -fno-tree-loop-distribute-patterns"

TRACE::2026-09-23.20:18:27::SCWBDomain::Running Make libs in ps7_cortexa9_0/libsrc/uartps_v3_11/src

TRACE::2026-09-23.20:18:27::SCWBDomain::make -C ps7_cortexa9_0/libsrc/uartps_v3_11/src -s libs  "SHELL=/bin/sh" "COMPILER=arm-none-eabi-gcc" "ASSEMBLER=arm-none-eabi-a
TRACE::2026-09-23.20:18:27::SCWBDomain::s" "ARCHIVER=arm-none-eabi-ar" "COMPILER_FLAGS=  -O2 -c" "EXTRA_COMPILER_FLAGS=-mcpu=cortex-a9 -mfpu=vfpv3 -mfloat-abi=hard -no
TRACE::2026-09-23.20:18:27::SCWBDomain::startfiles -g -Wall -Wextra -fno-tree-loop-distribute-patterns"

TRACE::2026-09-23.20:18:27::SCWBDomain::Running Make libs in ps7_cortexa9_0/libsrc/scutimer_v2_3/src

TRACE::2026-09-23.20:18:27::SCWBDomain::make -C ps7_cortexa9_0/libsrc/scutimer_v2_3/src -s libs  "SHELL=/bin/sh" "COMPILER=arm-none-eabi-gcc" "ASSEMBLER=arm-none-eabi-
TRACE::2026-09-23.20:18:27::SCWBDomain::as" "ARCHIVER=arm-none-eabi-ar" "COMPILER_FLAGS=  -O2 -c" "EXTRA_COMPILER_FLAGS=-mcpu=cortex-a9 -mfpu=vfpv3 -mfloat-abi=hard -n
TRACE::2026-09-23.20:18:27::SCWBDomain::ostartfiles -g -Wall -Wextra -fno-tree-loop-distribute-patterns"

TRACE::2026-09-23.20:18:27::SCWBDomain::Running Make libs in ps7_cortexa9_0/libsrc/sdps_v3_12/src

TRACE::2026-09-23.20:18:27::SCWBDomain::make -C ps7_cortexa9_0/libsrc/sdps_v3_12/src -s libs  "SHELL=/bin/sh" "COMPILER=arm-none-eabi-gcc" "ASSEMBLER=arm-none-eabi-as"
TRACE::2026-09-23.20:18:27::SCWBDomain:: "ARCHIVER=arm-none-eabi-ar" "COMPILER_FLAGS=  -O2 -c" "EXTRA_COMPILER_FLAGS=-mcpu=cortex-a9 -mfpu=vfpv3 -mfloat-abi=hard -nost
TRACE::2026-09-23.20:18:27::SCWBDomain::artfiles -g -Wall -Wextra -fno-tree-loop-distribute-patterns"

TRACE::2026-09-23.20:18:27::SCWBDomain::Running Make libs in ps7_cortexa9_0/libsrc/emacps_v3_14/src

TRACE::2026-09-23.20:18:27::SCWBDomain::make -C ps7_cortexa9_0/libsrc/emacps_v3_14/src -s libs  "SHELL=/bin/sh" "COMPILER=arm-none-eabi-gcc" "ASSEMBLER=arm-none-eabi-a
TRACE::2026-09-23.20:18:27::SCWBDomain::s" "ARCHIVER=arm-none-eabi-ar" "COMPILER_FLAGS=  -O2 -c" "EXTRA_COMPILER_FLAGS=-mcpu=cortex-a9 -mfpu=vfpv3 -mfloat-abi=hard -no
TRACE::2026-09-23.20:18:27::SCWBDomain::startfiles -g -Wall -Wextra -fno-tree-loop-distribute-patterns"

TRACE::2026-09-23.20:18:27::SCWBDomain::Running Make libs in ps7_cortexa9_0/libsrc/ttcps_v3_14/src

TRACE::2026-09-23.20:18:27::SCWBDomain::make -C ps7_cortexa9_0/libsrc/ttcps_v3_14/src -s libs  "SHELL=/bin/sh" "COMPILER=arm-none-eabi-gcc" "ASSEMBLER=arm-none-eabi-as
TRACE::2026-09-23.20:18:27::SCWBDomain::" "ARCHIVER=arm-none-eabi-ar" "COMPILER_FLAGS=  -O2 -c" "EXTRA_COMPILER_FLAGS=-mcpu=cortex-a9 -mfpu=vfpv3 -mfloat-abi=hard -nos
TRACE::2026-09-23.20:18:27::SCWBDomain::tartfiles -g -Wall -Wextra -fno-tree-loop-distribute-patterns"

TRACE::2026-09-23.20:18:28::SCWBDomain::Running Make libs in ps7_cortexa9_0/libsrc/usbps_v2_7/src

TRACE::2026-09-23.20:18:28::SCWBDomain::make -C ps7_cortexa9_0/libsrc/usbps_v2_7/src -s libs  "SHELL=/bin/sh" "COMPILER=arm-none-eabi-gcc" "ASSEMBLER=arm-none-eabi-as"
TRACE::2026-09-23.20:18:28::SCWBDomain:: "ARCHIVER=arm-none-eabi-ar" "COMPILER_FLAGS=  -O2 -c" "EXTRA_COMPILER_FLAGS=-mcpu=cortex-a9 -mfpu=vfpv3 -mfloat-abi=hard -nost
TRACE::2026-09-23.20:18:28::SCWBDomain::artfiles -g -Wall -Wextra -fno-tree-loop-distribute-patterns"

TRACE::2026-09-23.20:18:28::SCWBDomain::Running Make libs in ps7_cortexa9_0/libsrc/coresightps_dcc_v1_8/src

TRACE::2026-09-23.20:18:28::SCWBDomain::make -C ps7_cortexa9_0/libsrc/coresightps_dcc_v1_8/src -s libs  "SHELL=/bin/sh" "COMPILER=arm-none-eabi-gcc" "ASSEMBLER=arm-non
TRACE::2026-09-23.20:18:28::SCWBDomain::e-eabi-as" "ARCHIVER=arm-none-eabi-ar" "COMPILER_FLAGS=  -O2 -c" "EXTRA_COMPILER_FLAGS=-mcpu=cortex-a9 -mfpu=vfpv3 -mfloat-abi=
TRACE::2026-09-23.20:18:28::SCWBDomain::hard -nostartfiles -g -Wall -Wextra -fno-tree-loop-distribute-patterns"

TRACE::2026-09-23.20:18:28::SCWBDomain::Running Make libs in ps7_cortexa9_0/libsrc/ddrps_v1_2/src

TRACE::2026-09-23.20:18:28::SCWBDomain::make -C ps7_cortexa9_0/libsrc/ddrps_v1_2/src -s libs  "SHELL=/bin/sh" "COMPILER=arm-none-eabi-gcc" "ASSEMBLER=arm-none-eabi-as"
TRACE::2026-09-23.20:18:28::SCWBDomain:: "ARCHIVER=arm-none-eabi-ar" "COMPILER_FLAGS=  -O2 -c" "EXTRA_COMPILER_FLAGS=-mcpu=cortex-a9 -mfpu=vfpv3 -mfloat-abi=hard -nost
TRACE::2026-09-23.20:18:28::SCWBDomain::artfiles -g -Wall -Wextra -fno-tree-loop-distribute-patterns"

TRACE::2026-09-23.20:18:28::SCWBDomain::Running Make libs in ps7_cortexa9_0/libsrc/xadcps_v2_6/src

TRACE::2026-09-23.20:18:28::SCWBDomain::make -C ps7_cortexa9_0/libsrc/xadcps_v2_6/src -s libs  "SHELL=/bin/sh" "COMPILER=arm-none-eabi-gcc" "ASSEMBLER=arm-none-eabi-as
TRACE::2026-09-23.20:18:28::SCWBDomain::" "ARCHIVER=arm-none-eabi-ar" "COMPILER_FLAGS=  -O2 -c" "EXTRA_COMPILER_FLAGS=-mcpu=cortex-a9 -mfpu=vfpv3 -mfloat-abi=hard -nos
TRACE::2026-09-23.20:18:28::SCWBDomain::tartfiles -g -Wall -Wextra -fno-tree-loop-distribute-patterns"

TRACE::2026-09-23.20:18:28::SCWBDomain::Running Make libs in ps7_cortexa9_0/libsrc/cpu_cortexa9_v2_11/src

TRACE::2026-09-23.20:18:28::SCWBDomain::make -C ps7_cortexa9_0/libsrc/cpu_cortexa9_v2_11/src -s libs  "SHELL=/bin/sh" "COMPILER=arm-none-eabi-gcc" "ASSEMBLER=arm-none-
TRACE::2026-09-23.20:18:28::SCWBDomain::eabi-as" "ARCHIVER=arm-none-eabi-ar" "COMPILER_FLAGS=  -O2 -c" "EXTRA_COMPILER_FLAGS=-mcpu=cortex-a9 -mfpu=vfpv3 -mfloat-abi=ha
TRACE::2026-09-23.20:18:28::SCWBDomain::rd -nostartfiles -g -Wall -Wextra -fno-tree-loop-distribute-patterns"

TRACE::2026-09-23.20:18:28::SCWBDomain::Running Make libs in ps7_cortexa9_0/libsrc/qspips_v3_9/src

TRACE::2026-09-23.20:18:28::SCWBDomain::make -C ps7_cortexa9_0/libsrc/qspips_v3_9/src -s libs  "SHELL=/bin/sh" "COMPILER=arm-none-eabi-gcc" "ASSEMBLER=arm-none-eabi-as
TRACE::2026-09-23.20:18:28::SCWBDomain::" "ARCHIVER=arm-none-eabi-ar" "COMPILER_FLAGS=  -O2 -c" "EXTRA_COMPILER_FLAGS=-mcpu=cortex-a9 -mfpu=vfpv3 -mfloat-abi=hard -nos
TRACE::2026-09-23.20:18:28::SCWBDomain::tartfiles -g -Wall -Wextra -fno-tree-loop-distribute-patterns"

TRACE::2026-09-23.20:18:28::SCWBDomain::Running Make libs in ps7_cortexa9_0/libsrc/dmaps_v2_8/src

TRACE::2026-09-23.20:18:28::SCWBDomain::make -C ps7_cortexa9_0/libsrc/dmaps_v2_8/src -s libs  "SHELL=/bin/sh" "COMPILER=arm-none-eabi-gcc" "ASSEMBLER=arm-none-eabi-as"
TRACE::2026-09-23.20:18:28::SCWBDomain:: "ARCHIVER=arm-none-eabi-ar" "COMPILER_FLAGS=  -O2 -c" "EXTRA_COMPILER_FLAGS=-mcpu=cortex-a9 -mfpu=vfpv3 -mfloat-abi=hard -nost
TRACE::2026-09-23.20:18:28::SCWBDomain::artfiles -g -Wall -Wextra -fno-tree-loop-distribute-patterns"

TRACE::2026-09-23.20:18:29::SCWBDomain::Finished building libraries parallelly.

TRACE::2026-09-23.20:18:29::SCWBDomain::make --no-print-directory archive

TRACE::2026-09-23.20:18:29::SCWBDomain::arm-none-eabi-ar -r  ps7_cortexa9_0/lib/libxil.a ps7_cortexa9_0/lib/xsdps_host.o ps7_cortexa9_0/lib/xusbps_intr.o ps7_cortexa9_
TRACE::2026-09-23.20:18:29::SCWBDomain::0/lib/xil_assert.o ps7_cortexa9_0/lib/xscugic_intr.o ps7_cortexa9_0/lib/open.o ps7_cortexa9_0/lib/xemacps_control.o ps7_cortexa
TRACE::2026-09-23.20:18:29::SCWBDomain::9_0/lib/xusbps.o ps7_cortexa9_0/lib/xil_exception.o ps7_cortexa9_0/lib/xqspips_selftest.o ps7_cortexa9_0/lib/abort.o ps7_cortex
TRACE::2026-09-23.20:18:29::SCWBDomain::a9_0/lib/xsdps_sinit.o ps7_cortexa9_0/lib/xusbps_g.o ps7_cortexa9_0/lib/xsdps_g.o ps7_cortexa9_0/lib/xdmaps_selftest.o ps7_cort
TRACE::2026-09-23.20:18:29::SCWBDomain::exa9_0/lib/xqspips_g.o ps7_cortexa9_0/lib/_sbrk.o ps7_cortexa9_0/lib/xpm_counter.o ps7_cortexa9_0/lib/xttcps.o ps7_cortexa9_0/l
TRACE::2026-09-23.20:18:29::SCWBDomain::ib/xdevcfg_selftest.o ps7_cortexa9_0/lib/xscutimer.o ps7_cortexa9_0/lib/xdmaps.o ps7_cortexa9_0/lib/xdevcfg_sinit.o ps7_cortexa
TRACE::2026-09-23.20:18:29::SCWBDomain::9_0/lib/xil_testcache.o ps7_cortexa9_0/lib/getpid.o ps7_cortexa9_0/lib/xdevcfg_g.o ps7_cortexa9_0/lib/asm_vectors.o ps7_cortexa
TRACE::2026-09-23.20:18:29::SCWBDomain::9_0/lib/xl2cc_counter.o ps7_cortexa9_0/lib/xusbps_hw.o ps7_cortexa9_0/lib/xil_testmem.o ps7_cortexa9_0/lib/lseek.o ps7_cortexa9
TRACE::2026-09-23.20:18:29::SCWBDomain::_0/lib/outbyte.o ps7_cortexa9_0/lib/xuartps_selftest.o ps7_cortexa9_0/lib/xuartps_sinit.o ps7_cortexa9_0/lib/xgpiops.o ps7_cort
TRACE::2026-09-23.20:18:29::SCWBDomain::exa9_0/lib/xadcps.o ps7_cortexa9_0/lib/xuartps_g.o ps7_cortexa9_0/lib/kill.o ps7_cortexa9_0/lib/xil_printf.o ps7_cortexa9_0/lib
TRACE::2026-09-23.20:18:29::SCWBDomain::/xscuwdt.o ps7_cortexa9_0/lib/xgpiops_selftest.o ps7_cortexa9_0/lib/xusbps_sinit.o ps7_cortexa9_0/lib/xemacps_g.o ps7_cortexa9_
TRACE::2026-09-23.20:18:29::SCWBDomain::0/lib/close.o ps7_cortexa9_0/lib/xsdps.o ps7_cortexa9_0/lib/xgpiops_g.o ps7_cortexa9_0/lib/xqspips_hw.o ps7_cortexa9_0/lib/xttc
TRACE::2026-09-23.20:18:29::SCWBDomain::ps_selftest.o ps7_cortexa9_0/lib/putnum.o ps7_cortexa9_0/lib/xscutimer_selftest.o ps7_cortexa9_0/lib/xttcps_sinit.o ps7_cortexa
TRACE::2026-09-23.20:18:29::SCWBDomain::9_0/lib/inbyte.o ps7_cortexa9_0/lib/xscutimer_sinit.o ps7_cortexa9_0/lib/xdmaps_sinit.o ps7_cortexa9_0/lib/xil_misc_psreset_api
TRACE::2026-09-23.20:18:29::SCWBDomain::.o ps7_cortexa9_0/lib/xscutimer_g.o ps7_cortexa9_0/lib/xdmaps_g.o ps7_cortexa9_0/lib/xsdps_options.o ps7_cortexa9_0/lib/xil_sle
TRACE::2026-09-23.20:18:29::SCWBDomain::eptimer.o ps7_cortexa9_0/lib/xdevcfg_hw.o ps7_cortexa9_0/lib/xusbps_endpoint.o ps7_cortexa9_0/lib/_exit.o ps7_cortexa9_0/lib/ti
TRACE::2026-09-23.20:18:29::SCWBDomain::me.o ps7_cortexa9_0/lib/xplatform_info.o ps7_cortexa9_0/lib/xadcps_selftest.o ps7_cortexa9_0/lib/xadcps_sinit.o ps7_cortexa9_0/
TRACE::2026-09-23.20:18:29::SCWBDomain::lib/xqspips_sinit.o ps7_cortexa9_0/lib/xadcps_g.o ps7_cortexa9_0/lib/xscugic.o ps7_cortexa9_0/lib/xil-crt0.o ps7_cortexa9_0/lib
TRACE::2026-09-23.20:18:29::SCWBDomain::/isatty.o ps7_cortexa9_0/lib/xscuwdt_selftest.o ps7_cortexa9_0/lib/xemacps_intr.o ps7_cortexa9_0/lib/xil_clocking.o ps7_cortexa
TRACE::2026-09-23.20:18:29::SCWBDomain::9_0/lib/xgpiops_sinit.o ps7_cortexa9_0/lib/xscuwdt_g.o ps7_cortexa9_0/lib/vectors.o ps7_cortexa9_0/lib/xuartps_options.o ps7_co
TRACE::2026-09-23.20:18:29::SCWBDomain::rtexa9_0/lib/xdevcfg_intr.o ps7_cortexa9_0/lib/errno.o ps7_cortexa9_0/lib/fstat.o ps7_cortexa9_0/lib/xgpiops_hw.o ps7_cortexa9_
TRACE::2026-09-23.20:18:29::SCWBDomain::0/lib/sbrk.o ps7_cortexa9_0/lib/xdmaps_hw.o ps7_cortexa9_0/lib/xsdps_card.o ps7_cortexa9_0/lib/xuartps_intr.o ps7_cortexa9_0/li
TRACE::2026-09-23.20:18:29::SCWBDomain::b/xil_util.o ps7_cortexa9_0/lib/xscugic_selftest.o ps7_cortexa9_0/lib/xemacps_sinit.o ps7_cortexa9_0/lib/xttcps_options.o ps7_c
TRACE::2026-09-23.20:18:29::SCWBDomain::ortexa9_0/lib/xtime_l.o ps7_cortexa9_0/lib/xemacps_hw.o ps7_cortexa9_0/lib/xttcps_g.o ps7_cortexa9_0/lib/read.o ps7_cortexa9_0/
TRACE::2026-09-23.20:18:29::SCWBDomain::lib/xuartps_hw.o ps7_cortexa9_0/lib/xscugic_sinit.o ps7_cortexa9_0/lib/xgpiops_intr.o ps7_cortexa9_0/lib/xscugic_g.o ps7_cortex
TRACE::2026-09-23.20:18:29::SCWBDomain::a9_0/lib/xil_sleepcommon.o ps7_cortexa9_0/lib/usleep.o ps7_cortexa9_0/lib/xadcps_intr.o ps7_cortexa9_0/lib/xscuwdt_sinit.o ps7_
TRACE::2026-09-23.20:18:29::SCWBDomain::cortexa9_0/lib/cpu_init.o ps7_cortexa9_0/lib/xemacps_bdring.o ps7_cortexa9_0/lib/boot.o ps7_cortexa9_0/lib/xil_mmu.o ps7_cortex
TRACE::2026-09-23.20:18:29::SCWBDomain::a9_0/lib/write.o ps7_cortexa9_0/lib/translation_table.o ps7_cortexa9_0/lib/xil_spinlock.o ps7_cortexa9_0/lib/unlink.o ps7_corte
TRACE::2026-09-23.20:18:29::SCWBDomain::xa9_0/lib/print.o ps7_cortexa9_0/lib/xil_testio.o ps7_cortexa9_0/lib/xil_cache.o ps7_cortexa9_0/lib/xemacps.o ps7_cortexa9_0/li
TRACE::2026-09-23.20:18:29::SCWBDomain::b/xqspips.o ps7_cortexa9_0/lib/xdevcfg.o ps7_cortexa9_0/lib/xqspips_options.o ps7_cortexa9_0/lib/fcntl.o ps7_cortexa9_0/lib/_op
TRACE::2026-09-23.20:18:29::SCWBDomain::en.o ps7_cortexa9_0/lib/xil_mem.o ps7_cortexa9_0/lib/cpputest_time.o ps7_cortexa9_0/lib/sleep.o ps7_cortexa9_0/lib/xuartps.o ps
TRACE::2026-09-23.20:18:29::SCWBDomain::7_cortexa9_0/lib/xscugic_hw.o ps7_cortexa9_0/lib/xcoresightpsdcc.o

TRACE::2026-09-23.20:18:29::SCWBDomain::Finished building libraries

TRACE::2026-09-23.20:18:29::SCWBDomain::make: Leaving directory '/home/user/Desktop/lab_3/Vitis/zynq_keypad_system_wrapper/zynq_fsbl/zynq_fsbl_bsp'

TRACE::2026-09-23.20:18:29::SCWBDomain::arm-none-eabi-gcc -MMD -MP       -mcpu=cortex-a9 -mfpu=vfpv3 -mfloat-abi=hard   -O2 -c -c pcap.c -o pcap.o -Izynq_fsbl_bsp/ps7_
TRACE::2026-09-23.20:18:29::SCWBDomain::cortexa9_0/include -I.

TRACE::2026-09-23.20:18:29::SCWBDomain::arm-none-eabi-gcc -MMD -MP       -mcpu=cortex-a9 -mfpu=vfpv3 -mfloat-abi=hard   -O2 -c -c nand.c -o nand.o -Izynq_fsbl_bsp/ps7_
TRACE::2026-09-23.20:18:29::SCWBDomain::cortexa9_0/include -I.

TRACE::2026-09-23.20:18:29::SCWBDomain::arm-none-eabi-gcc -MMD -MP       -mcpu=cortex-a9 -mfpu=vfpv3 -mfloat-abi=hard   -O2 -c -c qspi.c -o qspi.o -Izynq_fsbl_bsp/ps7_
TRACE::2026-09-23.20:18:29::SCWBDomain::cortexa9_0/include -I.

TRACE::2026-09-23.20:18:29::SCWBDomain::arm-none-eabi-gcc -MMD -MP       -mcpu=cortex-a9 -mfpu=vfpv3 -mfloat-abi=hard   -O2 -c -c rsa.c -o rsa.o -Izynq_fsbl_bsp/ps7_co
TRACE::2026-09-23.20:18:29::SCWBDomain::rtexa9_0/include -I.

TRACE::2026-09-23.20:18:29::SCWBDomain::arm-none-eabi-gcc -MMD -MP       -mcpu=cortex-a9 -mfpu=vfpv3 -mfloat-abi=hard   -O2 -c -c main.c -o main.o -Izynq_fsbl_bsp/ps7_
TRACE::2026-09-23.20:18:29::SCWBDomain::cortexa9_0/include -I.

TRACE::2026-09-23.20:18:29::SCWBDomain::arm-none-eabi-gcc -MMD -MP       -mcpu=cortex-a9 -mfpu=vfpv3 -mfloat-abi=hard   -O2 -c -c md5.c -o md5.o -Izynq_fsbl_bsp/ps7_co
TRACE::2026-09-23.20:18:29::SCWBDomain::rtexa9_0/include -I.

TRACE::2026-09-23.20:18:29::SCWBDomain::arm-none-eabi-gcc -MMD -MP       -mcpu=cortex-a9 -mfpu=vfpv3 -mfloat-abi=hard   -O2 -c -c image_mover.c -o image_mover.o -Izynq
TRACE::2026-09-23.20:18:29::SCWBDomain::_fsbl_bsp/ps7_cortexa9_0/include -I.

TRACE::2026-09-23.20:18:29::SCWBDomain::arm-none-eabi-gcc -MMD -MP       -mcpu=cortex-a9 -mfpu=vfpv3 -mfloat-abi=hard   -O2 -c -c ps7_init.c -o ps7_init.o -Izynq_fsbl_
TRACE::2026-09-23.20:18:29::SCWBDomain::bsp/ps7_cortexa9_0/include -I.

TRACE::2026-09-23.20:18:30::SCWBDomain::arm-none-eabi-gcc -MMD -MP       -mcpu=cortex-a9 -mfpu=vfpv3 -mfloat-abi=hard   -O2 -c -c nor.c -o nor.o -Izynq_fsbl_bsp/ps7_co
TRACE::2026-09-23.20:18:30::SCWBDomain::rtexa9_0/include -I.

TRACE::2026-09-23.20:18:30::SCWBDomain::arm-none-eabi-gcc -MMD -MP       -mcpu=cortex-a9 -mfpu=vfpv3 -mfloat-abi=hard   -O2 -c -c fsbl_hooks.c -o fsbl_hooks.o -Izynq_f
TRACE::2026-09-23.20:18:30::SCWBDomain::sbl_bsp/ps7_cortexa9_0/include -I.

TRACE::2026-09-23.20:18:30::SCWBDomain::arm-none-eabi-gcc -MMD -MP       -mcpu=cortex-a9 -mfpu=vfpv3 -mfloat-abi=hard   -O2 -c -c sd.c -o sd.o -Izynq_fsbl_bsp/ps7_cort
TRACE::2026-09-23.20:18:30::SCWBDomain::exa9_0/include -I.

TRACE::2026-09-23.20:18:30::SCWBDomain::arm-none-eabi-gcc -MMD -MP       -mcpu=cortex-a9 -mfpu=vfpv3 -mfloat-abi=hard   -O2 -c -c fsbl_handoff.S -o fsbl_handoff.o -Izy
TRACE::2026-09-23.20:18:30::SCWBDomain::nq_fsbl_bsp/ps7_cortexa9_0/include -I.

TRACE::2026-09-23.20:18:30::SCWBDomain::arm-none-eabi-gcc -o fsbl.elf  pcap.o  nand.o  qspi.o  rsa.o  main.o  md5.o  image_mover.o  ps7_init.o  nor.o  fsbl_hooks.o  sd
TRACE::2026-09-23.20:18:30::SCWBDomain::.o  fsbl_handoff.o  -MMD -MP       -mcpu=cortex-a9 -mfpu=vfpv3 -mfloat-abi=hard   -mcpu=cortex-a9 -mfpu=vfpv3 -mfloat-abi=hard 
TRACE::2026-09-23.20:18:30::SCWBDomain::-Wl,-build-id=none -specs=Xilinx.spec  -lrsa -Wl,--start-group,-lxil,-lgcc,-lc,--end-group -Wl,--start-group,-lxilffs,-lxil,-lg
TRACE::2026-09-23.20:18:30::SCWBDomain::cc,-lc,--end-group -Wl,--start-group,-lrsa,-lxil,-lgcc,-lc,--end-group                                     -Wl,--gc-sections -L
TRACE::2026-09-23.20:18:30::SCWBDomain::zynq_fsbl_bsp/ps7_cortexa9_0/lib -L./ -Tlscript.ld

LOG::2026-09-23.20:18:30::SCWSystem::Checking the domain standalone_ps7_cortexa9_0
LOG::2026-09-23.20:18:30::SCWSystem::Not a boot domain 
LOG::2026-09-23.20:18:30::SCWSystem::Started Processing the domain standalone_ps7_cortexa9_0
TRACE::2026-09-23.20:18:30::SCWDomain::Generating domain artifcats
TRACE::2026-09-23.20:18:30::SCWMssOS::Generating standalone artifcats
TRACE::2026-09-23.20:18:30::SCWMssOS::Copying the qemu file from  /home/software/Xilinx/Vitis/2021.1/data/emulation/platforms/zynq/sw/a9_standalone/qemu/qemu_args.txt To /home/user/Desktop/lab_3/Vitis/zynq_keypad_system_wrapper/export/zynq_keypad_system_wrapper/sw/zynq_keypad_system_wrapper/qemu/
TRACE::2026-09-23.20:18:30::SCWMssOS::Copying the qemu file from  /home/software/Xilinx/Vitis/2021.1/data/emulation/platforms/zynq/sw/a9_standalone/qemu/qemu_args.txt To /home/user/Desktop/lab_3/Vitis/zynq_keypad_system_wrapper/export/zynq_keypad_system_wrapper/sw/zynq_keypad_system_wrapper/standalone_ps7_cortexa9_0/qemu/
TRACE::2026-09-23.20:18:30::SCWMssOS:: Copying the user libraries. 
TRACE::2026-09-23.20:18:30::SCWPlatform::Trying to open the hw design at /home/user/Desktop/lab_3/Vitis/zynq_keypad_system_wrapper/hw/zynq_keypad_system_wrapper.xsa
TRACE::2026-09-23.20:18:30::SCWPlatform::DSA given /home/user/Desktop/lab_3/Vitis/zynq_keypad_system_wrapper/hw/zynq_keypad_system_wrapper.xsa
TRACE::2026-09-23.20:18:30::SCWPlatform::DSA absoulate path /home/user/Desktop/lab_3/Vitis/zynq_keypad_system_wrapper/hw/zynq_keypad_system_wrapper.xsa
TRACE::2026-09-23.20:18:30::SCWPlatform::DSA directory /home/user/Desktop/lab_3/Vitis/zynq_keypad_system_wrapper/hw
TRACE::2026-09-23.20:18:30::SCWPlatform:: Platform Path /home/user/Desktop/lab_3/Vitis/zynq_keypad_system_wrapper/hw/zynq_keypad_system_wrapper.xsa
TRACE::2026-09-23.20:18:30::SCWPlatform:: Unique name xilinx:zybo::0.0
TRACE::2026-09-23.20:18:30::SCWPlatform::Trying to set the existing hwdb with name zynq_keypad_system_wrapper_0
TRACE::2026-09-23.20:18:30::SCWPlatform::Opened existing hwdb zynq_keypad_system_wrapper_0
TRACE::2026-09-23.20:18:30::SCWPlatform::Found the Hw Db part of the input DSA
TRACE::2026-09-23.20:18:30::SCWMssOS::Checking the sw design at  /home/user/Desktop/lab_3/Vitis/zynq_keypad_system_wrapper/ps7_cortexa9_0/standalone_ps7_cortexa9_0/bsp/system.mss
TRACE::2026-09-23.20:18:30::SCWMssOS::DEBUG:  swdes dump  /home/user/Desktop/lab_3/Vitis/zynq_keypad_system_wrapper/ps7_cortexa9_0/standalone_ps7_cortexa9_0/bsp/system.mss|system_0||
/home/user/Desktop/lab_3/Vitis/zynq_keypad_system_wrapper/zynq_fsbl/zynq_fsbl_bsp/system.mss|system||

TRACE::2026-09-23.20:18:30::SCWMssOS::Sw design exists and opened at  /home/user/Desktop/lab_3/Vitis/zynq_keypad_system_wrapper/ps7_cortexa9_0/standalone_ps7_cortexa9_0/bsp/system.mss
TRACE::2026-09-23.20:18:30::SCWMssOS::Completed writing the mss file at /home/user/Desktop/lab_3/Vitis/zynq_keypad_system_wrapper/ps7_cortexa9_0/standalone_ps7_cortexa9_0/bsp
TRACE::2026-09-23.20:18:30::SCWMssOS::Mss edits present, copying mssfile into export location /home/user/Desktop/lab_3/Vitis/zynq_keypad_system_wrapper/ps7_cortexa9_0/standalone_ps7_cortexa9_0/bsp/system.mss
TRACE::2026-09-23.20:18:30::SCWMssOS::bsp generated is upto date with the mss file. Skipping bsp generation.
TRACE::2026-09-23.20:18:30::SCWMssOS::BSP is already built. skipping the bsp build ... 
TRACE::2026-09-23.20:18:30::SCWDomain::Building the domain as part of full build :  standalone_ps7_cortexa9_0
TRACE::2026-09-23.20:18:30::SCWMssOS::doing bsp build ... 
TRACE::2026-09-23.20:18:30::SCWMssOS::System Command Ran  cd  /home/user/Desktop/lab_3/Vitis/zynq_keypad_system_wrapper/ps7_cortexa9_0/standalone_ps7_cortexa9_0/bsp ; bash -c "make  " 
TRACE::2026-09-23.20:18:30::SCWMssOS::make --no-print-directory seq_libs

TRACE::2026-09-23.20:18:30::SCWMssOS::Running Make include in ps7_cortexa9_0/libsrc/gpiops_v3_9/src

TRACE::2026-09-23.20:18:30::SCWMssOS::make -C ps7_cortexa9_0/libsrc/gpiops_v3_9/src -s include  "SHELL=/bin/sh" "COMPILER=arm-none-eabi-gcc" "ASSEMBLER=arm-none-eabi
TRACE::2026-09-23.20:18:30::SCWMssOS::-as" "ARCHIVER=arm-none-eabi-ar" "COMPILER_FLAGS=  -O2 -c" "EXTRA_COMPILER_FLAGS=-mcpu=cortex-a9 -mfpu=vfpv3 -mfloat-abi=hard -
TRACE::2026-09-23.20:18:30::SCWMssOS::nostartfiles -g -Wall -Wextra -fno-tree-loop-distribute-patterns"

TRACE::2026-09-23.20:18:30::SCWMssOS::Running Make include in ps7_cortexa9_0/libsrc/scugic_v4_5/src

TRACE::2026-09-23.20:18:30::SCWMssOS::make -C ps7_cortexa9_0/libsrc/scugic_v4_5/src -s include  "SHELL=/bin/sh" "COMPILER=arm-none-eabi-gcc" "ASSEMBLER=arm-none-eabi
TRACE::2026-09-23.20:18:30::SCWMssOS::-as" "ARCHIVER=arm-none-eabi-ar" "COMPILER_FLAGS=  -O2 -c" "EXTRA_COMPILER_FLAGS=-mcpu=cortex-a9 -mfpu=vfpv3 -mfloat-abi=hard -
TRACE::2026-09-23.20:18:30::SCWMssOS::nostartfiles -g -Wall -Wextra -fno-tree-loop-distribute-patterns"

TRACE::2026-09-23.20:18:30::SCWMssOS::Running Make include in ps7_cortexa9_0/libsrc/scuwdt_v2_4/src

TRACE::2026-09-23.20:18:30::SCWMssOS::make -C ps7_cortexa9_0/libsrc/scuwdt_v2_4/src -s include  "SHELL=/bin/sh" "COMPILER=arm-none-eabi-gcc" "ASSEMBLER=arm-none-eabi
TRACE::2026-09-23.20:18:30::SCWMssOS::-as" "ARCHIVER=arm-none-eabi-ar" "COMPILER_FLAGS=  -O2 -c" "EXTRA_COMPILER_FLAGS=-mcpu=cortex-a9 -mfpu=vfpv3 -mfloat-abi=hard -
TRACE::2026-09-23.20:18:30::SCWMssOS::nostartfiles -g -Wall -Wextra -fno-tree-loop-distribute-patterns"

TRACE::2026-09-23.20:18:30::SCWMssOS::Running Make include in ps7_cortexa9_0/libsrc/devcfg_v3_7/src

TRACE::2026-09-23.20:18:30::SCWMssOS::make -C ps7_cortexa9_0/libsrc/devcfg_v3_7/src -s include  "SHELL=/bin/sh" "COMPILER=arm-none-eabi-gcc" "ASSEMBLER=arm-none-eabi
TRACE::2026-09-23.20:18:30::SCWMssOS::-as" "ARCHIVER=arm-none-eabi-ar" "COMPILER_FLAGS=  -O2 -c" "EXTRA_COMPILER_FLAGS=-mcpu=cortex-a9 -mfpu=vfpv3 -mfloat-abi=hard -
TRACE::2026-09-23.20:18:30::SCWMssOS::nostartfiles -g -Wall -Wextra -fno-tree-loop-distribute-patterns"

TRACE::2026-09-23.20:18:30::SCWMssOS::Running Make include in ps7_cortexa9_0/libsrc/standalone_v7_5/src

TRACE::2026-09-23.20:18:30::SCWMssOS::make -C ps7_cortexa9_0/libsrc/standalone_v7_5/src -s include  "SHELL=/bin/sh" "COMPILER=arm-none-eabi-gcc" "ASSEMBLER=arm-none-
TRACE::2026-09-23.20:18:30::SCWMssOS::eabi-as" "ARCHIVER=arm-none-eabi-ar" "COMPILER_FLAGS=  -O2 -c" "EXTRA_COMPILER_FLAGS=-mcpu=cortex-a9 -mfpu=vfpv3 -mfloat-abi=ha
TRACE::2026-09-23.20:18:30::SCWMssOS::rd -nostartfiles -g -Wall -Wextra -fno-tree-loop-distribute-patterns"

TRACE::2026-09-23.20:18:30::SCWMssOS::Running Make include in ps7_cortexa9_0/libsrc/uartps_v3_11/src

TRACE::2026-09-23.20:18:30::SCWMssOS::make -C ps7_cortexa9_0/libsrc/uartps_v3_11/src -s include  "SHELL=/bin/sh" "COMPILER=arm-none-eabi-gcc" "ASSEMBLER=arm-none-eab
TRACE::2026-09-23.20:18:30::SCWMssOS::i-as" "ARCHIVER=arm-none-eabi-ar" "COMPILER_FLAGS=  -O2 -c" "EXTRA_COMPILER_FLAGS=-mcpu=cortex-a9 -mfpu=vfpv3 -mfloat-abi=hard 
TRACE::2026-09-23.20:18:30::SCWMssOS::-nostartfiles -g -Wall -Wextra -fno-tree-loop-distribute-patterns"

TRACE::2026-09-23.20:18:30::SCWMssOS::Running Make include in ps7_cortexa9_0/libsrc/scutimer_v2_3/src

TRACE::2026-09-23.20:18:30::SCWMssOS::make -C ps7_cortexa9_0/libsrc/scutimer_v2_3/src -s include  "SHELL=/bin/sh" "COMPILER=arm-none-eabi-gcc" "ASSEMBLER=arm-none-ea
TRACE::2026-09-23.20:18:30::SCWMssOS::bi-as" "ARCHIVER=arm-none-eabi-ar" "COMPILER_FLAGS=  -O2 -c" "EXTRA_COMPILER_FLAGS=-mcpu=cortex-a9 -mfpu=vfpv3 -mfloat-abi=hard
TRACE::2026-09-23.20:18:30::SCWMssOS:: -nostartfiles -g -Wall -Wextra -fno-tree-loop-distribute-patterns"

TRACE::2026-09-23.20:18:30::SCWMssOS::Running Make include in ps7_cortexa9_0/libsrc/sdps_v3_12/src

TRACE::2026-09-23.20:18:30::SCWMssOS::make -C ps7_cortexa9_0/libsrc/sdps_v3_12/src -s include  "SHELL=/bin/sh" "COMPILER=arm-none-eabi-gcc" "ASSEMBLER=arm-none-eabi-
TRACE::2026-09-23.20:18:30::SCWMssOS::as" "ARCHIVER=arm-none-eabi-ar" "COMPILER_FLAGS=  -O2 -c" "EXTRA_COMPILER_FLAGS=-mcpu=cortex-a9 -mfpu=vfpv3 -mfloat-abi=hard -n
TRACE::2026-09-23.20:18:30::SCWMssOS::ostartfiles -g -Wall -Wextra -fno-tree-loop-distribute-patterns"

TRACE::2026-09-23.20:18:30::SCWMssOS::Running Make include in ps7_cortexa9_0/libsrc/emacps_v3_14/src

TRACE::2026-09-23.20:18:30::SCWMssOS::make -C ps7_cortexa9_0/libsrc/emacps_v3_14/src -s include  "SHELL=/bin/sh" "COMPILER=arm-none-eabi-gcc" "ASSEMBLER=arm-none-eab
TRACE::2026-09-23.20:18:30::SCWMssOS::i-as" "ARCHIVER=arm-none-eabi-ar" "COMPILER_FLAGS=  -O2 -c" "EXTRA_COMPILER_FLAGS=-mcpu=cortex-a9 -mfpu=vfpv3 -mfloat-abi=hard 
TRACE::2026-09-23.20:18:30::SCWMssOS::-nostartfiles -g -Wall -Wextra -fno-tree-loop-distribute-patterns"

TRACE::2026-09-23.20:18:30::SCWMssOS::Running Make include in ps7_cortexa9_0/libsrc/ttcps_v3_14/src

TRACE::2026-09-23.20:18:30::SCWMssOS::make -C ps7_cortexa9_0/libsrc/ttcps_v3_14/src -s include  "SHELL=/bin/sh" "COMPILER=arm-none-eabi-gcc" "ASSEMBLER=arm-none-eabi
TRACE::2026-09-23.20:18:30::SCWMssOS::-as" "ARCHIVER=arm-none-eabi-ar" "COMPILER_FLAGS=  -O2 -c" "EXTRA_COMPILER_FLAGS=-mcpu=cortex-a9 -mfpu=vfpv3 -mfloat-abi=hard -
TRACE::2026-09-23.20:18:30::SCWMssOS::nostartfiles -g -Wall -Wextra -fno-tree-loop-distribute-patterns"

TRACE::2026-09-23.20:18:30::SCWMssOS::Running Make include in ps7_cortexa9_0/libsrc/usbps_v2_7/src

TRACE::2026-09-23.20:18:30::SCWMssOS::make -C ps7_cortexa9_0/libsrc/usbps_v2_7/src -s include  "SHELL=/bin/sh" "COMPILER=arm-none-eabi-gcc" "ASSEMBLER=arm-none-eabi-
TRACE::2026-09-23.20:18:30::SCWMssOS::as" "ARCHIVER=arm-none-eabi-ar" "COMPILER_FLAGS=  -O2 -c" "EXTRA_COMPILER_FLAGS=-mcpu=cortex-a9 -mfpu=vfpv3 -mfloat-abi=hard -n
TRACE::2026-09-23.20:18:30::SCWMssOS::ostartfiles -g -Wall -Wextra -fno-tree-loop-distribute-patterns"

TRACE::2026-09-23.20:18:30::SCWMssOS::Running Make include in ps7_cortexa9_0/libsrc/coresightps_dcc_v1_8/src

TRACE::2026-09-23.20:18:30::SCWMssOS::make -C ps7_cortexa9_0/libsrc/coresightps_dcc_v1_8/src -s include  "SHELL=/bin/sh" "COMPILER=arm-none-eabi-gcc" "ASSEMBLER=arm-
TRACE::2026-09-23.20:18:30::SCWMssOS::none-eabi-as" "ARCHIVER=arm-none-eabi-ar" "COMPILER_FLAGS=  -O2 -c" "EXTRA_COMPILER_FLAGS=-mcpu=cortex-a9 -mfpu=vfpv3 -mfloat-a
TRACE::2026-09-23.20:18:30::SCWMssOS::bi=hard -nostartfiles -g -Wall -Wextra -fno-tree-loop-distribute-patterns"

TRACE::2026-09-23.20:18:30::SCWMssOS::Running Make include in ps7_cortexa9_0/libsrc/ddrps_v1_2/src

TRACE::2026-09-23.20:18:30::SCWMssOS::make -C ps7_cortexa9_0/libsrc/ddrps_v1_2/src -s include  "SHELL=/bin/sh" "COMPILER=arm-none-eabi-gcc" "ASSEMBLER=arm-none-eabi-
TRACE::2026-09-23.20:18:30::SCWMssOS::as" "ARCHIVER=arm-none-eabi-ar" "COMPILER_FLAGS=  -O2 -c" "EXTRA_COMPILER_FLAGS=-mcpu=cortex-a9 -mfpu=vfpv3 -mfloat-abi=hard -n
TRACE::2026-09-23.20:18:30::SCWMssOS::ostartfiles -g -Wall -Wextra -fno-tree-loop-distribute-patterns"

TRACE::2026-09-23.20:18:30::SCWMssOS::Running Make include in ps7_cortexa9_0/libsrc/xadcps_v2_6/src

TRACE::2026-09-23.20:18:30::SCWMssOS::make -C ps7_cortexa9_0/libsrc/xadcps_v2_6/src -s include  "SHELL=/bin/sh" "COMPILER=arm-none-eabi-gcc" "ASSEMBLER=arm-none-eabi
TRACE::2026-09-23.20:18:30::SCWMssOS::-as" "ARCHIVER=arm-none-eabi-ar" "COMPILER_FLAGS=  -O2 -c" "EXTRA_COMPILER_FLAGS=-mcpu=cortex-a9 -mfpu=vfpv3 -mfloat-abi=hard -
TRACE::2026-09-23.20:18:30::SCWMssOS::nostartfiles -g -Wall -Wextra -fno-tree-loop-distribute-patterns"

TRACE::2026-09-23.20:18:30::SCWMssOS::Running Make include in ps7_cortexa9_0/libsrc/cpu_cortexa9_v2_11/src

TRACE::2026-09-23.20:18:30::SCWMssOS::make -C ps7_cortexa9_0/libsrc/cpu_cortexa9_v2_11/src -s include  "SHELL=/bin/sh" "COMPILER=arm-none-eabi-gcc" "ASSEMBLER=arm-no
TRACE::2026-09-23.20:18:30::SCWMssOS::ne-eabi-as" "ARCHIVER=arm-none-eabi-ar" "COMPILER_FLAGS=  -O2 -c" "EXTRA_COMPILER_FLAGS=-mcpu=cortex-a9 -mfpu=vfpv3 -mfloat-abi
TRACE::2026-09-23.20:18:30::SCWMssOS::=hard -nostartfiles -g -Wall -Wextra -fno-tree-loop-distribute-patterns"

TRACE::2026-09-23.20:18:30::SCWMssOS::Running Make include in ps7_cortexa9_0/libsrc/qspips_v3_9/src

TRACE::2026-09-23.20:18:30::SCWMssOS::make -C ps7_cortexa9_0/libsrc/qspips_v3_9/src -s include  "SHELL=/bin/sh" "COMPILER=arm-none-eabi-gcc" "ASSEMBLER=arm-none-eabi
TRACE::2026-09-23.20:18:30::SCWMssOS::-as" "ARCHIVER=arm-none-eabi-ar" "COMPILER_FLAGS=  -O2 -c" "EXTRA_COMPILER_FLAGS=-mcpu=cortex-a9 -mfpu=vfpv3 -mfloat-abi=hard -
TRACE::2026-09-23.20:18:30::SCWMssOS::nostartfiles -g -Wall -Wextra -fno-tree-loop-distribute-patterns"

TRACE::2026-09-23.20:18:30::SCWMssOS::Running Make include in ps7_cortexa9_0/libsrc/dmaps_v2_8/src

TRACE::2026-09-23.20:18:30::SCWMssOS::make -C ps7_cortexa9_0/libsrc/dmaps_v2_8/src -s include  "SHELL=/bin/sh" "COMPILER=arm-none-eabi-gcc" "ASSEMBLER=arm-none-eabi-
TRACE::2026-09-23.20:18:30::SCWMssOS::as" "ARCHIVER=arm-none-eabi-ar" "COMPILER_FLAGS=  -O2 -c" "EXTRA_COMPILER_FLAGS=-mcpu=cortex-a9 -mfpu=vfpv3 -mfloat-abi=hard -n
TRACE::2026-09-23.20:18:30::SCWMssOS::ostartfiles -g -Wall -Wextra -fno-tree-loop-distribute-patterns"

TRACE::2026-09-23.20:18:30::SCWMssOS::Running Make include in ps7_cortexa9_0/libsrc/PmodKYPD_v1_0/src

TRACE::2026-09-23.20:18:30::SCWMssOS::make -C ps7_cortexa9_0/libsrc/PmodKYPD_v1_0/src -s include  "SHELL=/bin/sh" "COMPILER=arm-none-eabi-gcc" "ASSEMBLER=arm-none-ea
TRACE::2026-09-23.20:18:30::SCWMssOS::bi-as" "ARCHIVER=arm-none-eabi-ar" "COMPILER_FLAGS=  -O2 -c" "EXTRA_COMPILER_FLAGS=-mcpu=cortex-a9 -mfpu=vfpv3 -mfloat-abi=hard
TRACE::2026-09-23.20:18:30::SCWMssOS:: -nostartfiles -g -Wall -Wextra -fno-tree-loop-distribute-patterns"

TRACE::2026-09-23.20:18:30::SCWMssOS::Running Make libs in ps7_cortexa9_0/libsrc/PmodKYPD_v1_0/src

TRACE::2026-09-23.20:18:30::SCWMssOS::make -C ps7_cortexa9_0/libsrc/PmodKYPD_v1_0/src -s libs  "SHELL=/bin/sh" "COMPILER=arm-none-eabi-gcc" "ASSEMBLER=arm-none-eabi-
TRACE::2026-09-23.20:18:30::SCWMssOS::as" "ARCHIVER=arm-none-eabi-ar" "COMPILER_FLAGS=  -O2 -c" "EXTRA_COMPILER_FLAGS=-mcpu=cortex-a9 -mfpu=vfpv3 -mfloat-abi=hard -n
TRACE::2026-09-23.20:18:30::SCWMssOS::ostartfiles -g -Wall -Wextra -fno-tree-loop-distribute-patterns"

TRACE::2026-09-23.20:18:30::SCWMssOS::Compiling PmodKYPD

TRACE::2026-09-23.20:18:30::SCWMssOS::Finished building libraries sequentially.

TRACE::2026-09-23.20:18:30::SCWMssOS::make -j 6 --no-print-directory par_libs

TRACE::2026-09-23.20:18:30::SCWMssOS::Running Make include in ps7_cortexa9_0/libsrc/gpiops_v3_9/src

TRACE::2026-09-23.20:18:30::SCWMssOS::Running Make include in ps7_cortexa9_0/libsrc/scuwdt_v2_4/src

TRACE::2026-09-23.20:18:30::SCWMssOS::make -C ps7_cortexa9_0/libsrc/gpiops_v3_9/src -s include  "SHELL=/bin/sh" "COMPILER=arm-none-eabi-gcc" "ASSEMBLER=arm-none-eabi
TRACE::2026-09-23.20:18:30::SCWMssOS::-as" "ARCHIVER=arm-none-eabi-ar" "COMPILER_FLAGS=  -O2 -c" "EXTRA_COMPILER_FLAGS=-mcpu=cortex-a9 -mfpu=vfpv3 -mfloat-abi=hard -
TRACE::2026-09-23.20:18:30::SCWMssOS::nostartfiles -g -Wall -Wextra -fno-tree-loop-distribute-patterns"

TRACE::2026-09-23.20:18:30::SCWMssOS::Running Make include in ps7_cortexa9_0/libsrc/scugic_v4_5/src

TRACE::2026-09-23.20:18:30::SCWMssOS::Running Make include in ps7_cortexa9_0/libsrc/devcfg_v3_7/src

TRACE::2026-09-23.20:18:30::SCWMssOS::make -C ps7_cortexa9_0/libsrc/scuwdt_v2_4/src -s include  "SHELL=/bin/sh" "COMPILER=arm-none-eabi-gcc" "ASSEMBLER=arm-none-eabi
TRACE::2026-09-23.20:18:30::SCWMssOS::-as" "ARCHIVER=arm-none-eabi-ar" "COMPILER_FLAGS=  -O2 -c" "EXTRA_COMPILER_FLAGS=-mcpu=cortex-a9 -mfpu=vfpv3 -mfloat-abi=hard -
TRACE::2026-09-23.20:18:30::SCWMssOS::nostartfiles -g -Wall -Wextra -fno-tree-loop-distribute-patterns"

TRACE::2026-09-23.20:18:30::SCWMssOS::make -C ps7_cortexa9_0/libsrc/scugic_v4_5/src -s include  "SHELL=/bin/sh" "COMPILER=arm-none-eabi-gcc" "ASSEMBLER=arm-none-eabi
TRACE::2026-09-23.20:18:30::SCWMssOS::-as" "ARCHIVER=arm-none-eabi-ar" "COMPILER_FLAGS=  -O2 -c" "EXTRA_COMPILER_FLAGS=-mcpu=cortex-a9 -mfpu=vfpv3 -mfloat-abi=hard -
TRACE::2026-09-23.20:18:30::SCWMssOS::nostartfiles -g -Wall -Wextra -fno-tree-loop-distribute-patterns"

TRACE::2026-09-23.20:18:30::SCWMssOS::make -C ps7_cortexa9_0/libsrc/devcfg_v3_7/src -s include  "SHELL=/bin/sh" "COMPILER=arm-none-eabi-gcc" "ASSEMBLER=arm-none-eabi
TRACE::2026-09-23.20:18:30::SCWMssOS::-as" "ARCHIVER=arm-none-eabi-ar" "COMPILER_FLAGS=  -O2 -c" "EXTRA_COMPILER_FLAGS=-mcpu=cortex-a9 -mfpu=vfpv3 -mfloat-abi=hard -
TRACE::2026-09-23.20:18:30::SCWMssOS::nostartfiles -g -Wall -Wextra -fno-tree-loop-distribute-patterns"

TRACE::2026-09-23.20:18:30::SCWMssOS::Running Make include in ps7_cortexa9_0/libsrc/standalone_v7_5/src

TRACE::2026-09-23.20:18:30::SCWMssOS::Running Make include in ps7_cortexa9_0/libsrc/uartps_v3_11/src

TRACE::2026-09-23.20:18:30::SCWMssOS::make -C ps7_cortexa9_0/libsrc/standalone_v7_5/src -s include  "SHELL=/bin/sh" "COMPILER=arm-none-eabi-gcc" "ASSEMBLER=arm-none-
TRACE::2026-09-23.20:18:30::SCWMssOS::eabi-as" "ARCHIVER=arm-none-eabi-ar" "COMPILER_FLAGS=  -O2 -c" "EXTRA_COMPILER_FLAGS=-mcpu=cortex-a9 -mfpu=vfpv3 -mfloat-abi=ha
TRACE::2026-09-23.20:18:30::SCWMssOS::rd -nostartfiles -g -Wall -Wextra -fno-tree-loop-distribute-patterns"

TRACE::2026-09-23.20:18:30::SCWMssOS::make -C ps7_cortexa9_0/libsrc/uartps_v3_11/src -s include  "SHELL=/bin/sh" "COMPILER=arm-none-eabi-gcc" "ASSEMBLER=arm-none-eab
TRACE::2026-09-23.20:18:30::SCWMssOS::i-as" "ARCHIVER=arm-none-eabi-ar" "COMPILER_FLAGS=  -O2 -c" "EXTRA_COMPILER_FLAGS=-mcpu=cortex-a9 -mfpu=vfpv3 -mfloat-abi=hard 
TRACE::2026-09-23.20:18:30::SCWMssOS::-nostartfiles -g -Wall -Wextra -fno-tree-loop-distribute-patterns"

TRACE::2026-09-23.20:18:30::SCWMssOS::Running Make include in ps7_cortexa9_0/libsrc/scutimer_v2_3/src

TRACE::2026-09-23.20:18:30::SCWMssOS::make -C ps7_cortexa9_0/libsrc/scutimer_v2_3/src -s include  "SHELL=/bin/sh" "COMPILER=arm-none-eabi-gcc" "ASSEMBLER=arm-none-ea
TRACE::2026-09-23.20:18:30::SCWMssOS::bi-as" "ARCHIVER=arm-none-eabi-ar" "COMPILER_FLAGS=  -O2 -c" "EXTRA_COMPILER_FLAGS=-mcpu=cortex-a9 -mfpu=vfpv3 -mfloat-abi=hard
TRACE::2026-09-23.20:18:30::SCWMssOS:: -nostartfiles -g -Wall -Wextra -fno-tree-loop-distribute-patterns"

TRACE::2026-09-23.20:18:30::SCWMssOS::Running Make include in ps7_cortexa9_0/libsrc/emacps_v3_14/src

TRACE::2026-09-23.20:18:30::SCWMssOS::make -C ps7_cortexa9_0/libsrc/emacps_v3_14/src -s include  "SHELL=/bin/sh" "COMPILER=arm-none-eabi-gcc" "ASSEMBLER=arm-none-eab
TRACE::2026-09-23.20:18:30::SCWMssOS::i-as" "ARCHIVER=arm-none-eabi-ar" "COMPILER_FLAGS=  -O2 -c" "EXTRA_COMPILER_FLAGS=-mcpu=cortex-a9 -mfpu=vfpv3 -mfloat-abi=hard 
TRACE::2026-09-23.20:18:30::SCWMssOS::-nostartfiles -g -Wall -Wextra -fno-tree-loop-distribute-patterns"

TRACE::2026-09-23.20:18:30::SCWMssOS::Running Make include in ps7_cortexa9_0/libsrc/sdps_v3_12/src

TRACE::2026-09-23.20:18:30::SCWMssOS::Running Make include in ps7_cortexa9_0/libsrc/ttcps_v3_14/src

TRACE::2026-09-23.20:18:30::SCWMssOS::make -C ps7_cortexa9_0/libsrc/sdps_v3_12/src -s include  "SHELL=/bin/sh" "COMPILER=arm-none-eabi-gcc" "ASSEMBLER=arm-none-eabi-
TRACE::2026-09-23.20:18:30::SCWMssOS::as" "ARCHIVER=arm-none-eabi-ar" "COMPILER_FLAGS=  -O2 -c" "EXTRA_COMPILER_FLAGS=-mcpu=cortex-a9 -mfpu=vfpv3 -mfloat-abi=hard -n
TRACE::2026-09-23.20:18:30::SCWMssOS::ostartfiles -g -Wall -Wextra -fno-tree-loop-distribute-patterns"

TRACE::2026-09-23.20:18:30::SCWMssOS::Running Make include in ps7_cortexa9_0/libsrc/usbps_v2_7/src

TRACE::2026-09-23.20:18:30::SCWMssOS::make -C ps7_cortexa9_0/libsrc/ttcps_v3_14/src -s include  "SHELL=/bin/sh" "COMPILER=arm-none-eabi-gcc" "ASSEMBLER=arm-none-eabi
TRACE::2026-09-23.20:18:30::SCWMssOS::-as" "ARCHIVER=arm-none-eabi-ar" "COMPILER_FLAGS=  -O2 -c" "EXTRA_COMPILER_FLAGS=-mcpu=cortex-a9 -mfpu=vfpv3 -mfloat-abi=hard -
TRACE::2026-09-23.20:18:30::SCWMssOS::nostartfiles -g -Wall -Wextra -fno-tree-loop-distribute-patterns"

TRACE::2026-09-23.20:18:30::SCWMssOS::make -C ps7_cortexa9_0/libsrc/usbps_v2_7/src -s include  "SHELL=/bin/sh" "COMPILER=arm-none-eabi-gcc" "ASSEMBLER=arm-none-eabi-
TRACE::2026-09-23.20:18:30::SCWMssOS::as" "ARCHIVER=arm-none-eabi-ar" "COMPILER_FLAGS=  -O2 -c" "EXTRA_COMPILER_FLAGS=-mcpu=cortex-a9 -mfpu=vfpv3 -mfloat-abi=hard -n
TRACE::2026-09-23.20:18:30::SCWMssOS::ostartfiles -g -Wall -Wextra -fno-tree-loop-distribute-patterns"

TRACE::2026-09-23.20:18:30::SCWMssOS::Running Make include in ps7_cortexa9_0/libsrc/coresightps_dcc_v1_8/src

TRACE::2026-09-23.20:18:30::SCWMssOS::make -C ps7_cortexa9_0/libsrc/coresightps_dcc_v1_8/src -s include  "SHELL=/bin/sh" "COMPILER=arm-none-eabi-gcc" "ASSEMBLER=arm-
TRACE::2026-09-23.20:18:30::SCWMssOS::none-eabi-as" "ARCHIVER=arm-none-eabi-ar" "COMPILER_FLAGS=  -O2 -c" "EXTRA_COMPILER_FLAGS=-mcpu=cortex-a9 -mfpu=vfpv3 -mfloat-a
TRACE::2026-09-23.20:18:30::SCWMssOS::bi=hard -nostartfiles -g -Wall -Wextra -fno-tree-loop-distribute-patterns"

TRACE::2026-09-23.20:18:30::SCWMssOS::Running Make include in ps7_cortexa9_0/libsrc/ddrps_v1_2/src

TRACE::2026-09-23.20:18:30::SCWMssOS::make -C ps7_cortexa9_0/libsrc/ddrps_v1_2/src -s include  "SHELL=/bin/sh" "COMPILER=arm-none-eabi-gcc" "ASSEMBLER=arm-none-eabi-
TRACE::2026-09-23.20:18:30::SCWMssOS::as" "ARCHIVER=arm-none-eabi-ar" "COMPILER_FLAGS=  -O2 -c" "EXTRA_COMPILER_FLAGS=-mcpu=cortex-a9 -mfpu=vfpv3 -mfloat-abi=hard -n
TRACE::2026-09-23.20:18:30::SCWMssOS::ostartfiles -g -Wall -Wextra -fno-tree-loop-distribute-patterns"

TRACE::2026-09-23.20:18:30::SCWMssOS::Running Make include in ps7_cortexa9_0/libsrc/xadcps_v2_6/src

TRACE::2026-09-23.20:18:30::SCWMssOS::Running Make include in ps7_cortexa9_0/libsrc/cpu_cortexa9_v2_11/src

TRACE::2026-09-23.20:18:30::SCWMssOS::Running Make include in ps7_cortexa9_0/libsrc/qspips_v3_9/src

TRACE::2026-09-23.20:18:30::SCWMssOS::make -C ps7_cortexa9_0/libsrc/xadcps_v2_6/src -s include  "SHELL=/bin/sh" "COMPILER=arm-none-eabi-gcc" "ASSEMBLER=arm-none-eabi
TRACE::2026-09-23.20:18:30::SCWMssOS::-as" "ARCHIVER=arm-none-eabi-ar" "COMPILER_FLAGS=  -O2 -c" "EXTRA_COMPILER_FLAGS=-mcpu=cortex-a9 -mfpu=vfpv3 -mfloat-abi=hard -
TRACE::2026-09-23.20:18:30::SCWMssOS::nostartfiles -g -Wall -Wextra -fno-tree-loop-distribute-patterns"

TRACE::2026-09-23.20:18:30::SCWMssOS::make -C ps7_cortexa9_0/libsrc/cpu_cortexa9_v2_11/src -s include  "SHELL=/bin/sh" "COMPILER=arm-none-eabi-gcc" "ASSEMBLER=arm-no
TRACE::2026-09-23.20:18:30::SCWMssOS::ne-eabi-as" "ARCHIVER=arm-none-eabi-ar" "COMPILER_FLAGS=  -O2 -c" "EXTRA_COMPILER_FLAGS=-mcpu=cortex-a9 -mfpu=vfpv3 -mfloat-abi
TRACE::2026-09-23.20:18:30::SCWMssOS::=hard -nostartfiles -g -Wall -Wextra -fno-tree-loop-distribute-patterns"

TRACE::2026-09-23.20:18:30::SCWMssOS::make -C ps7_cortexa9_0/libsrc/qspips_v3_9/src -s include  "SHELL=/bin/sh" "COMPILER=arm-none-eabi-gcc" "ASSEMBLER=arm-none-eabi
TRACE::2026-09-23.20:18:30::SCWMssOS::-as" "ARCHIVER=arm-none-eabi-ar" "COMPILER_FLAGS=  -O2 -c" "EXTRA_COMPILER_FLAGS=-mcpu=cortex-a9 -mfpu=vfpv3 -mfloat-abi=hard -
TRACE::2026-09-23.20:18:30::SCWMssOS::nostartfiles -g -Wall -Wextra -fno-tree-loop-distribute-patterns"

TRACE::2026-09-23.20:18:30::SCWMssOS::Running Make include in ps7_cortexa9_0/libsrc/dmaps_v2_8/src

TRACE::2026-09-23.20:18:30::SCWMssOS::make -C ps7_cortexa9_0/libsrc/dmaps_v2_8/src -s include  "SHELL=/bin/sh" "COMPILER=arm-none-eabi-gcc" "ASSEMBLER=arm-none-eabi-
TRACE::2026-09-23.20:18:30::SCWMssOS::as" "ARCHIVER=arm-none-eabi-ar" "COMPILER_FLAGS=  -O2 -c" "EXTRA_COMPILER_FLAGS=-mcpu=cortex-a9 -mfpu=vfpv3 -mfloat-abi=hard -n
TRACE::2026-09-23.20:18:30::SCWMssOS::ostartfiles -g -Wall -Wextra -fno-tree-loop-distribute-patterns"

TRACE::2026-09-23.20:18:30::SCWMssOS::Running Make include in ps7_cortexa9_0/libsrc/PmodKYPD_v1_0/src

TRACE::2026-09-23.20:18:30::SCWMssOS::make -C ps7_cortexa9_0/libsrc/PmodKYPD_v1_0/src -s include  "SHELL=/bin/sh" "COMPILER=arm-none-eabi-gcc" "ASSEMBLER=arm-none-ea
TRACE::2026-09-23.20:18:30::SCWMssOS::bi-as" "ARCHIVER=arm-none-eabi-ar" "COMPILER_FLAGS=  -O2 -c" "EXTRA_COMPILER_FLAGS=-mcpu=cortex-a9 -mfpu=vfpv3 -mfloat-abi=hard
TRACE::2026-09-23.20:18:30::SCWMssOS:: -nostartfiles -g -Wall -Wextra -fno-tree-loop-distribute-patterns"

TRACE::2026-09-23.20:18:30::SCWMssOS::Running Make libs in ps7_cortexa9_0/libsrc/gpiops_v3_9/src

TRACE::2026-09-23.20:18:30::SCWMssOS::make -C ps7_cortexa9_0/libsrc/gpiops_v3_9/src -s libs  "SHELL=/bin/sh" "COMPILER=arm-none-eabi-gcc" "ASSEMBLER=arm-none-eabi-as
TRACE::2026-09-23.20:18:30::SCWMssOS::" "ARCHIVER=arm-none-eabi-ar" "COMPILER_FLAGS=  -O2 -c" "EXTRA_COMPILER_FLAGS=-mcpu=cortex-a9 -mfpu=vfpv3 -mfloat-abi=hard -nos
TRACE::2026-09-23.20:18:30::SCWMssOS::tartfiles -g -Wall -Wextra -fno-tree-loop-distribute-patterns"

TRACE::2026-09-23.20:18:30::SCWMssOS::Running Make libs in ps7_cortexa9_0/libsrc/scugic_v4_5/src

TRACE::2026-09-23.20:18:30::SCWMssOS::make -C ps7_cortexa9_0/libsrc/scugic_v4_5/src -s libs  "SHELL=/bin/sh" "COMPILER=arm-none-eabi-gcc" "ASSEMBLER=arm-none-eabi-as
TRACE::2026-09-23.20:18:30::SCWMssOS::" "ARCHIVER=arm-none-eabi-ar" "COMPILER_FLAGS=  -O2 -c" "EXTRA_COMPILER_FLAGS=-mcpu=cortex-a9 -mfpu=vfpv3 -mfloat-abi=hard -nos
TRACE::2026-09-23.20:18:30::SCWMssOS::tartfiles -g -Wall -Wextra -fno-tree-loop-distribute-patterns"

TRACE::2026-09-23.20:18:30::SCWMssOS::Running Make libs in ps7_cortexa9_0/libsrc/scuwdt_v2_4/src

TRACE::2026-09-23.20:18:30::SCWMssOS::Running Make libs in ps7_cortexa9_0/libsrc/devcfg_v3_7/src

TRACE::2026-09-23.20:18:30::SCWMssOS::make -C ps7_cortexa9_0/libsrc/scuwdt_v2_4/src -s libs  "SHELL=/bin/sh" "COMPILER=arm-none-eabi-gcc" "ASSEMBLER=arm-none-eabi-as
TRACE::2026-09-23.20:18:30::SCWMssOS::" "ARCHIVER=arm-none-eabi-ar" "COMPILER_FLAGS=  -O2 -c" "EXTRA_COMPILER_FLAGS=-mcpu=cortex-a9 -mfpu=vfpv3 -mfloat-abi=hard -nos
TRACE::2026-09-23.20:18:30::SCWMssOS::tartfiles -g -Wall -Wextra -fno-tree-loop-distribute-patterns"

TRACE::2026-09-23.20:18:30::SCWMssOS::Running Make libs in ps7_cortexa9_0/libsrc/standalone_v7_5/src

TRACE::2026-09-23.20:18:30::SCWMssOS::make -C ps7_cortexa9_0/libsrc/devcfg_v3_7/src -s libs  "SHELL=/bin/sh" "COMPILER=arm-none-eabi-gcc" "ASSEMBLER=arm-none-eabi-as
TRACE::2026-09-23.20:18:30::SCWMssOS::" "ARCHIVER=arm-none-eabi-ar" "COMPILER_FLAGS=  -O2 -c" "EXTRA_COMPILER_FLAGS=-mcpu=cortex-a9 -mfpu=vfpv3 -mfloat-abi=hard -nos
TRACE::2026-09-23.20:18:30::SCWMssOS::tartfiles -g -Wall -Wextra -fno-tree-loop-distribute-patterns"

TRACE::2026-09-23.20:18:30::SCWMssOS::make -C ps7_cortexa9_0/libsrc/standalone_v7_5/src -s libs  "SHELL=/bin/sh" "COMPILER=arm-none-eabi-gcc" "ASSEMBLER=arm-none-eab
TRACE::2026-09-23.20:18:30::SCWMssOS::i-as" "ARCHIVER=arm-none-eabi-ar" "COMPILER_FLAGS=  -O2 -c" "EXTRA_COMPILER_FLAGS=-mcpu=cortex-a9 -mfpu=vfpv3 -mfloat-abi=hard 
TRACE::2026-09-23.20:18:30::SCWMssOS::-nostartfiles -g -Wall -Wextra -fno-tree-loop-distribute-patterns"

TRACE::2026-09-23.20:18:30::SCWMssOS::Running Make libs in ps7_cortexa9_0/libsrc/uartps_v3_11/src

TRACE::2026-09-23.20:18:30::SCWMssOS::make -C ps7_cortexa9_0/libsrc/uartps_v3_11/src -s libs  "SHELL=/bin/sh" "COMPILER=arm-none-eabi-gcc" "ASSEMBLER=arm-none-eabi-a
TRACE::2026-09-23.20:18:30::SCWMssOS::s" "ARCHIVER=arm-none-eabi-ar" "COMPILER_FLAGS=  -O2 -c" "EXTRA_COMPILER_FLAGS=-mcpu=cortex-a9 -mfpu=vfpv3 -mfloat-abi=hard -no
TRACE::2026-09-23.20:18:30::SCWMssOS::startfiles -g -Wall -Wextra -fno-tree-loop-distribute-patterns"

TRACE::2026-09-23.20:18:31::SCWMssOS::Running Make libs in ps7_cortexa9_0/libsrc/scutimer_v2_3/src

TRACE::2026-09-23.20:18:31::SCWMssOS::make -C ps7_cortexa9_0/libsrc/scutimer_v2_3/src -s libs  "SHELL=/bin/sh" "COMPILER=arm-none-eabi-gcc" "ASSEMBLER=arm-none-eabi-
TRACE::2026-09-23.20:18:31::SCWMssOS::as" "ARCHIVER=arm-none-eabi-ar" "COMPILER_FLAGS=  -O2 -c" "EXTRA_COMPILER_FLAGS=-mcpu=cortex-a9 -mfpu=vfpv3 -mfloat-abi=hard -n
TRACE::2026-09-23.20:18:31::SCWMssOS::ostartfiles -g -Wall -Wextra -fno-tree-loop-distribute-patterns"

TRACE::2026-09-23.20:18:31::SCWMssOS::Running Make libs in ps7_cortexa9_0/libsrc/sdps_v3_12/src

TRACE::2026-09-23.20:18:31::SCWMssOS::make -C ps7_cortexa9_0/libsrc/sdps_v3_12/src -s libs  "SHELL=/bin/sh" "COMPILER=arm-none-eabi-gcc" "ASSEMBLER=arm-none-eabi-as"
TRACE::2026-09-23.20:18:31::SCWMssOS:: "ARCHIVER=arm-none-eabi-ar" "COMPILER_FLAGS=  -O2 -c" "EXTRA_COMPILER_FLAGS=-mcpu=cortex-a9 -mfpu=vfpv3 -mfloat-abi=hard -nost
TRACE::2026-09-23.20:18:31::SCWMssOS::artfiles -g -Wall -Wextra -fno-tree-loop-distribute-patterns"

TRACE::2026-09-23.20:18:31::SCWMssOS::Running Make libs in ps7_cortexa9_0/libsrc/emacps_v3_14/src

TRACE::2026-09-23.20:18:31::SCWMssOS::make -C ps7_cortexa9_0/libsrc/emacps_v3_14/src -s libs  "SHELL=/bin/sh" "COMPILER=arm-none-eabi-gcc" "ASSEMBLER=arm-none-eabi-a
TRACE::2026-09-23.20:18:31::SCWMssOS::s" "ARCHIVER=arm-none-eabi-ar" "COMPILER_FLAGS=  -O2 -c" "EXTRA_COMPILER_FLAGS=-mcpu=cortex-a9 -mfpu=vfpv3 -mfloat-abi=hard -no
TRACE::2026-09-23.20:18:31::SCWMssOS::startfiles -g -Wall -Wextra -fno-tree-loop-distribute-patterns"

TRACE::2026-09-23.20:18:31::SCWMssOS::Running Make libs in ps7_cortexa9_0/libsrc/ttcps_v3_14/src

TRACE::2026-09-23.20:18:31::SCWMssOS::make -C ps7_cortexa9_0/libsrc/ttcps_v3_14/src -s libs  "SHELL=/bin/sh" "COMPILER=arm-none-eabi-gcc" "ASSEMBLER=arm-none-eabi-as
TRACE::2026-09-23.20:18:31::SCWMssOS::" "ARCHIVER=arm-none-eabi-ar" "COMPILER_FLAGS=  -O2 -c" "EXTRA_COMPILER_FLAGS=-mcpu=cortex-a9 -mfpu=vfpv3 -mfloat-abi=hard -nos
TRACE::2026-09-23.20:18:31::SCWMssOS::tartfiles -g -Wall -Wextra -fno-tree-loop-distribute-patterns"

TRACE::2026-09-23.20:18:31::SCWMssOS::Running Make libs in ps7_cortexa9_0/libsrc/usbps_v2_7/src

TRACE::2026-09-23.20:18:31::SCWMssOS::make -C ps7_cortexa9_0/libsrc/usbps_v2_7/src -s libs  "SHELL=/bin/sh" "COMPILER=arm-none-eabi-gcc" "ASSEMBLER=arm-none-eabi-as"
TRACE::2026-09-23.20:18:31::SCWMssOS:: "ARCHIVER=arm-none-eabi-ar" "COMPILER_FLAGS=  -O2 -c" "EXTRA_COMPILER_FLAGS=-mcpu=cortex-a9 -mfpu=vfpv3 -mfloat-abi=hard -nost
TRACE::2026-09-23.20:18:31::SCWMssOS::artfiles -g -Wall -Wextra -fno-tree-loop-distribute-patterns"

TRACE::2026-09-23.20:18:31::SCWMssOS::Running Make libs in ps7_cortexa9_0/libsrc/coresightps_dcc_v1_8/src

TRACE::2026-09-23.20:18:31::SCWMssOS::make -C ps7_cortexa9_0/libsrc/coresightps_dcc_v1_8/src -s libs  "SHELL=/bin/sh" "COMPILER=arm-none-eabi-gcc" "ASSEMBLER=arm-non
TRACE::2026-09-23.20:18:31::SCWMssOS::e-eabi-as" "ARCHIVER=arm-none-eabi-ar" "COMPILER_FLAGS=  -O2 -c" "EXTRA_COMPILER_FLAGS=-mcpu=cortex-a9 -mfpu=vfpv3 -mfloat-abi=
TRACE::2026-09-23.20:18:31::SCWMssOS::hard -nostartfiles -g -Wall -Wextra -fno-tree-loop-distribute-patterns"

TRACE::2026-09-23.20:18:31::SCWMssOS::Running Make libs in ps7_cortexa9_0/libsrc/ddrps_v1_2/src

TRACE::2026-09-23.20:18:31::SCWMssOS::make -C ps7_cortexa9_0/libsrc/ddrps_v1_2/src -s libs  "SHELL=/bin/sh" "COMPILER=arm-none-eabi-gcc" "ASSEMBLER=arm-none-eabi-as"
TRACE::2026-09-23.20:18:31::SCWMssOS:: "ARCHIVER=arm-none-eabi-ar" "COMPILER_FLAGS=  -O2 -c" "EXTRA_COMPILER_FLAGS=-mcpu=cortex-a9 -mfpu=vfpv3 -mfloat-abi=hard -nost
TRACE::2026-09-23.20:18:31::SCWMssOS::artfiles -g -Wall -Wextra -fno-tree-loop-distribute-patterns"

TRACE::2026-09-23.20:18:32::SCWMssOS::Running Make libs in ps7_cortexa9_0/libsrc/xadcps_v2_6/src

TRACE::2026-09-23.20:18:32::SCWMssOS::make -C ps7_cortexa9_0/libsrc/xadcps_v2_6/src -s libs  "SHELL=/bin/sh" "COMPILER=arm-none-eabi-gcc" "ASSEMBLER=arm-none-eabi-as
TRACE::2026-09-23.20:18:32::SCWMssOS::" "ARCHIVER=arm-none-eabi-ar" "COMPILER_FLAGS=  -O2 -c" "EXTRA_COMPILER_FLAGS=-mcpu=cortex-a9 -mfpu=vfpv3 -mfloat-abi=hard -nos
TRACE::2026-09-23.20:18:32::SCWMssOS::tartfiles -g -Wall -Wextra -fno-tree-loop-distribute-patterns"

TRACE::2026-09-23.20:18:32::SCWMssOS::Running Make libs in ps7_cortexa9_0/libsrc/cpu_cortexa9_v2_11/src

TRACE::2026-09-23.20:18:32::SCWMssOS::make -C ps7_cortexa9_0/libsrc/cpu_cortexa9_v2_11/src -s libs  "SHELL=/bin/sh" "COMPILER=arm-none-eabi-gcc" "ASSEMBLER=arm-none-
TRACE::2026-09-23.20:18:32::SCWMssOS::eabi-as" "ARCHIVER=arm-none-eabi-ar" "COMPILER_FLAGS=  -O2 -c" "EXTRA_COMPILER_FLAGS=-mcpu=cortex-a9 -mfpu=vfpv3 -mfloat-abi=ha
TRACE::2026-09-23.20:18:32::SCWMssOS::rd -nostartfiles -g -Wall -Wextra -fno-tree-loop-distribute-patterns"

TRACE::2026-09-23.20:18:32::SCWMssOS::Running Make libs in ps7_cortexa9_0/libsrc/qspips_v3_9/src

TRACE::2026-09-23.20:18:32::SCWMssOS::make -C ps7_cortexa9_0/libsrc/qspips_v3_9/src -s libs  "SHELL=/bin/sh" "COMPILER=arm-none-eabi-gcc" "ASSEMBLER=arm-none-eabi-as
TRACE::2026-09-23.20:18:32::SCWMssOS::" "ARCHIVER=arm-none-eabi-ar" "COMPILER_FLAGS=  -O2 -c" "EXTRA_COMPILER_FLAGS=-mcpu=cortex-a9 -mfpu=vfpv3 -mfloat-abi=hard -nos
TRACE::2026-09-23.20:18:32::SCWMssOS::tartfiles -g -Wall -Wextra -fno-tree-loop-distribute-patterns"

TRACE::2026-09-23.20:18:32::SCWMssOS::Running Make libs in ps7_cortexa9_0/libsrc/dmaps_v2_8/src

TRACE::2026-09-23.20:18:32::SCWMssOS::make -C ps7_cortexa9_0/libsrc/dmaps_v2_8/src -s libs  "SHELL=/bin/sh" "COMPILER=arm-none-eabi-gcc" "ASSEMBLER=arm-none-eabi-as"
TRACE::2026-09-23.20:18:32::SCWMssOS:: "ARCHIVER=arm-none-eabi-ar" "COMPILER_FLAGS=  -O2 -c" "EXTRA_COMPILER_FLAGS=-mcpu=cortex-a9 -mfpu=vfpv3 -mfloat-abi=hard -nost
TRACE::2026-09-23.20:18:32::SCWMssOS::artfiles -g -Wall -Wextra -fno-tree-loop-distribute-patterns"

TRACE::2026-09-23.20:18:32::SCWMssOS::Finished building libraries parallelly.

TRACE::2026-09-23.20:18:32::SCWMssOS::make --no-print-directory archive

TRACE::2026-09-23.20:18:32::SCWMssOS::arm-none-eabi-ar -r  ps7_cortexa9_0/lib/libxil.a ps7_cortexa9_0/lib/xscugic_hw.o ps7_cortexa9_0/lib/xcoresightpsdcc.o ps7_corte
TRACE::2026-09-23.20:18:32::SCWMssOS::xa9_0/lib/xsdps_host.o ps7_cortexa9_0/lib/xusbps_intr.o ps7_cortexa9_0/lib/xil_assert.o ps7_cortexa9_0/lib/putnum.o ps7_cortexa
TRACE::2026-09-23.20:18:32::SCWMssOS::9_0/lib/xemacps_control.o ps7_cortexa9_0/lib/xil_exception.o ps7_cortexa9_0/lib/xqspips_selftest.o ps7_cortexa9_0/lib/lseek.o p
TRACE::2026-09-23.20:18:32::SCWMssOS::s7_cortexa9_0/lib/xqspips_sinit.o ps7_cortexa9_0/lib/xusbps_g.o ps7_cortexa9_0/lib/xgpiops.o ps7_cortexa9_0/lib/xqspips_g.o ps7
TRACE::2026-09-23.20:18:32::SCWMssOS::_cortexa9_0/lib/xemacps_sinit.o ps7_cortexa9_0/lib/_sbrk.o ps7_cortexa9_0/lib/xpm_counter.o ps7_cortexa9_0/lib/xttcps.o ps7_cor
TRACE::2026-09-23.20:18:32::SCWMssOS::texa9_0/lib/xdevcfg_selftest.o ps7_cortexa9_0/lib/xgpiops_sinit.o ps7_cortexa9_0/lib/xdevcfg_sinit.o ps7_cortexa9_0/lib/xil_tes
TRACE::2026-09-23.20:18:32::SCWMssOS::tcache.o ps7_cortexa9_0/lib/getpid.o ps7_cortexa9_0/lib/xscugic_intr.o ps7_cortexa9_0/lib/asm_vectors.o ps7_cortexa9_0/lib/xl2c
TRACE::2026-09-23.20:18:32::SCWMssOS::c_counter.o ps7_cortexa9_0/lib/xusbps_hw.o ps7_cortexa9_0/lib/xil_testmem.o ps7_cortexa9_0/lib/xuartps_selftest.o ps7_cortexa9_
TRACE::2026-09-23.20:18:32::SCWMssOS::0/lib/xdmaps.o ps7_cortexa9_0/lib/xuartps_sinit.o ps7_cortexa9_0/lib/xadcps.o ps7_cortexa9_0/lib/xuartps_g.o ps7_cortexa9_0/lib
TRACE::2026-09-23.20:18:32::SCWMssOS::/unlink.o ps7_cortexa9_0/lib/xil_printf.o ps7_cortexa9_0/lib/abort.o ps7_cortexa9_0/lib/xdmaps_sinit.o ps7_cortexa9_0/lib/xscuw
TRACE::2026-09-23.20:18:32::SCWMssOS::dt.o ps7_cortexa9_0/lib/xgpiops_selftest.o ps7_cortexa9_0/lib/xusbps_sinit.o ps7_cortexa9_0/lib/xemacps_g.o ps7_cortexa9_0/lib/
TRACE::2026-09-23.20:18:32::SCWMssOS::close.o ps7_cortexa9_0/lib/xsdps.o ps7_cortexa9_0/lib/xgpiops_g.o ps7_cortexa9_0/lib/xqspips_hw.o ps7_cortexa9_0/lib/xttcps_sel
TRACE::2026-09-23.20:18:32::SCWMssOS::ftest.o ps7_cortexa9_0/lib/xscutimer_selftest.o ps7_cortexa9_0/lib/xdmaps_selftest.o ps7_cortexa9_0/lib/inbyte.o ps7_cortexa9_0
TRACE::2026-09-23.20:18:32::SCWMssOS::/lib/xscutimer_sinit.o ps7_cortexa9_0/lib/xttcps_g.o ps7_cortexa9_0/lib/xil_misc_psreset_api.o ps7_cortexa9_0/lib/xsdps_options
TRACE::2026-09-23.20:18:32::SCWMssOS::.o ps7_cortexa9_0/lib/xscutimer_g.o ps7_cortexa9_0/lib/xdmaps_g.o ps7_cortexa9_0/lib/xqspips_options.o ps7_cortexa9_0/lib/xil_s
TRACE::2026-09-23.20:18:32::SCWMssOS::leeptimer.o ps7_cortexa9_0/lib/xdevcfg_hw.o ps7_cortexa9_0/lib/sleep.o ps7_cortexa9_0/lib/xusbps_endpoint.o ps7_cortexa9_0/lib/
TRACE::2026-09-23.20:18:32::SCWMssOS::_exit.o ps7_cortexa9_0/lib/time.o ps7_cortexa9_0/lib/xplatform_info.o ps7_cortexa9_0/lib/xadcps_selftest.o ps7_cortexa9_0/lib/x
TRACE::2026-09-23.20:18:32::SCWMssOS::adcps_sinit.o ps7_cortexa9_0/lib/xttcps_sinit.o ps7_cortexa9_0/lib/xadcps_g.o ps7_cortexa9_0/lib/xuartps_hw.o ps7_cortexa9_0/li
TRACE::2026-09-23.20:18:32::SCWMssOS::b/xscugic.o ps7_cortexa9_0/lib/xil-crt0.o ps7_cortexa9_0/lib/isatty.o ps7_cortexa9_0/lib/xscuwdt_selftest.o ps7_cortexa9_0/lib/
TRACE::2026-09-23.20:18:32::SCWMssOS::xemacps_intr.o ps7_cortexa9_0/lib/xil_clocking.o ps7_cortexa9_0/lib/xscuwdt_g.o ps7_cortexa9_0/lib/vectors.o ps7_cortexa9_0/lib
TRACE::2026-09-23.20:18:32::SCWMssOS::/xsdps_g.o ps7_cortexa9_0/lib/xuartps_options.o ps7_cortexa9_0/lib/xdevcfg_intr.o ps7_cortexa9_0/lib/errno.o ps7_cortexa9_0/lib
TRACE::2026-09-23.20:18:32::SCWMssOS::/fstat.o ps7_cortexa9_0/lib/xgpiops_hw.o ps7_cortexa9_0/lib/sbrk.o ps7_cortexa9_0/lib/xdmaps_hw.o ps7_cortexa9_0/lib/xsdps_card
TRACE::2026-09-23.20:18:32::SCWMssOS::.o ps7_cortexa9_0/lib/xuartps.o ps7_cortexa9_0/lib/xuartps_intr.o ps7_cortexa9_0/lib/xil_util.o ps7_cortexa9_0/lib/xscugic_self
TRACE::2026-09-23.20:18:32::SCWMssOS::test.o ps7_cortexa9_0/lib/xtime_l.o ps7_cortexa9_0/lib/xemacps_hw.o ps7_cortexa9_0/lib/read.o ps7_cortexa9_0/lib/xscuwdt_sinit.
TRACE::2026-09-23.20:18:32::SCWMssOS::o ps7_cortexa9_0/lib/outbyte.o ps7_cortexa9_0/lib/xdevcfg_g.o ps7_cortexa9_0/lib/open.o ps7_cortexa9_0/lib/xscugic_sinit.o ps7_
TRACE::2026-09-23.20:18:32::SCWMssOS::cortexa9_0/lib/xgpiops_intr.o ps7_cortexa9_0/lib/xscugic_g.o ps7_cortexa9_0/lib/xil_sleepcommon.o ps7_cortexa9_0/lib/usleep.o p
TRACE::2026-09-23.20:18:32::SCWMssOS::s7_cortexa9_0/lib/xsdps_sinit.o ps7_cortexa9_0/lib/xadcps_intr.o ps7_cortexa9_0/lib/cpu_init.o ps7_cortexa9_0/lib/xemacps_bdrin
TRACE::2026-09-23.20:18:32::SCWMssOS::g.o ps7_cortexa9_0/lib/boot.o ps7_cortexa9_0/lib/xil_mmu.o ps7_cortexa9_0/lib/write.o ps7_cortexa9_0/lib/translation_table.o ps
TRACE::2026-09-23.20:18:32::SCWMssOS::7_cortexa9_0/lib/xil_spinlock.o ps7_cortexa9_0/lib/xusbps.o ps7_cortexa9_0/lib/xqspips.o ps7_cortexa9_0/lib/print.o ps7_cortexa
TRACE::2026-09-23.20:18:32::SCWMssOS::9_0/lib/xil_testio.o ps7_cortexa9_0/lib/xil_cache.o ps7_cortexa9_0/lib/xemacps.o ps7_cortexa9_0/lib/xdevcfg.o ps7_cortexa9_0/li
TRACE::2026-09-23.20:18:32::SCWMssOS::b/xscutimer.o ps7_cortexa9_0/lib/xttcps_options.o ps7_cortexa9_0/lib/kill.o ps7_cortexa9_0/lib/fcntl.o ps7_cortexa9_0/lib/_open
TRACE::2026-09-23.20:18:32::SCWMssOS::.o ps7_cortexa9_0/lib/xil_mem.o ps7_cortexa9_0/lib/cpputest_time.o

TRACE::2026-09-23.20:18:32::SCWMssOS::Finished building libraries

TRACE::2026-09-23.20:18:32::SCWMssOS::Copying to export directory.
TRACE::2026-09-23.20:18:32::SCWMssOS:: Checking if to create the Supporting Applications
TRACE::2026-09-23.20:18:32::SCWMssOS:: No Linux domain exists, trying to generate FSBL 
LOG::2026-09-23.20:18:32::SCWSystem::Completed Processing the domain standalone_ps7_cortexa9_0
LOG::2026-09-23.20:18:32::SCWSystem::Completed Processing the sysconfig zynq_keypad_system_wrapper
LOG::2026-09-23.20:18:32::SCWPlatform::Completed generating the artifacts for system configuration zynq_keypad_system_wrapper
TRACE::2026-09-23.20:18:32::SCWPlatform::Started preparing the platform 
TRACE::2026-09-23.20:18:32::SCWSystem::Writing the bif file for system config zynq_keypad_system_wrapper
TRACE::2026-09-23.20:18:32::SCWSystem::dir created 
TRACE::2026-09-23.20:18:32::SCWSystem::Writing the bif 
TRACE::2026-09-23.20:18:32::SCWPlatform::Started writing the spfm file 
TRACE::2026-09-23.20:18:32::SCWPlatform::Started writing the xpfm file 
TRACE::2026-09-23.20:18:32::SCWPlatform::Completed generating the platform
TRACE::2026-09-23.20:18:32::SCWMssOS::Saving the mss changes /home/user/Desktop/lab_3/Vitis/zynq_keypad_system_wrapper/zynq_fsbl/zynq_fsbl_bsp/system.mss
TRACE::2026-09-23.20:18:32::SCWMssOS::Found a swdesign opened with the mssfile.
TRACE::2026-09-23.20:18:32::SCWMssOS::Completed writemss as part of save.
TRACE::2026-09-23.20:18:32::SCWMssOS::Commit changes completed.
TRACE::2026-09-23.20:18:32::SCWMssOS::Saving the mss changes /home/user/Desktop/lab_3/Vitis/zynq_keypad_system_wrapper/ps7_cortexa9_0/standalone_ps7_cortexa9_0/bsp/system.mss
TRACE::2026-09-23.20:18:32::SCWMssOS::Found a swdesign opened with the mssfile.
TRACE::2026-09-23.20:18:32::SCWMssOS::Completed writemss as part of save.
TRACE::2026-09-23.20:18:32::SCWMssOS::Commit changes completed.
TRACE::2026-09-23.20:18:32::SCWPlatform::Trying to open the hw design at /home/user/Desktop/lab_3/Vitis/zynq_keypad_system_wrapper/hw/zynq_keypad_system_wrapper.xsa
TRACE::2026-09-23.20:18:32::SCWPlatform::DSA given /home/user/Desktop/lab_3/Vitis/zynq_keypad_system_wrapper/hw/zynq_keypad_system_wrapper.xsa
TRACE::2026-09-23.20:18:32::SCWPlatform::DSA absoulate path /home/user/Desktop/lab_3/Vitis/zynq_keypad_system_wrapper/hw/zynq_keypad_system_wrapper.xsa
TRACE::2026-09-23.20:18:32::SCWPlatform::DSA directory /home/user/Desktop/lab_3/Vitis/zynq_keypad_system_wrapper/hw
TRACE::2026-09-23.20:18:32::SCWPlatform:: Platform Path /home/user/Desktop/lab_3/Vitis/zynq_keypad_system_wrapper/hw/zynq_keypad_system_wrapper.xsa
TRACE::2026-09-23.20:18:32::SCWPlatform:: Unique name xilinx:zybo::0.0
TRACE::2026-09-23.20:18:32::SCWPlatform::Trying to set the existing hwdb with name zynq_keypad_system_wrapper_0
TRACE::2026-09-23.20:18:32::SCWPlatform::Opened existing hwdb zynq_keypad_system_wrapper_0
TRACE::2026-09-23.20:18:32::SCWPlatform::Found the Hw Db part of the input DSA
TRACE::2026-09-23.20:18:32::SCWMssOS::Checking the sw design at  /home/user/Desktop/lab_3/Vitis/zynq_keypad_system_wrapper/zynq_fsbl/zynq_fsbl_bsp/system.mss
TRACE::2026-09-23.20:18:32::SCWMssOS::DEBUG:  swdes dump  /home/user/Desktop/lab_3/Vitis/zynq_keypad_system_wrapper/ps7_cortexa9_0/standalone_ps7_cortexa9_0/bsp/system.mss|system_0||
/home/user/Desktop/lab_3/Vitis/zynq_keypad_system_wrapper/zynq_fsbl/zynq_fsbl_bsp/system.mss|system||

TRACE::2026-09-23.20:18:32::SCWMssOS::Sw design exists and opened at  /home/user/Desktop/lab_3/Vitis/zynq_keypad_system_wrapper/zynq_fsbl/zynq_fsbl_bsp/system.mss
TRACE::2026-09-23.20:18:32::SCWPlatform::Trying to open the hw design at /home/user/Desktop/lab_3/Vitis/zynq_keypad_system_wrapper/hw/zynq_keypad_system_wrapper.xsa
TRACE::2026-09-23.20:18:32::SCWPlatform::DSA given /home/user/Desktop/lab_3/Vitis/zynq_keypad_system_wrapper/hw/zynq_keypad_system_wrapper.xsa
TRACE::2026-09-23.20:18:32::SCWPlatform::DSA absoulate path /home/user/Desktop/lab_3/Vitis/zynq_keypad_system_wrapper/hw/zynq_keypad_system_wrapper.xsa
TRACE::2026-09-23.20:18:32::SCWPlatform::DSA directory /home/user/Desktop/lab_3/Vitis/zynq_keypad_system_wrapper/hw
TRACE::2026-09-23.20:18:32::SCWPlatform:: Platform Path /home/user/Desktop/lab_3/Vitis/zynq_keypad_system_wrapper/hw/zynq_keypad_system_wrapper.xsa
TRACE::2026-09-23.20:18:32::SCWPlatform:: Unique name xilinx:zybo::0.0
TRACE::2026-09-23.20:18:32::SCWPlatform::Trying to set the existing hwdb with name zynq_keypad_system_wrapper_0
TRACE::2026-09-23.20:18:32::SCWPlatform::Opened existing hwdb zynq_keypad_system_wrapper_0
TRACE::2026-09-23.20:18:32::SCWPlatform::Found the Hw Db part of the input DSA
TRACE::2026-09-23.20:18:32::SCWMssOS::Checking the sw design at  /home/user/Desktop/lab_3/Vitis/zynq_keypad_system_wrapper/zynq_fsbl/zynq_fsbl_bsp/system.mss
TRACE::2026-09-23.20:18:32::SCWMssOS::DEBUG:  swdes dump  /home/user/Desktop/lab_3/Vitis/zynq_keypad_system_wrapper/ps7_cortexa9_0/standalone_ps7_cortexa9_0/bsp/system.mss|system_0||
/home/user/Desktop/lab_3/Vitis/zynq_keypad_system_wrapper/zynq_fsbl/zynq_fsbl_bsp/system.mss|system||

TRACE::2026-09-23.20:18:32::SCWMssOS::Sw design exists and opened at  /home/user/Desktop/lab_3/Vitis/zynq_keypad_system_wrapper/zynq_fsbl/zynq_fsbl_bsp/system.mss
TRACE::2026-09-23.20:18:32::SCWPlatform::Trying to open the hw design at /home/user/Desktop/lab_3/Vitis/zynq_keypad_system_wrapper/hw/zynq_keypad_system_wrapper.xsa
TRACE::2026-09-23.20:18:32::SCWPlatform::DSA given /home/user/Desktop/lab_3/Vitis/zynq_keypad_system_wrapper/hw/zynq_keypad_system_wrapper.xsa
TRACE::2026-09-23.20:18:32::SCWPlatform::DSA absoulate path /home/user/Desktop/lab_3/Vitis/zynq_keypad_system_wrapper/hw/zynq_keypad_system_wrapper.xsa
TRACE::2026-09-23.20:18:32::SCWPlatform::DSA directory /home/user/Desktop/lab_3/Vitis/zynq_keypad_system_wrapper/hw
TRACE::2026-09-23.20:18:32::SCWPlatform:: Platform Path /home/user/Desktop/lab_3/Vitis/zynq_keypad_system_wrapper/hw/zynq_keypad_system_wrapper.xsa
TRACE::2026-09-23.20:18:32::SCWPlatform:: Unique name xilinx:zybo::0.0
TRACE::2026-09-23.20:18:32::SCWPlatform::Trying to set the existing hwdb with name zynq_keypad_system_wrapper_0
TRACE::2026-09-23.20:18:32::SCWPlatform::Opened existing hwdb zynq_keypad_system_wrapper_0
TRACE::2026-09-23.20:18:32::SCWPlatform::Found the Hw Db part of the input DSA
TRACE::2026-09-23.20:18:32::SCWMssOS::Checking the sw design at  /home/user/Desktop/lab_3/Vitis/zynq_keypad_system_wrapper/zynq_fsbl/zynq_fsbl_bsp/system.mss
TRACE::2026-09-23.20:18:32::SCWMssOS::DEBUG:  swdes dump  /home/user/Desktop/lab_3/Vitis/zynq_keypad_system_wrapper/ps7_cortexa9_0/standalone_ps7_cortexa9_0/bsp/system.mss|system_0||
/home/user/Desktop/lab_3/Vitis/zynq_keypad_system_wrapper/zynq_fsbl/zynq_fsbl_bsp/system.mss|system||

TRACE::2026-09-23.20:18:32::SCWMssOS::Sw design exists and opened at  /home/user/Desktop/lab_3/Vitis/zynq_keypad_system_wrapper/zynq_fsbl/zynq_fsbl_bsp/system.mss
TRACE::2026-09-23.20:18:32::SCWPlatform::Trying to open the hw design at /home/user/Desktop/lab_3/Vitis/zynq_keypad_system_wrapper/hw/zynq_keypad_system_wrapper.xsa
TRACE::2026-09-23.20:18:32::SCWPlatform::DSA given /home/user/Desktop/lab_3/Vitis/zynq_keypad_system_wrapper/hw/zynq_keypad_system_wrapper.xsa
TRACE::2026-09-23.20:18:32::SCWPlatform::DSA absoulate path /home/user/Desktop/lab_3/Vitis/zynq_keypad_system_wrapper/hw/zynq_keypad_system_wrapper.xsa
TRACE::2026-09-23.20:18:32::SCWPlatform::DSA directory /home/user/Desktop/lab_3/Vitis/zynq_keypad_system_wrapper/hw
TRACE::2026-09-23.20:18:32::SCWPlatform:: Platform Path /home/user/Desktop/lab_3/Vitis/zynq_keypad_system_wrapper/hw/zynq_keypad_system_wrapper.xsa
TRACE::2026-09-23.20:18:32::SCWPlatform:: Unique name xilinx:zybo::0.0
TRACE::2026-09-23.20:18:32::SCWPlatform::Trying to set the existing hwdb with name zynq_keypad_system_wrapper_0
TRACE::2026-09-23.20:18:32::SCWPlatform::Opened existing hwdb zynq_keypad_system_wrapper_0
TRACE::2026-09-23.20:18:32::SCWPlatform::Found the Hw Db part of the input DSA
TRACE::2026-09-23.20:18:32::SCWMssOS::Checking the sw design at  /home/user/Desktop/lab_3/Vitis/zynq_keypad_system_wrapper/ps7_cortexa9_0/standalone_ps7_cortexa9_0/bsp/system.mss
TRACE::2026-09-23.20:18:32::SCWMssOS::DEBUG:  swdes dump  /home/user/Desktop/lab_3/Vitis/zynq_keypad_system_wrapper/ps7_cortexa9_0/standalone_ps7_cortexa9_0/bsp/system.mss|system_0||
/home/user/Desktop/lab_3/Vitis/zynq_keypad_system_wrapper/zynq_fsbl/zynq_fsbl_bsp/system.mss|system||

TRACE::2026-09-23.20:18:32::SCWMssOS::Sw design exists and opened at  /home/user/Desktop/lab_3/Vitis/zynq_keypad_system_wrapper/ps7_cortexa9_0/standalone_ps7_cortexa9_0/bsp/system.mss
TRACE::2026-09-23.20:18:32::SCWPlatform::Trying to open the hw design at /home/user/Desktop/lab_3/Vitis/zynq_keypad_system_wrapper/hw/zynq_keypad_system_wrapper.xsa
TRACE::2026-09-23.20:18:32::SCWPlatform::DSA given /home/user/Desktop/lab_3/Vitis/zynq_keypad_system_wrapper/hw/zynq_keypad_system_wrapper.xsa
TRACE::2026-09-23.20:18:32::SCWPlatform::DSA absoulate path /home/user/Desktop/lab_3/Vitis/zynq_keypad_system_wrapper/hw/zynq_keypad_system_wrapper.xsa
TRACE::2026-09-23.20:18:32::SCWPlatform::DSA directory /home/user/Desktop/lab_3/Vitis/zynq_keypad_system_wrapper/hw
TRACE::2026-09-23.20:18:32::SCWPlatform:: Platform Path /home/user/Desktop/lab_3/Vitis/zynq_keypad_system_wrapper/hw/zynq_keypad_system_wrapper.xsa
TRACE::2026-09-23.20:18:32::SCWPlatform:: Unique name xilinx:zybo::0.0
TRACE::2026-09-23.20:18:32::SCWPlatform::Trying to set the existing hwdb with name zynq_keypad_system_wrapper_0
TRACE::2026-09-23.20:18:32::SCWPlatform::Opened existing hwdb zynq_keypad_system_wrapper_0
TRACE::2026-09-23.20:18:32::SCWPlatform::Found the Hw Db part of the input DSA
TRACE::2026-09-23.20:18:32::SCWMssOS::Checking the sw design at  /home/user/Desktop/lab_3/Vitis/zynq_keypad_system_wrapper/ps7_cortexa9_0/standalone_ps7_cortexa9_0/bsp/system.mss
TRACE::2026-09-23.20:18:32::SCWMssOS::DEBUG:  swdes dump  /home/user/Desktop/lab_3/Vitis/zynq_keypad_system_wrapper/ps7_cortexa9_0/standalone_ps7_cortexa9_0/bsp/system.mss|system_0||
/home/user/Desktop/lab_3/Vitis/zynq_keypad_system_wrapper/zynq_fsbl/zynq_fsbl_bsp/system.mss|system||

TRACE::2026-09-23.20:18:32::SCWMssOS::Sw design exists and opened at  /home/user/Desktop/lab_3/Vitis/zynq_keypad_system_wrapper/ps7_cortexa9_0/standalone_ps7_cortexa9_0/bsp/system.mss
TRACE::2026-09-23.20:18:32::SCWPlatform::Trying to open the hw design at /home/user/Desktop/lab_3/Vitis/zynq_keypad_system_wrapper/hw/zynq_keypad_system_wrapper.xsa
TRACE::2026-09-23.20:18:32::SCWPlatform::DSA given /home/user/Desktop/lab_3/Vitis/zynq_keypad_system_wrapper/hw/zynq_keypad_system_wrapper.xsa
TRACE::2026-09-23.20:18:32::SCWPlatform::DSA absoulate path /home/user/Desktop/lab_3/Vitis/zynq_keypad_system_wrapper/hw/zynq_keypad_system_wrapper.xsa
TRACE::2026-09-23.20:18:32::SCWPlatform::DSA directory /home/user/Desktop/lab_3/Vitis/zynq_keypad_system_wrapper/hw
TRACE::2026-09-23.20:18:32::SCWPlatform:: Platform Path /home/user/Desktop/lab_3/Vitis/zynq_keypad_system_wrapper/hw/zynq_keypad_system_wrapper.xsa
TRACE::2026-09-23.20:18:32::SCWPlatform:: Unique name xilinx:zybo::0.0
TRACE::2026-09-23.20:18:32::SCWPlatform::Trying to set the existing hwdb with name zynq_keypad_system_wrapper_0
TRACE::2026-09-23.20:18:32::SCWPlatform::Opened existing hwdb zynq_keypad_system_wrapper_0
TRACE::2026-09-23.20:18:32::SCWPlatform::Found the Hw Db part of the input DSA
TRACE::2026-09-23.20:18:32::SCWMssOS::Checking the sw design at  /home/user/Desktop/lab_3/Vitis/zynq_keypad_system_wrapper/ps7_cortexa9_0/standalone_ps7_cortexa9_0/bsp/system.mss
TRACE::2026-09-23.20:18:32::SCWMssOS::DEBUG:  swdes dump  /home/user/Desktop/lab_3/Vitis/zynq_keypad_system_wrapper/ps7_cortexa9_0/standalone_ps7_cortexa9_0/bsp/system.mss|system_0||
/home/user/Desktop/lab_3/Vitis/zynq_keypad_system_wrapper/zynq_fsbl/zynq_fsbl_bsp/system.mss|system||

TRACE::2026-09-23.20:18:32::SCWMssOS::Sw design exists and opened at  /home/user/Desktop/lab_3/Vitis/zynq_keypad_system_wrapper/ps7_cortexa9_0/standalone_ps7_cortexa9_0/bsp/system.mss
TRACE::2026-09-23.20:18:32::SCWWriter::formatted JSON is {
	"platformName":	"zynq_keypad_system_wrapper",
	"sprVersion":	"2.0",
	"mode":	"gui",
	"dsaType":	"Fixed",
	"platformDesc":	"zynq_keypad_system_wrapper",
	"platHandOff":	"/home/user/Desktop/lab_3/zynq_keypad_system_wrapper.xsa",
	"platIntHandOff":	"<platformDir>/hw/zynq_keypad_system_wrapper.xsa",
	"deviceType":	"zynq",
	"platIsPrebuiltAutogen":	"false",
	"platIsNoBootBsp":	"false",
	"platFsblTarget":	"ps7_cortexa9_0",
	"hasFsblMakeHasChanges":	"false",
	"hasPmufwMakeHasChanges":	"false",
	"fsblExtraCompilerFlags":	"-MMD -MP       -mcpu=cortex-a9 -mfpu=vfpv3 -mfloat-abi=hard ",
	"platPreBuiltFlag":	false,
	"platformSamplesDir":	"",
	"platActiveSys":	"zynq_keypad_system_wrapper",
	"systems":	[{
			"systemName":	"zynq_keypad_system_wrapper",
			"systemDesc":	"zynq_keypad_system_wrapper",
			"sysIsBootAutoGen":	"true",
			"systemDispName":	"zynq_keypad_system_wrapper",
			"sysActiveDom":	"standalone_ps7_cortexa9_0",
			"sysDefaultDom":	"standalone_ps7_cortexa9_0",
			"domains":	[{
					"domainName":	"zynq_fsbl",
					"domainDispName":	"zynq_fsbl",
					"domainDesc":	"FSBL Application BSP - Auto Generated.",
					"processors":	"ps7_cortexa9_0",
					"os":	"standalone",
					"sdxOs":	"standalone",
					"debugEnable":	"",
					"domRuntimes":	["cpp"],
					"swRepo":	"",
					"mssOsVer":	"7.5",
					"mssFile":	"",
					"md5Digest":	"986bdada04ec859b524eda169740ea2f",
					"compatibleApp":	"zynq_fsbl",
					"domType":	"bootDomain",
					"arch":	"32-bit",
					"appSettings":	{
						"appCompilerFlags":	"",
						"appLinkerFlags":	""
					},
					"addedLibs":	["xilffs:4.5", "xilrsa:1.6"],
					"libOptions":	{
						"libsContainingOptions":	[]
					},
					"prebuiltLibs":	{
						"prebuiltIncPath":	[],
						"prebuiltLibPath":	[]
					},
					"isolation":	{
					}
				}, {
					"domainName":	"standalone_ps7_cortexa9_0",
					"domainDispName":	"standalone_ps7_cortexa9_0",
					"domainDesc":	"standalone_ps7_cortexa9_0",
					"processors":	"ps7_cortexa9_0",
					"os":	"standalone",
					"sdxOs":	"standalone",
					"qemuArgs":	"/home/software/Xilinx/Vitis/2021.1/data/emulation/platforms/zynq/sw/a9_standalone/qemu/qemu_args.txt",
					"qemuData":	"/home/software/Xilinx/Vitis/2021.1/data/emulation/platforms/zynq/sw/a9_standalone/qemu/",
					"debugEnable":	"False",
					"domRuntimes":	["cpp"],
					"swRepo":	"",
					"mssOsVer":	"7.5",
					"mssFile":	"",
					"md5Digest":	"a513dc7d62ebf08984ba988e351c6210",
					"compatibleApp":	"empty_application",
					"domType":	"mssDomain",
					"arch":	"32-bit",
					"appSettings":	{
						"appCompilerFlags":	"",
						"appLinkerFlags":	""
					},
					"addedLibs":	[],
					"libOptions":	{
						"libsContainingOptions":	[]
					},
					"prebuiltLibs":	{
						"prebuiltIncPath":	[],
						"prebuiltLibPath":	[]
					},
					"isolation":	{
					}
				}]
		}]
}
KEYINFO::2026-09-23.20:18:32::SCWPlatform::updated the xpfm file.
TRACE::2026-09-23.20:18:32::SCWPlatform::Trying to open the hw design at /home/user/Desktop/lab_3/Vitis/zynq_keypad_system_wrapper/hw/zynq_keypad_system_wrapper.xsa
TRACE::2026-09-23.20:18:32::SCWPlatform::DSA given /home/user/Desktop/lab_3/Vitis/zynq_keypad_system_wrapper/hw/zynq_keypad_system_wrapper.xsa
TRACE::2026-09-23.20:18:32::SCWPlatform::DSA absoulate path /home/user/Desktop/lab_3/Vitis/zynq_keypad_system_wrapper/hw/zynq_keypad_system_wrapper.xsa
TRACE::2026-09-23.20:18:32::SCWPlatform::DSA directory /home/user/Desktop/lab_3/Vitis/zynq_keypad_system_wrapper/hw
TRACE::2026-09-23.20:18:32::SCWPlatform:: Platform Path /home/user/Desktop/lab_3/Vitis/zynq_keypad_system_wrapper/hw/zynq_keypad_system_wrapper.xsa
TRACE::2026-09-23.20:18:32::SCWPlatform:: Unique name xilinx:zybo::0.0
TRACE::2026-09-23.20:18:32::SCWPlatform::Trying to set the existing hwdb with name zynq_keypad_system_wrapper_0
TRACE::2026-09-23.20:18:32::SCWPlatform::Opened existing hwdb zynq_keypad_system_wrapper_0
TRACE::2026-09-23.20:18:32::SCWPlatform::Found the Hw Db part of the input DSA
TRACE::2026-09-23.20:18:32::SCWMssOS::Checking the sw design at  /home/user/Desktop/lab_3/Vitis/zynq_keypad_system_wrapper/ps7_cortexa9_0/standalone_ps7_cortexa9_0/bsp/system.mss
TRACE::2026-09-23.20:18:32::SCWMssOS::DEBUG:  swdes dump  /home/user/Desktop/lab_3/Vitis/zynq_keypad_system_wrapper/ps7_cortexa9_0/standalone_ps7_cortexa9_0/bsp/system.mss|system_0||
/home/user/Desktop/lab_3/Vitis/zynq_keypad_system_wrapper/zynq_fsbl/zynq_fsbl_bsp/system.mss|system||

TRACE::2026-09-23.20:18:32::SCWMssOS::Sw design exists and opened at  /home/user/Desktop/lab_3/Vitis/zynq_keypad_system_wrapper/ps7_cortexa9_0/standalone_ps7_cortexa9_0/bsp/system.mss
TRACE::2026-09-23.20:34:38::SCWBDomain::System Command Ran  cd  /home/user/Desktop/lab_3/Vitis/zynq_keypad_system_wrapper/zynq_fsbl ; bash -c "make  clean" 
TRACE::2026-09-23.20:34:38::SCWBDomain::rm -rf  pcap.o  nand.o  qspi.o  rsa.o  main.o  md5.o  image_mover.o  ps7_init.o  nor.o  fsbl_hooks.o  sd.o  fsbl_handoff.o  zyn
TRACE::2026-09-23.20:34:38::SCWBDomain::q_fsbl_bsp/ps7_cortexa9_0/lib/libxil.a fsbl.elf *.o

TRACE::2026-09-23.20:34:38::SCWBDomain::System Command Ran  cd  /home/user/Desktop/lab_3/Vitis/zynq_keypad_system_wrapper/zynq_fsbl/zynq_fsbl_bsp ; bash -c "make  clean" 
TRACE::2026-09-23.20:34:38::SCWBDomain::make -C ps7_cortexa9_0/libsrc/gpiops_v3_9/src -s clean 

TRACE::2026-09-23.20:34:38::SCWBDomain::make -C ps7_cortexa9_0/libsrc/scugic_v4_5/src -s clean 

TRACE::2026-09-23.20:34:38::SCWBDomain::make -C ps7_cortexa9_0/libsrc/xilffs_v4_5/src -s clean 

TRACE::2026-09-23.20:34:38::SCWBDomain::make -C ps7_cortexa9_0/libsrc/scuwdt_v2_4/src -s clean 

TRACE::2026-09-23.20:34:38::SCWBDomain::make -C ps7_cortexa9_0/libsrc/devcfg_v3_7/src -s clean 

TRACE::2026-09-23.20:34:38::SCWBDomain::make -C ps7_cortexa9_0/libsrc/standalone_v7_5/src -s clean 

TRACE::2026-09-23.20:34:38::SCWBDomain::make -C ps7_cortexa9_0/libsrc/xilrsa_v1_6/src -s clean 

TRACE::2026-09-23.20:34:38::SCWBDomain::make -C ps7_cortexa9_0/libsrc/uartps_v3_11/src -s clean 

TRACE::2026-09-23.20:34:38::SCWBDomain::make -C ps7_cortexa9_0/libsrc/scutimer_v2_3/src -s clean 

TRACE::2026-09-23.20:34:38::SCWBDomain::make -C ps7_cortexa9_0/libsrc/sdps_v3_12/src -s clean 

TRACE::2026-09-23.20:34:38::SCWBDomain::make -C ps7_cortexa9_0/libsrc/emacps_v3_14/src -s clean 

TRACE::2026-09-23.20:34:38::SCWBDomain::make -C ps7_cortexa9_0/libsrc/ttcps_v3_14/src -s clean 

TRACE::2026-09-23.20:34:38::SCWBDomain::make -C ps7_cortexa9_0/libsrc/usbps_v2_7/src -s clean 

TRACE::2026-09-23.20:34:38::SCWBDomain::make -C ps7_cortexa9_0/libsrc/coresightps_dcc_v1_8/src -s clean 

TRACE::2026-09-23.20:34:38::SCWBDomain::make -C ps7_cortexa9_0/libsrc/ddrps_v1_2/src -s clean 

TRACE::2026-09-23.20:34:38::SCWBDomain::make -C ps7_cortexa9_0/libsrc/xadcps_v2_6/src -s clean 

TRACE::2026-09-23.20:34:38::SCWBDomain::make -C ps7_cortexa9_0/libsrc/cpu_cortexa9_v2_11/src -s clean 

TRACE::2026-09-23.20:34:38::SCWBDomain::make -C ps7_cortexa9_0/libsrc/qspips_v3_9/src -s clean 

TRACE::2026-09-23.20:34:38::SCWBDomain::make -C ps7_cortexa9_0/libsrc/dmaps_v2_8/src -s clean 

TRACE::2026-09-23.20:34:38::SCWBDomain::make -C ps7_cortexa9_0/libsrc/PmodKYPD_v1_0/src -s clean 

TRACE::2026-09-23.20:34:38::SCWBDomain::rm -f ps7_cortexa9_0/lib/libxil.a

TRACE::2026-09-23.20:34:38::SCWMssOS::cleaning the bsp 
TRACE::2026-09-23.20:34:38::SCWMssOS::System Command Ran  cd  /home/user/Desktop/lab_3/Vitis/zynq_keypad_system_wrapper/ps7_cortexa9_0/standalone_ps7_cortexa9_0/bsp ; bash -c "make  clean " 
TRACE::2026-09-23.20:34:38::SCWMssOS::make -C ps7_cortexa9_0/libsrc/gpiops_v3_9/src -s clean 

TRACE::2026-09-23.20:34:38::SCWMssOS::make -C ps7_cortexa9_0/libsrc/scugic_v4_5/src -s clean 

TRACE::2026-09-23.20:34:38::SCWMssOS::make -C ps7_cortexa9_0/libsrc/scuwdt_v2_4/src -s clean 

TRACE::2026-09-23.20:34:38::SCWMssOS::make -C ps7_cortexa9_0/libsrc/devcfg_v3_7/src -s clean 

TRACE::2026-09-23.20:34:38::SCWMssOS::make -C ps7_cortexa9_0/libsrc/standalone_v7_5/src -s clean 

TRACE::2026-09-23.20:34:38::SCWMssOS::make -C ps7_cortexa9_0/libsrc/uartps_v3_11/src -s clean 

TRACE::2026-09-23.20:34:38::SCWMssOS::make -C ps7_cortexa9_0/libsrc/scutimer_v2_3/src -s clean 

TRACE::2026-09-23.20:34:38::SCWMssOS::make -C ps7_cortexa9_0/libsrc/sdps_v3_12/src -s clean 

TRACE::2026-09-23.20:34:38::SCWMssOS::make -C ps7_cortexa9_0/libsrc/emacps_v3_14/src -s clean 

TRACE::2026-09-23.20:34:38::SCWMssOS::make -C ps7_cortexa9_0/libsrc/ttcps_v3_14/src -s clean 

TRACE::2026-09-23.20:34:38::SCWMssOS::make -C ps7_cortexa9_0/libsrc/usbps_v2_7/src -s clean 

TRACE::2026-09-23.20:34:38::SCWMssOS::make -C ps7_cortexa9_0/libsrc/coresightps_dcc_v1_8/src -s clean 

TRACE::2026-09-23.20:34:38::SCWMssOS::make -C ps7_cortexa9_0/libsrc/ddrps_v1_2/src -s clean 

TRACE::2026-09-23.20:34:38::SCWMssOS::make -C ps7_cortexa9_0/libsrc/xadcps_v2_6/src -s clean 

TRACE::2026-09-23.20:34:38::SCWMssOS::make -C ps7_cortexa9_0/libsrc/cpu_cortexa9_v2_11/src -s clean 

TRACE::2026-09-23.20:34:38::SCWMssOS::make -C ps7_cortexa9_0/libsrc/qspips_v3_9/src -s clean 

TRACE::2026-09-23.20:34:38::SCWMssOS::make -C ps7_cortexa9_0/libsrc/dmaps_v2_8/src -s clean 

TRACE::2026-09-23.20:34:38::SCWMssOS::make -C ps7_cortexa9_0/libsrc/PmodKYPD_v1_0/src -s clean 

TRACE::2026-09-23.20:34:38::SCWMssOS::rm -f ps7_cortexa9_0/lib/libxil.a

LOG::2026-09-23.20:36:07::SCWPlatform::Started generating the artifacts platform zynq_keypad_system_wrapper
TRACE::2026-09-23.20:36:07::SCWPlatform::Sanity checking of platform is completed
LOG::2026-09-23.20:36:07::SCWPlatform::Started generating the artifacts for system configuration zynq_keypad_system_wrapper
LOG::2026-09-23.20:36:07::SCWSystem::Checking the domain zynq_fsbl
LOG::2026-09-23.20:36:07::SCWSystem::Doing application build for :  zynq_fsbl
TRACE::2026-09-23.20:36:07::SCWBDomain::Not a forced makefile updation, No changes are present. 
TRACE::2026-09-23.20:36:07::SCWDomain::Building the domain as part of full build :  zynq_fsbl
TRACE::2026-09-23.20:36:07::SCWPlatform::Trying to open the hw design at /home/user/Desktop/lab_3/Vitis/zynq_keypad_system_wrapper/hw/zynq_keypad_system_wrapper.xsa
TRACE::2026-09-23.20:36:07::SCWPlatform::DSA given /home/user/Desktop/lab_3/Vitis/zynq_keypad_system_wrapper/hw/zynq_keypad_system_wrapper.xsa
TRACE::2026-09-23.20:36:07::SCWPlatform::DSA absoulate path /home/user/Desktop/lab_3/Vitis/zynq_keypad_system_wrapper/hw/zynq_keypad_system_wrapper.xsa
TRACE::2026-09-23.20:36:07::SCWPlatform::DSA directory /home/user/Desktop/lab_3/Vitis/zynq_keypad_system_wrapper/hw
TRACE::2026-09-23.20:36:07::SCWPlatform:: Platform Path /home/user/Desktop/lab_3/Vitis/zynq_keypad_system_wrapper/hw/zynq_keypad_system_wrapper.xsa
TRACE::2026-09-23.20:36:07::SCWPlatform:: Unique name xilinx:zybo::0.0
TRACE::2026-09-23.20:36:07::SCWPlatform::Trying to set the existing hwdb with name zynq_keypad_system_wrapper_0
TRACE::2026-09-23.20:36:07::SCWPlatform::Opened existing hwdb zynq_keypad_system_wrapper_0
TRACE::2026-09-23.20:36:07::SCWPlatform::Found the Hw Db part of the input DSA
TRACE::2026-09-23.20:36:07::SCWMssOS::Checking the sw design at  /home/user/Desktop/lab_3/Vitis/zynq_keypad_system_wrapper/zynq_fsbl/zynq_fsbl_bsp/system.mss
TRACE::2026-09-23.20:36:07::SCWMssOS::DEBUG:  swdes dump  /home/user/Desktop/lab_3/Vitis/zynq_keypad_system_wrapper/ps7_cortexa9_0/standalone_ps7_cortexa9_0/bsp/system.mss|system_0||
/home/user/Desktop/lab_3/Vitis/zynq_keypad_system_wrapper/zynq_fsbl/zynq_fsbl_bsp/system.mss|system||

TRACE::2026-09-23.20:36:07::SCWMssOS::Sw design exists and opened at  /home/user/Desktop/lab_3/Vitis/zynq_keypad_system_wrapper/zynq_fsbl/zynq_fsbl_bsp/system.mss
TRACE::2026-09-23.20:36:07::SCWBDomain::Completed writing the mss file at /home/user/Desktop/lab_3/Vitis/zynq_keypad_system_wrapper/zynq_fsbl/zynq_fsbl_bsp
TRACE::2026-09-23.20:36:07::SCWBDomain::bsp generated is upto date with the mss file. Skipping bsp generation.
TRACE::2026-09-23.20:36:07::SCWBDomain::Not a forced makefile updation, No changes are present. 
TRACE::2026-09-23.20:36:07::SCWBDomain::System Command Ran  cd  /home/user/Desktop/lab_3/Vitis/zynq_keypad_system_wrapper/zynq_fsbl ; bash -c " make -C zynq_fsbl_bsp ; make  " 
TRACE::2026-09-23.20:36:07::SCWBDomain::make: Entering directory '/home/user/Desktop/lab_3/Vitis/zynq_keypad_system_wrapper/zynq_fsbl/zynq_fsbl_bsp'

TRACE::2026-09-23.20:36:07::SCWBDomain::make --no-print-directory seq_libs

TRACE::2026-09-23.20:36:07::SCWBDomain::Running Make include in ps7_cortexa9_0/libsrc/gpiops_v3_9/src

TRACE::2026-09-23.20:36:07::SCWBDomain::make -C ps7_cortexa9_0/libsrc/gpiops_v3_9/src -s include  "SHELL=/bin/sh" "COMPILER=arm-none-eabi-gcc" "ASSEMBLER=arm-none-eabi
TRACE::2026-09-23.20:36:07::SCWBDomain::-as" "ARCHIVER=arm-none-eabi-ar" "COMPILER_FLAGS=  -O2 -c" "EXTRA_COMPILER_FLAGS=-mcpu=cortex-a9 -mfpu=vfpv3 -mfloat-abi=hard -
TRACE::2026-09-23.20:36:07::SCWBDomain::nostartfiles -g -Wall -Wextra -fno-tree-loop-distribute-patterns"

TRACE::2026-09-23.20:36:07::SCWBDomain::Running Make include in ps7_cortexa9_0/libsrc/scugic_v4_5/src

TRACE::2026-09-23.20:36:07::SCWBDomain::make -C ps7_cortexa9_0/libsrc/scugic_v4_5/src -s include  "SHELL=/bin/sh" "COMPILER=arm-none-eabi-gcc" "ASSEMBLER=arm-none-eabi
TRACE::2026-09-23.20:36:07::SCWBDomain::-as" "ARCHIVER=arm-none-eabi-ar" "COMPILER_FLAGS=  -O2 -c" "EXTRA_COMPILER_FLAGS=-mcpu=cortex-a9 -mfpu=vfpv3 -mfloat-abi=hard -
TRACE::2026-09-23.20:36:07::SCWBDomain::nostartfiles -g -Wall -Wextra -fno-tree-loop-distribute-patterns"

TRACE::2026-09-23.20:36:07::SCWBDomain::Running Make include in ps7_cortexa9_0/libsrc/xilffs_v4_5/src

TRACE::2026-09-23.20:36:07::SCWBDomain::make -C ps7_cortexa9_0/libsrc/xilffs_v4_5/src -s include  "SHELL=/bin/sh" "COMPILER=arm-none-eabi-gcc" "ASSEMBLER=arm-none-eabi
TRACE::2026-09-23.20:36:07::SCWBDomain::-as" "ARCHIVER=arm-none-eabi-ar" "COMPILER_FLAGS=  -O2 -c" "EXTRA_COMPILER_FLAGS=-mcpu=cortex-a9 -mfpu=vfpv3 -mfloat-abi=hard -
TRACE::2026-09-23.20:36:07::SCWBDomain::nostartfiles -g -Wall -Wextra -fno-tree-loop-distribute-patterns"

TRACE::2026-09-23.20:36:07::SCWBDomain::Running Make include in ps7_cortexa9_0/libsrc/scuwdt_v2_4/src

TRACE::2026-09-23.20:36:07::SCWBDomain::make -C ps7_cortexa9_0/libsrc/scuwdt_v2_4/src -s include  "SHELL=/bin/sh" "COMPILER=arm-none-eabi-gcc" "ASSEMBLER=arm-none-eabi
TRACE::2026-09-23.20:36:07::SCWBDomain::-as" "ARCHIVER=arm-none-eabi-ar" "COMPILER_FLAGS=  -O2 -c" "EXTRA_COMPILER_FLAGS=-mcpu=cortex-a9 -mfpu=vfpv3 -mfloat-abi=hard -
TRACE::2026-09-23.20:36:07::SCWBDomain::nostartfiles -g -Wall -Wextra -fno-tree-loop-distribute-patterns"

TRACE::2026-09-23.20:36:07::SCWBDomain::Running Make include in ps7_cortexa9_0/libsrc/devcfg_v3_7/src

TRACE::2026-09-23.20:36:07::SCWBDomain::make -C ps7_cortexa9_0/libsrc/devcfg_v3_7/src -s include  "SHELL=/bin/sh" "COMPILER=arm-none-eabi-gcc" "ASSEMBLER=arm-none-eabi
TRACE::2026-09-23.20:36:07::SCWBDomain::-as" "ARCHIVER=arm-none-eabi-ar" "COMPILER_FLAGS=  -O2 -c" "EXTRA_COMPILER_FLAGS=-mcpu=cortex-a9 -mfpu=vfpv3 -mfloat-abi=hard -
TRACE::2026-09-23.20:36:07::SCWBDomain::nostartfiles -g -Wall -Wextra -fno-tree-loop-distribute-patterns"

TRACE::2026-09-23.20:36:07::SCWBDomain::Running Make include in ps7_cortexa9_0/libsrc/standalone_v7_5/src

TRACE::2026-09-23.20:36:07::SCWBDomain::make -C ps7_cortexa9_0/libsrc/standalone_v7_5/src -s include  "SHELL=/bin/sh" "COMPILER=arm-none-eabi-gcc" "ASSEMBLER=arm-none-
TRACE::2026-09-23.20:36:07::SCWBDomain::eabi-as" "ARCHIVER=arm-none-eabi-ar" "COMPILER_FLAGS=  -O2 -c" "EXTRA_COMPILER_FLAGS=-mcpu=cortex-a9 -mfpu=vfpv3 -mfloat-abi=ha
TRACE::2026-09-23.20:36:07::SCWBDomain::rd -nostartfiles -g -Wall -Wextra -fno-tree-loop-distribute-patterns"

TRACE::2026-09-23.20:36:07::SCWBDomain::Running Make include in ps7_cortexa9_0/libsrc/xilrsa_v1_6/src

TRACE::2026-09-23.20:36:07::SCWBDomain::make -C ps7_cortexa9_0/libsrc/xilrsa_v1_6/src -s include  "SHELL=/bin/sh" "COMPILER=arm-none-eabi-gcc" "ASSEMBLER=arm-none-eabi
TRACE::2026-09-23.20:36:07::SCWBDomain::-as" "ARCHIVER=arm-none-eabi-ar" "COMPILER_FLAGS=  -O2 -c" "EXTRA_COMPILER_FLAGS=-mcpu=cortex-a9 -mfpu=vfpv3 -mfloat-abi=hard -
TRACE::2026-09-23.20:36:07::SCWBDomain::nostartfiles -g -Wall -Wextra -fno-tree-loop-distribute-patterns"

TRACE::2026-09-23.20:36:07::SCWBDomain::Running Make include in ps7_cortexa9_0/libsrc/uartps_v3_11/src

TRACE::2026-09-23.20:36:07::SCWBDomain::make -C ps7_cortexa9_0/libsrc/uartps_v3_11/src -s include  "SHELL=/bin/sh" "COMPILER=arm-none-eabi-gcc" "ASSEMBLER=arm-none-eab
TRACE::2026-09-23.20:36:07::SCWBDomain::i-as" "ARCHIVER=arm-none-eabi-ar" "COMPILER_FLAGS=  -O2 -c" "EXTRA_COMPILER_FLAGS=-mcpu=cortex-a9 -mfpu=vfpv3 -mfloat-abi=hard 
TRACE::2026-09-23.20:36:07::SCWBDomain::-nostartfiles -g -Wall -Wextra -fno-tree-loop-distribute-patterns"

TRACE::2026-09-23.20:36:07::SCWBDomain::Running Make include in ps7_cortexa9_0/libsrc/scutimer_v2_3/src

TRACE::2026-09-23.20:36:07::SCWBDomain::make -C ps7_cortexa9_0/libsrc/scutimer_v2_3/src -s include  "SHELL=/bin/sh" "COMPILER=arm-none-eabi-gcc" "ASSEMBLER=arm-none-ea
TRACE::2026-09-23.20:36:07::SCWBDomain::bi-as" "ARCHIVER=arm-none-eabi-ar" "COMPILER_FLAGS=  -O2 -c" "EXTRA_COMPILER_FLAGS=-mcpu=cortex-a9 -mfpu=vfpv3 -mfloat-abi=hard
TRACE::2026-09-23.20:36:07::SCWBDomain:: -nostartfiles -g -Wall -Wextra -fno-tree-loop-distribute-patterns"

TRACE::2026-09-23.20:36:07::SCWBDomain::Running Make include in ps7_cortexa9_0/libsrc/sdps_v3_12/src

TRACE::2026-09-23.20:36:07::SCWBDomain::make -C ps7_cortexa9_0/libsrc/sdps_v3_12/src -s include  "SHELL=/bin/sh" "COMPILER=arm-none-eabi-gcc" "ASSEMBLER=arm-none-eabi-
TRACE::2026-09-23.20:36:07::SCWBDomain::as" "ARCHIVER=arm-none-eabi-ar" "COMPILER_FLAGS=  -O2 -c" "EXTRA_COMPILER_FLAGS=-mcpu=cortex-a9 -mfpu=vfpv3 -mfloat-abi=hard -n
TRACE::2026-09-23.20:36:07::SCWBDomain::ostartfiles -g -Wall -Wextra -fno-tree-loop-distribute-patterns"

TRACE::2026-09-23.20:36:07::SCWBDomain::Running Make include in ps7_cortexa9_0/libsrc/emacps_v3_14/src

TRACE::2026-09-23.20:36:07::SCWBDomain::make -C ps7_cortexa9_0/libsrc/emacps_v3_14/src -s include  "SHELL=/bin/sh" "COMPILER=arm-none-eabi-gcc" "ASSEMBLER=arm-none-eab
TRACE::2026-09-23.20:36:07::SCWBDomain::i-as" "ARCHIVER=arm-none-eabi-ar" "COMPILER_FLAGS=  -O2 -c" "EXTRA_COMPILER_FLAGS=-mcpu=cortex-a9 -mfpu=vfpv3 -mfloat-abi=hard 
TRACE::2026-09-23.20:36:07::SCWBDomain::-nostartfiles -g -Wall -Wextra -fno-tree-loop-distribute-patterns"

TRACE::2026-09-23.20:36:07::SCWBDomain::Running Make include in ps7_cortexa9_0/libsrc/ttcps_v3_14/src

TRACE::2026-09-23.20:36:07::SCWBDomain::make -C ps7_cortexa9_0/libsrc/ttcps_v3_14/src -s include  "SHELL=/bin/sh" "COMPILER=arm-none-eabi-gcc" "ASSEMBLER=arm-none-eabi
TRACE::2026-09-23.20:36:07::SCWBDomain::-as" "ARCHIVER=arm-none-eabi-ar" "COMPILER_FLAGS=  -O2 -c" "EXTRA_COMPILER_FLAGS=-mcpu=cortex-a9 -mfpu=vfpv3 -mfloat-abi=hard -
TRACE::2026-09-23.20:36:07::SCWBDomain::nostartfiles -g -Wall -Wextra -fno-tree-loop-distribute-patterns"

TRACE::2026-09-23.20:36:07::SCWBDomain::Running Make include in ps7_cortexa9_0/libsrc/usbps_v2_7/src

TRACE::2026-09-23.20:36:07::SCWBDomain::make -C ps7_cortexa9_0/libsrc/usbps_v2_7/src -s include  "SHELL=/bin/sh" "COMPILER=arm-none-eabi-gcc" "ASSEMBLER=arm-none-eabi-
TRACE::2026-09-23.20:36:07::SCWBDomain::as" "ARCHIVER=arm-none-eabi-ar" "COMPILER_FLAGS=  -O2 -c" "EXTRA_COMPILER_FLAGS=-mcpu=cortex-a9 -mfpu=vfpv3 -mfloat-abi=hard -n
TRACE::2026-09-23.20:36:07::SCWBDomain::ostartfiles -g -Wall -Wextra -fno-tree-loop-distribute-patterns"

TRACE::2026-09-23.20:36:07::SCWBDomain::Running Make include in ps7_cortexa9_0/libsrc/coresightps_dcc_v1_8/src

TRACE::2026-09-23.20:36:07::SCWBDomain::make -C ps7_cortexa9_0/libsrc/coresightps_dcc_v1_8/src -s include  "SHELL=/bin/sh" "COMPILER=arm-none-eabi-gcc" "ASSEMBLER=arm-
TRACE::2026-09-23.20:36:07::SCWBDomain::none-eabi-as" "ARCHIVER=arm-none-eabi-ar" "COMPILER_FLAGS=  -O2 -c" "EXTRA_COMPILER_FLAGS=-mcpu=cortex-a9 -mfpu=vfpv3 -mfloat-a
TRACE::2026-09-23.20:36:07::SCWBDomain::bi=hard -nostartfiles -g -Wall -Wextra -fno-tree-loop-distribute-patterns"

TRACE::2026-09-23.20:36:07::SCWBDomain::Running Make include in ps7_cortexa9_0/libsrc/ddrps_v1_2/src

TRACE::2026-09-23.20:36:07::SCWBDomain::make -C ps7_cortexa9_0/libsrc/ddrps_v1_2/src -s include  "SHELL=/bin/sh" "COMPILER=arm-none-eabi-gcc" "ASSEMBLER=arm-none-eabi-
TRACE::2026-09-23.20:36:07::SCWBDomain::as" "ARCHIVER=arm-none-eabi-ar" "COMPILER_FLAGS=  -O2 -c" "EXTRA_COMPILER_FLAGS=-mcpu=cortex-a9 -mfpu=vfpv3 -mfloat-abi=hard -n
TRACE::2026-09-23.20:36:07::SCWBDomain::ostartfiles -g -Wall -Wextra -fno-tree-loop-distribute-patterns"

TRACE::2026-09-23.20:36:07::SCWBDomain::Running Make include in ps7_cortexa9_0/libsrc/xadcps_v2_6/src

TRACE::2026-09-23.20:36:07::SCWBDomain::make -C ps7_cortexa9_0/libsrc/xadcps_v2_6/src -s include  "SHELL=/bin/sh" "COMPILER=arm-none-eabi-gcc" "ASSEMBLER=arm-none-eabi
TRACE::2026-09-23.20:36:07::SCWBDomain::-as" "ARCHIVER=arm-none-eabi-ar" "COMPILER_FLAGS=  -O2 -c" "EXTRA_COMPILER_FLAGS=-mcpu=cortex-a9 -mfpu=vfpv3 -mfloat-abi=hard -
TRACE::2026-09-23.20:36:07::SCWBDomain::nostartfiles -g -Wall -Wextra -fno-tree-loop-distribute-patterns"

TRACE::2026-09-23.20:36:07::SCWBDomain::Running Make include in ps7_cortexa9_0/libsrc/cpu_cortexa9_v2_11/src

TRACE::2026-09-23.20:36:07::SCWBDomain::make -C ps7_cortexa9_0/libsrc/cpu_cortexa9_v2_11/src -s include  "SHELL=/bin/sh" "COMPILER=arm-none-eabi-gcc" "ASSEMBLER=arm-no
TRACE::2026-09-23.20:36:07::SCWBDomain::ne-eabi-as" "ARCHIVER=arm-none-eabi-ar" "COMPILER_FLAGS=  -O2 -c" "EXTRA_COMPILER_FLAGS=-mcpu=cortex-a9 -mfpu=vfpv3 -mfloat-abi
TRACE::2026-09-23.20:36:07::SCWBDomain::=hard -nostartfiles -g -Wall -Wextra -fno-tree-loop-distribute-patterns"

TRACE::2026-09-23.20:36:07::SCWBDomain::Running Make include in ps7_cortexa9_0/libsrc/qspips_v3_9/src

TRACE::2026-09-23.20:36:07::SCWBDomain::make -C ps7_cortexa9_0/libsrc/qspips_v3_9/src -s include  "SHELL=/bin/sh" "COMPILER=arm-none-eabi-gcc" "ASSEMBLER=arm-none-eabi
TRACE::2026-09-23.20:36:07::SCWBDomain::-as" "ARCHIVER=arm-none-eabi-ar" "COMPILER_FLAGS=  -O2 -c" "EXTRA_COMPILER_FLAGS=-mcpu=cortex-a9 -mfpu=vfpv3 -mfloat-abi=hard -
TRACE::2026-09-23.20:36:07::SCWBDomain::nostartfiles -g -Wall -Wextra -fno-tree-loop-distribute-patterns"

TRACE::2026-09-23.20:36:07::SCWBDomain::Running Make include in ps7_cortexa9_0/libsrc/dmaps_v2_8/src

TRACE::2026-09-23.20:36:07::SCWBDomain::make -C ps7_cortexa9_0/libsrc/dmaps_v2_8/src -s include  "SHELL=/bin/sh" "COMPILER=arm-none-eabi-gcc" "ASSEMBLER=arm-none-eabi-
TRACE::2026-09-23.20:36:07::SCWBDomain::as" "ARCHIVER=arm-none-eabi-ar" "COMPILER_FLAGS=  -O2 -c" "EXTRA_COMPILER_FLAGS=-mcpu=cortex-a9 -mfpu=vfpv3 -mfloat-abi=hard -n
TRACE::2026-09-23.20:36:07::SCWBDomain::ostartfiles -g -Wall -Wextra -fno-tree-loop-distribute-patterns"

TRACE::2026-09-23.20:36:07::SCWBDomain::Running Make include in ps7_cortexa9_0/libsrc/PmodKYPD_v1_0/src

TRACE::2026-09-23.20:36:07::SCWBDomain::make -C ps7_cortexa9_0/libsrc/PmodKYPD_v1_0/src -s include  "SHELL=/bin/sh" "COMPILER=arm-none-eabi-gcc" "ASSEMBLER=arm-none-ea
TRACE::2026-09-23.20:36:07::SCWBDomain::bi-as" "ARCHIVER=arm-none-eabi-ar" "COMPILER_FLAGS=  -O2 -c" "EXTRA_COMPILER_FLAGS=-mcpu=cortex-a9 -mfpu=vfpv3 -mfloat-abi=hard
TRACE::2026-09-23.20:36:07::SCWBDomain:: -nostartfiles -g -Wall -Wextra -fno-tree-loop-distribute-patterns"

TRACE::2026-09-23.20:36:07::SCWBDomain::Running Make libs in ps7_cortexa9_0/libsrc/PmodKYPD_v1_0/src

TRACE::2026-09-23.20:36:07::SCWBDomain::make -C ps7_cortexa9_0/libsrc/PmodKYPD_v1_0/src -s libs  "SHELL=/bin/sh" "COMPILER=arm-none-eabi-gcc" "ASSEMBLER=arm-none-eabi-
TRACE::2026-09-23.20:36:07::SCWBDomain::as" "ARCHIVER=arm-none-eabi-ar" "COMPILER_FLAGS=  -O2 -c" "EXTRA_COMPILER_FLAGS=-mcpu=cortex-a9 -mfpu=vfpv3 -mfloat-abi=hard -n
TRACE::2026-09-23.20:36:07::SCWBDomain::ostartfiles -g -Wall -Wextra -fno-tree-loop-distribute-patterns"

TRACE::2026-09-23.20:36:07::SCWBDomain::Compiling PmodKYPD

TRACE::2026-09-23.20:36:07::SCWBDomain::Running Make libs in ps7_cortexa9_0/libsrc/xilrsa_v1_6/src

TRACE::2026-09-23.20:36:07::SCWBDomain::make -C ps7_cortexa9_0/libsrc/xilrsa_v1_6/src -s libs  "SHELL=/bin/sh" "COMPILER=arm-none-eabi-gcc" "ASSEMBLER=arm-none-eabi-as
TRACE::2026-09-23.20:36:07::SCWBDomain::" "ARCHIVER=arm-none-eabi-ar" "COMPILER_FLAGS=  -O2 -c" "EXTRA_COMPILER_FLAGS=-mcpu=cortex-a9 -mfpu=vfpv3 -mfloat-abi=hard -nos
TRACE::2026-09-23.20:36:07::SCWBDomain::tartfiles -g -Wall -Wextra -fno-tree-loop-distribute-patterns"

TRACE::2026-09-23.20:36:07::SCWBDomain::Finished building libraries sequentially.

TRACE::2026-09-23.20:36:07::SCWBDomain::make -j 6 --no-print-directory par_libs

TRACE::2026-09-23.20:36:07::SCWBDomain::Running Make include in ps7_cortexa9_0/libsrc/gpiops_v3_9/src

TRACE::2026-09-23.20:36:07::SCWBDomain::Running Make include in ps7_cortexa9_0/libsrc/scugic_v4_5/src

TRACE::2026-09-23.20:36:07::SCWBDomain::make -C ps7_cortexa9_0/libsrc/gpiops_v3_9/src -s include  "SHELL=/bin/sh" "COMPILER=arm-none-eabi-gcc" "ASSEMBLER=arm-none-eabi
TRACE::2026-09-23.20:36:07::SCWBDomain::-as" "ARCHIVER=arm-none-eabi-ar" "COMPILER_FLAGS=  -O2 -c" "EXTRA_COMPILER_FLAGS=-mcpu=cortex-a9 -mfpu=vfpv3 -mfloat-abi=hard -
TRACE::2026-09-23.20:36:07::SCWBDomain::nostartfiles -g -Wall -Wextra -fno-tree-loop-distribute-patterns"

TRACE::2026-09-23.20:36:07::SCWBDomain::make -C ps7_cortexa9_0/libsrc/scugic_v4_5/src -s include  "SHELL=/bin/sh" "COMPILER=arm-none-eabi-gcc" "ASSEMBLER=arm-none-eabi
TRACE::2026-09-23.20:36:07::SCWBDomain::-as" "ARCHIVER=arm-none-eabi-ar" "COMPILER_FLAGS=  -O2 -c" "EXTRA_COMPILER_FLAGS=-mcpu=cortex-a9 -mfpu=vfpv3 -mfloat-abi=hard -
TRACE::2026-09-23.20:36:07::SCWBDomain::nostartfiles -g -Wall -Wextra -fno-tree-loop-distribute-patterns"

TRACE::2026-09-23.20:36:07::SCWBDomain::Running Make include in ps7_cortexa9_0/libsrc/xilffs_v4_5/src

TRACE::2026-09-23.20:36:07::SCWBDomain::make -C ps7_cortexa9_0/libsrc/xilffs_v4_5/src -s include  "SHELL=/bin/sh" "COMPILER=arm-none-eabi-gcc" "ASSEMBLER=arm-none-eabi
TRACE::2026-09-23.20:36:07::SCWBDomain::-as" "ARCHIVER=arm-none-eabi-ar" "COMPILER_FLAGS=  -O2 -c" "EXTRA_COMPILER_FLAGS=-mcpu=cortex-a9 -mfpu=vfpv3 -mfloat-abi=hard -
TRACE::2026-09-23.20:36:07::SCWBDomain::nostartfiles -g -Wall -Wextra -fno-tree-loop-distribute-patterns"

TRACE::2026-09-23.20:36:07::SCWBDomain::Running Make include in ps7_cortexa9_0/libsrc/scuwdt_v2_4/src

TRACE::2026-09-23.20:36:07::SCWBDomain::Running Make include in ps7_cortexa9_0/libsrc/devcfg_v3_7/src

TRACE::2026-09-23.20:36:07::SCWBDomain::make -C ps7_cortexa9_0/libsrc/scuwdt_v2_4/src -s include  "SHELL=/bin/sh" "COMPILER=arm-none-eabi-gcc" "ASSEMBLER=arm-none-eabi
TRACE::2026-09-23.20:36:07::SCWBDomain::-as" "ARCHIVER=arm-none-eabi-ar" "COMPILER_FLAGS=  -O2 -c" "EXTRA_COMPILER_FLAGS=-mcpu=cortex-a9 -mfpu=vfpv3 -mfloat-abi=hard -
TRACE::2026-09-23.20:36:07::SCWBDomain::nostartfiles -g -Wall -Wextra -fno-tree-loop-distribute-patterns"

TRACE::2026-09-23.20:36:07::SCWBDomain::Running Make include in ps7_cortexa9_0/libsrc/standalone_v7_5/src

TRACE::2026-09-23.20:36:07::SCWBDomain::make -C ps7_cortexa9_0/libsrc/devcfg_v3_7/src -s include  "SHELL=/bin/sh" "COMPILER=arm-none-eabi-gcc" "ASSEMBLER=arm-none-eabi
TRACE::2026-09-23.20:36:07::SCWBDomain::-as" "ARCHIVER=arm-none-eabi-ar" "COMPILER_FLAGS=  -O2 -c" "EXTRA_COMPILER_FLAGS=-mcpu=cortex-a9 -mfpu=vfpv3 -mfloat-abi=hard -
TRACE::2026-09-23.20:36:07::SCWBDomain::nostartfiles -g -Wall -Wextra -fno-tree-loop-distribute-patterns"

TRACE::2026-09-23.20:36:07::SCWBDomain::make -C ps7_cortexa9_0/libsrc/standalone_v7_5/src -s include  "SHELL=/bin/sh" "COMPILER=arm-none-eabi-gcc" "ASSEMBLER=arm-none-
TRACE::2026-09-23.20:36:07::SCWBDomain::eabi-as" "ARCHIVER=arm-none-eabi-ar" "COMPILER_FLAGS=  -O2 -c" "EXTRA_COMPILER_FLAGS=-mcpu=cortex-a9 -mfpu=vfpv3 -mfloat-abi=ha
TRACE::2026-09-23.20:36:07::SCWBDomain::rd -nostartfiles -g -Wall -Wextra -fno-tree-loop-distribute-patterns"

TRACE::2026-09-23.20:36:07::SCWBDomain::Running Make include in ps7_cortexa9_0/libsrc/xilrsa_v1_6/src

TRACE::2026-09-23.20:36:07::SCWBDomain::make -C ps7_cortexa9_0/libsrc/xilrsa_v1_6/src -s include  "SHELL=/bin/sh" "COMPILER=arm-none-eabi-gcc" "ASSEMBLER=arm-none-eabi
TRACE::2026-09-23.20:36:07::SCWBDomain::-as" "ARCHIVER=arm-none-eabi-ar" "COMPILER_FLAGS=  -O2 -c" "EXTRA_COMPILER_FLAGS=-mcpu=cortex-a9 -mfpu=vfpv3 -mfloat-abi=hard -
TRACE::2026-09-23.20:36:07::SCWBDomain::nostartfiles -g -Wall -Wextra -fno-tree-loop-distribute-patterns"

TRACE::2026-09-23.20:36:07::SCWBDomain::Running Make include in ps7_cortexa9_0/libsrc/uartps_v3_11/src

TRACE::2026-09-23.20:36:07::SCWBDomain::make -C ps7_cortexa9_0/libsrc/uartps_v3_11/src -s include  "SHELL=/bin/sh" "COMPILER=arm-none-eabi-gcc" "ASSEMBLER=arm-none-eab
TRACE::2026-09-23.20:36:07::SCWBDomain::i-as" "ARCHIVER=arm-none-eabi-ar" "COMPILER_FLAGS=  -O2 -c" "EXTRA_COMPILER_FLAGS=-mcpu=cortex-a9 -mfpu=vfpv3 -mfloat-abi=hard 
TRACE::2026-09-23.20:36:07::SCWBDomain::-nostartfiles -g -Wall -Wextra -fno-tree-loop-distribute-patterns"

TRACE::2026-09-23.20:36:07::SCWBDomain::Running Make include in ps7_cortexa9_0/libsrc/scutimer_v2_3/src

TRACE::2026-09-23.20:36:07::SCWBDomain::Running Make include in ps7_cortexa9_0/libsrc/sdps_v3_12/src

TRACE::2026-09-23.20:36:07::SCWBDomain::make -C ps7_cortexa9_0/libsrc/scutimer_v2_3/src -s include  "SHELL=/bin/sh" "COMPILER=arm-none-eabi-gcc" "ASSEMBLER=arm-none-ea
TRACE::2026-09-23.20:36:07::SCWBDomain::bi-as" "ARCHIVER=arm-none-eabi-ar" "COMPILER_FLAGS=  -O2 -c" "EXTRA_COMPILER_FLAGS=-mcpu=cortex-a9 -mfpu=vfpv3 -mfloat-abi=hard
TRACE::2026-09-23.20:36:07::SCWBDomain:: -nostartfiles -g -Wall -Wextra -fno-tree-loop-distribute-patterns"

TRACE::2026-09-23.20:36:07::SCWBDomain::Running Make include in ps7_cortexa9_0/libsrc/emacps_v3_14/src

TRACE::2026-09-23.20:36:07::SCWBDomain::make -C ps7_cortexa9_0/libsrc/sdps_v3_12/src -s include  "SHELL=/bin/sh" "COMPILER=arm-none-eabi-gcc" "ASSEMBLER=arm-none-eabi-
TRACE::2026-09-23.20:36:07::SCWBDomain::as" "ARCHIVER=arm-none-eabi-ar" "COMPILER_FLAGS=  -O2 -c" "EXTRA_COMPILER_FLAGS=-mcpu=cortex-a9 -mfpu=vfpv3 -mfloat-abi=hard -n
TRACE::2026-09-23.20:36:07::SCWBDomain::ostartfiles -g -Wall -Wextra -fno-tree-loop-distribute-patterns"

TRACE::2026-09-23.20:36:07::SCWBDomain::make -C ps7_cortexa9_0/libsrc/emacps_v3_14/src -s include  "SHELL=/bin/sh" "COMPILER=arm-none-eabi-gcc" "ASSEMBLER=arm-none-eab
TRACE::2026-09-23.20:36:07::SCWBDomain::i-as" "ARCHIVER=arm-none-eabi-ar" "COMPILER_FLAGS=  -O2 -c" "EXTRA_COMPILER_FLAGS=-mcpu=cortex-a9 -mfpu=vfpv3 -mfloat-abi=hard 
TRACE::2026-09-23.20:36:07::SCWBDomain::-nostartfiles -g -Wall -Wextra -fno-tree-loop-distribute-patterns"

TRACE::2026-09-23.20:36:07::SCWBDomain::Running Make include in ps7_cortexa9_0/libsrc/ttcps_v3_14/src

TRACE::2026-09-23.20:36:07::SCWBDomain::Running Make include in ps7_cortexa9_0/libsrc/usbps_v2_7/src

TRACE::2026-09-23.20:36:07::SCWBDomain::make -C ps7_cortexa9_0/libsrc/usbps_v2_7/src -s include  "SHELL=/bin/sh" "COMPILER=arm-none-eabi-gcc" "ASSEMBLER=arm-none-eabi-
TRACE::2026-09-23.20:36:07::SCWBDomain::as" "ARCHIVER=arm-none-eabi-ar" "COMPILER_FLAGS=  -O2 -c" "EXTRA_COMPILER_FLAGS=-mcpu=cortex-a9 -mfpu=vfpv3 -mfloat-abi=hard -n
TRACE::2026-09-23.20:36:07::SCWBDomain::ostartfiles -g -Wall -Wextra -fno-tree-loop-distribute-patterns"

TRACE::2026-09-23.20:36:07::SCWBDomain::Running Make include in ps7_cortexa9_0/libsrc/coresightps_dcc_v1_8/src

TRACE::2026-09-23.20:36:07::SCWBDomain::make -C ps7_cortexa9_0/libsrc/ttcps_v3_14/src -s include  "SHELL=/bin/sh" "COMPILER=arm-none-eabi-gcc" "ASSEMBLER=arm-none-eabi
TRACE::2026-09-23.20:36:07::SCWBDomain::-as" "ARCHIVER=arm-none-eabi-ar" "COMPILER_FLAGS=  -O2 -c" "EXTRA_COMPILER_FLAGS=-mcpu=cortex-a9 -mfpu=vfpv3 -mfloat-abi=hard -
TRACE::2026-09-23.20:36:07::SCWBDomain::nostartfiles -g -Wall -Wextra -fno-tree-loop-distribute-patterns"

TRACE::2026-09-23.20:36:07::SCWBDomain::make -C ps7_cortexa9_0/libsrc/coresightps_dcc_v1_8/src -s include  "SHELL=/bin/sh" "COMPILER=arm-none-eabi-gcc" "ASSEMBLER=arm-
TRACE::2026-09-23.20:36:07::SCWBDomain::none-eabi-as" "ARCHIVER=arm-none-eabi-ar" "COMPILER_FLAGS=  -O2 -c" "EXTRA_COMPILER_FLAGS=-mcpu=cortex-a9 -mfpu=vfpv3 -mfloat-a
TRACE::2026-09-23.20:36:07::SCWBDomain::bi=hard -nostartfiles -g -Wall -Wextra -fno-tree-loop-distribute-patterns"

TRACE::2026-09-23.20:36:07::SCWBDomain::Running Make include in ps7_cortexa9_0/libsrc/xadcps_v2_6/src

TRACE::2026-09-23.20:36:07::SCWBDomain::make -C ps7_cortexa9_0/libsrc/xadcps_v2_6/src -s include  "SHELL=/bin/sh" "COMPILER=arm-none-eabi-gcc" "ASSEMBLER=arm-none-eabi
TRACE::2026-09-23.20:36:07::SCWBDomain::-as" "ARCHIVER=arm-none-eabi-ar" "COMPILER_FLAGS=  -O2 -c" "EXTRA_COMPILER_FLAGS=-mcpu=cortex-a9 -mfpu=vfpv3 -mfloat-abi=hard -
TRACE::2026-09-23.20:36:07::SCWBDomain::nostartfiles -g -Wall -Wextra -fno-tree-loop-distribute-patterns"

TRACE::2026-09-23.20:36:07::SCWBDomain::Running Make include in ps7_cortexa9_0/libsrc/ddrps_v1_2/src

TRACE::2026-09-23.20:36:07::SCWBDomain::Running Make include in ps7_cortexa9_0/libsrc/cpu_cortexa9_v2_11/src

TRACE::2026-09-23.20:36:07::SCWBDomain::make -C ps7_cortexa9_0/libsrc/ddrps_v1_2/src -s include  "SHELL=/bin/sh" "COMPILER=arm-none-eabi-gcc" "ASSEMBLER=arm-none-eabi-
TRACE::2026-09-23.20:36:07::SCWBDomain::as" "ARCHIVER=arm-none-eabi-ar" "COMPILER_FLAGS=  -O2 -c" "EXTRA_COMPILER_FLAGS=-mcpu=cortex-a9 -mfpu=vfpv3 -mfloat-abi=hard -n
TRACE::2026-09-23.20:36:07::SCWBDomain::ostartfiles -g -Wall -Wextra -fno-tree-loop-distribute-patterns"

TRACE::2026-09-23.20:36:07::SCWBDomain::make -C ps7_cortexa9_0/libsrc/cpu_cortexa9_v2_11/src -s include  "SHELL=/bin/sh" "COMPILER=arm-none-eabi-gcc" "ASSEMBLER=arm-no
TRACE::2026-09-23.20:36:07::SCWBDomain::ne-eabi-as" "ARCHIVER=arm-none-eabi-ar" "COMPILER_FLAGS=  -O2 -c" "EXTRA_COMPILER_FLAGS=-mcpu=cortex-a9 -mfpu=vfpv3 -mfloat-abi
TRACE::2026-09-23.20:36:07::SCWBDomain::=hard -nostartfiles -g -Wall -Wextra -fno-tree-loop-distribute-patterns"

TRACE::2026-09-23.20:36:07::SCWBDomain::Running Make include in ps7_cortexa9_0/libsrc/qspips_v3_9/src

TRACE::2026-09-23.20:36:07::SCWBDomain::make -C ps7_cortexa9_0/libsrc/qspips_v3_9/src -s include  "SHELL=/bin/sh" "COMPILER=arm-none-eabi-gcc" "ASSEMBLER=arm-none-eabi
TRACE::2026-09-23.20:36:07::SCWBDomain::-as" "ARCHIVER=arm-none-eabi-ar" "COMPILER_FLAGS=  -O2 -c" "EXTRA_COMPILER_FLAGS=-mcpu=cortex-a9 -mfpu=vfpv3 -mfloat-abi=hard -
TRACE::2026-09-23.20:36:07::SCWBDomain::nostartfiles -g -Wall -Wextra -fno-tree-loop-distribute-patterns"

TRACE::2026-09-23.20:36:07::SCWBDomain::Running Make include in ps7_cortexa9_0/libsrc/dmaps_v2_8/src

TRACE::2026-09-23.20:36:07::SCWBDomain::Running Make include in ps7_cortexa9_0/libsrc/PmodKYPD_v1_0/src

TRACE::2026-09-23.20:36:07::SCWBDomain::make -C ps7_cortexa9_0/libsrc/dmaps_v2_8/src -s include  "SHELL=/bin/sh" "COMPILER=arm-none-eabi-gcc" "ASSEMBLER=arm-none-eabi-
TRACE::2026-09-23.20:36:07::SCWBDomain::as" "ARCHIVER=arm-none-eabi-ar" "COMPILER_FLAGS=  -O2 -c" "EXTRA_COMPILER_FLAGS=-mcpu=cortex-a9 -mfpu=vfpv3 -mfloat-abi=hard -n
TRACE::2026-09-23.20:36:07::SCWBDomain::ostartfiles -g -Wall -Wextra -fno-tree-loop-distribute-patterns"

TRACE::2026-09-23.20:36:07::SCWBDomain::make -C ps7_cortexa9_0/libsrc/PmodKYPD_v1_0/src -s include  "SHELL=/bin/sh" "COMPILER=arm-none-eabi-gcc" "ASSEMBLER=arm-none-ea
TRACE::2026-09-23.20:36:07::SCWBDomain::bi-as" "ARCHIVER=arm-none-eabi-ar" "COMPILER_FLAGS=  -O2 -c" "EXTRA_COMPILER_FLAGS=-mcpu=cortex-a9 -mfpu=vfpv3 -mfloat-abi=hard
TRACE::2026-09-23.20:36:07::SCWBDomain:: -nostartfiles -g -Wall -Wextra -fno-tree-loop-distribute-patterns"

TRACE::2026-09-23.20:36:07::SCWBDomain::Running Make libs in ps7_cortexa9_0/libsrc/scugic_v4_5/src

TRACE::2026-09-23.20:36:07::SCWBDomain::Running Make libs in ps7_cortexa9_0/libsrc/gpiops_v3_9/src

TRACE::2026-09-23.20:36:07::SCWBDomain::make -C ps7_cortexa9_0/libsrc/gpiops_v3_9/src -s libs  "SHELL=/bin/sh" "COMPILER=arm-none-eabi-gcc" "ASSEMBLER=arm-none-eabi-as
TRACE::2026-09-23.20:36:07::SCWBDomain::" "ARCHIVER=arm-none-eabi-ar" "COMPILER_FLAGS=  -O2 -c" "EXTRA_COMPILER_FLAGS=-mcpu=cortex-a9 -mfpu=vfpv3 -mfloat-abi=hard -nos
TRACE::2026-09-23.20:36:07::SCWBDomain::tartfiles -g -Wall -Wextra -fno-tree-loop-distribute-patterns"

TRACE::2026-09-23.20:36:07::SCWBDomain::Running Make libs in ps7_cortexa9_0/libsrc/xilffs_v4_5/src

TRACE::2026-09-23.20:36:07::SCWBDomain::Running Make libs in ps7_cortexa9_0/libsrc/scuwdt_v2_4/src

TRACE::2026-09-23.20:36:07::SCWBDomain::make -C ps7_cortexa9_0/libsrc/scugic_v4_5/src -s libs  "SHELL=/bin/sh" "COMPILER=arm-none-eabi-gcc" "ASSEMBLER=arm-none-eabi-as
TRACE::2026-09-23.20:36:07::SCWBDomain::" "ARCHIVER=arm-none-eabi-ar" "COMPILER_FLAGS=  -O2 -c" "EXTRA_COMPILER_FLAGS=-mcpu=cortex-a9 -mfpu=vfpv3 -mfloat-abi=hard -nos
TRACE::2026-09-23.20:36:07::SCWBDomain::tartfiles -g -Wall -Wextra -fno-tree-loop-distribute-patterns"

TRACE::2026-09-23.20:36:07::SCWBDomain::Running Make libs in ps7_cortexa9_0/libsrc/devcfg_v3_7/src

TRACE::2026-09-23.20:36:07::SCWBDomain::make -C ps7_cortexa9_0/libsrc/xilffs_v4_5/src -s libs  "SHELL=/bin/sh" "COMPILER=arm-none-eabi-gcc" "ASSEMBLER=arm-none-eabi-as
TRACE::2026-09-23.20:36:07::SCWBDomain::" "ARCHIVER=arm-none-eabi-ar" "COMPILER_FLAGS=  -O2 -c" "EXTRA_COMPILER_FLAGS=-mcpu=cortex-a9 -mfpu=vfpv3 -mfloat-abi=hard -nos
TRACE::2026-09-23.20:36:07::SCWBDomain::tartfiles -g -Wall -Wextra -fno-tree-loop-distribute-patterns"

TRACE::2026-09-23.20:36:07::SCWBDomain::make -C ps7_cortexa9_0/libsrc/scuwdt_v2_4/src -s libs  "SHELL=/bin/sh" "COMPILER=arm-none-eabi-gcc" "ASSEMBLER=arm-none-eabi-as
TRACE::2026-09-23.20:36:07::SCWBDomain::" "ARCHIVER=arm-none-eabi-ar" "COMPILER_FLAGS=  -O2 -c" "EXTRA_COMPILER_FLAGS=-mcpu=cortex-a9 -mfpu=vfpv3 -mfloat-abi=hard -nos
TRACE::2026-09-23.20:36:07::SCWBDomain::tartfiles -g -Wall -Wextra -fno-tree-loop-distribute-patterns"

TRACE::2026-09-23.20:36:07::SCWBDomain::make -C ps7_cortexa9_0/libsrc/devcfg_v3_7/src -s libs  "SHELL=/bin/sh" "COMPILER=arm-none-eabi-gcc" "ASSEMBLER=arm-none-eabi-as
TRACE::2026-09-23.20:36:07::SCWBDomain::" "ARCHIVER=arm-none-eabi-ar" "COMPILER_FLAGS=  -O2 -c" "EXTRA_COMPILER_FLAGS=-mcpu=cortex-a9 -mfpu=vfpv3 -mfloat-abi=hard -nos
TRACE::2026-09-23.20:36:07::SCWBDomain::tartfiles -g -Wall -Wextra -fno-tree-loop-distribute-patterns"

TRACE::2026-09-23.20:36:07::SCWBDomain::Running Make libs in ps7_cortexa9_0/libsrc/standalone_v7_5/src

TRACE::2026-09-23.20:36:07::SCWBDomain::make -C ps7_cortexa9_0/libsrc/standalone_v7_5/src -s libs  "SHELL=/bin/sh" "COMPILER=arm-none-eabi-gcc" "ASSEMBLER=arm-none-eab
TRACE::2026-09-23.20:36:07::SCWBDomain::i-as" "ARCHIVER=arm-none-eabi-ar" "COMPILER_FLAGS=  -O2 -c" "EXTRA_COMPILER_FLAGS=-mcpu=cortex-a9 -mfpu=vfpv3 -mfloat-abi=hard 
TRACE::2026-09-23.20:36:07::SCWBDomain::-nostartfiles -g -Wall -Wextra -fno-tree-loop-distribute-patterns"

TRACE::2026-09-23.20:36:08::SCWBDomain::Running Make libs in ps7_cortexa9_0/libsrc/uartps_v3_11/src

TRACE::2026-09-23.20:36:08::SCWBDomain::make -C ps7_cortexa9_0/libsrc/uartps_v3_11/src -s libs  "SHELL=/bin/sh" "COMPILER=arm-none-eabi-gcc" "ASSEMBLER=arm-none-eabi-a
TRACE::2026-09-23.20:36:08::SCWBDomain::s" "ARCHIVER=arm-none-eabi-ar" "COMPILER_FLAGS=  -O2 -c" "EXTRA_COMPILER_FLAGS=-mcpu=cortex-a9 -mfpu=vfpv3 -mfloat-abi=hard -no
TRACE::2026-09-23.20:36:08::SCWBDomain::startfiles -g -Wall -Wextra -fno-tree-loop-distribute-patterns"

TRACE::2026-09-23.20:36:08::SCWBDomain::Running Make libs in ps7_cortexa9_0/libsrc/scutimer_v2_3/src

TRACE::2026-09-23.20:36:08::SCWBDomain::make -C ps7_cortexa9_0/libsrc/scutimer_v2_3/src -s libs  "SHELL=/bin/sh" "COMPILER=arm-none-eabi-gcc" "ASSEMBLER=arm-none-eabi-
TRACE::2026-09-23.20:36:08::SCWBDomain::as" "ARCHIVER=arm-none-eabi-ar" "COMPILER_FLAGS=  -O2 -c" "EXTRA_COMPILER_FLAGS=-mcpu=cortex-a9 -mfpu=vfpv3 -mfloat-abi=hard -n
TRACE::2026-09-23.20:36:08::SCWBDomain::ostartfiles -g -Wall -Wextra -fno-tree-loop-distribute-patterns"

TRACE::2026-09-23.20:36:08::SCWBDomain::Running Make libs in ps7_cortexa9_0/libsrc/sdps_v3_12/src

TRACE::2026-09-23.20:36:08::SCWBDomain::make -C ps7_cortexa9_0/libsrc/sdps_v3_12/src -s libs  "SHELL=/bin/sh" "COMPILER=arm-none-eabi-gcc" "ASSEMBLER=arm-none-eabi-as"
TRACE::2026-09-23.20:36:08::SCWBDomain:: "ARCHIVER=arm-none-eabi-ar" "COMPILER_FLAGS=  -O2 -c" "EXTRA_COMPILER_FLAGS=-mcpu=cortex-a9 -mfpu=vfpv3 -mfloat-abi=hard -nost
TRACE::2026-09-23.20:36:08::SCWBDomain::artfiles -g -Wall -Wextra -fno-tree-loop-distribute-patterns"

TRACE::2026-09-23.20:36:08::SCWBDomain::Running Make libs in ps7_cortexa9_0/libsrc/emacps_v3_14/src

TRACE::2026-09-23.20:36:08::SCWBDomain::make -C ps7_cortexa9_0/libsrc/emacps_v3_14/src -s libs  "SHELL=/bin/sh" "COMPILER=arm-none-eabi-gcc" "ASSEMBLER=arm-none-eabi-a
TRACE::2026-09-23.20:36:08::SCWBDomain::s" "ARCHIVER=arm-none-eabi-ar" "COMPILER_FLAGS=  -O2 -c" "EXTRA_COMPILER_FLAGS=-mcpu=cortex-a9 -mfpu=vfpv3 -mfloat-abi=hard -no
TRACE::2026-09-23.20:36:08::SCWBDomain::startfiles -g -Wall -Wextra -fno-tree-loop-distribute-patterns"

TRACE::2026-09-23.20:36:09::SCWBDomain::Running Make libs in ps7_cortexa9_0/libsrc/ttcps_v3_14/src

TRACE::2026-09-23.20:36:09::SCWBDomain::make -C ps7_cortexa9_0/libsrc/ttcps_v3_14/src -s libs  "SHELL=/bin/sh" "COMPILER=arm-none-eabi-gcc" "ASSEMBLER=arm-none-eabi-as
TRACE::2026-09-23.20:36:09::SCWBDomain::" "ARCHIVER=arm-none-eabi-ar" "COMPILER_FLAGS=  -O2 -c" "EXTRA_COMPILER_FLAGS=-mcpu=cortex-a9 -mfpu=vfpv3 -mfloat-abi=hard -nos
TRACE::2026-09-23.20:36:09::SCWBDomain::tartfiles -g -Wall -Wextra -fno-tree-loop-distribute-patterns"

TRACE::2026-09-23.20:36:09::SCWBDomain::Running Make libs in ps7_cortexa9_0/libsrc/usbps_v2_7/src

TRACE::2026-09-23.20:36:09::SCWBDomain::make -C ps7_cortexa9_0/libsrc/usbps_v2_7/src -s libs  "SHELL=/bin/sh" "COMPILER=arm-none-eabi-gcc" "ASSEMBLER=arm-none-eabi-as"
TRACE::2026-09-23.20:36:09::SCWBDomain:: "ARCHIVER=arm-none-eabi-ar" "COMPILER_FLAGS=  -O2 -c" "EXTRA_COMPILER_FLAGS=-mcpu=cortex-a9 -mfpu=vfpv3 -mfloat-abi=hard -nost
TRACE::2026-09-23.20:36:09::SCWBDomain::artfiles -g -Wall -Wextra -fno-tree-loop-distribute-patterns"

TRACE::2026-09-23.20:36:09::SCWBDomain::Running Make libs in ps7_cortexa9_0/libsrc/coresightps_dcc_v1_8/src

TRACE::2026-09-23.20:36:09::SCWBDomain::make -C ps7_cortexa9_0/libsrc/coresightps_dcc_v1_8/src -s libs  "SHELL=/bin/sh" "COMPILER=arm-none-eabi-gcc" "ASSEMBLER=arm-non
TRACE::2026-09-23.20:36:09::SCWBDomain::e-eabi-as" "ARCHIVER=arm-none-eabi-ar" "COMPILER_FLAGS=  -O2 -c" "EXTRA_COMPILER_FLAGS=-mcpu=cortex-a9 -mfpu=vfpv3 -mfloat-abi=
TRACE::2026-09-23.20:36:09::SCWBDomain::hard -nostartfiles -g -Wall -Wextra -fno-tree-loop-distribute-patterns"

TRACE::2026-09-23.20:36:09::SCWBDomain::Running Make libs in ps7_cortexa9_0/libsrc/ddrps_v1_2/src

TRACE::2026-09-23.20:36:09::SCWBDomain::make -C ps7_cortexa9_0/libsrc/ddrps_v1_2/src -s libs  "SHELL=/bin/sh" "COMPILER=arm-none-eabi-gcc" "ASSEMBLER=arm-none-eabi-as"
TRACE::2026-09-23.20:36:09::SCWBDomain:: "ARCHIVER=arm-none-eabi-ar" "COMPILER_FLAGS=  -O2 -c" "EXTRA_COMPILER_FLAGS=-mcpu=cortex-a9 -mfpu=vfpv3 -mfloat-abi=hard -nost
TRACE::2026-09-23.20:36:09::SCWBDomain::artfiles -g -Wall -Wextra -fno-tree-loop-distribute-patterns"

TRACE::2026-09-23.20:36:09::SCWBDomain::Running Make libs in ps7_cortexa9_0/libsrc/xadcps_v2_6/src

TRACE::2026-09-23.20:36:09::SCWBDomain::make -C ps7_cortexa9_0/libsrc/xadcps_v2_6/src -s libs  "SHELL=/bin/sh" "COMPILER=arm-none-eabi-gcc" "ASSEMBLER=arm-none-eabi-as
TRACE::2026-09-23.20:36:09::SCWBDomain::" "ARCHIVER=arm-none-eabi-ar" "COMPILER_FLAGS=  -O2 -c" "EXTRA_COMPILER_FLAGS=-mcpu=cortex-a9 -mfpu=vfpv3 -mfloat-abi=hard -nos
TRACE::2026-09-23.20:36:09::SCWBDomain::tartfiles -g -Wall -Wextra -fno-tree-loop-distribute-patterns"

TRACE::2026-09-23.20:36:09::SCWBDomain::Running Make libs in ps7_cortexa9_0/libsrc/cpu_cortexa9_v2_11/src

TRACE::2026-09-23.20:36:09::SCWBDomain::make -C ps7_cortexa9_0/libsrc/cpu_cortexa9_v2_11/src -s libs  "SHELL=/bin/sh" "COMPILER=arm-none-eabi-gcc" "ASSEMBLER=arm-none-
TRACE::2026-09-23.20:36:09::SCWBDomain::eabi-as" "ARCHIVER=arm-none-eabi-ar" "COMPILER_FLAGS=  -O2 -c" "EXTRA_COMPILER_FLAGS=-mcpu=cortex-a9 -mfpu=vfpv3 -mfloat-abi=ha
TRACE::2026-09-23.20:36:09::SCWBDomain::rd -nostartfiles -g -Wall -Wextra -fno-tree-loop-distribute-patterns"

TRACE::2026-09-23.20:36:09::SCWBDomain::Running Make libs in ps7_cortexa9_0/libsrc/qspips_v3_9/src

TRACE::2026-09-23.20:36:09::SCWBDomain::make -C ps7_cortexa9_0/libsrc/qspips_v3_9/src -s libs  "SHELL=/bin/sh" "COMPILER=arm-none-eabi-gcc" "ASSEMBLER=arm-none-eabi-as
TRACE::2026-09-23.20:36:09::SCWBDomain::" "ARCHIVER=arm-none-eabi-ar" "COMPILER_FLAGS=  -O2 -c" "EXTRA_COMPILER_FLAGS=-mcpu=cortex-a9 -mfpu=vfpv3 -mfloat-abi=hard -nos
TRACE::2026-09-23.20:36:09::SCWBDomain::tartfiles -g -Wall -Wextra -fno-tree-loop-distribute-patterns"

TRACE::2026-09-23.20:36:09::SCWBDomain::Running Make libs in ps7_cortexa9_0/libsrc/dmaps_v2_8/src

TRACE::2026-09-23.20:36:09::SCWBDomain::make -C ps7_cortexa9_0/libsrc/dmaps_v2_8/src -s libs  "SHELL=/bin/sh" "COMPILER=arm-none-eabi-gcc" "ASSEMBLER=arm-none-eabi-as"
TRACE::2026-09-23.20:36:09::SCWBDomain:: "ARCHIVER=arm-none-eabi-ar" "COMPILER_FLAGS=  -O2 -c" "EXTRA_COMPILER_FLAGS=-mcpu=cortex-a9 -mfpu=vfpv3 -mfloat-abi=hard -nost
TRACE::2026-09-23.20:36:09::SCWBDomain::artfiles -g -Wall -Wextra -fno-tree-loop-distribute-patterns"

TRACE::2026-09-23.20:36:10::SCWBDomain::Finished building libraries parallelly.

TRACE::2026-09-23.20:36:10::SCWBDomain::make --no-print-directory archive

TRACE::2026-09-23.20:36:10::SCWBDomain::arm-none-eabi-ar -r  ps7_cortexa9_0/lib/libxil.a ps7_cortexa9_0/lib/xsdps_host.o ps7_cortexa9_0/lib/xusbps_intr.o ps7_cortexa9_
TRACE::2026-09-23.20:36:10::SCWBDomain::0/lib/xil_assert.o ps7_cortexa9_0/lib/xscugic_intr.o ps7_cortexa9_0/lib/open.o ps7_cortexa9_0/lib/xemacps_control.o ps7_cortexa
TRACE::2026-09-23.20:36:10::SCWBDomain::9_0/lib/xusbps.o ps7_cortexa9_0/lib/xil_exception.o ps7_cortexa9_0/lib/xqspips_selftest.o ps7_cortexa9_0/lib/abort.o ps7_cortex
TRACE::2026-09-23.20:36:10::SCWBDomain::a9_0/lib/xsdps_sinit.o ps7_cortexa9_0/lib/xusbps_g.o ps7_cortexa9_0/lib/xsdps_g.o ps7_cortexa9_0/lib/xdmaps_selftest.o ps7_cort
TRACE::2026-09-23.20:36:10::SCWBDomain::exa9_0/lib/xqspips_g.o ps7_cortexa9_0/lib/_sbrk.o ps7_cortexa9_0/lib/xpm_counter.o ps7_cortexa9_0/lib/xttcps.o ps7_cortexa9_0/l
TRACE::2026-09-23.20:36:10::SCWBDomain::ib/xdevcfg_selftest.o ps7_cortexa9_0/lib/xscutimer.o ps7_cortexa9_0/lib/xdmaps.o ps7_cortexa9_0/lib/xdevcfg_sinit.o ps7_cortexa
TRACE::2026-09-23.20:36:10::SCWBDomain::9_0/lib/xil_testcache.o ps7_cortexa9_0/lib/getpid.o ps7_cortexa9_0/lib/xdevcfg_g.o ps7_cortexa9_0/lib/asm_vectors.o ps7_cortexa
TRACE::2026-09-23.20:36:10::SCWBDomain::9_0/lib/xl2cc_counter.o ps7_cortexa9_0/lib/xusbps_hw.o ps7_cortexa9_0/lib/xil_testmem.o ps7_cortexa9_0/lib/lseek.o ps7_cortexa9
TRACE::2026-09-23.20:36:10::SCWBDomain::_0/lib/outbyte.o ps7_cortexa9_0/lib/xuartps_selftest.o ps7_cortexa9_0/lib/xuartps_sinit.o ps7_cortexa9_0/lib/xgpiops.o ps7_cort
TRACE::2026-09-23.20:36:10::SCWBDomain::exa9_0/lib/xadcps.o ps7_cortexa9_0/lib/xuartps_g.o ps7_cortexa9_0/lib/kill.o ps7_cortexa9_0/lib/xil_printf.o ps7_cortexa9_0/lib
TRACE::2026-09-23.20:36:10::SCWBDomain::/xscuwdt.o ps7_cortexa9_0/lib/xgpiops_selftest.o ps7_cortexa9_0/lib/xusbps_sinit.o ps7_cortexa9_0/lib/xemacps_g.o ps7_cortexa9_
TRACE::2026-09-23.20:36:10::SCWBDomain::0/lib/close.o ps7_cortexa9_0/lib/xsdps.o ps7_cortexa9_0/lib/xgpiops_g.o ps7_cortexa9_0/lib/xqspips_hw.o ps7_cortexa9_0/lib/xttc
TRACE::2026-09-23.20:36:10::SCWBDomain::ps_selftest.o ps7_cortexa9_0/lib/putnum.o ps7_cortexa9_0/lib/xscutimer_selftest.o ps7_cortexa9_0/lib/xttcps_sinit.o ps7_cortexa
TRACE::2026-09-23.20:36:10::SCWBDomain::9_0/lib/inbyte.o ps7_cortexa9_0/lib/xscutimer_sinit.o ps7_cortexa9_0/lib/xdmaps_sinit.o ps7_cortexa9_0/lib/xil_misc_psreset_api
TRACE::2026-09-23.20:36:10::SCWBDomain::.o ps7_cortexa9_0/lib/xscutimer_g.o ps7_cortexa9_0/lib/xdmaps_g.o ps7_cortexa9_0/lib/xsdps_options.o ps7_cortexa9_0/lib/xil_sle
TRACE::2026-09-23.20:36:10::SCWBDomain::eptimer.o ps7_cortexa9_0/lib/xdevcfg_hw.o ps7_cortexa9_0/lib/xusbps_endpoint.o ps7_cortexa9_0/lib/_exit.o ps7_cortexa9_0/lib/ti
TRACE::2026-09-23.20:36:10::SCWBDomain::me.o ps7_cortexa9_0/lib/xplatform_info.o ps7_cortexa9_0/lib/xadcps_selftest.o ps7_cortexa9_0/lib/xadcps_sinit.o ps7_cortexa9_0/
TRACE::2026-09-23.20:36:10::SCWBDomain::lib/xqspips_sinit.o ps7_cortexa9_0/lib/xadcps_g.o ps7_cortexa9_0/lib/xscugic.o ps7_cortexa9_0/lib/xil-crt0.o ps7_cortexa9_0/lib
TRACE::2026-09-23.20:36:10::SCWBDomain::/isatty.o ps7_cortexa9_0/lib/xscuwdt_selftest.o ps7_cortexa9_0/lib/xemacps_intr.o ps7_cortexa9_0/lib/xil_clocking.o ps7_cortexa
TRACE::2026-09-23.20:36:10::SCWBDomain::9_0/lib/xgpiops_sinit.o ps7_cortexa9_0/lib/xscuwdt_g.o ps7_cortexa9_0/lib/vectors.o ps7_cortexa9_0/lib/xuartps_options.o ps7_co
TRACE::2026-09-23.20:36:10::SCWBDomain::rtexa9_0/lib/xdevcfg_intr.o ps7_cortexa9_0/lib/errno.o ps7_cortexa9_0/lib/fstat.o ps7_cortexa9_0/lib/xgpiops_hw.o ps7_cortexa9_
TRACE::2026-09-23.20:36:10::SCWBDomain::0/lib/sbrk.o ps7_cortexa9_0/lib/xdmaps_hw.o ps7_cortexa9_0/lib/xsdps_card.o ps7_cortexa9_0/lib/xuartps_intr.o ps7_cortexa9_0/li
TRACE::2026-09-23.20:36:10::SCWBDomain::b/xil_util.o ps7_cortexa9_0/lib/xscugic_selftest.o ps7_cortexa9_0/lib/xemacps_sinit.o ps7_cortexa9_0/lib/xttcps_options.o ps7_c
TRACE::2026-09-23.20:36:10::SCWBDomain::ortexa9_0/lib/xtime_l.o ps7_cortexa9_0/lib/xemacps_hw.o ps7_cortexa9_0/lib/xttcps_g.o ps7_cortexa9_0/lib/read.o ps7_cortexa9_0/
TRACE::2026-09-23.20:36:10::SCWBDomain::lib/xuartps_hw.o ps7_cortexa9_0/lib/xscugic_sinit.o ps7_cortexa9_0/lib/xgpiops_intr.o ps7_cortexa9_0/lib/xscugic_g.o ps7_cortex
TRACE::2026-09-23.20:36:10::SCWBDomain::a9_0/lib/xil_sleepcommon.o ps7_cortexa9_0/lib/usleep.o ps7_cortexa9_0/lib/xadcps_intr.o ps7_cortexa9_0/lib/xscuwdt_sinit.o ps7_
TRACE::2026-09-23.20:36:10::SCWBDomain::cortexa9_0/lib/cpu_init.o ps7_cortexa9_0/lib/xemacps_bdring.o ps7_cortexa9_0/lib/boot.o ps7_cortexa9_0/lib/xil_mmu.o ps7_cortex
TRACE::2026-09-23.20:36:10::SCWBDomain::a9_0/lib/write.o ps7_cortexa9_0/lib/translation_table.o ps7_cortexa9_0/lib/xil_spinlock.o ps7_cortexa9_0/lib/unlink.o ps7_corte
TRACE::2026-09-23.20:36:10::SCWBDomain::xa9_0/lib/print.o ps7_cortexa9_0/lib/xil_testio.o ps7_cortexa9_0/lib/xil_cache.o ps7_cortexa9_0/lib/xemacps.o ps7_cortexa9_0/li
TRACE::2026-09-23.20:36:10::SCWBDomain::b/xqspips.o ps7_cortexa9_0/lib/xdevcfg.o ps7_cortexa9_0/lib/xqspips_options.o ps7_cortexa9_0/lib/fcntl.o ps7_cortexa9_0/lib/_op
TRACE::2026-09-23.20:36:10::SCWBDomain::en.o ps7_cortexa9_0/lib/xil_mem.o ps7_cortexa9_0/lib/cpputest_time.o ps7_cortexa9_0/lib/sleep.o ps7_cortexa9_0/lib/xuartps.o ps
TRACE::2026-09-23.20:36:10::SCWBDomain::7_cortexa9_0/lib/xscugic_hw.o ps7_cortexa9_0/lib/xcoresightpsdcc.o

TRACE::2026-09-23.20:36:10::SCWBDomain::Finished building libraries

TRACE::2026-09-23.20:36:10::SCWBDomain::make: Leaving directory '/home/user/Desktop/lab_3/Vitis/zynq_keypad_system_wrapper/zynq_fsbl/zynq_fsbl_bsp'

TRACE::2026-09-23.20:36:10::SCWBDomain::arm-none-eabi-gcc -MMD -MP       -mcpu=cortex-a9 -mfpu=vfpv3 -mfloat-abi=hard   -O2 -c -c pcap.c -o pcap.o -Izynq_fsbl_bsp/ps7_
TRACE::2026-09-23.20:36:10::SCWBDomain::cortexa9_0/include -I.

TRACE::2026-09-23.20:36:10::SCWBDomain::arm-none-eabi-gcc -MMD -MP       -mcpu=cortex-a9 -mfpu=vfpv3 -mfloat-abi=hard   -O2 -c -c nand.c -o nand.o -Izynq_fsbl_bsp/ps7_
TRACE::2026-09-23.20:36:10::SCWBDomain::cortexa9_0/include -I.

TRACE::2026-09-23.20:36:10::SCWBDomain::arm-none-eabi-gcc -MMD -MP       -mcpu=cortex-a9 -mfpu=vfpv3 -mfloat-abi=hard   -O2 -c -c qspi.c -o qspi.o -Izynq_fsbl_bsp/ps7_
TRACE::2026-09-23.20:36:10::SCWBDomain::cortexa9_0/include -I.

TRACE::2026-09-23.20:36:10::SCWBDomain::arm-none-eabi-gcc -MMD -MP       -mcpu=cortex-a9 -mfpu=vfpv3 -mfloat-abi=hard   -O2 -c -c rsa.c -o rsa.o -Izynq_fsbl_bsp/ps7_co
TRACE::2026-09-23.20:36:10::SCWBDomain::rtexa9_0/include -I.

TRACE::2026-09-23.20:36:10::SCWBDomain::arm-none-eabi-gcc -MMD -MP       -mcpu=cortex-a9 -mfpu=vfpv3 -mfloat-abi=hard   -O2 -c -c main.c -o main.o -Izynq_fsbl_bsp/ps7_
TRACE::2026-09-23.20:36:10::SCWBDomain::cortexa9_0/include -I.

TRACE::2026-09-23.20:36:10::SCWBDomain::arm-none-eabi-gcc -MMD -MP       -mcpu=cortex-a9 -mfpu=vfpv3 -mfloat-abi=hard   -O2 -c -c md5.c -o md5.o -Izynq_fsbl_bsp/ps7_co
TRACE::2026-09-23.20:36:10::SCWBDomain::rtexa9_0/include -I.

TRACE::2026-09-23.20:36:10::SCWBDomain::arm-none-eabi-gcc -MMD -MP       -mcpu=cortex-a9 -mfpu=vfpv3 -mfloat-abi=hard   -O2 -c -c image_mover.c -o image_mover.o -Izynq
TRACE::2026-09-23.20:36:10::SCWBDomain::_fsbl_bsp/ps7_cortexa9_0/include -I.

TRACE::2026-09-23.20:36:11::SCWBDomain::arm-none-eabi-gcc -MMD -MP       -mcpu=cortex-a9 -mfpu=vfpv3 -mfloat-abi=hard   -O2 -c -c ps7_init.c -o ps7_init.o -Izynq_fsbl_
TRACE::2026-09-23.20:36:11::SCWBDomain::bsp/ps7_cortexa9_0/include -I.

TRACE::2026-09-23.20:36:11::SCWBDomain::arm-none-eabi-gcc -MMD -MP       -mcpu=cortex-a9 -mfpu=vfpv3 -mfloat-abi=hard   -O2 -c -c nor.c -o nor.o -Izynq_fsbl_bsp/ps7_co
TRACE::2026-09-23.20:36:11::SCWBDomain::rtexa9_0/include -I.

TRACE::2026-09-23.20:36:11::SCWBDomain::arm-none-eabi-gcc -MMD -MP       -mcpu=cortex-a9 -mfpu=vfpv3 -mfloat-abi=hard   -O2 -c -c fsbl_hooks.c -o fsbl_hooks.o -Izynq_f
TRACE::2026-09-23.20:36:11::SCWBDomain::sbl_bsp/ps7_cortexa9_0/include -I.

TRACE::2026-09-23.20:36:11::SCWBDomain::arm-none-eabi-gcc -MMD -MP       -mcpu=cortex-a9 -mfpu=vfpv3 -mfloat-abi=hard   -O2 -c -c sd.c -o sd.o -Izynq_fsbl_bsp/ps7_cort
TRACE::2026-09-23.20:36:11::SCWBDomain::exa9_0/include -I.

TRACE::2026-09-23.20:36:11::SCWBDomain::arm-none-eabi-gcc -MMD -MP       -mcpu=cortex-a9 -mfpu=vfpv3 -mfloat-abi=hard   -O2 -c -c fsbl_handoff.S -o fsbl_handoff.o -Izy
TRACE::2026-09-23.20:36:11::SCWBDomain::nq_fsbl_bsp/ps7_cortexa9_0/include -I.

TRACE::2026-09-23.20:36:11::SCWBDomain::arm-none-eabi-gcc -o fsbl.elf  pcap.o  nand.o  qspi.o  rsa.o  main.o  md5.o  image_mover.o  ps7_init.o  nor.o  fsbl_hooks.o  sd
TRACE::2026-09-23.20:36:11::SCWBDomain::.o  fsbl_handoff.o  -MMD -MP       -mcpu=cortex-a9 -mfpu=vfpv3 -mfloat-abi=hard   -mcpu=cortex-a9 -mfpu=vfpv3 -mfloat-abi=hard 
TRACE::2026-09-23.20:36:11::SCWBDomain::-Wl,-build-id=none -specs=Xilinx.spec  -lrsa -Wl,--start-group,-lxil,-lgcc,-lc,--end-group -Wl,--start-group,-lxilffs,-lxil,-lg
TRACE::2026-09-23.20:36:11::SCWBDomain::cc,-lc,--end-group -Wl,--start-group,-lrsa,-lxil,-lgcc,-lc,--end-group                                     -Wl,--gc-sections -L
TRACE::2026-09-23.20:36:11::SCWBDomain::zynq_fsbl_bsp/ps7_cortexa9_0/lib -L./ -Tlscript.ld

LOG::2026-09-23.20:36:11::SCWSystem::Checking the domain standalone_ps7_cortexa9_0
LOG::2026-09-23.20:36:11::SCWSystem::Not a boot domain 
LOG::2026-09-23.20:36:11::SCWSystem::Started Processing the domain standalone_ps7_cortexa9_0
TRACE::2026-09-23.20:36:11::SCWDomain::Generating domain artifcats
TRACE::2026-09-23.20:36:11::SCWMssOS::Generating standalone artifcats
TRACE::2026-09-23.20:36:11::SCWMssOS::Copying the qemu file from  /home/software/Xilinx/Vitis/2021.1/data/emulation/platforms/zynq/sw/a9_standalone/qemu/qemu_args.txt To /home/user/Desktop/lab_3/Vitis/zynq_keypad_system_wrapper/export/zynq_keypad_system_wrapper/sw/zynq_keypad_system_wrapper/qemu/
TRACE::2026-09-23.20:36:11::SCWMssOS::Copying the qemu file from  /home/software/Xilinx/Vitis/2021.1/data/emulation/platforms/zynq/sw/a9_standalone/qemu/qemu_args.txt To /home/user/Desktop/lab_3/Vitis/zynq_keypad_system_wrapper/export/zynq_keypad_system_wrapper/sw/zynq_keypad_system_wrapper/standalone_ps7_cortexa9_0/qemu/
TRACE::2026-09-23.20:36:11::SCWMssOS:: Copying the user libraries. 
TRACE::2026-09-23.20:36:11::SCWPlatform::Trying to open the hw design at /home/user/Desktop/lab_3/Vitis/zynq_keypad_system_wrapper/hw/zynq_keypad_system_wrapper.xsa
TRACE::2026-09-23.20:36:11::SCWPlatform::DSA given /home/user/Desktop/lab_3/Vitis/zynq_keypad_system_wrapper/hw/zynq_keypad_system_wrapper.xsa
TRACE::2026-09-23.20:36:11::SCWPlatform::DSA absoulate path /home/user/Desktop/lab_3/Vitis/zynq_keypad_system_wrapper/hw/zynq_keypad_system_wrapper.xsa
TRACE::2026-09-23.20:36:11::SCWPlatform::DSA directory /home/user/Desktop/lab_3/Vitis/zynq_keypad_system_wrapper/hw
TRACE::2026-09-23.20:36:11::SCWPlatform:: Platform Path /home/user/Desktop/lab_3/Vitis/zynq_keypad_system_wrapper/hw/zynq_keypad_system_wrapper.xsa
TRACE::2026-09-23.20:36:11::SCWPlatform:: Unique name xilinx:zybo::0.0
TRACE::2026-09-23.20:36:11::SCWPlatform::Trying to set the existing hwdb with name zynq_keypad_system_wrapper_0
TRACE::2026-09-23.20:36:11::SCWPlatform::Opened existing hwdb zynq_keypad_system_wrapper_0
TRACE::2026-09-23.20:36:11::SCWPlatform::Found the Hw Db part of the input DSA
TRACE::2026-09-23.20:36:11::SCWMssOS::Checking the sw design at  /home/user/Desktop/lab_3/Vitis/zynq_keypad_system_wrapper/ps7_cortexa9_0/standalone_ps7_cortexa9_0/bsp/system.mss
TRACE::2026-09-23.20:36:11::SCWMssOS::DEBUG:  swdes dump  /home/user/Desktop/lab_3/Vitis/zynq_keypad_system_wrapper/ps7_cortexa9_0/standalone_ps7_cortexa9_0/bsp/system.mss|system_0||
/home/user/Desktop/lab_3/Vitis/zynq_keypad_system_wrapper/zynq_fsbl/zynq_fsbl_bsp/system.mss|system||

TRACE::2026-09-23.20:36:11::SCWMssOS::Sw design exists and opened at  /home/user/Desktop/lab_3/Vitis/zynq_keypad_system_wrapper/ps7_cortexa9_0/standalone_ps7_cortexa9_0/bsp/system.mss
TRACE::2026-09-23.20:36:11::SCWMssOS::Completed writing the mss file at /home/user/Desktop/lab_3/Vitis/zynq_keypad_system_wrapper/ps7_cortexa9_0/standalone_ps7_cortexa9_0/bsp
TRACE::2026-09-23.20:36:11::SCWMssOS::Mss edits present, copying mssfile into export location /home/user/Desktop/lab_3/Vitis/zynq_keypad_system_wrapper/ps7_cortexa9_0/standalone_ps7_cortexa9_0/bsp/system.mss
TRACE::2026-09-23.20:36:11::SCWMssOS::bsp generated is upto date with the mss file. Skipping bsp generation.
TRACE::2026-09-23.20:36:11::SCWMssOS::BSP is already built. skipping the bsp build ... 
TRACE::2026-09-23.20:36:11::SCWDomain::Building the domain as part of full build :  standalone_ps7_cortexa9_0
TRACE::2026-09-23.20:36:11::SCWMssOS::doing bsp build ... 
TRACE::2026-09-23.20:36:11::SCWMssOS::System Command Ran  cd  /home/user/Desktop/lab_3/Vitis/zynq_keypad_system_wrapper/ps7_cortexa9_0/standalone_ps7_cortexa9_0/bsp ; bash -c "make  " 
TRACE::2026-09-23.20:36:11::SCWMssOS::make --no-print-directory seq_libs

TRACE::2026-09-23.20:36:11::SCWMssOS::Running Make include in ps7_cortexa9_0/libsrc/gpiops_v3_9/src

TRACE::2026-09-23.20:36:11::SCWMssOS::make -C ps7_cortexa9_0/libsrc/gpiops_v3_9/src -s include  "SHELL=/bin/sh" "COMPILER=arm-none-eabi-gcc" "ASSEMBLER=arm-none-eabi
TRACE::2026-09-23.20:36:11::SCWMssOS::-as" "ARCHIVER=arm-none-eabi-ar" "COMPILER_FLAGS=  -O2 -c" "EXTRA_COMPILER_FLAGS=-mcpu=cortex-a9 -mfpu=vfpv3 -mfloat-abi=hard -
TRACE::2026-09-23.20:36:11::SCWMssOS::nostartfiles -g -Wall -Wextra -fno-tree-loop-distribute-patterns"

TRACE::2026-09-23.20:36:11::SCWMssOS::Running Make include in ps7_cortexa9_0/libsrc/scugic_v4_5/src

TRACE::2026-09-23.20:36:11::SCWMssOS::make -C ps7_cortexa9_0/libsrc/scugic_v4_5/src -s include  "SHELL=/bin/sh" "COMPILER=arm-none-eabi-gcc" "ASSEMBLER=arm-none-eabi
TRACE::2026-09-23.20:36:11::SCWMssOS::-as" "ARCHIVER=arm-none-eabi-ar" "COMPILER_FLAGS=  -O2 -c" "EXTRA_COMPILER_FLAGS=-mcpu=cortex-a9 -mfpu=vfpv3 -mfloat-abi=hard -
TRACE::2026-09-23.20:36:11::SCWMssOS::nostartfiles -g -Wall -Wextra -fno-tree-loop-distribute-patterns"

TRACE::2026-09-23.20:36:11::SCWMssOS::Running Make include in ps7_cortexa9_0/libsrc/scuwdt_v2_4/src

TRACE::2026-09-23.20:36:11::SCWMssOS::make -C ps7_cortexa9_0/libsrc/scuwdt_v2_4/src -s include  "SHELL=/bin/sh" "COMPILER=arm-none-eabi-gcc" "ASSEMBLER=arm-none-eabi
TRACE::2026-09-23.20:36:11::SCWMssOS::-as" "ARCHIVER=arm-none-eabi-ar" "COMPILER_FLAGS=  -O2 -c" "EXTRA_COMPILER_FLAGS=-mcpu=cortex-a9 -mfpu=vfpv3 -mfloat-abi=hard -
TRACE::2026-09-23.20:36:11::SCWMssOS::nostartfiles -g -Wall -Wextra -fno-tree-loop-distribute-patterns"

TRACE::2026-09-23.20:36:11::SCWMssOS::Running Make include in ps7_cortexa9_0/libsrc/devcfg_v3_7/src

TRACE::2026-09-23.20:36:11::SCWMssOS::make -C ps7_cortexa9_0/libsrc/devcfg_v3_7/src -s include  "SHELL=/bin/sh" "COMPILER=arm-none-eabi-gcc" "ASSEMBLER=arm-none-eabi
TRACE::2026-09-23.20:36:11::SCWMssOS::-as" "ARCHIVER=arm-none-eabi-ar" "COMPILER_FLAGS=  -O2 -c" "EXTRA_COMPILER_FLAGS=-mcpu=cortex-a9 -mfpu=vfpv3 -mfloat-abi=hard -
TRACE::2026-09-23.20:36:11::SCWMssOS::nostartfiles -g -Wall -Wextra -fno-tree-loop-distribute-patterns"

TRACE::2026-09-23.20:36:11::SCWMssOS::Running Make include in ps7_cortexa9_0/libsrc/standalone_v7_5/src

TRACE::2026-09-23.20:36:11::SCWMssOS::make -C ps7_cortexa9_0/libsrc/standalone_v7_5/src -s include  "SHELL=/bin/sh" "COMPILER=arm-none-eabi-gcc" "ASSEMBLER=arm-none-
TRACE::2026-09-23.20:36:11::SCWMssOS::eabi-as" "ARCHIVER=arm-none-eabi-ar" "COMPILER_FLAGS=  -O2 -c" "EXTRA_COMPILER_FLAGS=-mcpu=cortex-a9 -mfpu=vfpv3 -mfloat-abi=ha
TRACE::2026-09-23.20:36:11::SCWMssOS::rd -nostartfiles -g -Wall -Wextra -fno-tree-loop-distribute-patterns"

TRACE::2026-09-23.20:36:11::SCWMssOS::Running Make include in ps7_cortexa9_0/libsrc/uartps_v3_11/src

TRACE::2026-09-23.20:36:11::SCWMssOS::make -C ps7_cortexa9_0/libsrc/uartps_v3_11/src -s include  "SHELL=/bin/sh" "COMPILER=arm-none-eabi-gcc" "ASSEMBLER=arm-none-eab
TRACE::2026-09-23.20:36:11::SCWMssOS::i-as" "ARCHIVER=arm-none-eabi-ar" "COMPILER_FLAGS=  -O2 -c" "EXTRA_COMPILER_FLAGS=-mcpu=cortex-a9 -mfpu=vfpv3 -mfloat-abi=hard 
TRACE::2026-09-23.20:36:11::SCWMssOS::-nostartfiles -g -Wall -Wextra -fno-tree-loop-distribute-patterns"

TRACE::2026-09-23.20:36:11::SCWMssOS::Running Make include in ps7_cortexa9_0/libsrc/scutimer_v2_3/src

TRACE::2026-09-23.20:36:11::SCWMssOS::make -C ps7_cortexa9_0/libsrc/scutimer_v2_3/src -s include  "SHELL=/bin/sh" "COMPILER=arm-none-eabi-gcc" "ASSEMBLER=arm-none-ea
TRACE::2026-09-23.20:36:11::SCWMssOS::bi-as" "ARCHIVER=arm-none-eabi-ar" "COMPILER_FLAGS=  -O2 -c" "EXTRA_COMPILER_FLAGS=-mcpu=cortex-a9 -mfpu=vfpv3 -mfloat-abi=hard
TRACE::2026-09-23.20:36:11::SCWMssOS:: -nostartfiles -g -Wall -Wextra -fno-tree-loop-distribute-patterns"

TRACE::2026-09-23.20:36:11::SCWMssOS::Running Make include in ps7_cortexa9_0/libsrc/sdps_v3_12/src

TRACE::2026-09-23.20:36:11::SCWMssOS::make -C ps7_cortexa9_0/libsrc/sdps_v3_12/src -s include  "SHELL=/bin/sh" "COMPILER=arm-none-eabi-gcc" "ASSEMBLER=arm-none-eabi-
TRACE::2026-09-23.20:36:11::SCWMssOS::as" "ARCHIVER=arm-none-eabi-ar" "COMPILER_FLAGS=  -O2 -c" "EXTRA_COMPILER_FLAGS=-mcpu=cortex-a9 -mfpu=vfpv3 -mfloat-abi=hard -n
TRACE::2026-09-23.20:36:11::SCWMssOS::ostartfiles -g -Wall -Wextra -fno-tree-loop-distribute-patterns"

TRACE::2026-09-23.20:36:11::SCWMssOS::Running Make include in ps7_cortexa9_0/libsrc/emacps_v3_14/src

TRACE::2026-09-23.20:36:11::SCWMssOS::make -C ps7_cortexa9_0/libsrc/emacps_v3_14/src -s include  "SHELL=/bin/sh" "COMPILER=arm-none-eabi-gcc" "ASSEMBLER=arm-none-eab
TRACE::2026-09-23.20:36:11::SCWMssOS::i-as" "ARCHIVER=arm-none-eabi-ar" "COMPILER_FLAGS=  -O2 -c" "EXTRA_COMPILER_FLAGS=-mcpu=cortex-a9 -mfpu=vfpv3 -mfloat-abi=hard 
TRACE::2026-09-23.20:36:11::SCWMssOS::-nostartfiles -g -Wall -Wextra -fno-tree-loop-distribute-patterns"

TRACE::2026-09-23.20:36:11::SCWMssOS::Running Make include in ps7_cortexa9_0/libsrc/ttcps_v3_14/src

TRACE::2026-09-23.20:36:11::SCWMssOS::make -C ps7_cortexa9_0/libsrc/ttcps_v3_14/src -s include  "SHELL=/bin/sh" "COMPILER=arm-none-eabi-gcc" "ASSEMBLER=arm-none-eabi
TRACE::2026-09-23.20:36:11::SCWMssOS::-as" "ARCHIVER=arm-none-eabi-ar" "COMPILER_FLAGS=  -O2 -c" "EXTRA_COMPILER_FLAGS=-mcpu=cortex-a9 -mfpu=vfpv3 -mfloat-abi=hard -
TRACE::2026-09-23.20:36:11::SCWMssOS::nostartfiles -g -Wall -Wextra -fno-tree-loop-distribute-patterns"

TRACE::2026-09-23.20:36:11::SCWMssOS::Running Make include in ps7_cortexa9_0/libsrc/usbps_v2_7/src

TRACE::2026-09-23.20:36:11::SCWMssOS::make -C ps7_cortexa9_0/libsrc/usbps_v2_7/src -s include  "SHELL=/bin/sh" "COMPILER=arm-none-eabi-gcc" "ASSEMBLER=arm-none-eabi-
TRACE::2026-09-23.20:36:11::SCWMssOS::as" "ARCHIVER=arm-none-eabi-ar" "COMPILER_FLAGS=  -O2 -c" "EXTRA_COMPILER_FLAGS=-mcpu=cortex-a9 -mfpu=vfpv3 -mfloat-abi=hard -n
TRACE::2026-09-23.20:36:11::SCWMssOS::ostartfiles -g -Wall -Wextra -fno-tree-loop-distribute-patterns"

TRACE::2026-09-23.20:36:11::SCWMssOS::Running Make include in ps7_cortexa9_0/libsrc/coresightps_dcc_v1_8/src

TRACE::2026-09-23.20:36:11::SCWMssOS::make -C ps7_cortexa9_0/libsrc/coresightps_dcc_v1_8/src -s include  "SHELL=/bin/sh" "COMPILER=arm-none-eabi-gcc" "ASSEMBLER=arm-
TRACE::2026-09-23.20:36:11::SCWMssOS::none-eabi-as" "ARCHIVER=arm-none-eabi-ar" "COMPILER_FLAGS=  -O2 -c" "EXTRA_COMPILER_FLAGS=-mcpu=cortex-a9 -mfpu=vfpv3 -mfloat-a
TRACE::2026-09-23.20:36:11::SCWMssOS::bi=hard -nostartfiles -g -Wall -Wextra -fno-tree-loop-distribute-patterns"

TRACE::2026-09-23.20:36:11::SCWMssOS::Running Make include in ps7_cortexa9_0/libsrc/ddrps_v1_2/src

TRACE::2026-09-23.20:36:11::SCWMssOS::make -C ps7_cortexa9_0/libsrc/ddrps_v1_2/src -s include  "SHELL=/bin/sh" "COMPILER=arm-none-eabi-gcc" "ASSEMBLER=arm-none-eabi-
TRACE::2026-09-23.20:36:11::SCWMssOS::as" "ARCHIVER=arm-none-eabi-ar" "COMPILER_FLAGS=  -O2 -c" "EXTRA_COMPILER_FLAGS=-mcpu=cortex-a9 -mfpu=vfpv3 -mfloat-abi=hard -n
TRACE::2026-09-23.20:36:11::SCWMssOS::ostartfiles -g -Wall -Wextra -fno-tree-loop-distribute-patterns"

TRACE::2026-09-23.20:36:11::SCWMssOS::Running Make include in ps7_cortexa9_0/libsrc/xadcps_v2_6/src

TRACE::2026-09-23.20:36:11::SCWMssOS::make -C ps7_cortexa9_0/libsrc/xadcps_v2_6/src -s include  "SHELL=/bin/sh" "COMPILER=arm-none-eabi-gcc" "ASSEMBLER=arm-none-eabi
TRACE::2026-09-23.20:36:11::SCWMssOS::-as" "ARCHIVER=arm-none-eabi-ar" "COMPILER_FLAGS=  -O2 -c" "EXTRA_COMPILER_FLAGS=-mcpu=cortex-a9 -mfpu=vfpv3 -mfloat-abi=hard -
TRACE::2026-09-23.20:36:11::SCWMssOS::nostartfiles -g -Wall -Wextra -fno-tree-loop-distribute-patterns"

TRACE::2026-09-23.20:36:11::SCWMssOS::Running Make include in ps7_cortexa9_0/libsrc/cpu_cortexa9_v2_11/src

TRACE::2026-09-23.20:36:11::SCWMssOS::make -C ps7_cortexa9_0/libsrc/cpu_cortexa9_v2_11/src -s include  "SHELL=/bin/sh" "COMPILER=arm-none-eabi-gcc" "ASSEMBLER=arm-no
TRACE::2026-09-23.20:36:11::SCWMssOS::ne-eabi-as" "ARCHIVER=arm-none-eabi-ar" "COMPILER_FLAGS=  -O2 -c" "EXTRA_COMPILER_FLAGS=-mcpu=cortex-a9 -mfpu=vfpv3 -mfloat-abi
TRACE::2026-09-23.20:36:11::SCWMssOS::=hard -nostartfiles -g -Wall -Wextra -fno-tree-loop-distribute-patterns"

TRACE::2026-09-23.20:36:11::SCWMssOS::Running Make include in ps7_cortexa9_0/libsrc/qspips_v3_9/src

TRACE::2026-09-23.20:36:11::SCWMssOS::make -C ps7_cortexa9_0/libsrc/qspips_v3_9/src -s include  "SHELL=/bin/sh" "COMPILER=arm-none-eabi-gcc" "ASSEMBLER=arm-none-eabi
TRACE::2026-09-23.20:36:11::SCWMssOS::-as" "ARCHIVER=arm-none-eabi-ar" "COMPILER_FLAGS=  -O2 -c" "EXTRA_COMPILER_FLAGS=-mcpu=cortex-a9 -mfpu=vfpv3 -mfloat-abi=hard -
TRACE::2026-09-23.20:36:11::SCWMssOS::nostartfiles -g -Wall -Wextra -fno-tree-loop-distribute-patterns"

TRACE::2026-09-23.20:36:11::SCWMssOS::Running Make include in ps7_cortexa9_0/libsrc/dmaps_v2_8/src

TRACE::2026-09-23.20:36:11::SCWMssOS::make -C ps7_cortexa9_0/libsrc/dmaps_v2_8/src -s include  "SHELL=/bin/sh" "COMPILER=arm-none-eabi-gcc" "ASSEMBLER=arm-none-eabi-
TRACE::2026-09-23.20:36:11::SCWMssOS::as" "ARCHIVER=arm-none-eabi-ar" "COMPILER_FLAGS=  -O2 -c" "EXTRA_COMPILER_FLAGS=-mcpu=cortex-a9 -mfpu=vfpv3 -mfloat-abi=hard -n
TRACE::2026-09-23.20:36:11::SCWMssOS::ostartfiles -g -Wall -Wextra -fno-tree-loop-distribute-patterns"

TRACE::2026-09-23.20:36:11::SCWMssOS::Running Make include in ps7_cortexa9_0/libsrc/PmodKYPD_v1_0/src

TRACE::2026-09-23.20:36:11::SCWMssOS::make -C ps7_cortexa9_0/libsrc/PmodKYPD_v1_0/src -s include  "SHELL=/bin/sh" "COMPILER=arm-none-eabi-gcc" "ASSEMBLER=arm-none-ea
TRACE::2026-09-23.20:36:11::SCWMssOS::bi-as" "ARCHIVER=arm-none-eabi-ar" "COMPILER_FLAGS=  -O2 -c" "EXTRA_COMPILER_FLAGS=-mcpu=cortex-a9 -mfpu=vfpv3 -mfloat-abi=hard
TRACE::2026-09-23.20:36:11::SCWMssOS:: -nostartfiles -g -Wall -Wextra -fno-tree-loop-distribute-patterns"

TRACE::2026-09-23.20:36:11::SCWMssOS::Running Make libs in ps7_cortexa9_0/libsrc/PmodKYPD_v1_0/src

TRACE::2026-09-23.20:36:11::SCWMssOS::make -C ps7_cortexa9_0/libsrc/PmodKYPD_v1_0/src -s libs  "SHELL=/bin/sh" "COMPILER=arm-none-eabi-gcc" "ASSEMBLER=arm-none-eabi-
TRACE::2026-09-23.20:36:11::SCWMssOS::as" "ARCHIVER=arm-none-eabi-ar" "COMPILER_FLAGS=  -O2 -c" "EXTRA_COMPILER_FLAGS=-mcpu=cortex-a9 -mfpu=vfpv3 -mfloat-abi=hard -n
TRACE::2026-09-23.20:36:11::SCWMssOS::ostartfiles -g -Wall -Wextra -fno-tree-loop-distribute-patterns"

TRACE::2026-09-23.20:36:11::SCWMssOS::Compiling PmodKYPD

TRACE::2026-09-23.20:36:11::SCWMssOS::Finished building libraries sequentially.

TRACE::2026-09-23.20:36:11::SCWMssOS::make -j 6 --no-print-directory par_libs

TRACE::2026-09-23.20:36:11::SCWMssOS::Running Make include in ps7_cortexa9_0/libsrc/gpiops_v3_9/src

TRACE::2026-09-23.20:36:11::SCWMssOS::make -C ps7_cortexa9_0/libsrc/gpiops_v3_9/src -s include  "SHELL=/bin/sh" "COMPILER=arm-none-eabi-gcc" "ASSEMBLER=arm-none-eabi
TRACE::2026-09-23.20:36:11::SCWMssOS::-as" "ARCHIVER=arm-none-eabi-ar" "COMPILER_FLAGS=  -O2 -c" "EXTRA_COMPILER_FLAGS=-mcpu=cortex-a9 -mfpu=vfpv3 -mfloat-abi=hard -
TRACE::2026-09-23.20:36:11::SCWMssOS::nostartfiles -g -Wall -Wextra -fno-tree-loop-distribute-patterns"

TRACE::2026-09-23.20:36:11::SCWMssOS::Running Make include in ps7_cortexa9_0/libsrc/scugic_v4_5/src

TRACE::2026-09-23.20:36:11::SCWMssOS::Running Make include in ps7_cortexa9_0/libsrc/scuwdt_v2_4/src

TRACE::2026-09-23.20:36:11::SCWMssOS::make -C ps7_cortexa9_0/libsrc/scugic_v4_5/src -s include  "SHELL=/bin/sh" "COMPILER=arm-none-eabi-gcc" "ASSEMBLER=arm-none-eabi
TRACE::2026-09-23.20:36:11::SCWMssOS::-as" "ARCHIVER=arm-none-eabi-ar" "COMPILER_FLAGS=  -O2 -c" "EXTRA_COMPILER_FLAGS=-mcpu=cortex-a9 -mfpu=vfpv3 -mfloat-abi=hard -
TRACE::2026-09-23.20:36:11::SCWMssOS::nostartfiles -g -Wall -Wextra -fno-tree-loop-distribute-patterns"

TRACE::2026-09-23.20:36:11::SCWMssOS::Running Make include in ps7_cortexa9_0/libsrc/devcfg_v3_7/src

TRACE::2026-09-23.20:36:11::SCWMssOS::make -C ps7_cortexa9_0/libsrc/scuwdt_v2_4/src -s include  "SHELL=/bin/sh" "COMPILER=arm-none-eabi-gcc" "ASSEMBLER=arm-none-eabi
TRACE::2026-09-23.20:36:11::SCWMssOS::-as" "ARCHIVER=arm-none-eabi-ar" "COMPILER_FLAGS=  -O2 -c" "EXTRA_COMPILER_FLAGS=-mcpu=cortex-a9 -mfpu=vfpv3 -mfloat-abi=hard -
TRACE::2026-09-23.20:36:11::SCWMssOS::nostartfiles -g -Wall -Wextra -fno-tree-loop-distribute-patterns"

TRACE::2026-09-23.20:36:11::SCWMssOS::make -C ps7_cortexa9_0/libsrc/devcfg_v3_7/src -s include  "SHELL=/bin/sh" "COMPILER=arm-none-eabi-gcc" "ASSEMBLER=arm-none-eabi
TRACE::2026-09-23.20:36:11::SCWMssOS::-as" "ARCHIVER=arm-none-eabi-ar" "COMPILER_FLAGS=  -O2 -c" "EXTRA_COMPILER_FLAGS=-mcpu=cortex-a9 -mfpu=vfpv3 -mfloat-abi=hard -
TRACE::2026-09-23.20:36:11::SCWMssOS::nostartfiles -g -Wall -Wextra -fno-tree-loop-distribute-patterns"

TRACE::2026-09-23.20:36:11::SCWMssOS::Running Make include in ps7_cortexa9_0/libsrc/standalone_v7_5/src

TRACE::2026-09-23.20:36:11::SCWMssOS::make -C ps7_cortexa9_0/libsrc/standalone_v7_5/src -s include  "SHELL=/bin/sh" "COMPILER=arm-none-eabi-gcc" "ASSEMBLER=arm-none-
TRACE::2026-09-23.20:36:11::SCWMssOS::eabi-as" "ARCHIVER=arm-none-eabi-ar" "COMPILER_FLAGS=  -O2 -c" "EXTRA_COMPILER_FLAGS=-mcpu=cortex-a9 -mfpu=vfpv3 -mfloat-abi=ha
TRACE::2026-09-23.20:36:11::SCWMssOS::rd -nostartfiles -g -Wall -Wextra -fno-tree-loop-distribute-patterns"

TRACE::2026-09-23.20:36:11::SCWMssOS::Running Make include in ps7_cortexa9_0/libsrc/uartps_v3_11/src

TRACE::2026-09-23.20:36:11::SCWMssOS::make -C ps7_cortexa9_0/libsrc/uartps_v3_11/src -s include  "SHELL=/bin/sh" "COMPILER=arm-none-eabi-gcc" "ASSEMBLER=arm-none-eab
TRACE::2026-09-23.20:36:11::SCWMssOS::i-as" "ARCHIVER=arm-none-eabi-ar" "COMPILER_FLAGS=  -O2 -c" "EXTRA_COMPILER_FLAGS=-mcpu=cortex-a9 -mfpu=vfpv3 -mfloat-abi=hard 
TRACE::2026-09-23.20:36:11::SCWMssOS::-nostartfiles -g -Wall -Wextra -fno-tree-loop-distribute-patterns"

TRACE::2026-09-23.20:36:11::SCWMssOS::Running Make include in ps7_cortexa9_0/libsrc/scutimer_v2_3/src

TRACE::2026-09-23.20:36:11::SCWMssOS::make -C ps7_cortexa9_0/libsrc/scutimer_v2_3/src -s include  "SHELL=/bin/sh" "COMPILER=arm-none-eabi-gcc" "ASSEMBLER=arm-none-ea
TRACE::2026-09-23.20:36:11::SCWMssOS::bi-as" "ARCHIVER=arm-none-eabi-ar" "COMPILER_FLAGS=  -O2 -c" "EXTRA_COMPILER_FLAGS=-mcpu=cortex-a9 -mfpu=vfpv3 -mfloat-abi=hard
TRACE::2026-09-23.20:36:11::SCWMssOS:: -nostartfiles -g -Wall -Wextra -fno-tree-loop-distribute-patterns"

TRACE::2026-09-23.20:36:11::SCWMssOS::Running Make include in ps7_cortexa9_0/libsrc/sdps_v3_12/src

TRACE::2026-09-23.20:36:11::SCWMssOS::make -C ps7_cortexa9_0/libsrc/sdps_v3_12/src -s include  "SHELL=/bin/sh" "COMPILER=arm-none-eabi-gcc" "ASSEMBLER=arm-none-eabi-
TRACE::2026-09-23.20:36:11::SCWMssOS::as" "ARCHIVER=arm-none-eabi-ar" "COMPILER_FLAGS=  -O2 -c" "EXTRA_COMPILER_FLAGS=-mcpu=cortex-a9 -mfpu=vfpv3 -mfloat-abi=hard -n
TRACE::2026-09-23.20:36:11::SCWMssOS::ostartfiles -g -Wall -Wextra -fno-tree-loop-distribute-patterns"

TRACE::2026-09-23.20:36:11::SCWMssOS::Running Make include in ps7_cortexa9_0/libsrc/emacps_v3_14/src

TRACE::2026-09-23.20:36:11::SCWMssOS::Running Make include in ps7_cortexa9_0/libsrc/ttcps_v3_14/src

TRACE::2026-09-23.20:36:11::SCWMssOS::make -C ps7_cortexa9_0/libsrc/emacps_v3_14/src -s include  "SHELL=/bin/sh" "COMPILER=arm-none-eabi-gcc" "ASSEMBLER=arm-none-eab
TRACE::2026-09-23.20:36:11::SCWMssOS::i-as" "ARCHIVER=arm-none-eabi-ar" "COMPILER_FLAGS=  -O2 -c" "EXTRA_COMPILER_FLAGS=-mcpu=cortex-a9 -mfpu=vfpv3 -mfloat-abi=hard 
TRACE::2026-09-23.20:36:11::SCWMssOS::-nostartfiles -g -Wall -Wextra -fno-tree-loop-distribute-patterns"

TRACE::2026-09-23.20:36:11::SCWMssOS::make -C ps7_cortexa9_0/libsrc/ttcps_v3_14/src -s include  "SHELL=/bin/sh" "COMPILER=arm-none-eabi-gcc" "ASSEMBLER=arm-none-eabi
TRACE::2026-09-23.20:36:11::SCWMssOS::-as" "ARCHIVER=arm-none-eabi-ar" "COMPILER_FLAGS=  -O2 -c" "EXTRA_COMPILER_FLAGS=-mcpu=cortex-a9 -mfpu=vfpv3 -mfloat-abi=hard -
TRACE::2026-09-23.20:36:11::SCWMssOS::nostartfiles -g -Wall -Wextra -fno-tree-loop-distribute-patterns"

TRACE::2026-09-23.20:36:11::SCWMssOS::Running Make include in ps7_cortexa9_0/libsrc/usbps_v2_7/src

TRACE::2026-09-23.20:36:11::SCWMssOS::make -C ps7_cortexa9_0/libsrc/usbps_v2_7/src -s include  "SHELL=/bin/sh" "COMPILER=arm-none-eabi-gcc" "ASSEMBLER=arm-none-eabi-
TRACE::2026-09-23.20:36:11::SCWMssOS::as" "ARCHIVER=arm-none-eabi-ar" "COMPILER_FLAGS=  -O2 -c" "EXTRA_COMPILER_FLAGS=-mcpu=cortex-a9 -mfpu=vfpv3 -mfloat-abi=hard -n
TRACE::2026-09-23.20:36:11::SCWMssOS::ostartfiles -g -Wall -Wextra -fno-tree-loop-distribute-patterns"

TRACE::2026-09-23.20:36:11::SCWMssOS::Running Make include in ps7_cortexa9_0/libsrc/coresightps_dcc_v1_8/src

TRACE::2026-09-23.20:36:11::SCWMssOS::make -C ps7_cortexa9_0/libsrc/coresightps_dcc_v1_8/src -s include  "SHELL=/bin/sh" "COMPILER=arm-none-eabi-gcc" "ASSEMBLER=arm-
TRACE::2026-09-23.20:36:11::SCWMssOS::none-eabi-as" "ARCHIVER=arm-none-eabi-ar" "COMPILER_FLAGS=  -O2 -c" "EXTRA_COMPILER_FLAGS=-mcpu=cortex-a9 -mfpu=vfpv3 -mfloat-a
TRACE::2026-09-23.20:36:11::SCWMssOS::bi=hard -nostartfiles -g -Wall -Wextra -fno-tree-loop-distribute-patterns"

TRACE::2026-09-23.20:36:11::SCWMssOS::Running Make include in ps7_cortexa9_0/libsrc/ddrps_v1_2/src

TRACE::2026-09-23.20:36:11::SCWMssOS::make -C ps7_cortexa9_0/libsrc/ddrps_v1_2/src -s include  "SHELL=/bin/sh" "COMPILER=arm-none-eabi-gcc" "ASSEMBLER=arm-none-eabi-
TRACE::2026-09-23.20:36:11::SCWMssOS::as" "ARCHIVER=arm-none-eabi-ar" "COMPILER_FLAGS=  -O2 -c" "EXTRA_COMPILER_FLAGS=-mcpu=cortex-a9 -mfpu=vfpv3 -mfloat-abi=hard -n
TRACE::2026-09-23.20:36:11::SCWMssOS::ostartfiles -g -Wall -Wextra -fno-tree-loop-distribute-patterns"

TRACE::2026-09-23.20:36:11::SCWMssOS::Running Make include in ps7_cortexa9_0/libsrc/xadcps_v2_6/src

TRACE::2026-09-23.20:36:11::SCWMssOS::make -C ps7_cortexa9_0/libsrc/xadcps_v2_6/src -s include  "SHELL=/bin/sh" "COMPILER=arm-none-eabi-gcc" "ASSEMBLER=arm-none-eabi
TRACE::2026-09-23.20:36:11::SCWMssOS::-as" "ARCHIVER=arm-none-eabi-ar" "COMPILER_FLAGS=  -O2 -c" "EXTRA_COMPILER_FLAGS=-mcpu=cortex-a9 -mfpu=vfpv3 -mfloat-abi=hard -
TRACE::2026-09-23.20:36:11::SCWMssOS::nostartfiles -g -Wall -Wextra -fno-tree-loop-distribute-patterns"

TRACE::2026-09-23.20:36:11::SCWMssOS::Running Make include in ps7_cortexa9_0/libsrc/cpu_cortexa9_v2_11/src

TRACE::2026-09-23.20:36:11::SCWMssOS::Running Make include in ps7_cortexa9_0/libsrc/qspips_v3_9/src

TRACE::2026-09-23.20:36:11::SCWMssOS::make -C ps7_cortexa9_0/libsrc/cpu_cortexa9_v2_11/src -s include  "SHELL=/bin/sh" "COMPILER=arm-none-eabi-gcc" "ASSEMBLER=arm-no
TRACE::2026-09-23.20:36:11::SCWMssOS::ne-eabi-as" "ARCHIVER=arm-none-eabi-ar" "COMPILER_FLAGS=  -O2 -c" "EXTRA_COMPILER_FLAGS=-mcpu=cortex-a9 -mfpu=vfpv3 -mfloat-abi
TRACE::2026-09-23.20:36:11::SCWMssOS::=hard -nostartfiles -g -Wall -Wextra -fno-tree-loop-distribute-patterns"

TRACE::2026-09-23.20:36:11::SCWMssOS::make -C ps7_cortexa9_0/libsrc/qspips_v3_9/src -s include  "SHELL=/bin/sh" "COMPILER=arm-none-eabi-gcc" "ASSEMBLER=arm-none-eabi
TRACE::2026-09-23.20:36:11::SCWMssOS::-as" "ARCHIVER=arm-none-eabi-ar" "COMPILER_FLAGS=  -O2 -c" "EXTRA_COMPILER_FLAGS=-mcpu=cortex-a9 -mfpu=vfpv3 -mfloat-abi=hard -
TRACE::2026-09-23.20:36:11::SCWMssOS::nostartfiles -g -Wall -Wextra -fno-tree-loop-distribute-patterns"

TRACE::2026-09-23.20:36:11::SCWMssOS::Running Make include in ps7_cortexa9_0/libsrc/dmaps_v2_8/src

TRACE::2026-09-23.20:36:11::SCWMssOS::make -C ps7_cortexa9_0/libsrc/dmaps_v2_8/src -s include  "SHELL=/bin/sh" "COMPILER=arm-none-eabi-gcc" "ASSEMBLER=arm-none-eabi-
TRACE::2026-09-23.20:36:11::SCWMssOS::as" "ARCHIVER=arm-none-eabi-ar" "COMPILER_FLAGS=  -O2 -c" "EXTRA_COMPILER_FLAGS=-mcpu=cortex-a9 -mfpu=vfpv3 -mfloat-abi=hard -n
TRACE::2026-09-23.20:36:11::SCWMssOS::ostartfiles -g -Wall -Wextra -fno-tree-loop-distribute-patterns"

TRACE::2026-09-23.20:36:11::SCWMssOS::Running Make include in ps7_cortexa9_0/libsrc/PmodKYPD_v1_0/src

TRACE::2026-09-23.20:36:11::SCWMssOS::make -C ps7_cortexa9_0/libsrc/PmodKYPD_v1_0/src -s include  "SHELL=/bin/sh" "COMPILER=arm-none-eabi-gcc" "ASSEMBLER=arm-none-ea
TRACE::2026-09-23.20:36:11::SCWMssOS::bi-as" "ARCHIVER=arm-none-eabi-ar" "COMPILER_FLAGS=  -O2 -c" "EXTRA_COMPILER_FLAGS=-mcpu=cortex-a9 -mfpu=vfpv3 -mfloat-abi=hard
TRACE::2026-09-23.20:36:11::SCWMssOS:: -nostartfiles -g -Wall -Wextra -fno-tree-loop-distribute-patterns"

TRACE::2026-09-23.20:36:11::SCWMssOS::Running Make libs in ps7_cortexa9_0/libsrc/scugic_v4_5/src

TRACE::2026-09-23.20:36:11::SCWMssOS::make -C ps7_cortexa9_0/libsrc/scugic_v4_5/src -s libs  "SHELL=/bin/sh" "COMPILER=arm-none-eabi-gcc" "ASSEMBLER=arm-none-eabi-as
TRACE::2026-09-23.20:36:11::SCWMssOS::" "ARCHIVER=arm-none-eabi-ar" "COMPILER_FLAGS=  -O2 -c" "EXTRA_COMPILER_FLAGS=-mcpu=cortex-a9 -mfpu=vfpv3 -mfloat-abi=hard -nos
TRACE::2026-09-23.20:36:11::SCWMssOS::tartfiles -g -Wall -Wextra -fno-tree-loop-distribute-patterns"

TRACE::2026-09-23.20:36:11::SCWMssOS::Running Make libs in ps7_cortexa9_0/libsrc/scuwdt_v2_4/src

TRACE::2026-09-23.20:36:11::SCWMssOS::Running Make libs in ps7_cortexa9_0/libsrc/devcfg_v3_7/src

TRACE::2026-09-23.20:36:11::SCWMssOS::make -C ps7_cortexa9_0/libsrc/scuwdt_v2_4/src -s libs  "SHELL=/bin/sh" "COMPILER=arm-none-eabi-gcc" "ASSEMBLER=arm-none-eabi-as
TRACE::2026-09-23.20:36:11::SCWMssOS::" "ARCHIVER=arm-none-eabi-ar" "COMPILER_FLAGS=  -O2 -c" "EXTRA_COMPILER_FLAGS=-mcpu=cortex-a9 -mfpu=vfpv3 -mfloat-abi=hard -nos
TRACE::2026-09-23.20:36:11::SCWMssOS::tartfiles -g -Wall -Wextra -fno-tree-loop-distribute-patterns"

TRACE::2026-09-23.20:36:11::SCWMssOS::Running Make libs in ps7_cortexa9_0/libsrc/gpiops_v3_9/src

TRACE::2026-09-23.20:36:11::SCWMssOS::make -C ps7_cortexa9_0/libsrc/devcfg_v3_7/src -s libs  "SHELL=/bin/sh" "COMPILER=arm-none-eabi-gcc" "ASSEMBLER=arm-none-eabi-as
TRACE::2026-09-23.20:36:11::SCWMssOS::" "ARCHIVER=arm-none-eabi-ar" "COMPILER_FLAGS=  -O2 -c" "EXTRA_COMPILER_FLAGS=-mcpu=cortex-a9 -mfpu=vfpv3 -mfloat-abi=hard -nos
TRACE::2026-09-23.20:36:11::SCWMssOS::tartfiles -g -Wall -Wextra -fno-tree-loop-distribute-patterns"

TRACE::2026-09-23.20:36:11::SCWMssOS::Running Make libs in ps7_cortexa9_0/libsrc/standalone_v7_5/src

TRACE::2026-09-23.20:36:11::SCWMssOS::Running Make libs in ps7_cortexa9_0/libsrc/uartps_v3_11/src

TRACE::2026-09-23.20:36:11::SCWMssOS::make -C ps7_cortexa9_0/libsrc/gpiops_v3_9/src -s libs  "SHELL=/bin/sh" "COMPILER=arm-none-eabi-gcc" "ASSEMBLER=arm-none-eabi-as
TRACE::2026-09-23.20:36:11::SCWMssOS::" "ARCHIVER=arm-none-eabi-ar" "COMPILER_FLAGS=  -O2 -c" "EXTRA_COMPILER_FLAGS=-mcpu=cortex-a9 -mfpu=vfpv3 -mfloat-abi=hard -nos
TRACE::2026-09-23.20:36:11::SCWMssOS::tartfiles -g -Wall -Wextra -fno-tree-loop-distribute-patterns"

TRACE::2026-09-23.20:36:11::SCWMssOS::make -C ps7_cortexa9_0/libsrc/standalone_v7_5/src -s libs  "SHELL=/bin/sh" "COMPILER=arm-none-eabi-gcc" "ASSEMBLER=arm-none-eab
TRACE::2026-09-23.20:36:11::SCWMssOS::i-as" "ARCHIVER=arm-none-eabi-ar" "COMPILER_FLAGS=  -O2 -c" "EXTRA_COMPILER_FLAGS=-mcpu=cortex-a9 -mfpu=vfpv3 -mfloat-abi=hard 
TRACE::2026-09-23.20:36:11::SCWMssOS::-nostartfiles -g -Wall -Wextra -fno-tree-loop-distribute-patterns"

TRACE::2026-09-23.20:36:11::SCWMssOS::make -C ps7_cortexa9_0/libsrc/uartps_v3_11/src -s libs  "SHELL=/bin/sh" "COMPILER=arm-none-eabi-gcc" "ASSEMBLER=arm-none-eabi-a
TRACE::2026-09-23.20:36:11::SCWMssOS::s" "ARCHIVER=arm-none-eabi-ar" "COMPILER_FLAGS=  -O2 -c" "EXTRA_COMPILER_FLAGS=-mcpu=cortex-a9 -mfpu=vfpv3 -mfloat-abi=hard -no
TRACE::2026-09-23.20:36:11::SCWMssOS::startfiles -g -Wall -Wextra -fno-tree-loop-distribute-patterns"

TRACE::2026-09-23.20:36:12::SCWMssOS::Running Make libs in ps7_cortexa9_0/libsrc/scutimer_v2_3/src

TRACE::2026-09-23.20:36:12::SCWMssOS::make -C ps7_cortexa9_0/libsrc/scutimer_v2_3/src -s libs  "SHELL=/bin/sh" "COMPILER=arm-none-eabi-gcc" "ASSEMBLER=arm-none-eabi-
TRACE::2026-09-23.20:36:12::SCWMssOS::as" "ARCHIVER=arm-none-eabi-ar" "COMPILER_FLAGS=  -O2 -c" "EXTRA_COMPILER_FLAGS=-mcpu=cortex-a9 -mfpu=vfpv3 -mfloat-abi=hard -n
TRACE::2026-09-23.20:36:12::SCWMssOS::ostartfiles -g -Wall -Wextra -fno-tree-loop-distribute-patterns"

TRACE::2026-09-23.20:36:12::SCWMssOS::Running Make libs in ps7_cortexa9_0/libsrc/sdps_v3_12/src

TRACE::2026-09-23.20:36:12::SCWMssOS::make -C ps7_cortexa9_0/libsrc/sdps_v3_12/src -s libs  "SHELL=/bin/sh" "COMPILER=arm-none-eabi-gcc" "ASSEMBLER=arm-none-eabi-as"
TRACE::2026-09-23.20:36:12::SCWMssOS:: "ARCHIVER=arm-none-eabi-ar" "COMPILER_FLAGS=  -O2 -c" "EXTRA_COMPILER_FLAGS=-mcpu=cortex-a9 -mfpu=vfpv3 -mfloat-abi=hard -nost
TRACE::2026-09-23.20:36:12::SCWMssOS::artfiles -g -Wall -Wextra -fno-tree-loop-distribute-patterns"

TRACE::2026-09-23.20:36:12::SCWMssOS::Running Make libs in ps7_cortexa9_0/libsrc/emacps_v3_14/src

TRACE::2026-09-23.20:36:12::SCWMssOS::make -C ps7_cortexa9_0/libsrc/emacps_v3_14/src -s libs  "SHELL=/bin/sh" "COMPILER=arm-none-eabi-gcc" "ASSEMBLER=arm-none-eabi-a
TRACE::2026-09-23.20:36:12::SCWMssOS::s" "ARCHIVER=arm-none-eabi-ar" "COMPILER_FLAGS=  -O2 -c" "EXTRA_COMPILER_FLAGS=-mcpu=cortex-a9 -mfpu=vfpv3 -mfloat-abi=hard -no
TRACE::2026-09-23.20:36:12::SCWMssOS::startfiles -g -Wall -Wextra -fno-tree-loop-distribute-patterns"

TRACE::2026-09-23.20:36:12::SCWMssOS::Running Make libs in ps7_cortexa9_0/libsrc/ttcps_v3_14/src

TRACE::2026-09-23.20:36:12::SCWMssOS::make -C ps7_cortexa9_0/libsrc/ttcps_v3_14/src -s libs  "SHELL=/bin/sh" "COMPILER=arm-none-eabi-gcc" "ASSEMBLER=arm-none-eabi-as
TRACE::2026-09-23.20:36:12::SCWMssOS::" "ARCHIVER=arm-none-eabi-ar" "COMPILER_FLAGS=  -O2 -c" "EXTRA_COMPILER_FLAGS=-mcpu=cortex-a9 -mfpu=vfpv3 -mfloat-abi=hard -nos
TRACE::2026-09-23.20:36:12::SCWMssOS::tartfiles -g -Wall -Wextra -fno-tree-loop-distribute-patterns"

TRACE::2026-09-23.20:36:12::SCWMssOS::Running Make libs in ps7_cortexa9_0/libsrc/usbps_v2_7/src

TRACE::2026-09-23.20:36:12::SCWMssOS::make -C ps7_cortexa9_0/libsrc/usbps_v2_7/src -s libs  "SHELL=/bin/sh" "COMPILER=arm-none-eabi-gcc" "ASSEMBLER=arm-none-eabi-as"
TRACE::2026-09-23.20:36:12::SCWMssOS:: "ARCHIVER=arm-none-eabi-ar" "COMPILER_FLAGS=  -O2 -c" "EXTRA_COMPILER_FLAGS=-mcpu=cortex-a9 -mfpu=vfpv3 -mfloat-abi=hard -nost
TRACE::2026-09-23.20:36:12::SCWMssOS::artfiles -g -Wall -Wextra -fno-tree-loop-distribute-patterns"

TRACE::2026-09-23.20:36:12::SCWMssOS::Running Make libs in ps7_cortexa9_0/libsrc/coresightps_dcc_v1_8/src

TRACE::2026-09-23.20:36:12::SCWMssOS::make -C ps7_cortexa9_0/libsrc/coresightps_dcc_v1_8/src -s libs  "SHELL=/bin/sh" "COMPILER=arm-none-eabi-gcc" "ASSEMBLER=arm-non
TRACE::2026-09-23.20:36:12::SCWMssOS::e-eabi-as" "ARCHIVER=arm-none-eabi-ar" "COMPILER_FLAGS=  -O2 -c" "EXTRA_COMPILER_FLAGS=-mcpu=cortex-a9 -mfpu=vfpv3 -mfloat-abi=
TRACE::2026-09-23.20:36:12::SCWMssOS::hard -nostartfiles -g -Wall -Wextra -fno-tree-loop-distribute-patterns"

TRACE::2026-09-23.20:36:13::SCWMssOS::Running Make libs in ps7_cortexa9_0/libsrc/ddrps_v1_2/src

TRACE::2026-09-23.20:36:13::SCWMssOS::make -C ps7_cortexa9_0/libsrc/ddrps_v1_2/src -s libs  "SHELL=/bin/sh" "COMPILER=arm-none-eabi-gcc" "ASSEMBLER=arm-none-eabi-as"
TRACE::2026-09-23.20:36:13::SCWMssOS:: "ARCHIVER=arm-none-eabi-ar" "COMPILER_FLAGS=  -O2 -c" "EXTRA_COMPILER_FLAGS=-mcpu=cortex-a9 -mfpu=vfpv3 -mfloat-abi=hard -nost
TRACE::2026-09-23.20:36:13::SCWMssOS::artfiles -g -Wall -Wextra -fno-tree-loop-distribute-patterns"

TRACE::2026-09-23.20:36:13::SCWMssOS::Running Make libs in ps7_cortexa9_0/libsrc/xadcps_v2_6/src

TRACE::2026-09-23.20:36:13::SCWMssOS::make -C ps7_cortexa9_0/libsrc/xadcps_v2_6/src -s libs  "SHELL=/bin/sh" "COMPILER=arm-none-eabi-gcc" "ASSEMBLER=arm-none-eabi-as
TRACE::2026-09-23.20:36:13::SCWMssOS::" "ARCHIVER=arm-none-eabi-ar" "COMPILER_FLAGS=  -O2 -c" "EXTRA_COMPILER_FLAGS=-mcpu=cortex-a9 -mfpu=vfpv3 -mfloat-abi=hard -nos
TRACE::2026-09-23.20:36:13::SCWMssOS::tartfiles -g -Wall -Wextra -fno-tree-loop-distribute-patterns"

TRACE::2026-09-23.20:36:13::SCWMssOS::Running Make libs in ps7_cortexa9_0/libsrc/cpu_cortexa9_v2_11/src

TRACE::2026-09-23.20:36:13::SCWMssOS::make -C ps7_cortexa9_0/libsrc/cpu_cortexa9_v2_11/src -s libs  "SHELL=/bin/sh" "COMPILER=arm-none-eabi-gcc" "ASSEMBLER=arm-none-
TRACE::2026-09-23.20:36:13::SCWMssOS::eabi-as" "ARCHIVER=arm-none-eabi-ar" "COMPILER_FLAGS=  -O2 -c" "EXTRA_COMPILER_FLAGS=-mcpu=cortex-a9 -mfpu=vfpv3 -mfloat-abi=ha
TRACE::2026-09-23.20:36:13::SCWMssOS::rd -nostartfiles -g -Wall -Wextra -fno-tree-loop-distribute-patterns"

TRACE::2026-09-23.20:36:13::SCWMssOS::Running Make libs in ps7_cortexa9_0/libsrc/qspips_v3_9/src

TRACE::2026-09-23.20:36:13::SCWMssOS::make -C ps7_cortexa9_0/libsrc/qspips_v3_9/src -s libs  "SHELL=/bin/sh" "COMPILER=arm-none-eabi-gcc" "ASSEMBLER=arm-none-eabi-as
TRACE::2026-09-23.20:36:13::SCWMssOS::" "ARCHIVER=arm-none-eabi-ar" "COMPILER_FLAGS=  -O2 -c" "EXTRA_COMPILER_FLAGS=-mcpu=cortex-a9 -mfpu=vfpv3 -mfloat-abi=hard -nos
TRACE::2026-09-23.20:36:13::SCWMssOS::tartfiles -g -Wall -Wextra -fno-tree-loop-distribute-patterns"

TRACE::2026-09-23.20:36:13::SCWMssOS::Running Make libs in ps7_cortexa9_0/libsrc/dmaps_v2_8/src

TRACE::2026-09-23.20:36:13::SCWMssOS::make -C ps7_cortexa9_0/libsrc/dmaps_v2_8/src -s libs  "SHELL=/bin/sh" "COMPILER=arm-none-eabi-gcc" "ASSEMBLER=arm-none-eabi-as"
TRACE::2026-09-23.20:36:13::SCWMssOS:: "ARCHIVER=arm-none-eabi-ar" "COMPILER_FLAGS=  -O2 -c" "EXTRA_COMPILER_FLAGS=-mcpu=cortex-a9 -mfpu=vfpv3 -mfloat-abi=hard -nost
TRACE::2026-09-23.20:36:13::SCWMssOS::artfiles -g -Wall -Wextra -fno-tree-loop-distribute-patterns"

TRACE::2026-09-23.20:36:13::SCWMssOS::Finished building libraries parallelly.

TRACE::2026-09-23.20:36:13::SCWMssOS::make --no-print-directory archive

TRACE::2026-09-23.20:36:13::SCWMssOS::arm-none-eabi-ar -r  ps7_cortexa9_0/lib/libxil.a ps7_cortexa9_0/lib/xscugic_hw.o ps7_cortexa9_0/lib/xcoresightpsdcc.o ps7_corte
TRACE::2026-09-23.20:36:13::SCWMssOS::xa9_0/lib/xsdps_host.o ps7_cortexa9_0/lib/xusbps_intr.o ps7_cortexa9_0/lib/xil_assert.o ps7_cortexa9_0/lib/putnum.o ps7_cortexa
TRACE::2026-09-23.20:36:13::SCWMssOS::9_0/lib/xemacps_control.o ps7_cortexa9_0/lib/xil_exception.o ps7_cortexa9_0/lib/xqspips_selftest.o ps7_cortexa9_0/lib/lseek.o p
TRACE::2026-09-23.20:36:13::SCWMssOS::s7_cortexa9_0/lib/xqspips_sinit.o ps7_cortexa9_0/lib/xusbps_g.o ps7_cortexa9_0/lib/xgpiops.o ps7_cortexa9_0/lib/xqspips_g.o ps7
TRACE::2026-09-23.20:36:13::SCWMssOS::_cortexa9_0/lib/xemacps_sinit.o ps7_cortexa9_0/lib/_sbrk.o ps7_cortexa9_0/lib/xpm_counter.o ps7_cortexa9_0/lib/xttcps.o ps7_cor
TRACE::2026-09-23.20:36:13::SCWMssOS::texa9_0/lib/xdevcfg_selftest.o ps7_cortexa9_0/lib/xgpiops_sinit.o ps7_cortexa9_0/lib/xdevcfg_sinit.o ps7_cortexa9_0/lib/xil_tes
TRACE::2026-09-23.20:36:13::SCWMssOS::tcache.o ps7_cortexa9_0/lib/getpid.o ps7_cortexa9_0/lib/xscugic_intr.o ps7_cortexa9_0/lib/asm_vectors.o ps7_cortexa9_0/lib/xl2c
TRACE::2026-09-23.20:36:13::SCWMssOS::c_counter.o ps7_cortexa9_0/lib/xusbps_hw.o ps7_cortexa9_0/lib/xil_testmem.o ps7_cortexa9_0/lib/xuartps_selftest.o ps7_cortexa9_
TRACE::2026-09-23.20:36:13::SCWMssOS::0/lib/xdmaps.o ps7_cortexa9_0/lib/xuartps_sinit.o ps7_cortexa9_0/lib/xadcps.o ps7_cortexa9_0/lib/xuartps_g.o ps7_cortexa9_0/lib
TRACE::2026-09-23.20:36:13::SCWMssOS::/unlink.o ps7_cortexa9_0/lib/xil_printf.o ps7_cortexa9_0/lib/abort.o ps7_cortexa9_0/lib/xdmaps_sinit.o ps7_cortexa9_0/lib/xscuw
TRACE::2026-09-23.20:36:13::SCWMssOS::dt.o ps7_cortexa9_0/lib/xgpiops_selftest.o ps7_cortexa9_0/lib/xusbps_sinit.o ps7_cortexa9_0/lib/xemacps_g.o ps7_cortexa9_0/lib/
TRACE::2026-09-23.20:36:13::SCWMssOS::close.o ps7_cortexa9_0/lib/xsdps.o ps7_cortexa9_0/lib/xgpiops_g.o ps7_cortexa9_0/lib/xqspips_hw.o ps7_cortexa9_0/lib/xttcps_sel
TRACE::2026-09-23.20:36:13::SCWMssOS::ftest.o ps7_cortexa9_0/lib/xscutimer_selftest.o ps7_cortexa9_0/lib/xdmaps_selftest.o ps7_cortexa9_0/lib/inbyte.o ps7_cortexa9_0
TRACE::2026-09-23.20:36:13::SCWMssOS::/lib/xscutimer_sinit.o ps7_cortexa9_0/lib/xttcps_g.o ps7_cortexa9_0/lib/xil_misc_psreset_api.o ps7_cortexa9_0/lib/xsdps_options
TRACE::2026-09-23.20:36:13::SCWMssOS::.o ps7_cortexa9_0/lib/xscutimer_g.o ps7_cortexa9_0/lib/xdmaps_g.o ps7_cortexa9_0/lib/xqspips_options.o ps7_cortexa9_0/lib/xil_s
TRACE::2026-09-23.20:36:13::SCWMssOS::leeptimer.o ps7_cortexa9_0/lib/xdevcfg_hw.o ps7_cortexa9_0/lib/sleep.o ps7_cortexa9_0/lib/xusbps_endpoint.o ps7_cortexa9_0/lib/
TRACE::2026-09-23.20:36:13::SCWMssOS::_exit.o ps7_cortexa9_0/lib/time.o ps7_cortexa9_0/lib/xplatform_info.o ps7_cortexa9_0/lib/xadcps_selftest.o ps7_cortexa9_0/lib/x
TRACE::2026-09-23.20:36:13::SCWMssOS::adcps_sinit.o ps7_cortexa9_0/lib/xttcps_sinit.o ps7_cortexa9_0/lib/xadcps_g.o ps7_cortexa9_0/lib/xuartps_hw.o ps7_cortexa9_0/li
TRACE::2026-09-23.20:36:13::SCWMssOS::b/xscugic.o ps7_cortexa9_0/lib/xil-crt0.o ps7_cortexa9_0/lib/isatty.o ps7_cortexa9_0/lib/xscuwdt_selftest.o ps7_cortexa9_0/lib/
TRACE::2026-09-23.20:36:13::SCWMssOS::xemacps_intr.o ps7_cortexa9_0/lib/xil_clocking.o ps7_cortexa9_0/lib/xscuwdt_g.o ps7_cortexa9_0/lib/vectors.o ps7_cortexa9_0/lib
TRACE::2026-09-23.20:36:13::SCWMssOS::/xsdps_g.o ps7_cortexa9_0/lib/xuartps_options.o ps7_cortexa9_0/lib/xdevcfg_intr.o ps7_cortexa9_0/lib/errno.o ps7_cortexa9_0/lib
TRACE::2026-09-23.20:36:13::SCWMssOS::/fstat.o ps7_cortexa9_0/lib/xgpiops_hw.o ps7_cortexa9_0/lib/sbrk.o ps7_cortexa9_0/lib/xdmaps_hw.o ps7_cortexa9_0/lib/xsdps_card
TRACE::2026-09-23.20:36:13::SCWMssOS::.o ps7_cortexa9_0/lib/xuartps.o ps7_cortexa9_0/lib/xuartps_intr.o ps7_cortexa9_0/lib/xil_util.o ps7_cortexa9_0/lib/xscugic_self
TRACE::2026-09-23.20:36:13::SCWMssOS::test.o ps7_cortexa9_0/lib/xtime_l.o ps7_cortexa9_0/lib/xemacps_hw.o ps7_cortexa9_0/lib/read.o ps7_cortexa9_0/lib/xscuwdt_sinit.
TRACE::2026-09-23.20:36:13::SCWMssOS::o ps7_cortexa9_0/lib/outbyte.o ps7_cortexa9_0/lib/xdevcfg_g.o ps7_cortexa9_0/lib/open.o ps7_cortexa9_0/lib/xscugic_sinit.o ps7_
TRACE::2026-09-23.20:36:13::SCWMssOS::cortexa9_0/lib/xgpiops_intr.o ps7_cortexa9_0/lib/xscugic_g.o ps7_cortexa9_0/lib/xil_sleepcommon.o ps7_cortexa9_0/lib/usleep.o p
TRACE::2026-09-23.20:36:13::SCWMssOS::s7_cortexa9_0/lib/xsdps_sinit.o ps7_cortexa9_0/lib/xadcps_intr.o ps7_cortexa9_0/lib/cpu_init.o ps7_cortexa9_0/lib/xemacps_bdrin
TRACE::2026-09-23.20:36:13::SCWMssOS::g.o ps7_cortexa9_0/lib/boot.o ps7_cortexa9_0/lib/xil_mmu.o ps7_cortexa9_0/lib/write.o ps7_cortexa9_0/lib/translation_table.o ps
TRACE::2026-09-23.20:36:13::SCWMssOS::7_cortexa9_0/lib/xil_spinlock.o ps7_cortexa9_0/lib/xusbps.o ps7_cortexa9_0/lib/xqspips.o ps7_cortexa9_0/lib/print.o ps7_cortexa
TRACE::2026-09-23.20:36:13::SCWMssOS::9_0/lib/xil_testio.o ps7_cortexa9_0/lib/xil_cache.o ps7_cortexa9_0/lib/xemacps.o ps7_cortexa9_0/lib/xdevcfg.o ps7_cortexa9_0/li
TRACE::2026-09-23.20:36:13::SCWMssOS::b/xscutimer.o ps7_cortexa9_0/lib/xttcps_options.o ps7_cortexa9_0/lib/kill.o ps7_cortexa9_0/lib/fcntl.o ps7_cortexa9_0/lib/_open
TRACE::2026-09-23.20:36:13::SCWMssOS::.o ps7_cortexa9_0/lib/xil_mem.o ps7_cortexa9_0/lib/cpputest_time.o

TRACE::2026-09-23.20:36:13::SCWMssOS::Finished building libraries

TRACE::2026-09-23.20:36:13::SCWMssOS::Copying to export directory.
TRACE::2026-09-23.20:36:13::SCWMssOS:: Checking if to create the Supporting Applications
TRACE::2026-09-23.20:36:13::SCWMssOS:: No Linux domain exists, trying to generate FSBL 
LOG::2026-09-23.20:36:13::SCWSystem::Completed Processing the domain standalone_ps7_cortexa9_0
LOG::2026-09-23.20:36:13::SCWSystem::Completed Processing the sysconfig zynq_keypad_system_wrapper
LOG::2026-09-23.20:36:13::SCWPlatform::Completed generating the artifacts for system configuration zynq_keypad_system_wrapper
TRACE::2026-09-23.20:36:13::SCWPlatform::Started preparing the platform 
TRACE::2026-09-23.20:36:13::SCWSystem::Writing the bif file for system config zynq_keypad_system_wrapper
TRACE::2026-09-23.20:36:13::SCWSystem::dir created 
TRACE::2026-09-23.20:36:13::SCWSystem::Writing the bif 
TRACE::2026-09-23.20:36:13::SCWPlatform::Started writing the spfm file 
TRACE::2026-09-23.20:36:13::SCWPlatform::Started writing the xpfm file 
TRACE::2026-09-23.20:36:13::SCWPlatform::Completed generating the platform
TRACE::2026-09-23.20:36:13::SCWMssOS::Saving the mss changes /home/user/Desktop/lab_3/Vitis/zynq_keypad_system_wrapper/zynq_fsbl/zynq_fsbl_bsp/system.mss
TRACE::2026-09-23.20:36:13::SCWMssOS::Found a swdesign opened with the mssfile.
TRACE::2026-09-23.20:36:13::SCWMssOS::Completed writemss as part of save.
TRACE::2026-09-23.20:36:13::SCWMssOS::Commit changes completed.
TRACE::2026-09-23.20:36:13::SCWMssOS::Saving the mss changes /home/user/Desktop/lab_3/Vitis/zynq_keypad_system_wrapper/ps7_cortexa9_0/standalone_ps7_cortexa9_0/bsp/system.mss
TRACE::2026-09-23.20:36:13::SCWMssOS::Found a swdesign opened with the mssfile.
TRACE::2026-09-23.20:36:13::SCWMssOS::Completed writemss as part of save.
TRACE::2026-09-23.20:36:13::SCWMssOS::Commit changes completed.
TRACE::2026-09-23.20:36:13::SCWPlatform::Trying to open the hw design at /home/user/Desktop/lab_3/Vitis/zynq_keypad_system_wrapper/hw/zynq_keypad_system_wrapper.xsa
TRACE::2026-09-23.20:36:13::SCWPlatform::DSA given /home/user/Desktop/lab_3/Vitis/zynq_keypad_system_wrapper/hw/zynq_keypad_system_wrapper.xsa
TRACE::2026-09-23.20:36:13::SCWPlatform::DSA absoulate path /home/user/Desktop/lab_3/Vitis/zynq_keypad_system_wrapper/hw/zynq_keypad_system_wrapper.xsa
TRACE::2026-09-23.20:36:13::SCWPlatform::DSA directory /home/user/Desktop/lab_3/Vitis/zynq_keypad_system_wrapper/hw
TRACE::2026-09-23.20:36:13::SCWPlatform:: Platform Path /home/user/Desktop/lab_3/Vitis/zynq_keypad_system_wrapper/hw/zynq_keypad_system_wrapper.xsa
TRACE::2026-09-23.20:36:13::SCWPlatform:: Unique name xilinx:zybo::0.0
TRACE::2026-09-23.20:36:13::SCWPlatform::Trying to set the existing hwdb with name zynq_keypad_system_wrapper_0
TRACE::2026-09-23.20:36:13::SCWPlatform::Opened existing hwdb zynq_keypad_system_wrapper_0
TRACE::2026-09-23.20:36:13::SCWPlatform::Found the Hw Db part of the input DSA
TRACE::2026-09-23.20:36:13::SCWMssOS::Checking the sw design at  /home/user/Desktop/lab_3/Vitis/zynq_keypad_system_wrapper/zynq_fsbl/zynq_fsbl_bsp/system.mss
TRACE::2026-09-23.20:36:13::SCWMssOS::DEBUG:  swdes dump  /home/user/Desktop/lab_3/Vitis/zynq_keypad_system_wrapper/ps7_cortexa9_0/standalone_ps7_cortexa9_0/bsp/system.mss|system_0||
/home/user/Desktop/lab_3/Vitis/zynq_keypad_system_wrapper/zynq_fsbl/zynq_fsbl_bsp/system.mss|system||

TRACE::2026-09-23.20:36:13::SCWMssOS::Sw design exists and opened at  /home/user/Desktop/lab_3/Vitis/zynq_keypad_system_wrapper/zynq_fsbl/zynq_fsbl_bsp/system.mss
TRACE::2026-09-23.20:36:13::SCWPlatform::Trying to open the hw design at /home/user/Desktop/lab_3/Vitis/zynq_keypad_system_wrapper/hw/zynq_keypad_system_wrapper.xsa
TRACE::2026-09-23.20:36:13::SCWPlatform::DSA given /home/user/Desktop/lab_3/Vitis/zynq_keypad_system_wrapper/hw/zynq_keypad_system_wrapper.xsa
TRACE::2026-09-23.20:36:13::SCWPlatform::DSA absoulate path /home/user/Desktop/lab_3/Vitis/zynq_keypad_system_wrapper/hw/zynq_keypad_system_wrapper.xsa
TRACE::2026-09-23.20:36:13::SCWPlatform::DSA directory /home/user/Desktop/lab_3/Vitis/zynq_keypad_system_wrapper/hw
TRACE::2026-09-23.20:36:13::SCWPlatform:: Platform Path /home/user/Desktop/lab_3/Vitis/zynq_keypad_system_wrapper/hw/zynq_keypad_system_wrapper.xsa
TRACE::2026-09-23.20:36:13::SCWPlatform:: Unique name xilinx:zybo::0.0
TRACE::2026-09-23.20:36:13::SCWPlatform::Trying to set the existing hwdb with name zynq_keypad_system_wrapper_0
TRACE::2026-09-23.20:36:13::SCWPlatform::Opened existing hwdb zynq_keypad_system_wrapper_0
TRACE::2026-09-23.20:36:13::SCWPlatform::Found the Hw Db part of the input DSA
TRACE::2026-09-23.20:36:13::SCWMssOS::Checking the sw design at  /home/user/Desktop/lab_3/Vitis/zynq_keypad_system_wrapper/zynq_fsbl/zynq_fsbl_bsp/system.mss
TRACE::2026-09-23.20:36:13::SCWMssOS::DEBUG:  swdes dump  /home/user/Desktop/lab_3/Vitis/zynq_keypad_system_wrapper/ps7_cortexa9_0/standalone_ps7_cortexa9_0/bsp/system.mss|system_0||
/home/user/Desktop/lab_3/Vitis/zynq_keypad_system_wrapper/zynq_fsbl/zynq_fsbl_bsp/system.mss|system||

TRACE::2026-09-23.20:36:13::SCWMssOS::Sw design exists and opened at  /home/user/Desktop/lab_3/Vitis/zynq_keypad_system_wrapper/zynq_fsbl/zynq_fsbl_bsp/system.mss
TRACE::2026-09-23.20:36:13::SCWPlatform::Trying to open the hw design at /home/user/Desktop/lab_3/Vitis/zynq_keypad_system_wrapper/hw/zynq_keypad_system_wrapper.xsa
TRACE::2026-09-23.20:36:13::SCWPlatform::DSA given /home/user/Desktop/lab_3/Vitis/zynq_keypad_system_wrapper/hw/zynq_keypad_system_wrapper.xsa
TRACE::2026-09-23.20:36:13::SCWPlatform::DSA absoulate path /home/user/Desktop/lab_3/Vitis/zynq_keypad_system_wrapper/hw/zynq_keypad_system_wrapper.xsa
TRACE::2026-09-23.20:36:13::SCWPlatform::DSA directory /home/user/Desktop/lab_3/Vitis/zynq_keypad_system_wrapper/hw
TRACE::2026-09-23.20:36:13::SCWPlatform:: Platform Path /home/user/Desktop/lab_3/Vitis/zynq_keypad_system_wrapper/hw/zynq_keypad_system_wrapper.xsa
TRACE::2026-09-23.20:36:13::SCWPlatform:: Unique name xilinx:zybo::0.0
TRACE::2026-09-23.20:36:13::SCWPlatform::Trying to set the existing hwdb with name zynq_keypad_system_wrapper_0
TRACE::2026-09-23.20:36:13::SCWPlatform::Opened existing hwdb zynq_keypad_system_wrapper_0
TRACE::2026-09-23.20:36:13::SCWPlatform::Found the Hw Db part of the input DSA
TRACE::2026-09-23.20:36:13::SCWMssOS::Checking the sw design at  /home/user/Desktop/lab_3/Vitis/zynq_keypad_system_wrapper/zynq_fsbl/zynq_fsbl_bsp/system.mss
TRACE::2026-09-23.20:36:13::SCWMssOS::DEBUG:  swdes dump  /home/user/Desktop/lab_3/Vitis/zynq_keypad_system_wrapper/ps7_cortexa9_0/standalone_ps7_cortexa9_0/bsp/system.mss|system_0||
/home/user/Desktop/lab_3/Vitis/zynq_keypad_system_wrapper/zynq_fsbl/zynq_fsbl_bsp/system.mss|system||

TRACE::2026-09-23.20:36:13::SCWMssOS::Sw design exists and opened at  /home/user/Desktop/lab_3/Vitis/zynq_keypad_system_wrapper/zynq_fsbl/zynq_fsbl_bsp/system.mss
TRACE::2026-09-23.20:36:13::SCWPlatform::Trying to open the hw design at /home/user/Desktop/lab_3/Vitis/zynq_keypad_system_wrapper/hw/zynq_keypad_system_wrapper.xsa
TRACE::2026-09-23.20:36:13::SCWPlatform::DSA given /home/user/Desktop/lab_3/Vitis/zynq_keypad_system_wrapper/hw/zynq_keypad_system_wrapper.xsa
TRACE::2026-09-23.20:36:13::SCWPlatform::DSA absoulate path /home/user/Desktop/lab_3/Vitis/zynq_keypad_system_wrapper/hw/zynq_keypad_system_wrapper.xsa
TRACE::2026-09-23.20:36:13::SCWPlatform::DSA directory /home/user/Desktop/lab_3/Vitis/zynq_keypad_system_wrapper/hw
TRACE::2026-09-23.20:36:13::SCWPlatform:: Platform Path /home/user/Desktop/lab_3/Vitis/zynq_keypad_system_wrapper/hw/zynq_keypad_system_wrapper.xsa
TRACE::2026-09-23.20:36:13::SCWPlatform:: Unique name xilinx:zybo::0.0
TRACE::2026-09-23.20:36:13::SCWPlatform::Trying to set the existing hwdb with name zynq_keypad_system_wrapper_0
TRACE::2026-09-23.20:36:13::SCWPlatform::Opened existing hwdb zynq_keypad_system_wrapper_0
TRACE::2026-09-23.20:36:13::SCWPlatform::Found the Hw Db part of the input DSA
TRACE::2026-09-23.20:36:13::SCWMssOS::Checking the sw design at  /home/user/Desktop/lab_3/Vitis/zynq_keypad_system_wrapper/ps7_cortexa9_0/standalone_ps7_cortexa9_0/bsp/system.mss
TRACE::2026-09-23.20:36:13::SCWMssOS::DEBUG:  swdes dump  /home/user/Desktop/lab_3/Vitis/zynq_keypad_system_wrapper/ps7_cortexa9_0/standalone_ps7_cortexa9_0/bsp/system.mss|system_0||
/home/user/Desktop/lab_3/Vitis/zynq_keypad_system_wrapper/zynq_fsbl/zynq_fsbl_bsp/system.mss|system||

TRACE::2026-09-23.20:36:13::SCWMssOS::Sw design exists and opened at  /home/user/Desktop/lab_3/Vitis/zynq_keypad_system_wrapper/ps7_cortexa9_0/standalone_ps7_cortexa9_0/bsp/system.mss
TRACE::2026-09-23.20:36:13::SCWPlatform::Trying to open the hw design at /home/user/Desktop/lab_3/Vitis/zynq_keypad_system_wrapper/hw/zynq_keypad_system_wrapper.xsa
TRACE::2026-09-23.20:36:13::SCWPlatform::DSA given /home/user/Desktop/lab_3/Vitis/zynq_keypad_system_wrapper/hw/zynq_keypad_system_wrapper.xsa
TRACE::2026-09-23.20:36:13::SCWPlatform::DSA absoulate path /home/user/Desktop/lab_3/Vitis/zynq_keypad_system_wrapper/hw/zynq_keypad_system_wrapper.xsa
TRACE::2026-09-23.20:36:13::SCWPlatform::DSA directory /home/user/Desktop/lab_3/Vitis/zynq_keypad_system_wrapper/hw
TRACE::2026-09-23.20:36:13::SCWPlatform:: Platform Path /home/user/Desktop/lab_3/Vitis/zynq_keypad_system_wrapper/hw/zynq_keypad_system_wrapper.xsa
TRACE::2026-09-23.20:36:13::SCWPlatform:: Unique name xilinx:zybo::0.0
TRACE::2026-09-23.20:36:13::SCWPlatform::Trying to set the existing hwdb with name zynq_keypad_system_wrapper_0
TRACE::2026-09-23.20:36:13::SCWPlatform::Opened existing hwdb zynq_keypad_system_wrapper_0
TRACE::2026-09-23.20:36:13::SCWPlatform::Found the Hw Db part of the input DSA
TRACE::2026-09-23.20:36:13::SCWMssOS::Checking the sw design at  /home/user/Desktop/lab_3/Vitis/zynq_keypad_system_wrapper/ps7_cortexa9_0/standalone_ps7_cortexa9_0/bsp/system.mss
TRACE::2026-09-23.20:36:13::SCWMssOS::DEBUG:  swdes dump  /home/user/Desktop/lab_3/Vitis/zynq_keypad_system_wrapper/ps7_cortexa9_0/standalone_ps7_cortexa9_0/bsp/system.mss|system_0||
/home/user/Desktop/lab_3/Vitis/zynq_keypad_system_wrapper/zynq_fsbl/zynq_fsbl_bsp/system.mss|system||

TRACE::2026-09-23.20:36:13::SCWMssOS::Sw design exists and opened at  /home/user/Desktop/lab_3/Vitis/zynq_keypad_system_wrapper/ps7_cortexa9_0/standalone_ps7_cortexa9_0/bsp/system.mss
TRACE::2026-09-23.20:36:13::SCWPlatform::Trying to open the hw design at /home/user/Desktop/lab_3/Vitis/zynq_keypad_system_wrapper/hw/zynq_keypad_system_wrapper.xsa
TRACE::2026-09-23.20:36:13::SCWPlatform::DSA given /home/user/Desktop/lab_3/Vitis/zynq_keypad_system_wrapper/hw/zynq_keypad_system_wrapper.xsa
TRACE::2026-09-23.20:36:13::SCWPlatform::DSA absoulate path /home/user/Desktop/lab_3/Vitis/zynq_keypad_system_wrapper/hw/zynq_keypad_system_wrapper.xsa
TRACE::2026-09-23.20:36:13::SCWPlatform::DSA directory /home/user/Desktop/lab_3/Vitis/zynq_keypad_system_wrapper/hw
TRACE::2026-09-23.20:36:13::SCWPlatform:: Platform Path /home/user/Desktop/lab_3/Vitis/zynq_keypad_system_wrapper/hw/zynq_keypad_system_wrapper.xsa
TRACE::2026-09-23.20:36:13::SCWPlatform:: Unique name xilinx:zybo::0.0
TRACE::2026-09-23.20:36:13::SCWPlatform::Trying to set the existing hwdb with name zynq_keypad_system_wrapper_0
TRACE::2026-09-23.20:36:13::SCWPlatform::Opened existing hwdb zynq_keypad_system_wrapper_0
TRACE::2026-09-23.20:36:13::SCWPlatform::Found the Hw Db part of the input DSA
TRACE::2026-09-23.20:36:13::SCWMssOS::Checking the sw design at  /home/user/Desktop/lab_3/Vitis/zynq_keypad_system_wrapper/ps7_cortexa9_0/standalone_ps7_cortexa9_0/bsp/system.mss
TRACE::2026-09-23.20:36:13::SCWMssOS::DEBUG:  swdes dump  /home/user/Desktop/lab_3/Vitis/zynq_keypad_system_wrapper/ps7_cortexa9_0/standalone_ps7_cortexa9_0/bsp/system.mss|system_0||
/home/user/Desktop/lab_3/Vitis/zynq_keypad_system_wrapper/zynq_fsbl/zynq_fsbl_bsp/system.mss|system||

TRACE::2026-09-23.20:36:13::SCWMssOS::Sw design exists and opened at  /home/user/Desktop/lab_3/Vitis/zynq_keypad_system_wrapper/ps7_cortexa9_0/standalone_ps7_cortexa9_0/bsp/system.mss
TRACE::2026-09-23.20:36:13::SCWWriter::formatted JSON is {
	"platformName":	"zynq_keypad_system_wrapper",
	"sprVersion":	"2.0",
	"mode":	"gui",
	"dsaType":	"Fixed",
	"platformDesc":	"zynq_keypad_system_wrapper",
	"platHandOff":	"/home/user/Desktop/lab_3/zynq_keypad_system_wrapper.xsa",
	"platIntHandOff":	"<platformDir>/hw/zynq_keypad_system_wrapper.xsa",
	"deviceType":	"zynq",
	"platIsPrebuiltAutogen":	"false",
	"platIsNoBootBsp":	"false",
	"platFsblTarget":	"ps7_cortexa9_0",
	"hasFsblMakeHasChanges":	"false",
	"hasPmufwMakeHasChanges":	"false",
	"fsblExtraCompilerFlags":	"-MMD -MP       -mcpu=cortex-a9 -mfpu=vfpv3 -mfloat-abi=hard ",
	"platPreBuiltFlag":	false,
	"platformSamplesDir":	"",
	"platActiveSys":	"zynq_keypad_system_wrapper",
	"systems":	[{
			"systemName":	"zynq_keypad_system_wrapper",
			"systemDesc":	"zynq_keypad_system_wrapper",
			"sysIsBootAutoGen":	"true",
			"systemDispName":	"zynq_keypad_system_wrapper",
			"sysActiveDom":	"standalone_ps7_cortexa9_0",
			"sysDefaultDom":	"standalone_ps7_cortexa9_0",
			"domains":	[{
					"domainName":	"zynq_fsbl",
					"domainDispName":	"zynq_fsbl",
					"domainDesc":	"FSBL Application BSP - Auto Generated.",
					"processors":	"ps7_cortexa9_0",
					"os":	"standalone",
					"sdxOs":	"standalone",
					"debugEnable":	"",
					"domRuntimes":	["cpp"],
					"swRepo":	"",
					"mssOsVer":	"7.5",
					"mssFile":	"",
					"md5Digest":	"986bdada04ec859b524eda169740ea2f",
					"compatibleApp":	"zynq_fsbl",
					"domType":	"bootDomain",
					"arch":	"32-bit",
					"appSettings":	{
						"appCompilerFlags":	"",
						"appLinkerFlags":	""
					},
					"addedLibs":	["xilffs:4.5", "xilrsa:1.6"],
					"libOptions":	{
						"libsContainingOptions":	[]
					},
					"prebuiltLibs":	{
						"prebuiltIncPath":	[],
						"prebuiltLibPath":	[]
					},
					"isolation":	{
					}
				}, {
					"domainName":	"standalone_ps7_cortexa9_0",
					"domainDispName":	"standalone_ps7_cortexa9_0",
					"domainDesc":	"standalone_ps7_cortexa9_0",
					"processors":	"ps7_cortexa9_0",
					"os":	"standalone",
					"sdxOs":	"standalone",
					"qemuArgs":	"/home/software/Xilinx/Vitis/2021.1/data/emulation/platforms/zynq/sw/a9_standalone/qemu/qemu_args.txt",
					"qemuData":	"/home/software/Xilinx/Vitis/2021.1/data/emulation/platforms/zynq/sw/a9_standalone/qemu/",
					"debugEnable":	"False",
					"domRuntimes":	["cpp"],
					"swRepo":	"",
					"mssOsVer":	"7.5",
					"mssFile":	"",
					"md5Digest":	"a513dc7d62ebf08984ba988e351c6210",
					"compatibleApp":	"empty_application",
					"domType":	"mssDomain",
					"arch":	"32-bit",
					"appSettings":	{
						"appCompilerFlags":	"",
						"appLinkerFlags":	""
					},
					"addedLibs":	[],
					"libOptions":	{
						"libsContainingOptions":	[]
					},
					"prebuiltLibs":	{
						"prebuiltIncPath":	[],
						"prebuiltLibPath":	[]
					},
					"isolation":	{
					}
				}]
		}]
}
KEYINFO::2026-09-23.20:36:13::SCWPlatform::updated the xpfm file.
TRACE::2026-09-23.20:36:13::SCWPlatform::Trying to open the hw design at /home/user/Desktop/lab_3/Vitis/zynq_keypad_system_wrapper/hw/zynq_keypad_system_wrapper.xsa
TRACE::2026-09-23.20:36:13::SCWPlatform::DSA given /home/user/Desktop/lab_3/Vitis/zynq_keypad_system_wrapper/hw/zynq_keypad_system_wrapper.xsa
TRACE::2026-09-23.20:36:13::SCWPlatform::DSA absoulate path /home/user/Desktop/lab_3/Vitis/zynq_keypad_system_wrapper/hw/zynq_keypad_system_wrapper.xsa
TRACE::2026-09-23.20:36:13::SCWPlatform::DSA directory /home/user/Desktop/lab_3/Vitis/zynq_keypad_system_wrapper/hw
TRACE::2026-09-23.20:36:13::SCWPlatform:: Platform Path /home/user/Desktop/lab_3/Vitis/zynq_keypad_system_wrapper/hw/zynq_keypad_system_wrapper.xsa
TRACE::2026-09-23.20:36:13::SCWPlatform:: Unique name xilinx:zybo::0.0
TRACE::2026-09-23.20:36:13::SCWPlatform::Trying to set the existing hwdb with name zynq_keypad_system_wrapper_0
TRACE::2026-09-23.20:36:13::SCWPlatform::Opened existing hwdb zynq_keypad_system_wrapper_0
TRACE::2026-09-23.20:36:13::SCWPlatform::Found the Hw Db part of the input DSA
TRACE::2026-09-23.20:36:13::SCWMssOS::Checking the sw design at  /home/user/Desktop/lab_3/Vitis/zynq_keypad_system_wrapper/ps7_cortexa9_0/standalone_ps7_cortexa9_0/bsp/system.mss
TRACE::2026-09-23.20:36:13::SCWMssOS::DEBUG:  swdes dump  /home/user/Desktop/lab_3/Vitis/zynq_keypad_system_wrapper/ps7_cortexa9_0/standalone_ps7_cortexa9_0/bsp/system.mss|system_0||
/home/user/Desktop/lab_3/Vitis/zynq_keypad_system_wrapper/zynq_fsbl/zynq_fsbl_bsp/system.mss|system||

TRACE::2026-09-23.20:36:13::SCWMssOS::Sw design exists and opened at  /home/user/Desktop/lab_3/Vitis/zynq_keypad_system_wrapper/ps7_cortexa9_0/standalone_ps7_cortexa9_0/bsp/system.mss
TRACE::2026-09-23.20:55:16::SCWBDomain::System Command Ran  cd  /home/user/Desktop/lab_3/Vitis/zynq_keypad_system_wrapper/zynq_fsbl ; bash -c "make  clean" 
TRACE::2026-09-23.20:55:16::SCWBDomain::rm -rf  pcap.o  nand.o  qspi.o  rsa.o  main.o  md5.o  image_mover.o  ps7_init.o  nor.o  fsbl_hooks.o  sd.o  fsbl_handoff.o  zyn
TRACE::2026-09-23.20:55:16::SCWBDomain::q_fsbl_bsp/ps7_cortexa9_0/lib/libxil.a fsbl.elf *.o

TRACE::2026-09-23.20:55:16::SCWBDomain::System Command Ran  cd  /home/user/Desktop/lab_3/Vitis/zynq_keypad_system_wrapper/zynq_fsbl/zynq_fsbl_bsp ; bash -c "make  clean" 
TRACE::2026-09-23.20:55:16::SCWBDomain::make -C ps7_cortexa9_0/libsrc/gpiops_v3_9/src -s clean 

TRACE::2026-09-23.20:55:16::SCWBDomain::make -C ps7_cortexa9_0/libsrc/scugic_v4_5/src -s clean 

TRACE::2026-09-23.20:55:17::SCWBDomain::make -C ps7_cortexa9_0/libsrc/xilffs_v4_5/src -s clean 

TRACE::2026-09-23.20:55:17::SCWBDomain::make -C ps7_cortexa9_0/libsrc/scuwdt_v2_4/src -s clean 

TRACE::2026-09-23.20:55:17::SCWBDomain::make -C ps7_cortexa9_0/libsrc/devcfg_v3_7/src -s clean 

TRACE::2026-09-23.20:55:17::SCWBDomain::make -C ps7_cortexa9_0/libsrc/standalone_v7_5/src -s clean 

TRACE::2026-09-23.20:55:17::SCWBDomain::make -C ps7_cortexa9_0/libsrc/xilrsa_v1_6/src -s clean 

TRACE::2026-09-23.20:55:17::SCWBDomain::make -C ps7_cortexa9_0/libsrc/uartps_v3_11/src -s clean 

TRACE::2026-09-23.20:55:17::SCWBDomain::make -C ps7_cortexa9_0/libsrc/scutimer_v2_3/src -s clean 

TRACE::2026-09-23.20:55:17::SCWBDomain::make -C ps7_cortexa9_0/libsrc/sdps_v3_12/src -s clean 

TRACE::2026-09-23.20:55:17::SCWBDomain::make -C ps7_cortexa9_0/libsrc/emacps_v3_14/src -s clean 

TRACE::2026-09-23.20:55:17::SCWBDomain::make -C ps7_cortexa9_0/libsrc/ttcps_v3_14/src -s clean 

TRACE::2026-09-23.20:55:17::SCWBDomain::make -C ps7_cortexa9_0/libsrc/usbps_v2_7/src -s clean 

TRACE::2026-09-23.20:55:17::SCWBDomain::make -C ps7_cortexa9_0/libsrc/coresightps_dcc_v1_8/src -s clean 

TRACE::2026-09-23.20:55:17::SCWBDomain::make -C ps7_cortexa9_0/libsrc/ddrps_v1_2/src -s clean 

TRACE::2026-09-23.20:55:17::SCWBDomain::make -C ps7_cortexa9_0/libsrc/xadcps_v2_6/src -s clean 

TRACE::2026-09-23.20:55:17::SCWBDomain::make -C ps7_cortexa9_0/libsrc/cpu_cortexa9_v2_11/src -s clean 

TRACE::2026-09-23.20:55:17::SCWBDomain::make -C ps7_cortexa9_0/libsrc/qspips_v3_9/src -s clean 

TRACE::2026-09-23.20:55:17::SCWBDomain::make -C ps7_cortexa9_0/libsrc/dmaps_v2_8/src -s clean 

TRACE::2026-09-23.20:55:17::SCWBDomain::make -C ps7_cortexa9_0/libsrc/PmodKYPD_v1_0/src -s clean 

TRACE::2026-09-23.20:55:17::SCWBDomain::rm -f ps7_cortexa9_0/lib/libxil.a

TRACE::2026-09-23.20:55:17::SCWMssOS::cleaning the bsp 
TRACE::2026-09-23.20:55:17::SCWMssOS::System Command Ran  cd  /home/user/Desktop/lab_3/Vitis/zynq_keypad_system_wrapper/ps7_cortexa9_0/standalone_ps7_cortexa9_0/bsp ; bash -c "make  clean " 
TRACE::2026-09-23.20:55:17::SCWMssOS::make -C ps7_cortexa9_0/libsrc/gpiops_v3_9/src -s clean 

TRACE::2026-09-23.20:55:17::SCWMssOS::make -C ps7_cortexa9_0/libsrc/scugic_v4_5/src -s clean 

TRACE::2026-09-23.20:55:17::SCWMssOS::make -C ps7_cortexa9_0/libsrc/scuwdt_v2_4/src -s clean 

TRACE::2026-09-23.20:55:17::SCWMssOS::make -C ps7_cortexa9_0/libsrc/devcfg_v3_7/src -s clean 

TRACE::2026-09-23.20:55:17::SCWMssOS::make -C ps7_cortexa9_0/libsrc/standalone_v7_5/src -s clean 

TRACE::2026-09-23.20:55:17::SCWMssOS::make -C ps7_cortexa9_0/libsrc/uartps_v3_11/src -s clean 

TRACE::2026-09-23.20:55:17::SCWMssOS::make -C ps7_cortexa9_0/libsrc/scutimer_v2_3/src -s clean 

TRACE::2026-09-23.20:55:17::SCWMssOS::make -C ps7_cortexa9_0/libsrc/sdps_v3_12/src -s clean 

TRACE::2026-09-23.20:55:17::SCWMssOS::make -C ps7_cortexa9_0/libsrc/emacps_v3_14/src -s clean 

TRACE::2026-09-23.20:55:17::SCWMssOS::make -C ps7_cortexa9_0/libsrc/ttcps_v3_14/src -s clean 

TRACE::2026-09-23.20:55:17::SCWMssOS::make -C ps7_cortexa9_0/libsrc/usbps_v2_7/src -s clean 

TRACE::2026-09-23.20:55:17::SCWMssOS::make -C ps7_cortexa9_0/libsrc/coresightps_dcc_v1_8/src -s clean 

TRACE::2026-09-23.20:55:17::SCWMssOS::make -C ps7_cortexa9_0/libsrc/ddrps_v1_2/src -s clean 

TRACE::2026-09-23.20:55:17::SCWMssOS::make -C ps7_cortexa9_0/libsrc/xadcps_v2_6/src -s clean 

TRACE::2026-09-23.20:55:17::SCWMssOS::make -C ps7_cortexa9_0/libsrc/cpu_cortexa9_v2_11/src -s clean 

TRACE::2026-09-23.20:55:17::SCWMssOS::make -C ps7_cortexa9_0/libsrc/qspips_v3_9/src -s clean 

TRACE::2026-09-23.20:55:17::SCWMssOS::make -C ps7_cortexa9_0/libsrc/dmaps_v2_8/src -s clean 

TRACE::2026-09-23.20:55:17::SCWMssOS::make -C ps7_cortexa9_0/libsrc/PmodKYPD_v1_0/src -s clean 

TRACE::2026-09-23.20:55:17::SCWMssOS::rm -f ps7_cortexa9_0/lib/libxil.a

LOG::2026-09-23.20:55:26::SCWPlatform::Started generating the artifacts platform zynq_keypad_system_wrapper
TRACE::2026-09-23.20:55:26::SCWPlatform::Sanity checking of platform is completed
LOG::2026-09-23.20:55:26::SCWPlatform::Started generating the artifacts for system configuration zynq_keypad_system_wrapper
LOG::2026-09-23.20:55:26::SCWSystem::Checking the domain zynq_fsbl
LOG::2026-09-23.20:55:26::SCWSystem::Doing application build for :  zynq_fsbl
TRACE::2026-09-23.20:55:26::SCWBDomain::Not a forced makefile updation, No changes are present. 
TRACE::2026-09-23.20:55:26::SCWDomain::Building the domain as part of full build :  zynq_fsbl
TRACE::2026-09-23.20:55:26::SCWPlatform::Trying to open the hw design at /home/user/Desktop/lab_3/Vitis/zynq_keypad_system_wrapper/hw/zynq_keypad_system_wrapper.xsa
TRACE::2026-09-23.20:55:26::SCWPlatform::DSA given /home/user/Desktop/lab_3/Vitis/zynq_keypad_system_wrapper/hw/zynq_keypad_system_wrapper.xsa
TRACE::2026-09-23.20:55:26::SCWPlatform::DSA absoulate path /home/user/Desktop/lab_3/Vitis/zynq_keypad_system_wrapper/hw/zynq_keypad_system_wrapper.xsa
TRACE::2026-09-23.20:55:26::SCWPlatform::DSA directory /home/user/Desktop/lab_3/Vitis/zynq_keypad_system_wrapper/hw
TRACE::2026-09-23.20:55:26::SCWPlatform:: Platform Path /home/user/Desktop/lab_3/Vitis/zynq_keypad_system_wrapper/hw/zynq_keypad_system_wrapper.xsa
TRACE::2026-09-23.20:55:26::SCWPlatform:: Unique name xilinx:zybo::0.0
TRACE::2026-09-23.20:55:26::SCWPlatform::Trying to set the existing hwdb with name zynq_keypad_system_wrapper_0
TRACE::2026-09-23.20:55:26::SCWPlatform::Opened existing hwdb zynq_keypad_system_wrapper_0
TRACE::2026-09-23.20:55:26::SCWPlatform::Found the Hw Db part of the input DSA
TRACE::2026-09-23.20:55:26::SCWMssOS::Checking the sw design at  /home/user/Desktop/lab_3/Vitis/zynq_keypad_system_wrapper/zynq_fsbl/zynq_fsbl_bsp/system.mss
TRACE::2026-09-23.20:55:26::SCWMssOS::DEBUG:  swdes dump  /home/user/Desktop/lab_3/Vitis/zynq_keypad_system_wrapper/ps7_cortexa9_0/standalone_ps7_cortexa9_0/bsp/system.mss|system_0||
/home/user/Desktop/lab_3/Vitis/zynq_keypad_system_wrapper/zynq_fsbl/zynq_fsbl_bsp/system.mss|system||

TRACE::2026-09-23.20:55:26::SCWMssOS::Sw design exists and opened at  /home/user/Desktop/lab_3/Vitis/zynq_keypad_system_wrapper/zynq_fsbl/zynq_fsbl_bsp/system.mss
TRACE::2026-09-23.20:55:26::SCWBDomain::Completed writing the mss file at /home/user/Desktop/lab_3/Vitis/zynq_keypad_system_wrapper/zynq_fsbl/zynq_fsbl_bsp
TRACE::2026-09-23.20:55:26::SCWBDomain::bsp generated is upto date with the mss file. Skipping bsp generation.
TRACE::2026-09-23.20:55:26::SCWBDomain::Not a forced makefile updation, No changes are present. 
TRACE::2026-09-23.20:55:26::SCWBDomain::System Command Ran  cd  /home/user/Desktop/lab_3/Vitis/zynq_keypad_system_wrapper/zynq_fsbl ; bash -c " make -C zynq_fsbl_bsp ; make  " 
TRACE::2026-09-23.20:55:26::SCWBDomain::make: Entering directory '/home/user/Desktop/lab_3/Vitis/zynq_keypad_system_wrapper/zynq_fsbl/zynq_fsbl_bsp'

TRACE::2026-09-23.20:55:26::SCWBDomain::make --no-print-directory seq_libs

TRACE::2026-09-23.20:55:26::SCWBDomain::Running Make include in ps7_cortexa9_0/libsrc/gpiops_v3_9/src

TRACE::2026-09-23.20:55:26::SCWBDomain::make -C ps7_cortexa9_0/libsrc/gpiops_v3_9/src -s include  "SHELL=/bin/sh" "COMPILER=arm-none-eabi-gcc" "ASSEMBLER=arm-none-eabi
TRACE::2026-09-23.20:55:26::SCWBDomain::-as" "ARCHIVER=arm-none-eabi-ar" "COMPILER_FLAGS=  -O2 -c" "EXTRA_COMPILER_FLAGS=-mcpu=cortex-a9 -mfpu=vfpv3 -mfloat-abi=hard -
TRACE::2026-09-23.20:55:26::SCWBDomain::nostartfiles -g -Wall -Wextra -fno-tree-loop-distribute-patterns"

TRACE::2026-09-23.20:55:26::SCWBDomain::Running Make include in ps7_cortexa9_0/libsrc/scugic_v4_5/src

TRACE::2026-09-23.20:55:26::SCWBDomain::make -C ps7_cortexa9_0/libsrc/scugic_v4_5/src -s include  "SHELL=/bin/sh" "COMPILER=arm-none-eabi-gcc" "ASSEMBLER=arm-none-eabi
TRACE::2026-09-23.20:55:26::SCWBDomain::-as" "ARCHIVER=arm-none-eabi-ar" "COMPILER_FLAGS=  -O2 -c" "EXTRA_COMPILER_FLAGS=-mcpu=cortex-a9 -mfpu=vfpv3 -mfloat-abi=hard -
TRACE::2026-09-23.20:55:26::SCWBDomain::nostartfiles -g -Wall -Wextra -fno-tree-loop-distribute-patterns"

TRACE::2026-09-23.20:55:26::SCWBDomain::Running Make include in ps7_cortexa9_0/libsrc/xilffs_v4_5/src

TRACE::2026-09-23.20:55:26::SCWBDomain::make -C ps7_cortexa9_0/libsrc/xilffs_v4_5/src -s include  "SHELL=/bin/sh" "COMPILER=arm-none-eabi-gcc" "ASSEMBLER=arm-none-eabi
TRACE::2026-09-23.20:55:26::SCWBDomain::-as" "ARCHIVER=arm-none-eabi-ar" "COMPILER_FLAGS=  -O2 -c" "EXTRA_COMPILER_FLAGS=-mcpu=cortex-a9 -mfpu=vfpv3 -mfloat-abi=hard -
TRACE::2026-09-23.20:55:26::SCWBDomain::nostartfiles -g -Wall -Wextra -fno-tree-loop-distribute-patterns"

TRACE::2026-09-23.20:55:26::SCWBDomain::Running Make include in ps7_cortexa9_0/libsrc/scuwdt_v2_4/src

TRACE::2026-09-23.20:55:26::SCWBDomain::make -C ps7_cortexa9_0/libsrc/scuwdt_v2_4/src -s include  "SHELL=/bin/sh" "COMPILER=arm-none-eabi-gcc" "ASSEMBLER=arm-none-eabi
TRACE::2026-09-23.20:55:26::SCWBDomain::-as" "ARCHIVER=arm-none-eabi-ar" "COMPILER_FLAGS=  -O2 -c" "EXTRA_COMPILER_FLAGS=-mcpu=cortex-a9 -mfpu=vfpv3 -mfloat-abi=hard -
TRACE::2026-09-23.20:55:26::SCWBDomain::nostartfiles -g -Wall -Wextra -fno-tree-loop-distribute-patterns"

TRACE::2026-09-23.20:55:26::SCWBDomain::Running Make include in ps7_cortexa9_0/libsrc/devcfg_v3_7/src

TRACE::2026-09-23.20:55:26::SCWBDomain::make -C ps7_cortexa9_0/libsrc/devcfg_v3_7/src -s include  "SHELL=/bin/sh" "COMPILER=arm-none-eabi-gcc" "ASSEMBLER=arm-none-eabi
TRACE::2026-09-23.20:55:26::SCWBDomain::-as" "ARCHIVER=arm-none-eabi-ar" "COMPILER_FLAGS=  -O2 -c" "EXTRA_COMPILER_FLAGS=-mcpu=cortex-a9 -mfpu=vfpv3 -mfloat-abi=hard -
TRACE::2026-09-23.20:55:26::SCWBDomain::nostartfiles -g -Wall -Wextra -fno-tree-loop-distribute-patterns"

TRACE::2026-09-23.20:55:26::SCWBDomain::Running Make include in ps7_cortexa9_0/libsrc/standalone_v7_5/src

TRACE::2026-09-23.20:55:26::SCWBDomain::make -C ps7_cortexa9_0/libsrc/standalone_v7_5/src -s include  "SHELL=/bin/sh" "COMPILER=arm-none-eabi-gcc" "ASSEMBLER=arm-none-
TRACE::2026-09-23.20:55:26::SCWBDomain::eabi-as" "ARCHIVER=arm-none-eabi-ar" "COMPILER_FLAGS=  -O2 -c" "EXTRA_COMPILER_FLAGS=-mcpu=cortex-a9 -mfpu=vfpv3 -mfloat-abi=ha
TRACE::2026-09-23.20:55:26::SCWBDomain::rd -nostartfiles -g -Wall -Wextra -fno-tree-loop-distribute-patterns"

TRACE::2026-09-23.20:55:26::SCWBDomain::Running Make include in ps7_cortexa9_0/libsrc/xilrsa_v1_6/src

TRACE::2026-09-23.20:55:26::SCWBDomain::make -C ps7_cortexa9_0/libsrc/xilrsa_v1_6/src -s include  "SHELL=/bin/sh" "COMPILER=arm-none-eabi-gcc" "ASSEMBLER=arm-none-eabi
TRACE::2026-09-23.20:55:26::SCWBDomain::-as" "ARCHIVER=arm-none-eabi-ar" "COMPILER_FLAGS=  -O2 -c" "EXTRA_COMPILER_FLAGS=-mcpu=cortex-a9 -mfpu=vfpv3 -mfloat-abi=hard -
TRACE::2026-09-23.20:55:26::SCWBDomain::nostartfiles -g -Wall -Wextra -fno-tree-loop-distribute-patterns"

TRACE::2026-09-23.20:55:26::SCWBDomain::Running Make include in ps7_cortexa9_0/libsrc/uartps_v3_11/src

TRACE::2026-09-23.20:55:26::SCWBDomain::make -C ps7_cortexa9_0/libsrc/uartps_v3_11/src -s include  "SHELL=/bin/sh" "COMPILER=arm-none-eabi-gcc" "ASSEMBLER=arm-none-eab
TRACE::2026-09-23.20:55:26::SCWBDomain::i-as" "ARCHIVER=arm-none-eabi-ar" "COMPILER_FLAGS=  -O2 -c" "EXTRA_COMPILER_FLAGS=-mcpu=cortex-a9 -mfpu=vfpv3 -mfloat-abi=hard 
TRACE::2026-09-23.20:55:26::SCWBDomain::-nostartfiles -g -Wall -Wextra -fno-tree-loop-distribute-patterns"

TRACE::2026-09-23.20:55:26::SCWBDomain::Running Make include in ps7_cortexa9_0/libsrc/scutimer_v2_3/src

TRACE::2026-09-23.20:55:26::SCWBDomain::make -C ps7_cortexa9_0/libsrc/scutimer_v2_3/src -s include  "SHELL=/bin/sh" "COMPILER=arm-none-eabi-gcc" "ASSEMBLER=arm-none-ea
TRACE::2026-09-23.20:55:26::SCWBDomain::bi-as" "ARCHIVER=arm-none-eabi-ar" "COMPILER_FLAGS=  -O2 -c" "EXTRA_COMPILER_FLAGS=-mcpu=cortex-a9 -mfpu=vfpv3 -mfloat-abi=hard
TRACE::2026-09-23.20:55:26::SCWBDomain:: -nostartfiles -g -Wall -Wextra -fno-tree-loop-distribute-patterns"

TRACE::2026-09-23.20:55:26::SCWBDomain::Running Make include in ps7_cortexa9_0/libsrc/sdps_v3_12/src

TRACE::2026-09-23.20:55:26::SCWBDomain::make -C ps7_cortexa9_0/libsrc/sdps_v3_12/src -s include  "SHELL=/bin/sh" "COMPILER=arm-none-eabi-gcc" "ASSEMBLER=arm-none-eabi-
TRACE::2026-09-23.20:55:26::SCWBDomain::as" "ARCHIVER=arm-none-eabi-ar" "COMPILER_FLAGS=  -O2 -c" "EXTRA_COMPILER_FLAGS=-mcpu=cortex-a9 -mfpu=vfpv3 -mfloat-abi=hard -n
TRACE::2026-09-23.20:55:26::SCWBDomain::ostartfiles -g -Wall -Wextra -fno-tree-loop-distribute-patterns"

TRACE::2026-09-23.20:55:26::SCWBDomain::Running Make include in ps7_cortexa9_0/libsrc/emacps_v3_14/src

TRACE::2026-09-23.20:55:26::SCWBDomain::make -C ps7_cortexa9_0/libsrc/emacps_v3_14/src -s include  "SHELL=/bin/sh" "COMPILER=arm-none-eabi-gcc" "ASSEMBLER=arm-none-eab
TRACE::2026-09-23.20:55:26::SCWBDomain::i-as" "ARCHIVER=arm-none-eabi-ar" "COMPILER_FLAGS=  -O2 -c" "EXTRA_COMPILER_FLAGS=-mcpu=cortex-a9 -mfpu=vfpv3 -mfloat-abi=hard 
TRACE::2026-09-23.20:55:26::SCWBDomain::-nostartfiles -g -Wall -Wextra -fno-tree-loop-distribute-patterns"

TRACE::2026-09-23.20:55:26::SCWBDomain::Running Make include in ps7_cortexa9_0/libsrc/ttcps_v3_14/src

TRACE::2026-09-23.20:55:26::SCWBDomain::make -C ps7_cortexa9_0/libsrc/ttcps_v3_14/src -s include  "SHELL=/bin/sh" "COMPILER=arm-none-eabi-gcc" "ASSEMBLER=arm-none-eabi
TRACE::2026-09-23.20:55:26::SCWBDomain::-as" "ARCHIVER=arm-none-eabi-ar" "COMPILER_FLAGS=  -O2 -c" "EXTRA_COMPILER_FLAGS=-mcpu=cortex-a9 -mfpu=vfpv3 -mfloat-abi=hard -
TRACE::2026-09-23.20:55:26::SCWBDomain::nostartfiles -g -Wall -Wextra -fno-tree-loop-distribute-patterns"

TRACE::2026-09-23.20:55:26::SCWBDomain::Running Make include in ps7_cortexa9_0/libsrc/usbps_v2_7/src

TRACE::2026-09-23.20:55:26::SCWBDomain::make -C ps7_cortexa9_0/libsrc/usbps_v2_7/src -s include  "SHELL=/bin/sh" "COMPILER=arm-none-eabi-gcc" "ASSEMBLER=arm-none-eabi-
TRACE::2026-09-23.20:55:26::SCWBDomain::as" "ARCHIVER=arm-none-eabi-ar" "COMPILER_FLAGS=  -O2 -c" "EXTRA_COMPILER_FLAGS=-mcpu=cortex-a9 -mfpu=vfpv3 -mfloat-abi=hard -n
TRACE::2026-09-23.20:55:26::SCWBDomain::ostartfiles -g -Wall -Wextra -fno-tree-loop-distribute-patterns"

TRACE::2026-09-23.20:55:26::SCWBDomain::Running Make include in ps7_cortexa9_0/libsrc/coresightps_dcc_v1_8/src

TRACE::2026-09-23.20:55:26::SCWBDomain::make -C ps7_cortexa9_0/libsrc/coresightps_dcc_v1_8/src -s include  "SHELL=/bin/sh" "COMPILER=arm-none-eabi-gcc" "ASSEMBLER=arm-
TRACE::2026-09-23.20:55:26::SCWBDomain::none-eabi-as" "ARCHIVER=arm-none-eabi-ar" "COMPILER_FLAGS=  -O2 -c" "EXTRA_COMPILER_FLAGS=-mcpu=cortex-a9 -mfpu=vfpv3 -mfloat-a
TRACE::2026-09-23.20:55:26::SCWBDomain::bi=hard -nostartfiles -g -Wall -Wextra -fno-tree-loop-distribute-patterns"

TRACE::2026-09-23.20:55:26::SCWBDomain::Running Make include in ps7_cortexa9_0/libsrc/ddrps_v1_2/src

TRACE::2026-09-23.20:55:26::SCWBDomain::make -C ps7_cortexa9_0/libsrc/ddrps_v1_2/src -s include  "SHELL=/bin/sh" "COMPILER=arm-none-eabi-gcc" "ASSEMBLER=arm-none-eabi-
TRACE::2026-09-23.20:55:26::SCWBDomain::as" "ARCHIVER=arm-none-eabi-ar" "COMPILER_FLAGS=  -O2 -c" "EXTRA_COMPILER_FLAGS=-mcpu=cortex-a9 -mfpu=vfpv3 -mfloat-abi=hard -n
TRACE::2026-09-23.20:55:26::SCWBDomain::ostartfiles -g -Wall -Wextra -fno-tree-loop-distribute-patterns"

TRACE::2026-09-23.20:55:26::SCWBDomain::Running Make include in ps7_cortexa9_0/libsrc/xadcps_v2_6/src

TRACE::2026-09-23.20:55:26::SCWBDomain::make -C ps7_cortexa9_0/libsrc/xadcps_v2_6/src -s include  "SHELL=/bin/sh" "COMPILER=arm-none-eabi-gcc" "ASSEMBLER=arm-none-eabi
TRACE::2026-09-23.20:55:26::SCWBDomain::-as" "ARCHIVER=arm-none-eabi-ar" "COMPILER_FLAGS=  -O2 -c" "EXTRA_COMPILER_FLAGS=-mcpu=cortex-a9 -mfpu=vfpv3 -mfloat-abi=hard -
TRACE::2026-09-23.20:55:26::SCWBDomain::nostartfiles -g -Wall -Wextra -fno-tree-loop-distribute-patterns"

TRACE::2026-09-23.20:55:26::SCWBDomain::Running Make include in ps7_cortexa9_0/libsrc/cpu_cortexa9_v2_11/src

TRACE::2026-09-23.20:55:26::SCWBDomain::make -C ps7_cortexa9_0/libsrc/cpu_cortexa9_v2_11/src -s include  "SHELL=/bin/sh" "COMPILER=arm-none-eabi-gcc" "ASSEMBLER=arm-no
TRACE::2026-09-23.20:55:26::SCWBDomain::ne-eabi-as" "ARCHIVER=arm-none-eabi-ar" "COMPILER_FLAGS=  -O2 -c" "EXTRA_COMPILER_FLAGS=-mcpu=cortex-a9 -mfpu=vfpv3 -mfloat-abi
TRACE::2026-09-23.20:55:26::SCWBDomain::=hard -nostartfiles -g -Wall -Wextra -fno-tree-loop-distribute-patterns"

TRACE::2026-09-23.20:55:26::SCWBDomain::Running Make include in ps7_cortexa9_0/libsrc/qspips_v3_9/src

TRACE::2026-09-23.20:55:26::SCWBDomain::make -C ps7_cortexa9_0/libsrc/qspips_v3_9/src -s include  "SHELL=/bin/sh" "COMPILER=arm-none-eabi-gcc" "ASSEMBLER=arm-none-eabi
TRACE::2026-09-23.20:55:26::SCWBDomain::-as" "ARCHIVER=arm-none-eabi-ar" "COMPILER_FLAGS=  -O2 -c" "EXTRA_COMPILER_FLAGS=-mcpu=cortex-a9 -mfpu=vfpv3 -mfloat-abi=hard -
TRACE::2026-09-23.20:55:26::SCWBDomain::nostartfiles -g -Wall -Wextra -fno-tree-loop-distribute-patterns"

TRACE::2026-09-23.20:55:26::SCWBDomain::Running Make include in ps7_cortexa9_0/libsrc/dmaps_v2_8/src

TRACE::2026-09-23.20:55:26::SCWBDomain::make -C ps7_cortexa9_0/libsrc/dmaps_v2_8/src -s include  "SHELL=/bin/sh" "COMPILER=arm-none-eabi-gcc" "ASSEMBLER=arm-none-eabi-
TRACE::2026-09-23.20:55:26::SCWBDomain::as" "ARCHIVER=arm-none-eabi-ar" "COMPILER_FLAGS=  -O2 -c" "EXTRA_COMPILER_FLAGS=-mcpu=cortex-a9 -mfpu=vfpv3 -mfloat-abi=hard -n
TRACE::2026-09-23.20:55:26::SCWBDomain::ostartfiles -g -Wall -Wextra -fno-tree-loop-distribute-patterns"

TRACE::2026-09-23.20:55:26::SCWBDomain::Running Make include in ps7_cortexa9_0/libsrc/PmodKYPD_v1_0/src

TRACE::2026-09-23.20:55:26::SCWBDomain::make -C ps7_cortexa9_0/libsrc/PmodKYPD_v1_0/src -s include  "SHELL=/bin/sh" "COMPILER=arm-none-eabi-gcc" "ASSEMBLER=arm-none-ea
TRACE::2026-09-23.20:55:26::SCWBDomain::bi-as" "ARCHIVER=arm-none-eabi-ar" "COMPILER_FLAGS=  -O2 -c" "EXTRA_COMPILER_FLAGS=-mcpu=cortex-a9 -mfpu=vfpv3 -mfloat-abi=hard
TRACE::2026-09-23.20:55:26::SCWBDomain:: -nostartfiles -g -Wall -Wextra -fno-tree-loop-distribute-patterns"

TRACE::2026-09-23.20:55:26::SCWBDomain::Running Make libs in ps7_cortexa9_0/libsrc/PmodKYPD_v1_0/src

TRACE::2026-09-23.20:55:26::SCWBDomain::make -C ps7_cortexa9_0/libsrc/PmodKYPD_v1_0/src -s libs  "SHELL=/bin/sh" "COMPILER=arm-none-eabi-gcc" "ASSEMBLER=arm-none-eabi-
TRACE::2026-09-23.20:55:26::SCWBDomain::as" "ARCHIVER=arm-none-eabi-ar" "COMPILER_FLAGS=  -O2 -c" "EXTRA_COMPILER_FLAGS=-mcpu=cortex-a9 -mfpu=vfpv3 -mfloat-abi=hard -n
TRACE::2026-09-23.20:55:26::SCWBDomain::ostartfiles -g -Wall -Wextra -fno-tree-loop-distribute-patterns"

TRACE::2026-09-23.20:55:26::SCWBDomain::Compiling PmodKYPD

TRACE::2026-09-23.20:55:26::SCWBDomain::Running Make libs in ps7_cortexa9_0/libsrc/xilrsa_v1_6/src

TRACE::2026-09-23.20:55:26::SCWBDomain::make -C ps7_cortexa9_0/libsrc/xilrsa_v1_6/src -s libs  "SHELL=/bin/sh" "COMPILER=arm-none-eabi-gcc" "ASSEMBLER=arm-none-eabi-as
TRACE::2026-09-23.20:55:26::SCWBDomain::" "ARCHIVER=arm-none-eabi-ar" "COMPILER_FLAGS=  -O2 -c" "EXTRA_COMPILER_FLAGS=-mcpu=cortex-a9 -mfpu=vfpv3 -mfloat-abi=hard -nos
TRACE::2026-09-23.20:55:26::SCWBDomain::tartfiles -g -Wall -Wextra -fno-tree-loop-distribute-patterns"

TRACE::2026-09-23.20:55:26::SCWBDomain::Finished building libraries sequentially.

TRACE::2026-09-23.20:55:26::SCWBDomain::make -j 6 --no-print-directory par_libs

TRACE::2026-09-23.20:55:26::SCWBDomain::Running Make include in ps7_cortexa9_0/libsrc/gpiops_v3_9/src

TRACE::2026-09-23.20:55:26::SCWBDomain::Running Make include in ps7_cortexa9_0/libsrc/xilffs_v4_5/src

TRACE::2026-09-23.20:55:26::SCWBDomain::Running Make include in ps7_cortexa9_0/libsrc/scugic_v4_5/src

TRACE::2026-09-23.20:55:26::SCWBDomain::Running Make include in ps7_cortexa9_0/libsrc/scuwdt_v2_4/src

TRACE::2026-09-23.20:55:26::SCWBDomain::make -C ps7_cortexa9_0/libsrc/gpiops_v3_9/src -s include  "SHELL=/bin/sh" "COMPILER=arm-none-eabi-gcc" "ASSEMBLER=arm-none-eabi
TRACE::2026-09-23.20:55:26::SCWBDomain::-as" "ARCHIVER=arm-none-eabi-ar" "COMPILER_FLAGS=  -O2 -c" "EXTRA_COMPILER_FLAGS=-mcpu=cortex-a9 -mfpu=vfpv3 -mfloat-abi=hard -
TRACE::2026-09-23.20:55:26::SCWBDomain::nostartfiles -g -Wall -Wextra -fno-tree-loop-distribute-patterns"

TRACE::2026-09-23.20:55:26::SCWBDomain::make -C ps7_cortexa9_0/libsrc/scugic_v4_5/src -s include  "SHELL=/bin/sh" "COMPILER=arm-none-eabi-gcc" "ASSEMBLER=arm-none-eabi
TRACE::2026-09-23.20:55:26::SCWBDomain::-as" "ARCHIVER=arm-none-eabi-ar" "COMPILER_FLAGS=  -O2 -c" "EXTRA_COMPILER_FLAGS=-mcpu=cortex-a9 -mfpu=vfpv3 -mfloat-abi=hard -
TRACE::2026-09-23.20:55:26::SCWBDomain::nostartfiles -g -Wall -Wextra -fno-tree-loop-distribute-patterns"

TRACE::2026-09-23.20:55:26::SCWBDomain::make -C ps7_cortexa9_0/libsrc/xilffs_v4_5/src -s include  "SHELL=/bin/sh" "COMPILER=arm-none-eabi-gcc" "ASSEMBLER=arm-none-eabi
TRACE::2026-09-23.20:55:26::SCWBDomain::-as" "ARCHIVER=arm-none-eabi-ar" "COMPILER_FLAGS=  -O2 -c" "EXTRA_COMPILER_FLAGS=-mcpu=cortex-a9 -mfpu=vfpv3 -mfloat-abi=hard -
TRACE::2026-09-23.20:55:26::SCWBDomain::nostartfiles -g -Wall -Wextra -fno-tree-loop-distribute-patterns"

TRACE::2026-09-23.20:55:26::SCWBDomain::Running Make include in ps7_cortexa9_0/libsrc/standalone_v7_5/src

TRACE::2026-09-23.20:55:26::SCWBDomain::Running Make include in ps7_cortexa9_0/libsrc/devcfg_v3_7/src

TRACE::2026-09-23.20:55:26::SCWBDomain::make -C ps7_cortexa9_0/libsrc/scuwdt_v2_4/src -s include  "SHELL=/bin/sh" "COMPILER=arm-none-eabi-gcc" "ASSEMBLER=arm-none-eabi
TRACE::2026-09-23.20:55:26::SCWBDomain::-as" "ARCHIVER=arm-none-eabi-ar" "COMPILER_FLAGS=  -O2 -c" "EXTRA_COMPILER_FLAGS=-mcpu=cortex-a9 -mfpu=vfpv3 -mfloat-abi=hard -
TRACE::2026-09-23.20:55:26::SCWBDomain::nostartfiles -g -Wall -Wextra -fno-tree-loop-distribute-patterns"

TRACE::2026-09-23.20:55:26::SCWBDomain::make -C ps7_cortexa9_0/libsrc/devcfg_v3_7/src -s include  "SHELL=/bin/sh" "COMPILER=arm-none-eabi-gcc" "ASSEMBLER=arm-none-eabi
TRACE::2026-09-23.20:55:26::SCWBDomain::-as" "ARCHIVER=arm-none-eabi-ar" "COMPILER_FLAGS=  -O2 -c" "EXTRA_COMPILER_FLAGS=-mcpu=cortex-a9 -mfpu=vfpv3 -mfloat-abi=hard -
TRACE::2026-09-23.20:55:26::SCWBDomain::nostartfiles -g -Wall -Wextra -fno-tree-loop-distribute-patterns"

TRACE::2026-09-23.20:55:26::SCWBDomain::make -C ps7_cortexa9_0/libsrc/standalone_v7_5/src -s include  "SHELL=/bin/sh" "COMPILER=arm-none-eabi-gcc" "ASSEMBLER=arm-none-
TRACE::2026-09-23.20:55:26::SCWBDomain::eabi-as" "ARCHIVER=arm-none-eabi-ar" "COMPILER_FLAGS=  -O2 -c" "EXTRA_COMPILER_FLAGS=-mcpu=cortex-a9 -mfpu=vfpv3 -mfloat-abi=ha
TRACE::2026-09-23.20:55:26::SCWBDomain::rd -nostartfiles -g -Wall -Wextra -fno-tree-loop-distribute-patterns"

TRACE::2026-09-23.20:55:26::SCWBDomain::Running Make include in ps7_cortexa9_0/libsrc/xilrsa_v1_6/src

TRACE::2026-09-23.20:55:26::SCWBDomain::Running Make include in ps7_cortexa9_0/libsrc/uartps_v3_11/src

TRACE::2026-09-23.20:55:26::SCWBDomain::Running Make include in ps7_cortexa9_0/libsrc/scutimer_v2_3/src

TRACE::2026-09-23.20:55:26::SCWBDomain::make -C ps7_cortexa9_0/libsrc/xilrsa_v1_6/src -s include  "SHELL=/bin/sh" "COMPILER=arm-none-eabi-gcc" "ASSEMBLER=arm-none-eabi
TRACE::2026-09-23.20:55:26::SCWBDomain::-as" "ARCHIVER=arm-none-eabi-ar" "COMPILER_FLAGS=  -O2 -c" "EXTRA_COMPILER_FLAGS=-mcpu=cortex-a9 -mfpu=vfpv3 -mfloat-abi=hard -
TRACE::2026-09-23.20:55:26::SCWBDomain::nostartfiles -g -Wall -Wextra -fno-tree-loop-distribute-patterns"

TRACE::2026-09-23.20:55:26::SCWBDomain::make -C ps7_cortexa9_0/libsrc/uartps_v3_11/src -s include  "SHELL=/bin/sh" "COMPILER=arm-none-eabi-gcc" "ASSEMBLER=arm-none-eab
TRACE::2026-09-23.20:55:26::SCWBDomain::i-as" "ARCHIVER=arm-none-eabi-ar" "COMPILER_FLAGS=  -O2 -c" "EXTRA_COMPILER_FLAGS=-mcpu=cortex-a9 -mfpu=vfpv3 -mfloat-abi=hard 
TRACE::2026-09-23.20:55:26::SCWBDomain::-nostartfiles -g -Wall -Wextra -fno-tree-loop-distribute-patterns"

TRACE::2026-09-23.20:55:26::SCWBDomain::make -C ps7_cortexa9_0/libsrc/scutimer_v2_3/src -s include  "SHELL=/bin/sh" "COMPILER=arm-none-eabi-gcc" "ASSEMBLER=arm-none-ea
TRACE::2026-09-23.20:55:26::SCWBDomain::bi-as" "ARCHIVER=arm-none-eabi-ar" "COMPILER_FLAGS=  -O2 -c" "EXTRA_COMPILER_FLAGS=-mcpu=cortex-a9 -mfpu=vfpv3 -mfloat-abi=hard
TRACE::2026-09-23.20:55:26::SCWBDomain:: -nostartfiles -g -Wall -Wextra -fno-tree-loop-distribute-patterns"

TRACE::2026-09-23.20:55:26::SCWBDomain::Running Make include in ps7_cortexa9_0/libsrc/sdps_v3_12/src

TRACE::2026-09-23.20:55:26::SCWBDomain::make -C ps7_cortexa9_0/libsrc/sdps_v3_12/src -s include  "SHELL=/bin/sh" "COMPILER=arm-none-eabi-gcc" "ASSEMBLER=arm-none-eabi-
TRACE::2026-09-23.20:55:26::SCWBDomain::as" "ARCHIVER=arm-none-eabi-ar" "COMPILER_FLAGS=  -O2 -c" "EXTRA_COMPILER_FLAGS=-mcpu=cortex-a9 -mfpu=vfpv3 -mfloat-abi=hard -n
TRACE::2026-09-23.20:55:26::SCWBDomain::ostartfiles -g -Wall -Wextra -fno-tree-loop-distribute-patterns"

TRACE::2026-09-23.20:55:26::SCWBDomain::Running Make include in ps7_cortexa9_0/libsrc/emacps_v3_14/src

TRACE::2026-09-23.20:55:26::SCWBDomain::make -C ps7_cortexa9_0/libsrc/emacps_v3_14/src -s include  "SHELL=/bin/sh" "COMPILER=arm-none-eabi-gcc" "ASSEMBLER=arm-none-eab
TRACE::2026-09-23.20:55:26::SCWBDomain::i-as" "ARCHIVER=arm-none-eabi-ar" "COMPILER_FLAGS=  -O2 -c" "EXTRA_COMPILER_FLAGS=-mcpu=cortex-a9 -mfpu=vfpv3 -mfloat-abi=hard 
TRACE::2026-09-23.20:55:26::SCWBDomain::-nostartfiles -g -Wall -Wextra -fno-tree-loop-distribute-patterns"

TRACE::2026-09-23.20:55:26::SCWBDomain::Running Make include in ps7_cortexa9_0/libsrc/ttcps_v3_14/src

TRACE::2026-09-23.20:55:26::SCWBDomain::make -C ps7_cortexa9_0/libsrc/ttcps_v3_14/src -s include  "SHELL=/bin/sh" "COMPILER=arm-none-eabi-gcc" "ASSEMBLER=arm-none-eabi
TRACE::2026-09-23.20:55:26::SCWBDomain::-as" "ARCHIVER=arm-none-eabi-ar" "COMPILER_FLAGS=  -O2 -c" "EXTRA_COMPILER_FLAGS=-mcpu=cortex-a9 -mfpu=vfpv3 -mfloat-abi=hard -
TRACE::2026-09-23.20:55:26::SCWBDomain::nostartfiles -g -Wall -Wextra -fno-tree-loop-distribute-patterns"

TRACE::2026-09-23.20:55:26::SCWBDomain::Running Make include in ps7_cortexa9_0/libsrc/usbps_v2_7/src

TRACE::2026-09-23.20:55:26::SCWBDomain::make -C ps7_cortexa9_0/libsrc/usbps_v2_7/src -s include  "SHELL=/bin/sh" "COMPILER=arm-none-eabi-gcc" "ASSEMBLER=arm-none-eabi-
TRACE::2026-09-23.20:55:26::SCWBDomain::as" "ARCHIVER=arm-none-eabi-ar" "COMPILER_FLAGS=  -O2 -c" "EXTRA_COMPILER_FLAGS=-mcpu=cortex-a9 -mfpu=vfpv3 -mfloat-abi=hard -n
TRACE::2026-09-23.20:55:26::SCWBDomain::ostartfiles -g -Wall -Wextra -fno-tree-loop-distribute-patterns"

TRACE::2026-09-23.20:55:26::SCWBDomain::Running Make include in ps7_cortexa9_0/libsrc/coresightps_dcc_v1_8/src

TRACE::2026-09-23.20:55:26::SCWBDomain::make -C ps7_cortexa9_0/libsrc/coresightps_dcc_v1_8/src -s include  "SHELL=/bin/sh" "COMPILER=arm-none-eabi-gcc" "ASSEMBLER=arm-
TRACE::2026-09-23.20:55:26::SCWBDomain::none-eabi-as" "ARCHIVER=arm-none-eabi-ar" "COMPILER_FLAGS=  -O2 -c" "EXTRA_COMPILER_FLAGS=-mcpu=cortex-a9 -mfpu=vfpv3 -mfloat-a
TRACE::2026-09-23.20:55:26::SCWBDomain::bi=hard -nostartfiles -g -Wall -Wextra -fno-tree-loop-distribute-patterns"

TRACE::2026-09-23.20:55:26::SCWBDomain::Running Make include in ps7_cortexa9_0/libsrc/ddrps_v1_2/src

TRACE::2026-09-23.20:55:26::SCWBDomain::make -C ps7_cortexa9_0/libsrc/ddrps_v1_2/src -s include  "SHELL=/bin/sh" "COMPILER=arm-none-eabi-gcc" "ASSEMBLER=arm-none-eabi-
TRACE::2026-09-23.20:55:26::SCWBDomain::as" "ARCHIVER=arm-none-eabi-ar" "COMPILER_FLAGS=  -O2 -c" "EXTRA_COMPILER_FLAGS=-mcpu=cortex-a9 -mfpu=vfpv3 -mfloat-abi=hard -n
TRACE::2026-09-23.20:55:26::SCWBDomain::ostartfiles -g -Wall -Wextra -fno-tree-loop-distribute-patterns"

TRACE::2026-09-23.20:55:26::SCWBDomain::Running Make include in ps7_cortexa9_0/libsrc/xadcps_v2_6/src

TRACE::2026-09-23.20:55:26::SCWBDomain::make -C ps7_cortexa9_0/libsrc/xadcps_v2_6/src -s include  "SHELL=/bin/sh" "COMPILER=arm-none-eabi-gcc" "ASSEMBLER=arm-none-eabi
TRACE::2026-09-23.20:55:26::SCWBDomain::-as" "ARCHIVER=arm-none-eabi-ar" "COMPILER_FLAGS=  -O2 -c" "EXTRA_COMPILER_FLAGS=-mcpu=cortex-a9 -mfpu=vfpv3 -mfloat-abi=hard -
TRACE::2026-09-23.20:55:26::SCWBDomain::nostartfiles -g -Wall -Wextra -fno-tree-loop-distribute-patterns"

TRACE::2026-09-23.20:55:26::SCWBDomain::Running Make include in ps7_cortexa9_0/libsrc/cpu_cortexa9_v2_11/src

TRACE::2026-09-23.20:55:26::SCWBDomain::Running Make include in ps7_cortexa9_0/libsrc/qspips_v3_9/src

TRACE::2026-09-23.20:55:26::SCWBDomain::make -C ps7_cortexa9_0/libsrc/cpu_cortexa9_v2_11/src -s include  "SHELL=/bin/sh" "COMPILER=arm-none-eabi-gcc" "ASSEMBLER=arm-no
TRACE::2026-09-23.20:55:26::SCWBDomain::ne-eabi-as" "ARCHIVER=arm-none-eabi-ar" "COMPILER_FLAGS=  -O2 -c" "EXTRA_COMPILER_FLAGS=-mcpu=cortex-a9 -mfpu=vfpv3 -mfloat-abi
TRACE::2026-09-23.20:55:26::SCWBDomain::=hard -nostartfiles -g -Wall -Wextra -fno-tree-loop-distribute-patterns"

TRACE::2026-09-23.20:55:26::SCWBDomain::make -C ps7_cortexa9_0/libsrc/qspips_v3_9/src -s include  "SHELL=/bin/sh" "COMPILER=arm-none-eabi-gcc" "ASSEMBLER=arm-none-eabi
TRACE::2026-09-23.20:55:26::SCWBDomain::-as" "ARCHIVER=arm-none-eabi-ar" "COMPILER_FLAGS=  -O2 -c" "EXTRA_COMPILER_FLAGS=-mcpu=cortex-a9 -mfpu=vfpv3 -mfloat-abi=hard -
TRACE::2026-09-23.20:55:26::SCWBDomain::nostartfiles -g -Wall -Wextra -fno-tree-loop-distribute-patterns"

TRACE::2026-09-23.20:55:26::SCWBDomain::Running Make include in ps7_cortexa9_0/libsrc/dmaps_v2_8/src

TRACE::2026-09-23.20:55:26::SCWBDomain::make -C ps7_cortexa9_0/libsrc/dmaps_v2_8/src -s include  "SHELL=/bin/sh" "COMPILER=arm-none-eabi-gcc" "ASSEMBLER=arm-none-eabi-
TRACE::2026-09-23.20:55:26::SCWBDomain::as" "ARCHIVER=arm-none-eabi-ar" "COMPILER_FLAGS=  -O2 -c" "EXTRA_COMPILER_FLAGS=-mcpu=cortex-a9 -mfpu=vfpv3 -mfloat-abi=hard -n
TRACE::2026-09-23.20:55:26::SCWBDomain::ostartfiles -g -Wall -Wextra -fno-tree-loop-distribute-patterns"

TRACE::2026-09-23.20:55:26::SCWBDomain::Running Make include in ps7_cortexa9_0/libsrc/PmodKYPD_v1_0/src

TRACE::2026-09-23.20:55:26::SCWBDomain::make -C ps7_cortexa9_0/libsrc/PmodKYPD_v1_0/src -s include  "SHELL=/bin/sh" "COMPILER=arm-none-eabi-gcc" "ASSEMBLER=arm-none-ea
TRACE::2026-09-23.20:55:26::SCWBDomain::bi-as" "ARCHIVER=arm-none-eabi-ar" "COMPILER_FLAGS=  -O2 -c" "EXTRA_COMPILER_FLAGS=-mcpu=cortex-a9 -mfpu=vfpv3 -mfloat-abi=hard
TRACE::2026-09-23.20:55:26::SCWBDomain:: -nostartfiles -g -Wall -Wextra -fno-tree-loop-distribute-patterns"

TRACE::2026-09-23.20:55:26::SCWBDomain::Running Make libs in ps7_cortexa9_0/libsrc/scugic_v4_5/src

TRACE::2026-09-23.20:55:26::SCWBDomain::Running Make libs in ps7_cortexa9_0/libsrc/gpiops_v3_9/src

TRACE::2026-09-23.20:55:26::SCWBDomain::Running Make libs in ps7_cortexa9_0/libsrc/xilffs_v4_5/src

TRACE::2026-09-23.20:55:26::SCWBDomain::make -C ps7_cortexa9_0/libsrc/gpiops_v3_9/src -s libs  "SHELL=/bin/sh" "COMPILER=arm-none-eabi-gcc" "ASSEMBLER=arm-none-eabi-as
TRACE::2026-09-23.20:55:26::SCWBDomain::" "ARCHIVER=arm-none-eabi-ar" "COMPILER_FLAGS=  -O2 -c" "EXTRA_COMPILER_FLAGS=-mcpu=cortex-a9 -mfpu=vfpv3 -mfloat-abi=hard -nos
TRACE::2026-09-23.20:55:26::SCWBDomain::tartfiles -g -Wall -Wextra -fno-tree-loop-distribute-patterns"

TRACE::2026-09-23.20:55:26::SCWBDomain::make -C ps7_cortexa9_0/libsrc/scugic_v4_5/src -s libs  "SHELL=/bin/sh" "COMPILER=arm-none-eabi-gcc" "ASSEMBLER=arm-none-eabi-as
TRACE::2026-09-23.20:55:26::SCWBDomain::" "ARCHIVER=arm-none-eabi-ar" "COMPILER_FLAGS=  -O2 -c" "EXTRA_COMPILER_FLAGS=-mcpu=cortex-a9 -mfpu=vfpv3 -mfloat-abi=hard -nos
TRACE::2026-09-23.20:55:26::SCWBDomain::tartfiles -g -Wall -Wextra -fno-tree-loop-distribute-patterns"

TRACE::2026-09-23.20:55:26::SCWBDomain::Running Make libs in ps7_cortexa9_0/libsrc/scuwdt_v2_4/src

TRACE::2026-09-23.20:55:26::SCWBDomain::Running Make libs in ps7_cortexa9_0/libsrc/devcfg_v3_7/src

TRACE::2026-09-23.20:55:26::SCWBDomain::make -C ps7_cortexa9_0/libsrc/xilffs_v4_5/src -s libs  "SHELL=/bin/sh" "COMPILER=arm-none-eabi-gcc" "ASSEMBLER=arm-none-eabi-as
TRACE::2026-09-23.20:55:26::SCWBDomain::" "ARCHIVER=arm-none-eabi-ar" "COMPILER_FLAGS=  -O2 -c" "EXTRA_COMPILER_FLAGS=-mcpu=cortex-a9 -mfpu=vfpv3 -mfloat-abi=hard -nos
TRACE::2026-09-23.20:55:26::SCWBDomain::tartfiles -g -Wall -Wextra -fno-tree-loop-distribute-patterns"

TRACE::2026-09-23.20:55:26::SCWBDomain::Running Make libs in ps7_cortexa9_0/libsrc/standalone_v7_5/src

TRACE::2026-09-23.20:55:26::SCWBDomain::make -C ps7_cortexa9_0/libsrc/scuwdt_v2_4/src -s libs  "SHELL=/bin/sh" "COMPILER=arm-none-eabi-gcc" "ASSEMBLER=arm-none-eabi-as
TRACE::2026-09-23.20:55:26::SCWBDomain::" "ARCHIVER=arm-none-eabi-ar" "COMPILER_FLAGS=  -O2 -c" "EXTRA_COMPILER_FLAGS=-mcpu=cortex-a9 -mfpu=vfpv3 -mfloat-abi=hard -nos
TRACE::2026-09-23.20:55:26::SCWBDomain::tartfiles -g -Wall -Wextra -fno-tree-loop-distribute-patterns"

TRACE::2026-09-23.20:55:26::SCWBDomain::make -C ps7_cortexa9_0/libsrc/devcfg_v3_7/src -s libs  "SHELL=/bin/sh" "COMPILER=arm-none-eabi-gcc" "ASSEMBLER=arm-none-eabi-as
TRACE::2026-09-23.20:55:26::SCWBDomain::" "ARCHIVER=arm-none-eabi-ar" "COMPILER_FLAGS=  -O2 -c" "EXTRA_COMPILER_FLAGS=-mcpu=cortex-a9 -mfpu=vfpv3 -mfloat-abi=hard -nos
TRACE::2026-09-23.20:55:26::SCWBDomain::tartfiles -g -Wall -Wextra -fno-tree-loop-distribute-patterns"

TRACE::2026-09-23.20:55:26::SCWBDomain::make -C ps7_cortexa9_0/libsrc/standalone_v7_5/src -s libs  "SHELL=/bin/sh" "COMPILER=arm-none-eabi-gcc" "ASSEMBLER=arm-none-eab
TRACE::2026-09-23.20:55:26::SCWBDomain::i-as" "ARCHIVER=arm-none-eabi-ar" "COMPILER_FLAGS=  -O2 -c" "EXTRA_COMPILER_FLAGS=-mcpu=cortex-a9 -mfpu=vfpv3 -mfloat-abi=hard 
TRACE::2026-09-23.20:55:26::SCWBDomain::-nostartfiles -g -Wall -Wextra -fno-tree-loop-distribute-patterns"

TRACE::2026-09-23.20:55:27::SCWBDomain::Running Make libs in ps7_cortexa9_0/libsrc/uartps_v3_11/src

TRACE::2026-09-23.20:55:27::SCWBDomain::make -C ps7_cortexa9_0/libsrc/uartps_v3_11/src -s libs  "SHELL=/bin/sh" "COMPILER=arm-none-eabi-gcc" "ASSEMBLER=arm-none-eabi-a
TRACE::2026-09-23.20:55:27::SCWBDomain::s" "ARCHIVER=arm-none-eabi-ar" "COMPILER_FLAGS=  -O2 -c" "EXTRA_COMPILER_FLAGS=-mcpu=cortex-a9 -mfpu=vfpv3 -mfloat-abi=hard -no
TRACE::2026-09-23.20:55:27::SCWBDomain::startfiles -g -Wall -Wextra -fno-tree-loop-distribute-patterns"

TRACE::2026-09-23.20:55:27::SCWBDomain::Running Make libs in ps7_cortexa9_0/libsrc/scutimer_v2_3/src

TRACE::2026-09-23.20:55:27::SCWBDomain::make -C ps7_cortexa9_0/libsrc/scutimer_v2_3/src -s libs  "SHELL=/bin/sh" "COMPILER=arm-none-eabi-gcc" "ASSEMBLER=arm-none-eabi-
TRACE::2026-09-23.20:55:27::SCWBDomain::as" "ARCHIVER=arm-none-eabi-ar" "COMPILER_FLAGS=  -O2 -c" "EXTRA_COMPILER_FLAGS=-mcpu=cortex-a9 -mfpu=vfpv3 -mfloat-abi=hard -n
TRACE::2026-09-23.20:55:27::SCWBDomain::ostartfiles -g -Wall -Wextra -fno-tree-loop-distribute-patterns"

TRACE::2026-09-23.20:55:27::SCWBDomain::Running Make libs in ps7_cortexa9_0/libsrc/sdps_v3_12/src

TRACE::2026-09-23.20:55:27::SCWBDomain::make -C ps7_cortexa9_0/libsrc/sdps_v3_12/src -s libs  "SHELL=/bin/sh" "COMPILER=arm-none-eabi-gcc" "ASSEMBLER=arm-none-eabi-as"
TRACE::2026-09-23.20:55:27::SCWBDomain:: "ARCHIVER=arm-none-eabi-ar" "COMPILER_FLAGS=  -O2 -c" "EXTRA_COMPILER_FLAGS=-mcpu=cortex-a9 -mfpu=vfpv3 -mfloat-abi=hard -nost
TRACE::2026-09-23.20:55:27::SCWBDomain::artfiles -g -Wall -Wextra -fno-tree-loop-distribute-patterns"

TRACE::2026-09-23.20:55:27::SCWBDomain::Running Make libs in ps7_cortexa9_0/libsrc/emacps_v3_14/src

TRACE::2026-09-23.20:55:27::SCWBDomain::make -C ps7_cortexa9_0/libsrc/emacps_v3_14/src -s libs  "SHELL=/bin/sh" "COMPILER=arm-none-eabi-gcc" "ASSEMBLER=arm-none-eabi-a
TRACE::2026-09-23.20:55:27::SCWBDomain::s" "ARCHIVER=arm-none-eabi-ar" "COMPILER_FLAGS=  -O2 -c" "EXTRA_COMPILER_FLAGS=-mcpu=cortex-a9 -mfpu=vfpv3 -mfloat-abi=hard -no
TRACE::2026-09-23.20:55:27::SCWBDomain::startfiles -g -Wall -Wextra -fno-tree-loop-distribute-patterns"

TRACE::2026-09-23.20:55:27::SCWBDomain::Running Make libs in ps7_cortexa9_0/libsrc/ttcps_v3_14/src

TRACE::2026-09-23.20:55:27::SCWBDomain::make -C ps7_cortexa9_0/libsrc/ttcps_v3_14/src -s libs  "SHELL=/bin/sh" "COMPILER=arm-none-eabi-gcc" "ASSEMBLER=arm-none-eabi-as
TRACE::2026-09-23.20:55:27::SCWBDomain::" "ARCHIVER=arm-none-eabi-ar" "COMPILER_FLAGS=  -O2 -c" "EXTRA_COMPILER_FLAGS=-mcpu=cortex-a9 -mfpu=vfpv3 -mfloat-abi=hard -nos
TRACE::2026-09-23.20:55:27::SCWBDomain::tartfiles -g -Wall -Wextra -fno-tree-loop-distribute-patterns"

TRACE::2026-09-23.20:55:27::SCWBDomain::Running Make libs in ps7_cortexa9_0/libsrc/usbps_v2_7/src

TRACE::2026-09-23.20:55:27::SCWBDomain::make -C ps7_cortexa9_0/libsrc/usbps_v2_7/src -s libs  "SHELL=/bin/sh" "COMPILER=arm-none-eabi-gcc" "ASSEMBLER=arm-none-eabi-as"
TRACE::2026-09-23.20:55:27::SCWBDomain:: "ARCHIVER=arm-none-eabi-ar" "COMPILER_FLAGS=  -O2 -c" "EXTRA_COMPILER_FLAGS=-mcpu=cortex-a9 -mfpu=vfpv3 -mfloat-abi=hard -nost
TRACE::2026-09-23.20:55:27::SCWBDomain::artfiles -g -Wall -Wextra -fno-tree-loop-distribute-patterns"

TRACE::2026-09-23.20:55:28::SCWBDomain::Running Make libs in ps7_cortexa9_0/libsrc/coresightps_dcc_v1_8/src

TRACE::2026-09-23.20:55:28::SCWBDomain::make -C ps7_cortexa9_0/libsrc/coresightps_dcc_v1_8/src -s libs  "SHELL=/bin/sh" "COMPILER=arm-none-eabi-gcc" "ASSEMBLER=arm-non
TRACE::2026-09-23.20:55:28::SCWBDomain::e-eabi-as" "ARCHIVER=arm-none-eabi-ar" "COMPILER_FLAGS=  -O2 -c" "EXTRA_COMPILER_FLAGS=-mcpu=cortex-a9 -mfpu=vfpv3 -mfloat-abi=
TRACE::2026-09-23.20:55:28::SCWBDomain::hard -nostartfiles -g -Wall -Wextra -fno-tree-loop-distribute-patterns"

TRACE::2026-09-23.20:55:28::SCWBDomain::Running Make libs in ps7_cortexa9_0/libsrc/ddrps_v1_2/src

TRACE::2026-09-23.20:55:28::SCWBDomain::make -C ps7_cortexa9_0/libsrc/ddrps_v1_2/src -s libs  "SHELL=/bin/sh" "COMPILER=arm-none-eabi-gcc" "ASSEMBLER=arm-none-eabi-as"
TRACE::2026-09-23.20:55:28::SCWBDomain:: "ARCHIVER=arm-none-eabi-ar" "COMPILER_FLAGS=  -O2 -c" "EXTRA_COMPILER_FLAGS=-mcpu=cortex-a9 -mfpu=vfpv3 -mfloat-abi=hard -nost
TRACE::2026-09-23.20:55:28::SCWBDomain::artfiles -g -Wall -Wextra -fno-tree-loop-distribute-patterns"

TRACE::2026-09-23.20:55:28::SCWBDomain::Running Make libs in ps7_cortexa9_0/libsrc/xadcps_v2_6/src

TRACE::2026-09-23.20:55:28::SCWBDomain::make -C ps7_cortexa9_0/libsrc/xadcps_v2_6/src -s libs  "SHELL=/bin/sh" "COMPILER=arm-none-eabi-gcc" "ASSEMBLER=arm-none-eabi-as
TRACE::2026-09-23.20:55:28::SCWBDomain::" "ARCHIVER=arm-none-eabi-ar" "COMPILER_FLAGS=  -O2 -c" "EXTRA_COMPILER_FLAGS=-mcpu=cortex-a9 -mfpu=vfpv3 -mfloat-abi=hard -nos
TRACE::2026-09-23.20:55:28::SCWBDomain::tartfiles -g -Wall -Wextra -fno-tree-loop-distribute-patterns"

TRACE::2026-09-23.20:55:28::SCWBDomain::Running Make libs in ps7_cortexa9_0/libsrc/cpu_cortexa9_v2_11/src

TRACE::2026-09-23.20:55:28::SCWBDomain::make -C ps7_cortexa9_0/libsrc/cpu_cortexa9_v2_11/src -s libs  "SHELL=/bin/sh" "COMPILER=arm-none-eabi-gcc" "ASSEMBLER=arm-none-
TRACE::2026-09-23.20:55:28::SCWBDomain::eabi-as" "ARCHIVER=arm-none-eabi-ar" "COMPILER_FLAGS=  -O2 -c" "EXTRA_COMPILER_FLAGS=-mcpu=cortex-a9 -mfpu=vfpv3 -mfloat-abi=ha
TRACE::2026-09-23.20:55:28::SCWBDomain::rd -nostartfiles -g -Wall -Wextra -fno-tree-loop-distribute-patterns"

TRACE::2026-09-23.20:55:28::SCWBDomain::Running Make libs in ps7_cortexa9_0/libsrc/qspips_v3_9/src

TRACE::2026-09-23.20:55:28::SCWBDomain::make -C ps7_cortexa9_0/libsrc/qspips_v3_9/src -s libs  "SHELL=/bin/sh" "COMPILER=arm-none-eabi-gcc" "ASSEMBLER=arm-none-eabi-as
TRACE::2026-09-23.20:55:28::SCWBDomain::" "ARCHIVER=arm-none-eabi-ar" "COMPILER_FLAGS=  -O2 -c" "EXTRA_COMPILER_FLAGS=-mcpu=cortex-a9 -mfpu=vfpv3 -mfloat-abi=hard -nos
TRACE::2026-09-23.20:55:28::SCWBDomain::tartfiles -g -Wall -Wextra -fno-tree-loop-distribute-patterns"

TRACE::2026-09-23.20:55:28::SCWBDomain::Running Make libs in ps7_cortexa9_0/libsrc/dmaps_v2_8/src

TRACE::2026-09-23.20:55:28::SCWBDomain::make -C ps7_cortexa9_0/libsrc/dmaps_v2_8/src -s libs  "SHELL=/bin/sh" "COMPILER=arm-none-eabi-gcc" "ASSEMBLER=arm-none-eabi-as"
TRACE::2026-09-23.20:55:28::SCWBDomain:: "ARCHIVER=arm-none-eabi-ar" "COMPILER_FLAGS=  -O2 -c" "EXTRA_COMPILER_FLAGS=-mcpu=cortex-a9 -mfpu=vfpv3 -mfloat-abi=hard -nost
TRACE::2026-09-23.20:55:28::SCWBDomain::artfiles -g -Wall -Wextra -fno-tree-loop-distribute-patterns"

TRACE::2026-09-23.20:55:29::SCWBDomain::Finished building libraries parallelly.

TRACE::2026-09-23.20:55:29::SCWBDomain::make --no-print-directory archive

TRACE::2026-09-23.20:55:29::SCWBDomain::arm-none-eabi-ar -r  ps7_cortexa9_0/lib/libxil.a ps7_cortexa9_0/lib/xsdps_host.o ps7_cortexa9_0/lib/xusbps_intr.o ps7_cortexa9_
TRACE::2026-09-23.20:55:29::SCWBDomain::0/lib/xil_assert.o ps7_cortexa9_0/lib/xscugic_intr.o ps7_cortexa9_0/lib/open.o ps7_cortexa9_0/lib/xemacps_control.o ps7_cortexa
TRACE::2026-09-23.20:55:29::SCWBDomain::9_0/lib/xusbps.o ps7_cortexa9_0/lib/xil_exception.o ps7_cortexa9_0/lib/xqspips_selftest.o ps7_cortexa9_0/lib/abort.o ps7_cortex
TRACE::2026-09-23.20:55:29::SCWBDomain::a9_0/lib/xsdps_sinit.o ps7_cortexa9_0/lib/xusbps_g.o ps7_cortexa9_0/lib/xsdps_g.o ps7_cortexa9_0/lib/xdmaps_selftest.o ps7_cort
TRACE::2026-09-23.20:55:29::SCWBDomain::exa9_0/lib/xqspips_g.o ps7_cortexa9_0/lib/_sbrk.o ps7_cortexa9_0/lib/xpm_counter.o ps7_cortexa9_0/lib/xttcps.o ps7_cortexa9_0/l
TRACE::2026-09-23.20:55:29::SCWBDomain::ib/xdevcfg_selftest.o ps7_cortexa9_0/lib/xscutimer.o ps7_cortexa9_0/lib/xdmaps.o ps7_cortexa9_0/lib/xdevcfg_sinit.o ps7_cortexa
TRACE::2026-09-23.20:55:29::SCWBDomain::9_0/lib/xil_testcache.o ps7_cortexa9_0/lib/getpid.o ps7_cortexa9_0/lib/xdevcfg_g.o ps7_cortexa9_0/lib/asm_vectors.o ps7_cortexa
TRACE::2026-09-23.20:55:29::SCWBDomain::9_0/lib/xl2cc_counter.o ps7_cortexa9_0/lib/xusbps_hw.o ps7_cortexa9_0/lib/xil_testmem.o ps7_cortexa9_0/lib/lseek.o ps7_cortexa9
TRACE::2026-09-23.20:55:29::SCWBDomain::_0/lib/outbyte.o ps7_cortexa9_0/lib/xuartps_selftest.o ps7_cortexa9_0/lib/xuartps_sinit.o ps7_cortexa9_0/lib/xgpiops.o ps7_cort
TRACE::2026-09-23.20:55:29::SCWBDomain::exa9_0/lib/xadcps.o ps7_cortexa9_0/lib/xuartps_g.o ps7_cortexa9_0/lib/kill.o ps7_cortexa9_0/lib/xil_printf.o ps7_cortexa9_0/lib
TRACE::2026-09-23.20:55:29::SCWBDomain::/xscuwdt.o ps7_cortexa9_0/lib/xgpiops_selftest.o ps7_cortexa9_0/lib/xusbps_sinit.o ps7_cortexa9_0/lib/xemacps_g.o ps7_cortexa9_
TRACE::2026-09-23.20:55:29::SCWBDomain::0/lib/close.o ps7_cortexa9_0/lib/xsdps.o ps7_cortexa9_0/lib/xgpiops_g.o ps7_cortexa9_0/lib/xqspips_hw.o ps7_cortexa9_0/lib/xttc
TRACE::2026-09-23.20:55:29::SCWBDomain::ps_selftest.o ps7_cortexa9_0/lib/putnum.o ps7_cortexa9_0/lib/xscutimer_selftest.o ps7_cortexa9_0/lib/xttcps_sinit.o ps7_cortexa
TRACE::2026-09-23.20:55:29::SCWBDomain::9_0/lib/inbyte.o ps7_cortexa9_0/lib/xscutimer_sinit.o ps7_cortexa9_0/lib/xdmaps_sinit.o ps7_cortexa9_0/lib/xil_misc_psreset_api
TRACE::2026-09-23.20:55:29::SCWBDomain::.o ps7_cortexa9_0/lib/xscutimer_g.o ps7_cortexa9_0/lib/xdmaps_g.o ps7_cortexa9_0/lib/xsdps_options.o ps7_cortexa9_0/lib/xil_sle
TRACE::2026-09-23.20:55:29::SCWBDomain::eptimer.o ps7_cortexa9_0/lib/xdevcfg_hw.o ps7_cortexa9_0/lib/xusbps_endpoint.o ps7_cortexa9_0/lib/_exit.o ps7_cortexa9_0/lib/ti
TRACE::2026-09-23.20:55:29::SCWBDomain::me.o ps7_cortexa9_0/lib/xplatform_info.o ps7_cortexa9_0/lib/xadcps_selftest.o ps7_cortexa9_0/lib/xadcps_sinit.o ps7_cortexa9_0/
TRACE::2026-09-23.20:55:29::SCWBDomain::lib/xqspips_sinit.o ps7_cortexa9_0/lib/xadcps_g.o ps7_cortexa9_0/lib/xscugic.o ps7_cortexa9_0/lib/xil-crt0.o ps7_cortexa9_0/lib
TRACE::2026-09-23.20:55:29::SCWBDomain::/isatty.o ps7_cortexa9_0/lib/xscuwdt_selftest.o ps7_cortexa9_0/lib/xemacps_intr.o ps7_cortexa9_0/lib/xil_clocking.o ps7_cortexa
TRACE::2026-09-23.20:55:29::SCWBDomain::9_0/lib/xgpiops_sinit.o ps7_cortexa9_0/lib/xscuwdt_g.o ps7_cortexa9_0/lib/vectors.o ps7_cortexa9_0/lib/xuartps_options.o ps7_co
TRACE::2026-09-23.20:55:29::SCWBDomain::rtexa9_0/lib/xdevcfg_intr.o ps7_cortexa9_0/lib/errno.o ps7_cortexa9_0/lib/fstat.o ps7_cortexa9_0/lib/xgpiops_hw.o ps7_cortexa9_
TRACE::2026-09-23.20:55:29::SCWBDomain::0/lib/sbrk.o ps7_cortexa9_0/lib/xdmaps_hw.o ps7_cortexa9_0/lib/xsdps_card.o ps7_cortexa9_0/lib/xuartps_intr.o ps7_cortexa9_0/li
TRACE::2026-09-23.20:55:29::SCWBDomain::b/xil_util.o ps7_cortexa9_0/lib/xscugic_selftest.o ps7_cortexa9_0/lib/xemacps_sinit.o ps7_cortexa9_0/lib/xttcps_options.o ps7_c
TRACE::2026-09-23.20:55:29::SCWBDomain::ortexa9_0/lib/xtime_l.o ps7_cortexa9_0/lib/xemacps_hw.o ps7_cortexa9_0/lib/xttcps_g.o ps7_cortexa9_0/lib/read.o ps7_cortexa9_0/
TRACE::2026-09-23.20:55:29::SCWBDomain::lib/xuartps_hw.o ps7_cortexa9_0/lib/xscugic_sinit.o ps7_cortexa9_0/lib/xgpiops_intr.o ps7_cortexa9_0/lib/xscugic_g.o ps7_cortex
TRACE::2026-09-23.20:55:29::SCWBDomain::a9_0/lib/xil_sleepcommon.o ps7_cortexa9_0/lib/usleep.o ps7_cortexa9_0/lib/xadcps_intr.o ps7_cortexa9_0/lib/xscuwdt_sinit.o ps7_
TRACE::2026-09-23.20:55:29::SCWBDomain::cortexa9_0/lib/cpu_init.o ps7_cortexa9_0/lib/xemacps_bdring.o ps7_cortexa9_0/lib/boot.o ps7_cortexa9_0/lib/xil_mmu.o ps7_cortex
TRACE::2026-09-23.20:55:29::SCWBDomain::a9_0/lib/write.o ps7_cortexa9_0/lib/translation_table.o ps7_cortexa9_0/lib/xil_spinlock.o ps7_cortexa9_0/lib/unlink.o ps7_corte
TRACE::2026-09-23.20:55:29::SCWBDomain::xa9_0/lib/print.o ps7_cortexa9_0/lib/xil_testio.o ps7_cortexa9_0/lib/xil_cache.o ps7_cortexa9_0/lib/xemacps.o ps7_cortexa9_0/li
TRACE::2026-09-23.20:55:29::SCWBDomain::b/xqspips.o ps7_cortexa9_0/lib/xdevcfg.o ps7_cortexa9_0/lib/xqspips_options.o ps7_cortexa9_0/lib/fcntl.o ps7_cortexa9_0/lib/_op
TRACE::2026-09-23.20:55:29::SCWBDomain::en.o ps7_cortexa9_0/lib/xil_mem.o ps7_cortexa9_0/lib/cpputest_time.o ps7_cortexa9_0/lib/sleep.o ps7_cortexa9_0/lib/xuartps.o ps
TRACE::2026-09-23.20:55:29::SCWBDomain::7_cortexa9_0/lib/xscugic_hw.o ps7_cortexa9_0/lib/xcoresightpsdcc.o

TRACE::2026-09-23.20:55:29::SCWBDomain::Finished building libraries

TRACE::2026-09-23.20:55:29::SCWBDomain::make: Leaving directory '/home/user/Desktop/lab_3/Vitis/zynq_keypad_system_wrapper/zynq_fsbl/zynq_fsbl_bsp'

TRACE::2026-09-23.20:55:29::SCWBDomain::arm-none-eabi-gcc -MMD -MP       -mcpu=cortex-a9 -mfpu=vfpv3 -mfloat-abi=hard   -O2 -c -c pcap.c -o pcap.o -Izynq_fsbl_bsp/ps7_
TRACE::2026-09-23.20:55:29::SCWBDomain::cortexa9_0/include -I.

TRACE::2026-09-23.20:55:29::SCWBDomain::arm-none-eabi-gcc -MMD -MP       -mcpu=cortex-a9 -mfpu=vfpv3 -mfloat-abi=hard   -O2 -c -c nand.c -o nand.o -Izynq_fsbl_bsp/ps7_
TRACE::2026-09-23.20:55:29::SCWBDomain::cortexa9_0/include -I.

TRACE::2026-09-23.20:55:29::SCWBDomain::arm-none-eabi-gcc -MMD -MP       -mcpu=cortex-a9 -mfpu=vfpv3 -mfloat-abi=hard   -O2 -c -c qspi.c -o qspi.o -Izynq_fsbl_bsp/ps7_
TRACE::2026-09-23.20:55:29::SCWBDomain::cortexa9_0/include -I.

TRACE::2026-09-23.20:55:29::SCWBDomain::arm-none-eabi-gcc -MMD -MP       -mcpu=cortex-a9 -mfpu=vfpv3 -mfloat-abi=hard   -O2 -c -c rsa.c -o rsa.o -Izynq_fsbl_bsp/ps7_co
TRACE::2026-09-23.20:55:29::SCWBDomain::rtexa9_0/include -I.

TRACE::2026-09-23.20:55:29::SCWBDomain::arm-none-eabi-gcc -MMD -MP       -mcpu=cortex-a9 -mfpu=vfpv3 -mfloat-abi=hard   -O2 -c -c main.c -o main.o -Izynq_fsbl_bsp/ps7_
TRACE::2026-09-23.20:55:29::SCWBDomain::cortexa9_0/include -I.

TRACE::2026-09-23.20:55:29::SCWBDomain::arm-none-eabi-gcc -MMD -MP       -mcpu=cortex-a9 -mfpu=vfpv3 -mfloat-abi=hard   -O2 -c -c md5.c -o md5.o -Izynq_fsbl_bsp/ps7_co
TRACE::2026-09-23.20:55:29::SCWBDomain::rtexa9_0/include -I.

TRACE::2026-09-23.20:55:29::SCWBDomain::arm-none-eabi-gcc -MMD -MP       -mcpu=cortex-a9 -mfpu=vfpv3 -mfloat-abi=hard   -O2 -c -c image_mover.c -o image_mover.o -Izynq
TRACE::2026-09-23.20:55:29::SCWBDomain::_fsbl_bsp/ps7_cortexa9_0/include -I.

TRACE::2026-09-23.20:55:29::SCWBDomain::arm-none-eabi-gcc -MMD -MP       -mcpu=cortex-a9 -mfpu=vfpv3 -mfloat-abi=hard   -O2 -c -c ps7_init.c -o ps7_init.o -Izynq_fsbl_
TRACE::2026-09-23.20:55:29::SCWBDomain::bsp/ps7_cortexa9_0/include -I.

TRACE::2026-09-23.20:55:29::SCWBDomain::arm-none-eabi-gcc -MMD -MP       -mcpu=cortex-a9 -mfpu=vfpv3 -mfloat-abi=hard   -O2 -c -c nor.c -o nor.o -Izynq_fsbl_bsp/ps7_co
TRACE::2026-09-23.20:55:29::SCWBDomain::rtexa9_0/include -I.

TRACE::2026-09-23.20:55:30::SCWBDomain::arm-none-eabi-gcc -MMD -MP       -mcpu=cortex-a9 -mfpu=vfpv3 -mfloat-abi=hard   -O2 -c -c fsbl_hooks.c -o fsbl_hooks.o -Izynq_f
TRACE::2026-09-23.20:55:30::SCWBDomain::sbl_bsp/ps7_cortexa9_0/include -I.

TRACE::2026-09-23.20:55:30::SCWBDomain::arm-none-eabi-gcc -MMD -MP       -mcpu=cortex-a9 -mfpu=vfpv3 -mfloat-abi=hard   -O2 -c -c sd.c -o sd.o -Izynq_fsbl_bsp/ps7_cort
TRACE::2026-09-23.20:55:30::SCWBDomain::exa9_0/include -I.

TRACE::2026-09-23.20:55:30::SCWBDomain::arm-none-eabi-gcc -MMD -MP       -mcpu=cortex-a9 -mfpu=vfpv3 -mfloat-abi=hard   -O2 -c -c fsbl_handoff.S -o fsbl_handoff.o -Izy
TRACE::2026-09-23.20:55:30::SCWBDomain::nq_fsbl_bsp/ps7_cortexa9_0/include -I.

TRACE::2026-09-23.20:55:30::SCWBDomain::arm-none-eabi-gcc -o fsbl.elf  pcap.o  nand.o  qspi.o  rsa.o  main.o  md5.o  image_mover.o  ps7_init.o  nor.o  fsbl_hooks.o  sd
TRACE::2026-09-23.20:55:30::SCWBDomain::.o  fsbl_handoff.o  -MMD -MP       -mcpu=cortex-a9 -mfpu=vfpv3 -mfloat-abi=hard   -mcpu=cortex-a9 -mfpu=vfpv3 -mfloat-abi=hard 
TRACE::2026-09-23.20:55:30::SCWBDomain::-Wl,-build-id=none -specs=Xilinx.spec  -lrsa -Wl,--start-group,-lxil,-lgcc,-lc,--end-group -Wl,--start-group,-lxilffs,-lxil,-lg
TRACE::2026-09-23.20:55:30::SCWBDomain::cc,-lc,--end-group -Wl,--start-group,-lrsa,-lxil,-lgcc,-lc,--end-group                                     -Wl,--gc-sections -L
TRACE::2026-09-23.20:55:30::SCWBDomain::zynq_fsbl_bsp/ps7_cortexa9_0/lib -L./ -Tlscript.ld

LOG::2026-09-23.20:55:30::SCWSystem::Checking the domain standalone_ps7_cortexa9_0
LOG::2026-09-23.20:55:30::SCWSystem::Not a boot domain 
LOG::2026-09-23.20:55:30::SCWSystem::Started Processing the domain standalone_ps7_cortexa9_0
TRACE::2026-09-23.20:55:30::SCWDomain::Generating domain artifcats
TRACE::2026-09-23.20:55:30::SCWMssOS::Generating standalone artifcats
TRACE::2026-09-23.20:55:30::SCWMssOS::Copying the qemu file from  /home/software/Xilinx/Vitis/2021.1/data/emulation/platforms/zynq/sw/a9_standalone/qemu/qemu_args.txt To /home/user/Desktop/lab_3/Vitis/zynq_keypad_system_wrapper/export/zynq_keypad_system_wrapper/sw/zynq_keypad_system_wrapper/qemu/
TRACE::2026-09-23.20:55:30::SCWMssOS::Copying the qemu file from  /home/software/Xilinx/Vitis/2021.1/data/emulation/platforms/zynq/sw/a9_standalone/qemu/qemu_args.txt To /home/user/Desktop/lab_3/Vitis/zynq_keypad_system_wrapper/export/zynq_keypad_system_wrapper/sw/zynq_keypad_system_wrapper/standalone_ps7_cortexa9_0/qemu/
TRACE::2026-09-23.20:55:30::SCWMssOS:: Copying the user libraries. 
TRACE::2026-09-23.20:55:30::SCWPlatform::Trying to open the hw design at /home/user/Desktop/lab_3/Vitis/zynq_keypad_system_wrapper/hw/zynq_keypad_system_wrapper.xsa
TRACE::2026-09-23.20:55:30::SCWPlatform::DSA given /home/user/Desktop/lab_3/Vitis/zynq_keypad_system_wrapper/hw/zynq_keypad_system_wrapper.xsa
TRACE::2026-09-23.20:55:30::SCWPlatform::DSA absoulate path /home/user/Desktop/lab_3/Vitis/zynq_keypad_system_wrapper/hw/zynq_keypad_system_wrapper.xsa
TRACE::2026-09-23.20:55:30::SCWPlatform::DSA directory /home/user/Desktop/lab_3/Vitis/zynq_keypad_system_wrapper/hw
TRACE::2026-09-23.20:55:30::SCWPlatform:: Platform Path /home/user/Desktop/lab_3/Vitis/zynq_keypad_system_wrapper/hw/zynq_keypad_system_wrapper.xsa
TRACE::2026-09-23.20:55:30::SCWPlatform:: Unique name xilinx:zybo::0.0
TRACE::2026-09-23.20:55:30::SCWPlatform::Trying to set the existing hwdb with name zynq_keypad_system_wrapper_0
TRACE::2026-09-23.20:55:30::SCWPlatform::Opened existing hwdb zynq_keypad_system_wrapper_0
TRACE::2026-09-23.20:55:30::SCWPlatform::Found the Hw Db part of the input DSA
TRACE::2026-09-23.20:55:30::SCWMssOS::Checking the sw design at  /home/user/Desktop/lab_3/Vitis/zynq_keypad_system_wrapper/ps7_cortexa9_0/standalone_ps7_cortexa9_0/bsp/system.mss
TRACE::2026-09-23.20:55:30::SCWMssOS::DEBUG:  swdes dump  /home/user/Desktop/lab_3/Vitis/zynq_keypad_system_wrapper/ps7_cortexa9_0/standalone_ps7_cortexa9_0/bsp/system.mss|system_0||
/home/user/Desktop/lab_3/Vitis/zynq_keypad_system_wrapper/zynq_fsbl/zynq_fsbl_bsp/system.mss|system||

TRACE::2026-09-23.20:55:30::SCWMssOS::Sw design exists and opened at  /home/user/Desktop/lab_3/Vitis/zynq_keypad_system_wrapper/ps7_cortexa9_0/standalone_ps7_cortexa9_0/bsp/system.mss
TRACE::2026-09-23.20:55:30::SCWMssOS::Completed writing the mss file at /home/user/Desktop/lab_3/Vitis/zynq_keypad_system_wrapper/ps7_cortexa9_0/standalone_ps7_cortexa9_0/bsp
TRACE::2026-09-23.20:55:30::SCWMssOS::Mss edits present, copying mssfile into export location /home/user/Desktop/lab_3/Vitis/zynq_keypad_system_wrapper/ps7_cortexa9_0/standalone_ps7_cortexa9_0/bsp/system.mss
TRACE::2026-09-23.20:55:30::SCWMssOS::bsp generated is upto date with the mss file. Skipping bsp generation.
TRACE::2026-09-23.20:55:30::SCWMssOS::BSP is already built. skipping the bsp build ... 
TRACE::2026-09-23.20:55:30::SCWDomain::Building the domain as part of full build :  standalone_ps7_cortexa9_0
TRACE::2026-09-23.20:55:30::SCWMssOS::doing bsp build ... 
TRACE::2026-09-23.20:55:30::SCWMssOS::System Command Ran  cd  /home/user/Desktop/lab_3/Vitis/zynq_keypad_system_wrapper/ps7_cortexa9_0/standalone_ps7_cortexa9_0/bsp ; bash -c "make  " 
TRACE::2026-09-23.20:55:30::SCWMssOS::make --no-print-directory seq_libs

TRACE::2026-09-23.20:55:30::SCWMssOS::Running Make include in ps7_cortexa9_0/libsrc/gpiops_v3_9/src

TRACE::2026-09-23.20:55:30::SCWMssOS::make -C ps7_cortexa9_0/libsrc/gpiops_v3_9/src -s include  "SHELL=/bin/sh" "COMPILER=arm-none-eabi-gcc" "ASSEMBLER=arm-none-eabi
TRACE::2026-09-23.20:55:30::SCWMssOS::-as" "ARCHIVER=arm-none-eabi-ar" "COMPILER_FLAGS=  -O2 -c" "EXTRA_COMPILER_FLAGS=-mcpu=cortex-a9 -mfpu=vfpv3 -mfloat-abi=hard -
TRACE::2026-09-23.20:55:30::SCWMssOS::nostartfiles -g -Wall -Wextra -fno-tree-loop-distribute-patterns"

TRACE::2026-09-23.20:55:30::SCWMssOS::Running Make include in ps7_cortexa9_0/libsrc/scugic_v4_5/src

TRACE::2026-09-23.20:55:30::SCWMssOS::make -C ps7_cortexa9_0/libsrc/scugic_v4_5/src -s include  "SHELL=/bin/sh" "COMPILER=arm-none-eabi-gcc" "ASSEMBLER=arm-none-eabi
TRACE::2026-09-23.20:55:30::SCWMssOS::-as" "ARCHIVER=arm-none-eabi-ar" "COMPILER_FLAGS=  -O2 -c" "EXTRA_COMPILER_FLAGS=-mcpu=cortex-a9 -mfpu=vfpv3 -mfloat-abi=hard -
TRACE::2026-09-23.20:55:30::SCWMssOS::nostartfiles -g -Wall -Wextra -fno-tree-loop-distribute-patterns"

TRACE::2026-09-23.20:55:30::SCWMssOS::Running Make include in ps7_cortexa9_0/libsrc/scuwdt_v2_4/src

TRACE::2026-09-23.20:55:30::SCWMssOS::make -C ps7_cortexa9_0/libsrc/scuwdt_v2_4/src -s include  "SHELL=/bin/sh" "COMPILER=arm-none-eabi-gcc" "ASSEMBLER=arm-none-eabi
TRACE::2026-09-23.20:55:30::SCWMssOS::-as" "ARCHIVER=arm-none-eabi-ar" "COMPILER_FLAGS=  -O2 -c" "EXTRA_COMPILER_FLAGS=-mcpu=cortex-a9 -mfpu=vfpv3 -mfloat-abi=hard -
TRACE::2026-09-23.20:55:30::SCWMssOS::nostartfiles -g -Wall -Wextra -fno-tree-loop-distribute-patterns"

TRACE::2026-09-23.20:55:30::SCWMssOS::Running Make include in ps7_cortexa9_0/libsrc/devcfg_v3_7/src

TRACE::2026-09-23.20:55:30::SCWMssOS::make -C ps7_cortexa9_0/libsrc/devcfg_v3_7/src -s include  "SHELL=/bin/sh" "COMPILER=arm-none-eabi-gcc" "ASSEMBLER=arm-none-eabi
TRACE::2026-09-23.20:55:30::SCWMssOS::-as" "ARCHIVER=arm-none-eabi-ar" "COMPILER_FLAGS=  -O2 -c" "EXTRA_COMPILER_FLAGS=-mcpu=cortex-a9 -mfpu=vfpv3 -mfloat-abi=hard -
TRACE::2026-09-23.20:55:30::SCWMssOS::nostartfiles -g -Wall -Wextra -fno-tree-loop-distribute-patterns"

TRACE::2026-09-23.20:55:30::SCWMssOS::Running Make include in ps7_cortexa9_0/libsrc/standalone_v7_5/src

TRACE::2026-09-23.20:55:30::SCWMssOS::make -C ps7_cortexa9_0/libsrc/standalone_v7_5/src -s include  "SHELL=/bin/sh" "COMPILER=arm-none-eabi-gcc" "ASSEMBLER=arm-none-
TRACE::2026-09-23.20:55:30::SCWMssOS::eabi-as" "ARCHIVER=arm-none-eabi-ar" "COMPILER_FLAGS=  -O2 -c" "EXTRA_COMPILER_FLAGS=-mcpu=cortex-a9 -mfpu=vfpv3 -mfloat-abi=ha
TRACE::2026-09-23.20:55:30::SCWMssOS::rd -nostartfiles -g -Wall -Wextra -fno-tree-loop-distribute-patterns"

TRACE::2026-09-23.20:55:30::SCWMssOS::Running Make include in ps7_cortexa9_0/libsrc/uartps_v3_11/src

TRACE::2026-09-23.20:55:30::SCWMssOS::make -C ps7_cortexa9_0/libsrc/uartps_v3_11/src -s include  "SHELL=/bin/sh" "COMPILER=arm-none-eabi-gcc" "ASSEMBLER=arm-none-eab
TRACE::2026-09-23.20:55:30::SCWMssOS::i-as" "ARCHIVER=arm-none-eabi-ar" "COMPILER_FLAGS=  -O2 -c" "EXTRA_COMPILER_FLAGS=-mcpu=cortex-a9 -mfpu=vfpv3 -mfloat-abi=hard 
TRACE::2026-09-23.20:55:30::SCWMssOS::-nostartfiles -g -Wall -Wextra -fno-tree-loop-distribute-patterns"

TRACE::2026-09-23.20:55:30::SCWMssOS::Running Make include in ps7_cortexa9_0/libsrc/scutimer_v2_3/src

TRACE::2026-09-23.20:55:30::SCWMssOS::make -C ps7_cortexa9_0/libsrc/scutimer_v2_3/src -s include  "SHELL=/bin/sh" "COMPILER=arm-none-eabi-gcc" "ASSEMBLER=arm-none-ea
TRACE::2026-09-23.20:55:30::SCWMssOS::bi-as" "ARCHIVER=arm-none-eabi-ar" "COMPILER_FLAGS=  -O2 -c" "EXTRA_COMPILER_FLAGS=-mcpu=cortex-a9 -mfpu=vfpv3 -mfloat-abi=hard
TRACE::2026-09-23.20:55:30::SCWMssOS:: -nostartfiles -g -Wall -Wextra -fno-tree-loop-distribute-patterns"

TRACE::2026-09-23.20:55:30::SCWMssOS::Running Make include in ps7_cortexa9_0/libsrc/sdps_v3_12/src

TRACE::2026-09-23.20:55:30::SCWMssOS::make -C ps7_cortexa9_0/libsrc/sdps_v3_12/src -s include  "SHELL=/bin/sh" "COMPILER=arm-none-eabi-gcc" "ASSEMBLER=arm-none-eabi-
TRACE::2026-09-23.20:55:30::SCWMssOS::as" "ARCHIVER=arm-none-eabi-ar" "COMPILER_FLAGS=  -O2 -c" "EXTRA_COMPILER_FLAGS=-mcpu=cortex-a9 -mfpu=vfpv3 -mfloat-abi=hard -n
TRACE::2026-09-23.20:55:30::SCWMssOS::ostartfiles -g -Wall -Wextra -fno-tree-loop-distribute-patterns"

TRACE::2026-09-23.20:55:30::SCWMssOS::Running Make include in ps7_cortexa9_0/libsrc/emacps_v3_14/src

TRACE::2026-09-23.20:55:30::SCWMssOS::make -C ps7_cortexa9_0/libsrc/emacps_v3_14/src -s include  "SHELL=/bin/sh" "COMPILER=arm-none-eabi-gcc" "ASSEMBLER=arm-none-eab
TRACE::2026-09-23.20:55:30::SCWMssOS::i-as" "ARCHIVER=arm-none-eabi-ar" "COMPILER_FLAGS=  -O2 -c" "EXTRA_COMPILER_FLAGS=-mcpu=cortex-a9 -mfpu=vfpv3 -mfloat-abi=hard 
TRACE::2026-09-23.20:55:30::SCWMssOS::-nostartfiles -g -Wall -Wextra -fno-tree-loop-distribute-patterns"

TRACE::2026-09-23.20:55:30::SCWMssOS::Running Make include in ps7_cortexa9_0/libsrc/ttcps_v3_14/src

TRACE::2026-09-23.20:55:30::SCWMssOS::make -C ps7_cortexa9_0/libsrc/ttcps_v3_14/src -s include  "SHELL=/bin/sh" "COMPILER=arm-none-eabi-gcc" "ASSEMBLER=arm-none-eabi
TRACE::2026-09-23.20:55:30::SCWMssOS::-as" "ARCHIVER=arm-none-eabi-ar" "COMPILER_FLAGS=  -O2 -c" "EXTRA_COMPILER_FLAGS=-mcpu=cortex-a9 -mfpu=vfpv3 -mfloat-abi=hard -
TRACE::2026-09-23.20:55:30::SCWMssOS::nostartfiles -g -Wall -Wextra -fno-tree-loop-distribute-patterns"

TRACE::2026-09-23.20:55:30::SCWMssOS::Running Make include in ps7_cortexa9_0/libsrc/usbps_v2_7/src

TRACE::2026-09-23.20:55:30::SCWMssOS::make -C ps7_cortexa9_0/libsrc/usbps_v2_7/src -s include  "SHELL=/bin/sh" "COMPILER=arm-none-eabi-gcc" "ASSEMBLER=arm-none-eabi-
TRACE::2026-09-23.20:55:30::SCWMssOS::as" "ARCHIVER=arm-none-eabi-ar" "COMPILER_FLAGS=  -O2 -c" "EXTRA_COMPILER_FLAGS=-mcpu=cortex-a9 -mfpu=vfpv3 -mfloat-abi=hard -n
TRACE::2026-09-23.20:55:30::SCWMssOS::ostartfiles -g -Wall -Wextra -fno-tree-loop-distribute-patterns"

TRACE::2026-09-23.20:55:30::SCWMssOS::Running Make include in ps7_cortexa9_0/libsrc/coresightps_dcc_v1_8/src

TRACE::2026-09-23.20:55:30::SCWMssOS::make -C ps7_cortexa9_0/libsrc/coresightps_dcc_v1_8/src -s include  "SHELL=/bin/sh" "COMPILER=arm-none-eabi-gcc" "ASSEMBLER=arm-
TRACE::2026-09-23.20:55:30::SCWMssOS::none-eabi-as" "ARCHIVER=arm-none-eabi-ar" "COMPILER_FLAGS=  -O2 -c" "EXTRA_COMPILER_FLAGS=-mcpu=cortex-a9 -mfpu=vfpv3 -mfloat-a
TRACE::2026-09-23.20:55:30::SCWMssOS::bi=hard -nostartfiles -g -Wall -Wextra -fno-tree-loop-distribute-patterns"

TRACE::2026-09-23.20:55:30::SCWMssOS::Running Make include in ps7_cortexa9_0/libsrc/ddrps_v1_2/src

TRACE::2026-09-23.20:55:30::SCWMssOS::make -C ps7_cortexa9_0/libsrc/ddrps_v1_2/src -s include  "SHELL=/bin/sh" "COMPILER=arm-none-eabi-gcc" "ASSEMBLER=arm-none-eabi-
TRACE::2026-09-23.20:55:30::SCWMssOS::as" "ARCHIVER=arm-none-eabi-ar" "COMPILER_FLAGS=  -O2 -c" "EXTRA_COMPILER_FLAGS=-mcpu=cortex-a9 -mfpu=vfpv3 -mfloat-abi=hard -n
TRACE::2026-09-23.20:55:30::SCWMssOS::ostartfiles -g -Wall -Wextra -fno-tree-loop-distribute-patterns"

TRACE::2026-09-23.20:55:30::SCWMssOS::Running Make include in ps7_cortexa9_0/libsrc/xadcps_v2_6/src

TRACE::2026-09-23.20:55:30::SCWMssOS::make -C ps7_cortexa9_0/libsrc/xadcps_v2_6/src -s include  "SHELL=/bin/sh" "COMPILER=arm-none-eabi-gcc" "ASSEMBLER=arm-none-eabi
TRACE::2026-09-23.20:55:30::SCWMssOS::-as" "ARCHIVER=arm-none-eabi-ar" "COMPILER_FLAGS=  -O2 -c" "EXTRA_COMPILER_FLAGS=-mcpu=cortex-a9 -mfpu=vfpv3 -mfloat-abi=hard -
TRACE::2026-09-23.20:55:30::SCWMssOS::nostartfiles -g -Wall -Wextra -fno-tree-loop-distribute-patterns"

TRACE::2026-09-23.20:55:30::SCWMssOS::Running Make include in ps7_cortexa9_0/libsrc/cpu_cortexa9_v2_11/src

TRACE::2026-09-23.20:55:30::SCWMssOS::make -C ps7_cortexa9_0/libsrc/cpu_cortexa9_v2_11/src -s include  "SHELL=/bin/sh" "COMPILER=arm-none-eabi-gcc" "ASSEMBLER=arm-no
TRACE::2026-09-23.20:55:30::SCWMssOS::ne-eabi-as" "ARCHIVER=arm-none-eabi-ar" "COMPILER_FLAGS=  -O2 -c" "EXTRA_COMPILER_FLAGS=-mcpu=cortex-a9 -mfpu=vfpv3 -mfloat-abi
TRACE::2026-09-23.20:55:30::SCWMssOS::=hard -nostartfiles -g -Wall -Wextra -fno-tree-loop-distribute-patterns"

TRACE::2026-09-23.20:55:30::SCWMssOS::Running Make include in ps7_cortexa9_0/libsrc/qspips_v3_9/src

TRACE::2026-09-23.20:55:30::SCWMssOS::make -C ps7_cortexa9_0/libsrc/qspips_v3_9/src -s include  "SHELL=/bin/sh" "COMPILER=arm-none-eabi-gcc" "ASSEMBLER=arm-none-eabi
TRACE::2026-09-23.20:55:30::SCWMssOS::-as" "ARCHIVER=arm-none-eabi-ar" "COMPILER_FLAGS=  -O2 -c" "EXTRA_COMPILER_FLAGS=-mcpu=cortex-a9 -mfpu=vfpv3 -mfloat-abi=hard -
TRACE::2026-09-23.20:55:30::SCWMssOS::nostartfiles -g -Wall -Wextra -fno-tree-loop-distribute-patterns"

TRACE::2026-09-23.20:55:30::SCWMssOS::Running Make include in ps7_cortexa9_0/libsrc/dmaps_v2_8/src

TRACE::2026-09-23.20:55:30::SCWMssOS::make -C ps7_cortexa9_0/libsrc/dmaps_v2_8/src -s include  "SHELL=/bin/sh" "COMPILER=arm-none-eabi-gcc" "ASSEMBLER=arm-none-eabi-
TRACE::2026-09-23.20:55:30::SCWMssOS::as" "ARCHIVER=arm-none-eabi-ar" "COMPILER_FLAGS=  -O2 -c" "EXTRA_COMPILER_FLAGS=-mcpu=cortex-a9 -mfpu=vfpv3 -mfloat-abi=hard -n
TRACE::2026-09-23.20:55:30::SCWMssOS::ostartfiles -g -Wall -Wextra -fno-tree-loop-distribute-patterns"

TRACE::2026-09-23.20:55:30::SCWMssOS::Running Make include in ps7_cortexa9_0/libsrc/PmodKYPD_v1_0/src

TRACE::2026-09-23.20:55:30::SCWMssOS::make -C ps7_cortexa9_0/libsrc/PmodKYPD_v1_0/src -s include  "SHELL=/bin/sh" "COMPILER=arm-none-eabi-gcc" "ASSEMBLER=arm-none-ea
TRACE::2026-09-23.20:55:30::SCWMssOS::bi-as" "ARCHIVER=arm-none-eabi-ar" "COMPILER_FLAGS=  -O2 -c" "EXTRA_COMPILER_FLAGS=-mcpu=cortex-a9 -mfpu=vfpv3 -mfloat-abi=hard
TRACE::2026-09-23.20:55:30::SCWMssOS:: -nostartfiles -g -Wall -Wextra -fno-tree-loop-distribute-patterns"

TRACE::2026-09-23.20:55:30::SCWMssOS::Running Make libs in ps7_cortexa9_0/libsrc/PmodKYPD_v1_0/src

TRACE::2026-09-23.20:55:30::SCWMssOS::make -C ps7_cortexa9_0/libsrc/PmodKYPD_v1_0/src -s libs  "SHELL=/bin/sh" "COMPILER=arm-none-eabi-gcc" "ASSEMBLER=arm-none-eabi-
TRACE::2026-09-23.20:55:30::SCWMssOS::as" "ARCHIVER=arm-none-eabi-ar" "COMPILER_FLAGS=  -O2 -c" "EXTRA_COMPILER_FLAGS=-mcpu=cortex-a9 -mfpu=vfpv3 -mfloat-abi=hard -n
TRACE::2026-09-23.20:55:30::SCWMssOS::ostartfiles -g -Wall -Wextra -fno-tree-loop-distribute-patterns"

TRACE::2026-09-23.20:55:30::SCWMssOS::Compiling PmodKYPD

TRACE::2026-09-23.20:55:30::SCWMssOS::Finished building libraries sequentially.

TRACE::2026-09-23.20:55:30::SCWMssOS::make -j 6 --no-print-directory par_libs

TRACE::2026-09-23.20:55:30::SCWMssOS::Running Make include in ps7_cortexa9_0/libsrc/scuwdt_v2_4/src

TRACE::2026-09-23.20:55:30::SCWMssOS::Running Make include in ps7_cortexa9_0/libsrc/gpiops_v3_9/src

TRACE::2026-09-23.20:55:30::SCWMssOS::Running Make include in ps7_cortexa9_0/libsrc/scugic_v4_5/src

TRACE::2026-09-23.20:55:30::SCWMssOS::Running Make include in ps7_cortexa9_0/libsrc/devcfg_v3_7/src

TRACE::2026-09-23.20:55:30::SCWMssOS::make -C ps7_cortexa9_0/libsrc/gpiops_v3_9/src -s include  "SHELL=/bin/sh" "COMPILER=arm-none-eabi-gcc" "ASSEMBLER=arm-none-eabi
TRACE::2026-09-23.20:55:30::SCWMssOS::-as" "ARCHIVER=arm-none-eabi-ar" "COMPILER_FLAGS=  -O2 -c" "EXTRA_COMPILER_FLAGS=-mcpu=cortex-a9 -mfpu=vfpv3 -mfloat-abi=hard -
TRACE::2026-09-23.20:55:30::SCWMssOS::nostartfiles -g -Wall -Wextra -fno-tree-loop-distribute-patterns"

TRACE::2026-09-23.20:55:30::SCWMssOS::make -C ps7_cortexa9_0/libsrc/scugic_v4_5/src -s include  "SHELL=/bin/sh" "COMPILER=arm-none-eabi-gcc" "ASSEMBLER=arm-none-eabi
TRACE::2026-09-23.20:55:30::SCWMssOS::-as" "ARCHIVER=arm-none-eabi-ar" "COMPILER_FLAGS=  -O2 -c" "EXTRA_COMPILER_FLAGS=-mcpu=cortex-a9 -mfpu=vfpv3 -mfloat-abi=hard -
TRACE::2026-09-23.20:55:30::SCWMssOS::nostartfiles -g -Wall -Wextra -fno-tree-loop-distribute-patterns"

TRACE::2026-09-23.20:55:30::SCWMssOS::make -C ps7_cortexa9_0/libsrc/scuwdt_v2_4/src -s include  "SHELL=/bin/sh" "COMPILER=arm-none-eabi-gcc" "ASSEMBLER=arm-none-eabi
TRACE::2026-09-23.20:55:30::SCWMssOS::-as" "ARCHIVER=arm-none-eabi-ar" "COMPILER_FLAGS=  -O2 -c" "EXTRA_COMPILER_FLAGS=-mcpu=cortex-a9 -mfpu=vfpv3 -mfloat-abi=hard -
TRACE::2026-09-23.20:55:30::SCWMssOS::nostartfiles -g -Wall -Wextra -fno-tree-loop-distribute-patterns"

TRACE::2026-09-23.20:55:30::SCWMssOS::Running Make include in ps7_cortexa9_0/libsrc/standalone_v7_5/src

TRACE::2026-09-23.20:55:30::SCWMssOS::make -C ps7_cortexa9_0/libsrc/devcfg_v3_7/src -s include  "SHELL=/bin/sh" "COMPILER=arm-none-eabi-gcc" "ASSEMBLER=arm-none-eabi
TRACE::2026-09-23.20:55:30::SCWMssOS::-as" "ARCHIVER=arm-none-eabi-ar" "COMPILER_FLAGS=  -O2 -c" "EXTRA_COMPILER_FLAGS=-mcpu=cortex-a9 -mfpu=vfpv3 -mfloat-abi=hard -
TRACE::2026-09-23.20:55:30::SCWMssOS::nostartfiles -g -Wall -Wextra -fno-tree-loop-distribute-patterns"

TRACE::2026-09-23.20:55:30::SCWMssOS::Running Make include in ps7_cortexa9_0/libsrc/uartps_v3_11/src

TRACE::2026-09-23.20:55:30::SCWMssOS::make -C ps7_cortexa9_0/libsrc/standalone_v7_5/src -s include  "SHELL=/bin/sh" "COMPILER=arm-none-eabi-gcc" "ASSEMBLER=arm-none-
TRACE::2026-09-23.20:55:30::SCWMssOS::eabi-as" "ARCHIVER=arm-none-eabi-ar" "COMPILER_FLAGS=  -O2 -c" "EXTRA_COMPILER_FLAGS=-mcpu=cortex-a9 -mfpu=vfpv3 -mfloat-abi=ha
TRACE::2026-09-23.20:55:30::SCWMssOS::rd -nostartfiles -g -Wall -Wextra -fno-tree-loop-distribute-patterns"

TRACE::2026-09-23.20:55:30::SCWMssOS::make -C ps7_cortexa9_0/libsrc/uartps_v3_11/src -s include  "SHELL=/bin/sh" "COMPILER=arm-none-eabi-gcc" "ASSEMBLER=arm-none-eab
TRACE::2026-09-23.20:55:30::SCWMssOS::i-as" "ARCHIVER=arm-none-eabi-ar" "COMPILER_FLAGS=  -O2 -c" "EXTRA_COMPILER_FLAGS=-mcpu=cortex-a9 -mfpu=vfpv3 -mfloat-abi=hard 
TRACE::2026-09-23.20:55:30::SCWMssOS::-nostartfiles -g -Wall -Wextra -fno-tree-loop-distribute-patterns"

TRACE::2026-09-23.20:55:30::SCWMssOS::Running Make include in ps7_cortexa9_0/libsrc/scutimer_v2_3/src

TRACE::2026-09-23.20:55:30::SCWMssOS::make -C ps7_cortexa9_0/libsrc/scutimer_v2_3/src -s include  "SHELL=/bin/sh" "COMPILER=arm-none-eabi-gcc" "ASSEMBLER=arm-none-ea
TRACE::2026-09-23.20:55:30::SCWMssOS::bi-as" "ARCHIVER=arm-none-eabi-ar" "COMPILER_FLAGS=  -O2 -c" "EXTRA_COMPILER_FLAGS=-mcpu=cortex-a9 -mfpu=vfpv3 -mfloat-abi=hard
TRACE::2026-09-23.20:55:30::SCWMssOS:: -nostartfiles -g -Wall -Wextra -fno-tree-loop-distribute-patterns"

TRACE::2026-09-23.20:55:30::SCWMssOS::Running Make include in ps7_cortexa9_0/libsrc/sdps_v3_12/src

TRACE::2026-09-23.20:55:30::SCWMssOS::make -C ps7_cortexa9_0/libsrc/sdps_v3_12/src -s include  "SHELL=/bin/sh" "COMPILER=arm-none-eabi-gcc" "ASSEMBLER=arm-none-eabi-
TRACE::2026-09-23.20:55:30::SCWMssOS::as" "ARCHIVER=arm-none-eabi-ar" "COMPILER_FLAGS=  -O2 -c" "EXTRA_COMPILER_FLAGS=-mcpu=cortex-a9 -mfpu=vfpv3 -mfloat-abi=hard -n
TRACE::2026-09-23.20:55:30::SCWMssOS::ostartfiles -g -Wall -Wextra -fno-tree-loop-distribute-patterns"

TRACE::2026-09-23.20:55:30::SCWMssOS::Running Make include in ps7_cortexa9_0/libsrc/emacps_v3_14/src

TRACE::2026-09-23.20:55:30::SCWMssOS::make -C ps7_cortexa9_0/libsrc/emacps_v3_14/src -s include  "SHELL=/bin/sh" "COMPILER=arm-none-eabi-gcc" "ASSEMBLER=arm-none-eab
TRACE::2026-09-23.20:55:30::SCWMssOS::i-as" "ARCHIVER=arm-none-eabi-ar" "COMPILER_FLAGS=  -O2 -c" "EXTRA_COMPILER_FLAGS=-mcpu=cortex-a9 -mfpu=vfpv3 -mfloat-abi=hard 
TRACE::2026-09-23.20:55:30::SCWMssOS::-nostartfiles -g -Wall -Wextra -fno-tree-loop-distribute-patterns"

TRACE::2026-09-23.20:55:30::SCWMssOS::Running Make include in ps7_cortexa9_0/libsrc/ttcps_v3_14/src

TRACE::2026-09-23.20:55:30::SCWMssOS::make -C ps7_cortexa9_0/libsrc/ttcps_v3_14/src -s include  "SHELL=/bin/sh" "COMPILER=arm-none-eabi-gcc" "ASSEMBLER=arm-none-eabi
TRACE::2026-09-23.20:55:30::SCWMssOS::-as" "ARCHIVER=arm-none-eabi-ar" "COMPILER_FLAGS=  -O2 -c" "EXTRA_COMPILER_FLAGS=-mcpu=cortex-a9 -mfpu=vfpv3 -mfloat-abi=hard -
TRACE::2026-09-23.20:55:30::SCWMssOS::nostartfiles -g -Wall -Wextra -fno-tree-loop-distribute-patterns"

TRACE::2026-09-23.20:55:30::SCWMssOS::Running Make include in ps7_cortexa9_0/libsrc/usbps_v2_7/src

TRACE::2026-09-23.20:55:30::SCWMssOS::make -C ps7_cortexa9_0/libsrc/usbps_v2_7/src -s include  "SHELL=/bin/sh" "COMPILER=arm-none-eabi-gcc" "ASSEMBLER=arm-none-eabi-
TRACE::2026-09-23.20:55:30::SCWMssOS::as" "ARCHIVER=arm-none-eabi-ar" "COMPILER_FLAGS=  -O2 -c" "EXTRA_COMPILER_FLAGS=-mcpu=cortex-a9 -mfpu=vfpv3 -mfloat-abi=hard -n
TRACE::2026-09-23.20:55:30::SCWMssOS::ostartfiles -g -Wall -Wextra -fno-tree-loop-distribute-patterns"

TRACE::2026-09-23.20:55:30::SCWMssOS::Running Make include in ps7_cortexa9_0/libsrc/coresightps_dcc_v1_8/src

TRACE::2026-09-23.20:55:30::SCWMssOS::make -C ps7_cortexa9_0/libsrc/coresightps_dcc_v1_8/src -s include  "SHELL=/bin/sh" "COMPILER=arm-none-eabi-gcc" "ASSEMBLER=arm-
TRACE::2026-09-23.20:55:30::SCWMssOS::none-eabi-as" "ARCHIVER=arm-none-eabi-ar" "COMPILER_FLAGS=  -O2 -c" "EXTRA_COMPILER_FLAGS=-mcpu=cortex-a9 -mfpu=vfpv3 -mfloat-a
TRACE::2026-09-23.20:55:30::SCWMssOS::bi=hard -nostartfiles -g -Wall -Wextra -fno-tree-loop-distribute-patterns"

TRACE::2026-09-23.20:55:30::SCWMssOS::Running Make include in ps7_cortexa9_0/libsrc/ddrps_v1_2/src

TRACE::2026-09-23.20:55:30::SCWMssOS::make -C ps7_cortexa9_0/libsrc/ddrps_v1_2/src -s include  "SHELL=/bin/sh" "COMPILER=arm-none-eabi-gcc" "ASSEMBLER=arm-none-eabi-
TRACE::2026-09-23.20:55:30::SCWMssOS::as" "ARCHIVER=arm-none-eabi-ar" "COMPILER_FLAGS=  -O2 -c" "EXTRA_COMPILER_FLAGS=-mcpu=cortex-a9 -mfpu=vfpv3 -mfloat-abi=hard -n
TRACE::2026-09-23.20:55:30::SCWMssOS::ostartfiles -g -Wall -Wextra -fno-tree-loop-distribute-patterns"

TRACE::2026-09-23.20:55:30::SCWMssOS::Running Make include in ps7_cortexa9_0/libsrc/xadcps_v2_6/src

TRACE::2026-09-23.20:55:30::SCWMssOS::make -C ps7_cortexa9_0/libsrc/xadcps_v2_6/src -s include  "SHELL=/bin/sh" "COMPILER=arm-none-eabi-gcc" "ASSEMBLER=arm-none-eabi
TRACE::2026-09-23.20:55:30::SCWMssOS::-as" "ARCHIVER=arm-none-eabi-ar" "COMPILER_FLAGS=  -O2 -c" "EXTRA_COMPILER_FLAGS=-mcpu=cortex-a9 -mfpu=vfpv3 -mfloat-abi=hard -
TRACE::2026-09-23.20:55:30::SCWMssOS::nostartfiles -g -Wall -Wextra -fno-tree-loop-distribute-patterns"

TRACE::2026-09-23.20:55:30::SCWMssOS::Running Make include in ps7_cortexa9_0/libsrc/cpu_cortexa9_v2_11/src

TRACE::2026-09-23.20:55:30::SCWMssOS::make -C ps7_cortexa9_0/libsrc/cpu_cortexa9_v2_11/src -s include  "SHELL=/bin/sh" "COMPILER=arm-none-eabi-gcc" "ASSEMBLER=arm-no
TRACE::2026-09-23.20:55:30::SCWMssOS::ne-eabi-as" "ARCHIVER=arm-none-eabi-ar" "COMPILER_FLAGS=  -O2 -c" "EXTRA_COMPILER_FLAGS=-mcpu=cortex-a9 -mfpu=vfpv3 -mfloat-abi
TRACE::2026-09-23.20:55:30::SCWMssOS::=hard -nostartfiles -g -Wall -Wextra -fno-tree-loop-distribute-patterns"

TRACE::2026-09-23.20:55:30::SCWMssOS::Running Make include in ps7_cortexa9_0/libsrc/qspips_v3_9/src

TRACE::2026-09-23.20:55:30::SCWMssOS::make -C ps7_cortexa9_0/libsrc/qspips_v3_9/src -s include  "SHELL=/bin/sh" "COMPILER=arm-none-eabi-gcc" "ASSEMBLER=arm-none-eabi
TRACE::2026-09-23.20:55:30::SCWMssOS::-as" "ARCHIVER=arm-none-eabi-ar" "COMPILER_FLAGS=  -O2 -c" "EXTRA_COMPILER_FLAGS=-mcpu=cortex-a9 -mfpu=vfpv3 -mfloat-abi=hard -
TRACE::2026-09-23.20:55:30::SCWMssOS::nostartfiles -g -Wall -Wextra -fno-tree-loop-distribute-patterns"

TRACE::2026-09-23.20:55:30::SCWMssOS::Running Make include in ps7_cortexa9_0/libsrc/dmaps_v2_8/src

TRACE::2026-09-23.20:55:30::SCWMssOS::make -C ps7_cortexa9_0/libsrc/dmaps_v2_8/src -s include  "SHELL=/bin/sh" "COMPILER=arm-none-eabi-gcc" "ASSEMBLER=arm-none-eabi-
TRACE::2026-09-23.20:55:30::SCWMssOS::as" "ARCHIVER=arm-none-eabi-ar" "COMPILER_FLAGS=  -O2 -c" "EXTRA_COMPILER_FLAGS=-mcpu=cortex-a9 -mfpu=vfpv3 -mfloat-abi=hard -n
TRACE::2026-09-23.20:55:30::SCWMssOS::ostartfiles -g -Wall -Wextra -fno-tree-loop-distribute-patterns"

TRACE::2026-09-23.20:55:30::SCWMssOS::Running Make include in ps7_cortexa9_0/libsrc/PmodKYPD_v1_0/src

TRACE::2026-09-23.20:55:30::SCWMssOS::make -C ps7_cortexa9_0/libsrc/PmodKYPD_v1_0/src -s include  "SHELL=/bin/sh" "COMPILER=arm-none-eabi-gcc" "ASSEMBLER=arm-none-ea
TRACE::2026-09-23.20:55:30::SCWMssOS::bi-as" "ARCHIVER=arm-none-eabi-ar" "COMPILER_FLAGS=  -O2 -c" "EXTRA_COMPILER_FLAGS=-mcpu=cortex-a9 -mfpu=vfpv3 -mfloat-abi=hard
TRACE::2026-09-23.20:55:30::SCWMssOS:: -nostartfiles -g -Wall -Wextra -fno-tree-loop-distribute-patterns"

TRACE::2026-09-23.20:55:30::SCWMssOS::Running Make libs in ps7_cortexa9_0/libsrc/gpiops_v3_9/src

TRACE::2026-09-23.20:55:30::SCWMssOS::make -C ps7_cortexa9_0/libsrc/gpiops_v3_9/src -s libs  "SHELL=/bin/sh" "COMPILER=arm-none-eabi-gcc" "ASSEMBLER=arm-none-eabi-as
TRACE::2026-09-23.20:55:30::SCWMssOS::" "ARCHIVER=arm-none-eabi-ar" "COMPILER_FLAGS=  -O2 -c" "EXTRA_COMPILER_FLAGS=-mcpu=cortex-a9 -mfpu=vfpv3 -mfloat-abi=hard -nos
TRACE::2026-09-23.20:55:30::SCWMssOS::tartfiles -g -Wall -Wextra -fno-tree-loop-distribute-patterns"

TRACE::2026-09-23.20:55:30::SCWMssOS::Running Make libs in ps7_cortexa9_0/libsrc/scugic_v4_5/src

TRACE::2026-09-23.20:55:30::SCWMssOS::Running Make libs in ps7_cortexa9_0/libsrc/scuwdt_v2_4/src

TRACE::2026-09-23.20:55:30::SCWMssOS::make -C ps7_cortexa9_0/libsrc/scugic_v4_5/src -s libs  "SHELL=/bin/sh" "COMPILER=arm-none-eabi-gcc" "ASSEMBLER=arm-none-eabi-as
TRACE::2026-09-23.20:55:30::SCWMssOS::" "ARCHIVER=arm-none-eabi-ar" "COMPILER_FLAGS=  -O2 -c" "EXTRA_COMPILER_FLAGS=-mcpu=cortex-a9 -mfpu=vfpv3 -mfloat-abi=hard -nos
TRACE::2026-09-23.20:55:30::SCWMssOS::tartfiles -g -Wall -Wextra -fno-tree-loop-distribute-patterns"

TRACE::2026-09-23.20:55:30::SCWMssOS::Running Make libs in ps7_cortexa9_0/libsrc/devcfg_v3_7/src

TRACE::2026-09-23.20:55:30::SCWMssOS::make -C ps7_cortexa9_0/libsrc/scuwdt_v2_4/src -s libs  "SHELL=/bin/sh" "COMPILER=arm-none-eabi-gcc" "ASSEMBLER=arm-none-eabi-as
TRACE::2026-09-23.20:55:30::SCWMssOS::" "ARCHIVER=arm-none-eabi-ar" "COMPILER_FLAGS=  -O2 -c" "EXTRA_COMPILER_FLAGS=-mcpu=cortex-a9 -mfpu=vfpv3 -mfloat-abi=hard -nos
TRACE::2026-09-23.20:55:30::SCWMssOS::tartfiles -g -Wall -Wextra -fno-tree-loop-distribute-patterns"

TRACE::2026-09-23.20:55:30::SCWMssOS::make -C ps7_cortexa9_0/libsrc/devcfg_v3_7/src -s libs  "SHELL=/bin/sh" "COMPILER=arm-none-eabi-gcc" "ASSEMBLER=arm-none-eabi-as
TRACE::2026-09-23.20:55:30::SCWMssOS::" "ARCHIVER=arm-none-eabi-ar" "COMPILER_FLAGS=  -O2 -c" "EXTRA_COMPILER_FLAGS=-mcpu=cortex-a9 -mfpu=vfpv3 -mfloat-abi=hard -nos
TRACE::2026-09-23.20:55:30::SCWMssOS::tartfiles -g -Wall -Wextra -fno-tree-loop-distribute-patterns"

TRACE::2026-09-23.20:55:30::SCWMssOS::Running Make libs in ps7_cortexa9_0/libsrc/standalone_v7_5/src

TRACE::2026-09-23.20:55:30::SCWMssOS::make -C ps7_cortexa9_0/libsrc/standalone_v7_5/src -s libs  "SHELL=/bin/sh" "COMPILER=arm-none-eabi-gcc" "ASSEMBLER=arm-none-eab
TRACE::2026-09-23.20:55:30::SCWMssOS::i-as" "ARCHIVER=arm-none-eabi-ar" "COMPILER_FLAGS=  -O2 -c" "EXTRA_COMPILER_FLAGS=-mcpu=cortex-a9 -mfpu=vfpv3 -mfloat-abi=hard 
TRACE::2026-09-23.20:55:30::SCWMssOS::-nostartfiles -g -Wall -Wextra -fno-tree-loop-distribute-patterns"

TRACE::2026-09-23.20:55:30::SCWMssOS::Running Make libs in ps7_cortexa9_0/libsrc/uartps_v3_11/src

TRACE::2026-09-23.20:55:30::SCWMssOS::make -C ps7_cortexa9_0/libsrc/uartps_v3_11/src -s libs  "SHELL=/bin/sh" "COMPILER=arm-none-eabi-gcc" "ASSEMBLER=arm-none-eabi-a
TRACE::2026-09-23.20:55:30::SCWMssOS::s" "ARCHIVER=arm-none-eabi-ar" "COMPILER_FLAGS=  -O2 -c" "EXTRA_COMPILER_FLAGS=-mcpu=cortex-a9 -mfpu=vfpv3 -mfloat-abi=hard -no
TRACE::2026-09-23.20:55:30::SCWMssOS::startfiles -g -Wall -Wextra -fno-tree-loop-distribute-patterns"

TRACE::2026-09-23.20:55:31::SCWMssOS::Running Make libs in ps7_cortexa9_0/libsrc/scutimer_v2_3/src

TRACE::2026-09-23.20:55:31::SCWMssOS::make -C ps7_cortexa9_0/libsrc/scutimer_v2_3/src -s libs  "SHELL=/bin/sh" "COMPILER=arm-none-eabi-gcc" "ASSEMBLER=arm-none-eabi-
TRACE::2026-09-23.20:55:31::SCWMssOS::as" "ARCHIVER=arm-none-eabi-ar" "COMPILER_FLAGS=  -O2 -c" "EXTRA_COMPILER_FLAGS=-mcpu=cortex-a9 -mfpu=vfpv3 -mfloat-abi=hard -n
TRACE::2026-09-23.20:55:31::SCWMssOS::ostartfiles -g -Wall -Wextra -fno-tree-loop-distribute-patterns"

TRACE::2026-09-23.20:55:31::SCWMssOS::Running Make libs in ps7_cortexa9_0/libsrc/sdps_v3_12/src

TRACE::2026-09-23.20:55:31::SCWMssOS::make -C ps7_cortexa9_0/libsrc/sdps_v3_12/src -s libs  "SHELL=/bin/sh" "COMPILER=arm-none-eabi-gcc" "ASSEMBLER=arm-none-eabi-as"
TRACE::2026-09-23.20:55:31::SCWMssOS:: "ARCHIVER=arm-none-eabi-ar" "COMPILER_FLAGS=  -O2 -c" "EXTRA_COMPILER_FLAGS=-mcpu=cortex-a9 -mfpu=vfpv3 -mfloat-abi=hard -nost
TRACE::2026-09-23.20:55:31::SCWMssOS::artfiles -g -Wall -Wextra -fno-tree-loop-distribute-patterns"

TRACE::2026-09-23.20:55:31::SCWMssOS::Running Make libs in ps7_cortexa9_0/libsrc/emacps_v3_14/src

TRACE::2026-09-23.20:55:31::SCWMssOS::make -C ps7_cortexa9_0/libsrc/emacps_v3_14/src -s libs  "SHELL=/bin/sh" "COMPILER=arm-none-eabi-gcc" "ASSEMBLER=arm-none-eabi-a
TRACE::2026-09-23.20:55:31::SCWMssOS::s" "ARCHIVER=arm-none-eabi-ar" "COMPILER_FLAGS=  -O2 -c" "EXTRA_COMPILER_FLAGS=-mcpu=cortex-a9 -mfpu=vfpv3 -mfloat-abi=hard -no
TRACE::2026-09-23.20:55:31::SCWMssOS::startfiles -g -Wall -Wextra -fno-tree-loop-distribute-patterns"

TRACE::2026-09-23.20:55:31::SCWMssOS::Running Make libs in ps7_cortexa9_0/libsrc/ttcps_v3_14/src

TRACE::2026-09-23.20:55:31::SCWMssOS::make -C ps7_cortexa9_0/libsrc/ttcps_v3_14/src -s libs  "SHELL=/bin/sh" "COMPILER=arm-none-eabi-gcc" "ASSEMBLER=arm-none-eabi-as
TRACE::2026-09-23.20:55:31::SCWMssOS::" "ARCHIVER=arm-none-eabi-ar" "COMPILER_FLAGS=  -O2 -c" "EXTRA_COMPILER_FLAGS=-mcpu=cortex-a9 -mfpu=vfpv3 -mfloat-abi=hard -nos
TRACE::2026-09-23.20:55:31::SCWMssOS::tartfiles -g -Wall -Wextra -fno-tree-loop-distribute-patterns"

TRACE::2026-09-23.20:55:31::SCWMssOS::Running Make libs in ps7_cortexa9_0/libsrc/usbps_v2_7/src

TRACE::2026-09-23.20:55:31::SCWMssOS::make -C ps7_cortexa9_0/libsrc/usbps_v2_7/src -s libs  "SHELL=/bin/sh" "COMPILER=arm-none-eabi-gcc" "ASSEMBLER=arm-none-eabi-as"
TRACE::2026-09-23.20:55:31::SCWMssOS:: "ARCHIVER=arm-none-eabi-ar" "COMPILER_FLAGS=  -O2 -c" "EXTRA_COMPILER_FLAGS=-mcpu=cortex-a9 -mfpu=vfpv3 -mfloat-abi=hard -nost
TRACE::2026-09-23.20:55:31::SCWMssOS::artfiles -g -Wall -Wextra -fno-tree-loop-distribute-patterns"

TRACE::2026-09-23.20:55:31::SCWMssOS::Running Make libs in ps7_cortexa9_0/libsrc/coresightps_dcc_v1_8/src

TRACE::2026-09-23.20:55:31::SCWMssOS::make -C ps7_cortexa9_0/libsrc/coresightps_dcc_v1_8/src -s libs  "SHELL=/bin/sh" "COMPILER=arm-none-eabi-gcc" "ASSEMBLER=arm-non
TRACE::2026-09-23.20:55:31::SCWMssOS::e-eabi-as" "ARCHIVER=arm-none-eabi-ar" "COMPILER_FLAGS=  -O2 -c" "EXTRA_COMPILER_FLAGS=-mcpu=cortex-a9 -mfpu=vfpv3 -mfloat-abi=
TRACE::2026-09-23.20:55:31::SCWMssOS::hard -nostartfiles -g -Wall -Wextra -fno-tree-loop-distribute-patterns"

TRACE::2026-09-23.20:55:31::SCWMssOS::Running Make libs in ps7_cortexa9_0/libsrc/ddrps_v1_2/src

TRACE::2026-09-23.20:55:31::SCWMssOS::make -C ps7_cortexa9_0/libsrc/ddrps_v1_2/src -s libs  "SHELL=/bin/sh" "COMPILER=arm-none-eabi-gcc" "ASSEMBLER=arm-none-eabi-as"
TRACE::2026-09-23.20:55:31::SCWMssOS:: "ARCHIVER=arm-none-eabi-ar" "COMPILER_FLAGS=  -O2 -c" "EXTRA_COMPILER_FLAGS=-mcpu=cortex-a9 -mfpu=vfpv3 -mfloat-abi=hard -nost
TRACE::2026-09-23.20:55:31::SCWMssOS::artfiles -g -Wall -Wextra -fno-tree-loop-distribute-patterns"

TRACE::2026-09-23.20:55:31::SCWMssOS::Running Make libs in ps7_cortexa9_0/libsrc/xadcps_v2_6/src

TRACE::2026-09-23.20:55:31::SCWMssOS::make -C ps7_cortexa9_0/libsrc/xadcps_v2_6/src -s libs  "SHELL=/bin/sh" "COMPILER=arm-none-eabi-gcc" "ASSEMBLER=arm-none-eabi-as
TRACE::2026-09-23.20:55:31::SCWMssOS::" "ARCHIVER=arm-none-eabi-ar" "COMPILER_FLAGS=  -O2 -c" "EXTRA_COMPILER_FLAGS=-mcpu=cortex-a9 -mfpu=vfpv3 -mfloat-abi=hard -nos
TRACE::2026-09-23.20:55:31::SCWMssOS::tartfiles -g -Wall -Wextra -fno-tree-loop-distribute-patterns"

TRACE::2026-09-23.20:55:31::SCWMssOS::Running Make libs in ps7_cortexa9_0/libsrc/cpu_cortexa9_v2_11/src

TRACE::2026-09-23.20:55:31::SCWMssOS::make -C ps7_cortexa9_0/libsrc/cpu_cortexa9_v2_11/src -s libs  "SHELL=/bin/sh" "COMPILER=arm-none-eabi-gcc" "ASSEMBLER=arm-none-
TRACE::2026-09-23.20:55:31::SCWMssOS::eabi-as" "ARCHIVER=arm-none-eabi-ar" "COMPILER_FLAGS=  -O2 -c" "EXTRA_COMPILER_FLAGS=-mcpu=cortex-a9 -mfpu=vfpv3 -mfloat-abi=ha
TRACE::2026-09-23.20:55:31::SCWMssOS::rd -nostartfiles -g -Wall -Wextra -fno-tree-loop-distribute-patterns"

TRACE::2026-09-23.20:55:31::SCWMssOS::Running Make libs in ps7_cortexa9_0/libsrc/qspips_v3_9/src

TRACE::2026-09-23.20:55:31::SCWMssOS::make -C ps7_cortexa9_0/libsrc/qspips_v3_9/src -s libs  "SHELL=/bin/sh" "COMPILER=arm-none-eabi-gcc" "ASSEMBLER=arm-none-eabi-as
TRACE::2026-09-23.20:55:31::SCWMssOS::" "ARCHIVER=arm-none-eabi-ar" "COMPILER_FLAGS=  -O2 -c" "EXTRA_COMPILER_FLAGS=-mcpu=cortex-a9 -mfpu=vfpv3 -mfloat-abi=hard -nos
TRACE::2026-09-23.20:55:31::SCWMssOS::tartfiles -g -Wall -Wextra -fno-tree-loop-distribute-patterns"

TRACE::2026-09-23.20:55:31::SCWMssOS::Running Make libs in ps7_cortexa9_0/libsrc/dmaps_v2_8/src

TRACE::2026-09-23.20:55:31::SCWMssOS::make -C ps7_cortexa9_0/libsrc/dmaps_v2_8/src -s libs  "SHELL=/bin/sh" "COMPILER=arm-none-eabi-gcc" "ASSEMBLER=arm-none-eabi-as"
TRACE::2026-09-23.20:55:31::SCWMssOS:: "ARCHIVER=arm-none-eabi-ar" "COMPILER_FLAGS=  -O2 -c" "EXTRA_COMPILER_FLAGS=-mcpu=cortex-a9 -mfpu=vfpv3 -mfloat-abi=hard -nost
TRACE::2026-09-23.20:55:31::SCWMssOS::artfiles -g -Wall -Wextra -fno-tree-loop-distribute-patterns"

TRACE::2026-09-23.20:55:32::SCWMssOS::Finished building libraries parallelly.

TRACE::2026-09-23.20:55:32::SCWMssOS::make --no-print-directory archive

TRACE::2026-09-23.20:55:32::SCWMssOS::arm-none-eabi-ar -r  ps7_cortexa9_0/lib/libxil.a ps7_cortexa9_0/lib/xscugic_hw.o ps7_cortexa9_0/lib/xcoresightpsdcc.o ps7_corte
TRACE::2026-09-23.20:55:32::SCWMssOS::xa9_0/lib/xsdps_host.o ps7_cortexa9_0/lib/xusbps_intr.o ps7_cortexa9_0/lib/xil_assert.o ps7_cortexa9_0/lib/putnum.o ps7_cortexa
TRACE::2026-09-23.20:55:32::SCWMssOS::9_0/lib/xemacps_control.o ps7_cortexa9_0/lib/xil_exception.o ps7_cortexa9_0/lib/xqspips_selftest.o ps7_cortexa9_0/lib/lseek.o p
TRACE::2026-09-23.20:55:32::SCWMssOS::s7_cortexa9_0/lib/xqspips_sinit.o ps7_cortexa9_0/lib/xusbps_g.o ps7_cortexa9_0/lib/xgpiops.o ps7_cortexa9_0/lib/xqspips_g.o ps7
TRACE::2026-09-23.20:55:32::SCWMssOS::_cortexa9_0/lib/xemacps_sinit.o ps7_cortexa9_0/lib/_sbrk.o ps7_cortexa9_0/lib/xpm_counter.o ps7_cortexa9_0/lib/xttcps.o ps7_cor
TRACE::2026-09-23.20:55:32::SCWMssOS::texa9_0/lib/xdevcfg_selftest.o ps7_cortexa9_0/lib/xgpiops_sinit.o ps7_cortexa9_0/lib/xdevcfg_sinit.o ps7_cortexa9_0/lib/xil_tes
TRACE::2026-09-23.20:55:32::SCWMssOS::tcache.o ps7_cortexa9_0/lib/getpid.o ps7_cortexa9_0/lib/xscugic_intr.o ps7_cortexa9_0/lib/asm_vectors.o ps7_cortexa9_0/lib/xl2c
TRACE::2026-09-23.20:55:32::SCWMssOS::c_counter.o ps7_cortexa9_0/lib/xusbps_hw.o ps7_cortexa9_0/lib/xil_testmem.o ps7_cortexa9_0/lib/xuartps_selftest.o ps7_cortexa9_
TRACE::2026-09-23.20:55:32::SCWMssOS::0/lib/xdmaps.o ps7_cortexa9_0/lib/xuartps_sinit.o ps7_cortexa9_0/lib/xadcps.o ps7_cortexa9_0/lib/xuartps_g.o ps7_cortexa9_0/lib
TRACE::2026-09-23.20:55:32::SCWMssOS::/unlink.o ps7_cortexa9_0/lib/xil_printf.o ps7_cortexa9_0/lib/abort.o ps7_cortexa9_0/lib/xdmaps_sinit.o ps7_cortexa9_0/lib/xscuw
TRACE::2026-09-23.20:55:32::SCWMssOS::dt.o ps7_cortexa9_0/lib/xgpiops_selftest.o ps7_cortexa9_0/lib/xusbps_sinit.o ps7_cortexa9_0/lib/xemacps_g.o ps7_cortexa9_0/lib/
TRACE::2026-09-23.20:55:32::SCWMssOS::close.o ps7_cortexa9_0/lib/xsdps.o ps7_cortexa9_0/lib/xgpiops_g.o ps7_cortexa9_0/lib/xqspips_hw.o ps7_cortexa9_0/lib/xttcps_sel
TRACE::2026-09-23.20:55:32::SCWMssOS::ftest.o ps7_cortexa9_0/lib/xscutimer_selftest.o ps7_cortexa9_0/lib/xdmaps_selftest.o ps7_cortexa9_0/lib/inbyte.o ps7_cortexa9_0
TRACE::2026-09-23.20:55:32::SCWMssOS::/lib/xscutimer_sinit.o ps7_cortexa9_0/lib/xttcps_g.o ps7_cortexa9_0/lib/xil_misc_psreset_api.o ps7_cortexa9_0/lib/xsdps_options
TRACE::2026-09-23.20:55:32::SCWMssOS::.o ps7_cortexa9_0/lib/xscutimer_g.o ps7_cortexa9_0/lib/xdmaps_g.o ps7_cortexa9_0/lib/xqspips_options.o ps7_cortexa9_0/lib/xil_s
TRACE::2026-09-23.20:55:32::SCWMssOS::leeptimer.o ps7_cortexa9_0/lib/xdevcfg_hw.o ps7_cortexa9_0/lib/sleep.o ps7_cortexa9_0/lib/xusbps_endpoint.o ps7_cortexa9_0/lib/
TRACE::2026-09-23.20:55:32::SCWMssOS::_exit.o ps7_cortexa9_0/lib/time.o ps7_cortexa9_0/lib/xplatform_info.o ps7_cortexa9_0/lib/xadcps_selftest.o ps7_cortexa9_0/lib/x
TRACE::2026-09-23.20:55:32::SCWMssOS::adcps_sinit.o ps7_cortexa9_0/lib/xttcps_sinit.o ps7_cortexa9_0/lib/xadcps_g.o ps7_cortexa9_0/lib/xuartps_hw.o ps7_cortexa9_0/li
TRACE::2026-09-23.20:55:32::SCWMssOS::b/xscugic.o ps7_cortexa9_0/lib/xil-crt0.o ps7_cortexa9_0/lib/isatty.o ps7_cortexa9_0/lib/xscuwdt_selftest.o ps7_cortexa9_0/lib/
TRACE::2026-09-23.20:55:32::SCWMssOS::xemacps_intr.o ps7_cortexa9_0/lib/xil_clocking.o ps7_cortexa9_0/lib/xscuwdt_g.o ps7_cortexa9_0/lib/vectors.o ps7_cortexa9_0/lib
TRACE::2026-09-23.20:55:32::SCWMssOS::/xsdps_g.o ps7_cortexa9_0/lib/xuartps_options.o ps7_cortexa9_0/lib/xdevcfg_intr.o ps7_cortexa9_0/lib/errno.o ps7_cortexa9_0/lib
TRACE::2026-09-23.20:55:32::SCWMssOS::/fstat.o ps7_cortexa9_0/lib/xgpiops_hw.o ps7_cortexa9_0/lib/sbrk.o ps7_cortexa9_0/lib/xdmaps_hw.o ps7_cortexa9_0/lib/xsdps_card
TRACE::2026-09-23.20:55:32::SCWMssOS::.o ps7_cortexa9_0/lib/xuartps.o ps7_cortexa9_0/lib/xuartps_intr.o ps7_cortexa9_0/lib/xil_util.o ps7_cortexa9_0/lib/xscugic_self
TRACE::2026-09-23.20:55:32::SCWMssOS::test.o ps7_cortexa9_0/lib/xtime_l.o ps7_cortexa9_0/lib/xemacps_hw.o ps7_cortexa9_0/lib/read.o ps7_cortexa9_0/lib/xscuwdt_sinit.
TRACE::2026-09-23.20:55:32::SCWMssOS::o ps7_cortexa9_0/lib/outbyte.o ps7_cortexa9_0/lib/xdevcfg_g.o ps7_cortexa9_0/lib/open.o ps7_cortexa9_0/lib/xscugic_sinit.o ps7_
TRACE::2026-09-23.20:55:32::SCWMssOS::cortexa9_0/lib/xgpiops_intr.o ps7_cortexa9_0/lib/xscugic_g.o ps7_cortexa9_0/lib/xil_sleepcommon.o ps7_cortexa9_0/lib/usleep.o p
TRACE::2026-09-23.20:55:32::SCWMssOS::s7_cortexa9_0/lib/xsdps_sinit.o ps7_cortexa9_0/lib/xadcps_intr.o ps7_cortexa9_0/lib/cpu_init.o ps7_cortexa9_0/lib/xemacps_bdrin
TRACE::2026-09-23.20:55:32::SCWMssOS::g.o ps7_cortexa9_0/lib/boot.o ps7_cortexa9_0/lib/xil_mmu.o ps7_cortexa9_0/lib/write.o ps7_cortexa9_0/lib/translation_table.o ps
TRACE::2026-09-23.20:55:32::SCWMssOS::7_cortexa9_0/lib/xil_spinlock.o ps7_cortexa9_0/lib/xusbps.o ps7_cortexa9_0/lib/xqspips.o ps7_cortexa9_0/lib/print.o ps7_cortexa
TRACE::2026-09-23.20:55:32::SCWMssOS::9_0/lib/xil_testio.o ps7_cortexa9_0/lib/xil_cache.o ps7_cortexa9_0/lib/xemacps.o ps7_cortexa9_0/lib/xdevcfg.o ps7_cortexa9_0/li
TRACE::2026-09-23.20:55:32::SCWMssOS::b/xscutimer.o ps7_cortexa9_0/lib/xttcps_options.o ps7_cortexa9_0/lib/kill.o ps7_cortexa9_0/lib/fcntl.o ps7_cortexa9_0/lib/_open
TRACE::2026-09-23.20:55:32::SCWMssOS::.o ps7_cortexa9_0/lib/xil_mem.o ps7_cortexa9_0/lib/cpputest_time.o

TRACE::2026-09-23.20:55:32::SCWMssOS::Finished building libraries

TRACE::2026-09-23.20:55:32::SCWMssOS::Copying to export directory.
TRACE::2026-09-23.20:55:32::SCWMssOS:: Checking if to create the Supporting Applications
TRACE::2026-09-23.20:55:32::SCWMssOS:: No Linux domain exists, trying to generate FSBL 
LOG::2026-09-23.20:55:32::SCWSystem::Completed Processing the domain standalone_ps7_cortexa9_0
LOG::2026-09-23.20:55:32::SCWSystem::Completed Processing the sysconfig zynq_keypad_system_wrapper
LOG::2026-09-23.20:55:32::SCWPlatform::Completed generating the artifacts for system configuration zynq_keypad_system_wrapper
TRACE::2026-09-23.20:55:32::SCWPlatform::Started preparing the platform 
TRACE::2026-09-23.20:55:32::SCWSystem::Writing the bif file for system config zynq_keypad_system_wrapper
TRACE::2026-09-23.20:55:32::SCWSystem::dir created 
TRACE::2026-09-23.20:55:32::SCWSystem::Writing the bif 
TRACE::2026-09-23.20:55:32::SCWPlatform::Started writing the spfm file 
TRACE::2026-09-23.20:55:32::SCWPlatform::Started writing the xpfm file 
TRACE::2026-09-23.20:55:32::SCWPlatform::Completed generating the platform
TRACE::2026-09-23.20:55:32::SCWMssOS::Saving the mss changes /home/user/Desktop/lab_3/Vitis/zynq_keypad_system_wrapper/zynq_fsbl/zynq_fsbl_bsp/system.mss
TRACE::2026-09-23.20:55:32::SCWMssOS::Found a swdesign opened with the mssfile.
TRACE::2026-09-23.20:55:32::SCWMssOS::Completed writemss as part of save.
TRACE::2026-09-23.20:55:32::SCWMssOS::Commit changes completed.
TRACE::2026-09-23.20:55:32::SCWMssOS::Saving the mss changes /home/user/Desktop/lab_3/Vitis/zynq_keypad_system_wrapper/ps7_cortexa9_0/standalone_ps7_cortexa9_0/bsp/system.mss
TRACE::2026-09-23.20:55:32::SCWMssOS::Found a swdesign opened with the mssfile.
TRACE::2026-09-23.20:55:32::SCWMssOS::Completed writemss as part of save.
TRACE::2026-09-23.20:55:32::SCWMssOS::Commit changes completed.
TRACE::2026-09-23.20:55:32::SCWPlatform::Trying to open the hw design at /home/user/Desktop/lab_3/Vitis/zynq_keypad_system_wrapper/hw/zynq_keypad_system_wrapper.xsa
TRACE::2026-09-23.20:55:32::SCWPlatform::DSA given /home/user/Desktop/lab_3/Vitis/zynq_keypad_system_wrapper/hw/zynq_keypad_system_wrapper.xsa
TRACE::2026-09-23.20:55:32::SCWPlatform::DSA absoulate path /home/user/Desktop/lab_3/Vitis/zynq_keypad_system_wrapper/hw/zynq_keypad_system_wrapper.xsa
TRACE::2026-09-23.20:55:32::SCWPlatform::DSA directory /home/user/Desktop/lab_3/Vitis/zynq_keypad_system_wrapper/hw
TRACE::2026-09-23.20:55:32::SCWPlatform:: Platform Path /home/user/Desktop/lab_3/Vitis/zynq_keypad_system_wrapper/hw/zynq_keypad_system_wrapper.xsa
TRACE::2026-09-23.20:55:32::SCWPlatform:: Unique name xilinx:zybo::0.0
TRACE::2026-09-23.20:55:32::SCWPlatform::Trying to set the existing hwdb with name zynq_keypad_system_wrapper_0
TRACE::2026-09-23.20:55:32::SCWPlatform::Opened existing hwdb zynq_keypad_system_wrapper_0
TRACE::2026-09-23.20:55:32::SCWPlatform::Found the Hw Db part of the input DSA
TRACE::2026-09-23.20:55:32::SCWMssOS::Checking the sw design at  /home/user/Desktop/lab_3/Vitis/zynq_keypad_system_wrapper/zynq_fsbl/zynq_fsbl_bsp/system.mss
TRACE::2026-09-23.20:55:32::SCWMssOS::DEBUG:  swdes dump  /home/user/Desktop/lab_3/Vitis/zynq_keypad_system_wrapper/ps7_cortexa9_0/standalone_ps7_cortexa9_0/bsp/system.mss|system_0||
/home/user/Desktop/lab_3/Vitis/zynq_keypad_system_wrapper/zynq_fsbl/zynq_fsbl_bsp/system.mss|system||

TRACE::2026-09-23.20:55:32::SCWMssOS::Sw design exists and opened at  /home/user/Desktop/lab_3/Vitis/zynq_keypad_system_wrapper/zynq_fsbl/zynq_fsbl_bsp/system.mss
TRACE::2026-09-23.20:55:32::SCWPlatform::Trying to open the hw design at /home/user/Desktop/lab_3/Vitis/zynq_keypad_system_wrapper/hw/zynq_keypad_system_wrapper.xsa
TRACE::2026-09-23.20:55:32::SCWPlatform::DSA given /home/user/Desktop/lab_3/Vitis/zynq_keypad_system_wrapper/hw/zynq_keypad_system_wrapper.xsa
TRACE::2026-09-23.20:55:32::SCWPlatform::DSA absoulate path /home/user/Desktop/lab_3/Vitis/zynq_keypad_system_wrapper/hw/zynq_keypad_system_wrapper.xsa
TRACE::2026-09-23.20:55:32::SCWPlatform::DSA directory /home/user/Desktop/lab_3/Vitis/zynq_keypad_system_wrapper/hw
TRACE::2026-09-23.20:55:32::SCWPlatform:: Platform Path /home/user/Desktop/lab_3/Vitis/zynq_keypad_system_wrapper/hw/zynq_keypad_system_wrapper.xsa
TRACE::2026-09-23.20:55:32::SCWPlatform:: Unique name xilinx:zybo::0.0
TRACE::2026-09-23.20:55:32::SCWPlatform::Trying to set the existing hwdb with name zynq_keypad_system_wrapper_0
TRACE::2026-09-23.20:55:32::SCWPlatform::Opened existing hwdb zynq_keypad_system_wrapper_0
TRACE::2026-09-23.20:55:32::SCWPlatform::Found the Hw Db part of the input DSA
TRACE::2026-09-23.20:55:32::SCWMssOS::Checking the sw design at  /home/user/Desktop/lab_3/Vitis/zynq_keypad_system_wrapper/zynq_fsbl/zynq_fsbl_bsp/system.mss
TRACE::2026-09-23.20:55:32::SCWMssOS::DEBUG:  swdes dump  /home/user/Desktop/lab_3/Vitis/zynq_keypad_system_wrapper/ps7_cortexa9_0/standalone_ps7_cortexa9_0/bsp/system.mss|system_0||
/home/user/Desktop/lab_3/Vitis/zynq_keypad_system_wrapper/zynq_fsbl/zynq_fsbl_bsp/system.mss|system||

TRACE::2026-09-23.20:55:32::SCWMssOS::Sw design exists and opened at  /home/user/Desktop/lab_3/Vitis/zynq_keypad_system_wrapper/zynq_fsbl/zynq_fsbl_bsp/system.mss
TRACE::2026-09-23.20:55:32::SCWPlatform::Trying to open the hw design at /home/user/Desktop/lab_3/Vitis/zynq_keypad_system_wrapper/hw/zynq_keypad_system_wrapper.xsa
TRACE::2026-09-23.20:55:32::SCWPlatform::DSA given /home/user/Desktop/lab_3/Vitis/zynq_keypad_system_wrapper/hw/zynq_keypad_system_wrapper.xsa
TRACE::2026-09-23.20:55:32::SCWPlatform::DSA absoulate path /home/user/Desktop/lab_3/Vitis/zynq_keypad_system_wrapper/hw/zynq_keypad_system_wrapper.xsa
TRACE::2026-09-23.20:55:32::SCWPlatform::DSA directory /home/user/Desktop/lab_3/Vitis/zynq_keypad_system_wrapper/hw
TRACE::2026-09-23.20:55:32::SCWPlatform:: Platform Path /home/user/Desktop/lab_3/Vitis/zynq_keypad_system_wrapper/hw/zynq_keypad_system_wrapper.xsa
TRACE::2026-09-23.20:55:32::SCWPlatform:: Unique name xilinx:zybo::0.0
TRACE::2026-09-23.20:55:32::SCWPlatform::Trying to set the existing hwdb with name zynq_keypad_system_wrapper_0
TRACE::2026-09-23.20:55:32::SCWPlatform::Opened existing hwdb zynq_keypad_system_wrapper_0
TRACE::2026-09-23.20:55:32::SCWPlatform::Found the Hw Db part of the input DSA
TRACE::2026-09-23.20:55:32::SCWMssOS::Checking the sw design at  /home/user/Desktop/lab_3/Vitis/zynq_keypad_system_wrapper/zynq_fsbl/zynq_fsbl_bsp/system.mss
TRACE::2026-09-23.20:55:32::SCWMssOS::DEBUG:  swdes dump  /home/user/Desktop/lab_3/Vitis/zynq_keypad_system_wrapper/ps7_cortexa9_0/standalone_ps7_cortexa9_0/bsp/system.mss|system_0||
/home/user/Desktop/lab_3/Vitis/zynq_keypad_system_wrapper/zynq_fsbl/zynq_fsbl_bsp/system.mss|system||

TRACE::2026-09-23.20:55:32::SCWMssOS::Sw design exists and opened at  /home/user/Desktop/lab_3/Vitis/zynq_keypad_system_wrapper/zynq_fsbl/zynq_fsbl_bsp/system.mss
TRACE::2026-09-23.20:55:32::SCWPlatform::Trying to open the hw design at /home/user/Desktop/lab_3/Vitis/zynq_keypad_system_wrapper/hw/zynq_keypad_system_wrapper.xsa
TRACE::2026-09-23.20:55:32::SCWPlatform::DSA given /home/user/Desktop/lab_3/Vitis/zynq_keypad_system_wrapper/hw/zynq_keypad_system_wrapper.xsa
TRACE::2026-09-23.20:55:32::SCWPlatform::DSA absoulate path /home/user/Desktop/lab_3/Vitis/zynq_keypad_system_wrapper/hw/zynq_keypad_system_wrapper.xsa
TRACE::2026-09-23.20:55:32::SCWPlatform::DSA directory /home/user/Desktop/lab_3/Vitis/zynq_keypad_system_wrapper/hw
TRACE::2026-09-23.20:55:32::SCWPlatform:: Platform Path /home/user/Desktop/lab_3/Vitis/zynq_keypad_system_wrapper/hw/zynq_keypad_system_wrapper.xsa
TRACE::2026-09-23.20:55:32::SCWPlatform:: Unique name xilinx:zybo::0.0
TRACE::2026-09-23.20:55:32::SCWPlatform::Trying to set the existing hwdb with name zynq_keypad_system_wrapper_0
TRACE::2026-09-23.20:55:32::SCWPlatform::Opened existing hwdb zynq_keypad_system_wrapper_0
TRACE::2026-09-23.20:55:32::SCWPlatform::Found the Hw Db part of the input DSA
TRACE::2026-09-23.20:55:32::SCWMssOS::Checking the sw design at  /home/user/Desktop/lab_3/Vitis/zynq_keypad_system_wrapper/ps7_cortexa9_0/standalone_ps7_cortexa9_0/bsp/system.mss
TRACE::2026-09-23.20:55:32::SCWMssOS::DEBUG:  swdes dump  /home/user/Desktop/lab_3/Vitis/zynq_keypad_system_wrapper/ps7_cortexa9_0/standalone_ps7_cortexa9_0/bsp/system.mss|system_0||
/home/user/Desktop/lab_3/Vitis/zynq_keypad_system_wrapper/zynq_fsbl/zynq_fsbl_bsp/system.mss|system||

TRACE::2026-09-23.20:55:32::SCWMssOS::Sw design exists and opened at  /home/user/Desktop/lab_3/Vitis/zynq_keypad_system_wrapper/ps7_cortexa9_0/standalone_ps7_cortexa9_0/bsp/system.mss
TRACE::2026-09-23.20:55:32::SCWPlatform::Trying to open the hw design at /home/user/Desktop/lab_3/Vitis/zynq_keypad_system_wrapper/hw/zynq_keypad_system_wrapper.xsa
TRACE::2026-09-23.20:55:32::SCWPlatform::DSA given /home/user/Desktop/lab_3/Vitis/zynq_keypad_system_wrapper/hw/zynq_keypad_system_wrapper.xsa
TRACE::2026-09-23.20:55:32::SCWPlatform::DSA absoulate path /home/user/Desktop/lab_3/Vitis/zynq_keypad_system_wrapper/hw/zynq_keypad_system_wrapper.xsa
TRACE::2026-09-23.20:55:32::SCWPlatform::DSA directory /home/user/Desktop/lab_3/Vitis/zynq_keypad_system_wrapper/hw
TRACE::2026-09-23.20:55:32::SCWPlatform:: Platform Path /home/user/Desktop/lab_3/Vitis/zynq_keypad_system_wrapper/hw/zynq_keypad_system_wrapper.xsa
TRACE::2026-09-23.20:55:32::SCWPlatform:: Unique name xilinx:zybo::0.0
TRACE::2026-09-23.20:55:32::SCWPlatform::Trying to set the existing hwdb with name zynq_keypad_system_wrapper_0
TRACE::2026-09-23.20:55:32::SCWPlatform::Opened existing hwdb zynq_keypad_system_wrapper_0
TRACE::2026-09-23.20:55:32::SCWPlatform::Found the Hw Db part of the input DSA
TRACE::2026-09-23.20:55:32::SCWMssOS::Checking the sw design at  /home/user/Desktop/lab_3/Vitis/zynq_keypad_system_wrapper/ps7_cortexa9_0/standalone_ps7_cortexa9_0/bsp/system.mss
TRACE::2026-09-23.20:55:32::SCWMssOS::DEBUG:  swdes dump  /home/user/Desktop/lab_3/Vitis/zynq_keypad_system_wrapper/ps7_cortexa9_0/standalone_ps7_cortexa9_0/bsp/system.mss|system_0||
/home/user/Desktop/lab_3/Vitis/zynq_keypad_system_wrapper/zynq_fsbl/zynq_fsbl_bsp/system.mss|system||

TRACE::2026-09-23.20:55:32::SCWMssOS::Sw design exists and opened at  /home/user/Desktop/lab_3/Vitis/zynq_keypad_system_wrapper/ps7_cortexa9_0/standalone_ps7_cortexa9_0/bsp/system.mss
TRACE::2026-09-23.20:55:32::SCWPlatform::Trying to open the hw design at /home/user/Desktop/lab_3/Vitis/zynq_keypad_system_wrapper/hw/zynq_keypad_system_wrapper.xsa
TRACE::2026-09-23.20:55:32::SCWPlatform::DSA given /home/user/Desktop/lab_3/Vitis/zynq_keypad_system_wrapper/hw/zynq_keypad_system_wrapper.xsa
TRACE::2026-09-23.20:55:32::SCWPlatform::DSA absoulate path /home/user/Desktop/lab_3/Vitis/zynq_keypad_system_wrapper/hw/zynq_keypad_system_wrapper.xsa
TRACE::2026-09-23.20:55:32::SCWPlatform::DSA directory /home/user/Desktop/lab_3/Vitis/zynq_keypad_system_wrapper/hw
TRACE::2026-09-23.20:55:32::SCWPlatform:: Platform Path /home/user/Desktop/lab_3/Vitis/zynq_keypad_system_wrapper/hw/zynq_keypad_system_wrapper.xsa
TRACE::2026-09-23.20:55:32::SCWPlatform:: Unique name xilinx:zybo::0.0
TRACE::2026-09-23.20:55:32::SCWPlatform::Trying to set the existing hwdb with name zynq_keypad_system_wrapper_0
TRACE::2026-09-23.20:55:32::SCWPlatform::Opened existing hwdb zynq_keypad_system_wrapper_0
TRACE::2026-09-23.20:55:32::SCWPlatform::Found the Hw Db part of the input DSA
TRACE::2026-09-23.20:55:32::SCWMssOS::Checking the sw design at  /home/user/Desktop/lab_3/Vitis/zynq_keypad_system_wrapper/ps7_cortexa9_0/standalone_ps7_cortexa9_0/bsp/system.mss
TRACE::2026-09-23.20:55:32::SCWMssOS::DEBUG:  swdes dump  /home/user/Desktop/lab_3/Vitis/zynq_keypad_system_wrapper/ps7_cortexa9_0/standalone_ps7_cortexa9_0/bsp/system.mss|system_0||
/home/user/Desktop/lab_3/Vitis/zynq_keypad_system_wrapper/zynq_fsbl/zynq_fsbl_bsp/system.mss|system||

TRACE::2026-09-23.20:55:32::SCWMssOS::Sw design exists and opened at  /home/user/Desktop/lab_3/Vitis/zynq_keypad_system_wrapper/ps7_cortexa9_0/standalone_ps7_cortexa9_0/bsp/system.mss
TRACE::2026-09-23.20:55:32::SCWWriter::formatted JSON is {
	"platformName":	"zynq_keypad_system_wrapper",
	"sprVersion":	"2.0",
	"mode":	"gui",
	"dsaType":	"Fixed",
	"platformDesc":	"zynq_keypad_system_wrapper",
	"platHandOff":	"/home/user/Desktop/lab_3/zynq_keypad_system_wrapper.xsa",
	"platIntHandOff":	"<platformDir>/hw/zynq_keypad_system_wrapper.xsa",
	"deviceType":	"zynq",
	"platIsPrebuiltAutogen":	"false",
	"platIsNoBootBsp":	"false",
	"platFsblTarget":	"ps7_cortexa9_0",
	"hasFsblMakeHasChanges":	"false",
	"hasPmufwMakeHasChanges":	"false",
	"fsblExtraCompilerFlags":	"-MMD -MP       -mcpu=cortex-a9 -mfpu=vfpv3 -mfloat-abi=hard ",
	"platPreBuiltFlag":	false,
	"platformSamplesDir":	"",
	"platActiveSys":	"zynq_keypad_system_wrapper",
	"systems":	[{
			"systemName":	"zynq_keypad_system_wrapper",
			"systemDesc":	"zynq_keypad_system_wrapper",
			"sysIsBootAutoGen":	"true",
			"systemDispName":	"zynq_keypad_system_wrapper",
			"sysActiveDom":	"standalone_ps7_cortexa9_0",
			"sysDefaultDom":	"standalone_ps7_cortexa9_0",
			"domains":	[{
					"domainName":	"zynq_fsbl",
					"domainDispName":	"zynq_fsbl",
					"domainDesc":	"FSBL Application BSP - Auto Generated.",
					"processors":	"ps7_cortexa9_0",
					"os":	"standalone",
					"sdxOs":	"standalone",
					"debugEnable":	"",
					"domRuntimes":	["cpp"],
					"swRepo":	"",
					"mssOsVer":	"7.5",
					"mssFile":	"",
					"md5Digest":	"986bdada04ec859b524eda169740ea2f",
					"compatibleApp":	"zynq_fsbl",
					"domType":	"bootDomain",
					"arch":	"32-bit",
					"appSettings":	{
						"appCompilerFlags":	"",
						"appLinkerFlags":	""
					},
					"addedLibs":	["xilffs:4.5", "xilrsa:1.6"],
					"libOptions":	{
						"libsContainingOptions":	[]
					},
					"prebuiltLibs":	{
						"prebuiltIncPath":	[],
						"prebuiltLibPath":	[]
					},
					"isolation":	{
					}
				}, {
					"domainName":	"standalone_ps7_cortexa9_0",
					"domainDispName":	"standalone_ps7_cortexa9_0",
					"domainDesc":	"standalone_ps7_cortexa9_0",
					"processors":	"ps7_cortexa9_0",
					"os":	"standalone",
					"sdxOs":	"standalone",
					"qemuArgs":	"/home/software/Xilinx/Vitis/2021.1/data/emulation/platforms/zynq/sw/a9_standalone/qemu/qemu_args.txt",
					"qemuData":	"/home/software/Xilinx/Vitis/2021.1/data/emulation/platforms/zynq/sw/a9_standalone/qemu/",
					"debugEnable":	"False",
					"domRuntimes":	["cpp"],
					"swRepo":	"",
					"mssOsVer":	"7.5",
					"mssFile":	"",
					"md5Digest":	"a513dc7d62ebf08984ba988e351c6210",
					"compatibleApp":	"empty_application",
					"domType":	"mssDomain",
					"arch":	"32-bit",
					"appSettings":	{
						"appCompilerFlags":	"",
						"appLinkerFlags":	""
					},
					"addedLibs":	[],
					"libOptions":	{
						"libsContainingOptions":	[]
					},
					"prebuiltLibs":	{
						"prebuiltIncPath":	[],
						"prebuiltLibPath":	[]
					},
					"isolation":	{
					}
				}]
		}]
}
KEYINFO::2026-09-23.20:55:32::SCWPlatform::updated the xpfm file.
TRACE::2026-09-23.20:55:32::SCWPlatform::Trying to open the hw design at /home/user/Desktop/lab_3/Vitis/zynq_keypad_system_wrapper/hw/zynq_keypad_system_wrapper.xsa
TRACE::2026-09-23.20:55:32::SCWPlatform::DSA given /home/user/Desktop/lab_3/Vitis/zynq_keypad_system_wrapper/hw/zynq_keypad_system_wrapper.xsa
TRACE::2026-09-23.20:55:32::SCWPlatform::DSA absoulate path /home/user/Desktop/lab_3/Vitis/zynq_keypad_system_wrapper/hw/zynq_keypad_system_wrapper.xsa
TRACE::2026-09-23.20:55:32::SCWPlatform::DSA directory /home/user/Desktop/lab_3/Vitis/zynq_keypad_system_wrapper/hw
TRACE::2026-09-23.20:55:32::SCWPlatform:: Platform Path /home/user/Desktop/lab_3/Vitis/zynq_keypad_system_wrapper/hw/zynq_keypad_system_wrapper.xsa
TRACE::2026-09-23.20:55:32::SCWPlatform:: Unique name xilinx:zybo::0.0
TRACE::2026-09-23.20:55:32::SCWPlatform::Trying to set the existing hwdb with name zynq_keypad_system_wrapper_0
TRACE::2026-09-23.20:55:32::SCWPlatform::Opened existing hwdb zynq_keypad_system_wrapper_0
TRACE::2026-09-23.20:55:32::SCWPlatform::Found the Hw Db part of the input DSA
TRACE::2026-09-23.20:55:32::SCWMssOS::Checking the sw design at  /home/user/Desktop/lab_3/Vitis/zynq_keypad_system_wrapper/ps7_cortexa9_0/standalone_ps7_cortexa9_0/bsp/system.mss
TRACE::2026-09-23.20:55:32::SCWMssOS::DEBUG:  swdes dump  /home/user/Desktop/lab_3/Vitis/zynq_keypad_system_wrapper/ps7_cortexa9_0/standalone_ps7_cortexa9_0/bsp/system.mss|system_0||
/home/user/Desktop/lab_3/Vitis/zynq_keypad_system_wrapper/zynq_fsbl/zynq_fsbl_bsp/system.mss|system||

TRACE::2026-09-23.20:55:32::SCWMssOS::Sw design exists and opened at  /home/user/Desktop/lab_3/Vitis/zynq_keypad_system_wrapper/ps7_cortexa9_0/standalone_ps7_cortexa9_0/bsp/system.mss
